id,x,y,psi,avg_angle,phi6,avg_dist,nbr1_id,nbr1_x,nbr1_y,nbr1_dist,nbr1_angle,nbr2_id,nbr2_x,nbr2_y,nbr2_dist,nbr2_angle,nbr3_id,nbr3_x,nbr3_y,nbr3_dist,nbr3_angle,nbr4_id,nbr4_x,nbr4_y,nbr4_dist,nbr4_angle,nbr5_id,nbr5_x,nbr5_y,nbr5_dist,nbr5_angle,nbr6_id,nbr6_x,nbr6_y,nbr6_dist,nbr6_angle
1,0.0,0.0,1.6031126008117222,0.525,0.006,6.274,51,3.125,5.46875,6.298,1.0516502125483738,2,6.25,0.0,6.25,0.0,,,,,,,,,,,,,,,,,,,,
2,6.25,0.0,1.6303124482793554,1.52,-0.038,6.575,3,13.28125,0.0,7.031,0.0,52,10.15625,5.46875,6.72,0.9505468408120752,51.0,3.125,5.46875,6.298,2.0899424410414196,1.0,0.0,0.0,6.25,3.141592653589793,,,,,,,,,,
3,13.28125,0.0,1.6389928663424147,1.598,0.02,7.032,2,6.25,0.0,7.031,3.141592653589793,56,16.40625,6.25,6.987,1.1071487177940904,4.0,21.09375,0.0,7.812,0.0,52.0,10.15625,5.46875,6.298,2.0899424410414196,,,,,,,,,,
4,21.09375,0.0,1.625116473853291,1.776,0.307,7.263,31,27.34375,3.125,6.987,0.4636476090008061,3,13.28125,0.0,7.812,3.141592653589793,56.0,16.40625,6.25,7.812,2.214297435588181,57.0,22.65625,6.25,6.442,1.3258176636680326,,,,,,,,,,
5,33.59375,0.0,1.6752797235298613,1.57,-0.001,7.002,75,33.59375,7.03125,7.031,1.5707963267948966,31,27.34375,3.125,6.987,2.677945044588987,32.0,39.84375,3.125,6.987,0.4636476090008061,,,,,,,,,,,,,,,
6,45.3125,0.0,1.5353375180734208,1.268,-0.47,7.565,7,52.34375,0.0,7.031,0.0,32,39.84375,3.125,6.298,2.62244653934327,58.0,50.78125,6.25,8.304,0.8519663271732721,79.0,44.53125,8.59375,8.629,1.6614562139956417,,,,,,,,,,
7,52.34375,0.0,1.5651940407448028,1.82,0.489,6.59,6,45.3125,0.0,7.031,3.141592653589793,58,50.78125,6.25,6.442,1.8157749899217608,33.0,57.8125,3.125,6.298,0.5191461142465229,,,,,,,,,,,,,,,
8,63.28125,0.0,1.6257271630630725,1.597,0.066,6.943,50,68.75,3.90625,6.72,0.6202494859828215,78,63.28125,7.8125,7.812,1.5707963267948966,33.0,57.8125,3.125,6.298,2.62244653934327,,,,,,,,,,,,,,,
9,72.65625,0.0,1.493849154096125,0.582,0.178,6.099,10,78.90625,0.0,6.25,0.0,53,75.0,5.46875,5.949,1.1659045405098132,,,,,,,,,,,,,,,,,,,,
10,78.90625,0.0,1.6173570828555528,1.621,0.037,6.575,11,85.9375,0.0,7.031,0.0,53,75.0,5.46875,6.72,2.191045812777718,54.0,82.03125,5.46875,6.298,1.0516502125483738,9.0,72.65625,0.0,6.25,3.141592653589793,,,,,,,,,,
11,85.9375,0.0,1.6683023795909666,1.649,0.058,6.747,10,78.90625,0.0,7.031,3.141592653589793,59,89.0625,6.25,6.987,1.1071487177940904,54.0,82.03125,5.46875,6.72,2.191045812777718,12.0,92.1875,0.0,6.25,0.0,,,,,,,,,,
12,92.1875,0.0,1.601585348780785,1.48,-0.067,6.825,59,89.0625,6.25,6.987,2.0344439357957027,60,96.875,6.25,7.812,0.9272952180016122,13.0,98.4375,0.0,6.25,0.0,11.0,85.9375,0.0,6.25,3.141592653589793,,,,,,,,,,
13,98.4375,0.0,1.5547275181664353,1.82,0.489,6.33,60,96.875,6.25,6.442,1.8157749899217608,34,103.90625,3.125,6.298,0.5191461142465229,12.0,92.1875,0.0,6.25,3.141592653589793,,,,,,,,,,,,,,,
14,109.375,0.0,1.619151434320106,1.557,-0.037,6.512,35,115.625,3.125,6.987,0.4636476090008061,34,103.90625,3.125,6.298,2.62244653934327,61.0,109.375,6.25,6.25,1.5707963267948966,,,,,,,,,,,,,,,
15,121.875,0.0,1.616763200018855,1.584,0.036,6.512,35,115.625,3.125,6.987,2.677945044588987,36,127.34375,3.125,6.298,0.5191461142465229,62.0,121.875,6.25,6.25,1.5707963267948966,,,,,,,,,,,,,,,
16,133.59375,0.0,1.6504256024264043,1.584,0.036,6.512,36,127.34375,3.125,6.987,2.677945044588987,37,139.0625,3.125,6.298,0.5191461142465229,63.0,133.59375,6.25,6.25,1.5707963267948966,,,,,,,,,,,,,,,
17,145.3125,0.0,1.6564565516619385,1.57,-0.001,6.741,37,139.0625,3.125,6.987,2.677945044588987,38,151.5625,3.125,6.987,0.4636476090008061,64.0,145.3125,6.25,6.25,1.5707963267948966,,,,,,,,,,,,,,,
18,157.03125,0.0,1.6403707620489105,1.557,-0.037,6.512,39,163.28125,3.125,6.987,0.4636476090008061,38,151.5625,3.125,6.298,2.62244653934327,65.0,157.03125,6.25,6.25,1.5707963267948966,,,,,,,,,,,,,,,
19,168.75,0.0,1.6019386372096343,1.557,-0.037,6.512,40,175.0,3.125,6.987,0.4636476090008061,39,163.28125,3.125,6.298,2.62244653934327,66.0,168.75,6.25,6.25,1.5707963267948966,,,,,,,,,,,,,,,
20,181.25,0.0,1.6290291699681467,1.584,0.036,6.512,40,175.0,3.125,6.987,2.677945044588987,41,186.71875,3.125,6.298,0.5191461142465229,67.0,181.25,6.25,6.25,1.5707963267948966,,,,,,,,,,,,,,,
21,192.96875,0.0,1.6506573271816158,1.57,-0.001,6.741,41,186.71875,3.125,6.987,2.677945044588987,42,199.21875,3.125,6.987,0.4636476090008061,68.0,192.96875,6.25,6.25,1.5707963267948966,,,,,,,,,,,,,,,
22,204.6875,0.0,1.6256825118611808,1.557,-0.037,6.512,43,210.9375,3.125,6.987,0.4636476090008061,42,199.21875,3.125,6.298,2.62244653934327,69.0,204.6875,6.25,6.25,1.5707963267948966,,,,,,,,,,,,,,,
23,217.1875,0.0,1.6283567579358156,1.584,0.036,6.512,43,210.9375,3.125,6.987,2.677945044588987,44,222.65625,3.125,6.298,0.5191461142465229,70.0,217.1875,6.25,6.25,1.5707963267948966,,,,,,,,,,,,,,,
24,228.90625,0.0,1.618366005716984,1.57,-0.001,6.741,44,222.65625,3.125,6.987,2.677945044588987,45,235.15625,3.125,6.987,0.4636476090008061,71.0,228.90625,6.25,6.25,1.5707963267948966,,,,,,,,,,,,,,,
25,241.40625,0.0,1.636076457169565,1.57,-0.001,6.741,45,235.15625,3.125,6.987,2.677945044588987,46,247.65625,3.125,6.987,0.4636476090008061,72.0,241.40625,6.25,6.25,1.5707963267948966,,,,,,,,,,,,,,,
26,253.90625,0.0,1.6301661789214932,1.57,-0.001,6.741,46,247.65625,3.125,6.987,2.677945044588987,47,260.15625,3.125,6.987,0.4636476090008061,73.0,253.90625,6.25,6.25,1.5707963267948966,,,,,,,,,,,,,,,
27,267.1875,0.0,1.5859889310255573,1.648,0.118,6.993,48,273.4375,3.125,6.987,0.4636476090008061,47,260.15625,3.125,7.694,2.723368324010564,74.0,266.40625,6.25,6.298,1.695151321341658,,,,,,,,,,,,,,,
28,280.46875,0.0,1.6073667224622543,1.301,-0.399,7.415,76,278.90625,7.03125,7.202,1.7894652726688385,29,287.5,0.0,7.031,0.0,48.0,273.4375,3.125,7.694,2.723368324010564,55.0,285.9375,5.46875,7.733,0.7853981633974483,,,,,,,,,,
29,287.5,0.0,1.474836017767542,1.802,-0.352,7.009,28,280.46875,0.0,7.031,3.141592653589793,49,293.75,3.125,6.987,0.4636476090008061,,,,,,,,,,,,,,,,,,,,
30,299.21875,0.0,1.5696295647794387,2.096,-0.517,6.664,77,299.21875,7.03125,7.031,1.5707963267948966,49,293.75,3.125,6.298,2.62244653934327,,,,,,,,,,,,,,,,,,,,
31,27.34375,3.125,1.6505385148787224,0.643,0.275,7.094,75,33.59375,7.03125,7.37,0.5585993153435624,82,27.34375,10.15625,7.031,1.5707963267948966,5.0,33.59375,0.0,6.987,-0.4636476090008061,4.0,21.09375,0.0,6.987,-2.677945044588987,,,,,,,,,,
32,39.84375,3.125,1.6298142610019877,1.877,0.503,7.165,79,44.53125,8.59375,7.202,0.8621700546672264,75,33.59375,7.03125,7.37,2.5829933382462307,5.0,33.59375,0.0,6.987,-2.677945044588987,99.0,38.28125,10.9375,7.967,1.7681918866447774,6.0,45.3125,0.0,6.298,-0.5191461142465229,,,,,
33,57.8125,3.125,1.6757182318757236,1.913,-0.507,6.939,78,63.28125,7.8125,7.202,0.7086262721276703,83,56.25,10.15625,7.202,1.7894652726688385,58.0,50.78125,6.25,7.694,2.723368324010564,8.0,63.28125,0.0,6.298,-0.5191461142465229,7.0,52.34375,0.0,6.298,-2.62244653934327,,,,,
34,103.90625,3.125,1.6725454648700655,1.62,0.442,6.568,60,96.875,6.25,7.694,2.723368324010564,13,98.4375,0.0,6.298,-2.62244653934327,14.0,109.375,0.0,6.298,-0.5191461142465229,61.0,109.375,6.25,6.298,0.5191461142465229,80.0,103.90625,9.375,6.25,1.5707963267948966,,,,,
35,115.625,3.125,1.714919145711695,1.57,-0.419,6.996,85,115.625,10.15625,7.031,1.5707963267948966,14,109.375,0.0,6.987,-2.677945044588987,61.0,109.375,6.25,6.987,2.677945044588987,15.0,121.875,0.0,6.987,-0.4636476090008061,62.0,121.875,6.25,6.987,0.4636476090008061,,,,,
36,127.34375,3.125,1.704938539528361,1.518,-0.419,6.72,86,127.34375,10.15625,7.031,1.5707963267948966,16,133.59375,0.0,6.987,-0.4636476090008061,63.0,133.59375,6.25,6.987,0.4636476090008061,15.0,121.875,0.0,6.298,-2.62244653934327,62.0,121.875,6.25,6.298,2.62244653934327,,,,,
37,139.0625,3.125,1.6680425878378575,1.518,-0.419,6.72,87,139.0625,10.15625,7.031,1.5707963267948966,17,145.3125,0.0,6.987,-0.4636476090008061,64.0,145.3125,6.25,6.987,0.4636476090008061,16.0,133.59375,0.0,6.298,-2.62244653934327,63.0,133.59375,6.25,6.298,2.62244653934327,,,,,
38,151.5625,3.125,1.685113571012431,1.623,-0.419,6.72,88,151.5625,10.15625,7.031,1.5707963267948966,17,145.3125,0.0,6.987,-2.677945044588987,64.0,145.3125,6.25,6.987,2.677945044588987,18.0,157.03125,0.0,6.298,-0.5191461142465229,65.0,157.03125,6.25,6.298,0.5191461142465229,,,,,
39,163.28125,3.125,1.7101586653394885,1.623,-0.419,6.72,89,163.28125,10.15625,7.031,1.5707963267948966,18,157.03125,0.0,6.987,-2.677945044588987,65.0,157.03125,6.25,6.987,2.677945044588987,19.0,168.75,0.0,6.298,-0.5191461142465229,66.0,168.75,6.25,6.298,0.5191461142465229,,,,,
40,175.0,3.125,1.713372814816241,1.57,-0.419,6.996,90,175.0,10.15625,7.031,1.5707963267948966,19,168.75,0.0,6.987,-2.677945044588987,66.0,168.75,6.25,6.987,2.677945044588987,20.0,181.25,0.0,6.987,-0.4636476090008061,67.0,181.25,6.25,6.987,0.4636476090008061,,,,,
41,186.71875,3.125,1.687625508341052,1.518,-0.419,6.72,91,186.71875,10.15625,7.031,1.5707963267948966,21,192.96875,0.0,6.987,-0.4636476090008061,68.0,192.96875,6.25,6.987,0.4636476090008061,20.0,181.25,0.0,6.298,-2.62244653934327,67.0,181.25,6.25,6.298,2.62244653934327,,,,,
42,199.21875,3.125,1.6728282169791773,1.623,-0.419,6.72,92,199.21875,10.15625,7.031,1.5707963267948966,21,192.96875,0.0,6.987,-2.677945044588987,68.0,192.96875,6.25,6.987,2.677945044588987,22.0,204.6875,0.0,6.298,-0.5191461142465229,69.0,204.6875,6.25,6.298,0.5191461142465229,,,,,
43,210.9375,3.125,1.7069355817333847,1.57,-0.419,6.996,93,210.9375,10.15625,7.031,1.5707963267948966,22,204.6875,0.0,6.987,-2.677945044588987,69.0,204.6875,6.25,6.987,2.677945044588987,23.0,217.1875,0.0,6.987,-0.4636476090008061,70.0,217.1875,6.25,6.987,0.4636476090008061,,,,,
44,222.65625,3.125,1.6444200863223408,1.518,-0.419,6.72,94,222.65625,10.15625,7.031,1.5707963267948966,24,228.90625,0.0,6.987,-0.4636476090008061,71.0,228.90625,6.25,6.987,0.4636476090008061,23.0,217.1875,0.0,6.298,-2.62244653934327,70.0,217.1875,6.25,6.298,2.62244653934327,,,,,
45,235.15625,3.125,1.694601590141814,1.57,-0.419,6.996,95,235.15625,10.15625,7.031,1.5707963267948966,24,228.90625,0.0,6.987,-2.677945044588987,71.0,228.90625,6.25,6.987,2.677945044588987,25.0,241.40625,0.0,6.987,-0.4636476090008061,72.0,241.40625,6.25,6.987,0.4636476090008061,,,,,
46,247.65625,3.125,1.6954253225036144,1.57,-0.419,6.996,96,247.65625,10.15625,7.031,1.5707963267948966,25,241.40625,0.0,6.987,-2.677945044588987,72.0,241.40625,6.25,6.987,2.677945044588987,26.0,253.90625,0.0,6.987,-0.4636476090008061,73.0,253.90625,6.25,6.987,0.4636476090008061,,,,,
47,260.15625,3.125,1.682866738411043,1.552,0.429,7.137,97,260.15625,10.15625,7.031,1.5707963267948966,26,253.90625,0.0,6.987,-2.677945044588987,74.0,266.40625,6.25,6.987,0.4636476090008061,73.0,253.90625,6.25,6.987,2.677945044588987,27.0,267.1875,0.0,7.694,-0.4182243295792291,,,,,
48,273.4375,3.125,1.677612185377013,1.738,0.508,7.234,98,272.65625,10.15625,7.074,1.6814535479687922,27,267.1875,0.0,6.987,-2.677945044588987,74.0,266.40625,6.25,7.694,2.723368324010564,28.0,280.46875,0.0,7.694,-0.4182243295792291,76.0,278.90625,7.03125,6.72,0.6202494859828215,,,,,
49,293.75,3.125,1.659513507161258,2.002,-0.504,6.921,29,287.5,0.0,6.987,-2.677945044588987,77,299.21875,7.03125,6.72,0.6202494859828215,81.0,292.1875,9.375,6.442,1.8157749899217608,55.0,285.9375,5.46875,8.156,2.8501358591119264,30.0,299.21875,0.0,6.298,-0.5191461142465229,,,,,
50,68.75,3.90625,1.6165277071050694,1.9,-0.48,6.581,8,63.28125,0.0,6.72,-2.5213431676069717,78,63.28125,7.8125,6.72,2.5213431676069717,53.0,75.0,5.46875,6.442,0.24497866312686414,84.0,70.3125,10.15625,6.442,1.3258176636680326,,,,,,,,,,
51,3.125,5.46875,1.7102028665037146,0.052,-0.001,6.72,52,10.15625,5.46875,7.031,0.0,101,0.0,11.71875,6.987,2.0344439357957027,102.0,6.25,11.71875,6.987,1.1071487177940904,2.0,6.25,0.0,6.298,-1.0516502125483738,1.0,0.0,0.0,6.298,-2.0899424410414196,,,,,
52,10.15625,5.46875,1.6576857244151617,2.386,0.027,6.902,102,6.25,11.71875,7.37,2.129395642138459,51,3.125,5.46875,7.031,3.141592653589793,105.0,13.28125,12.5,7.694,1.1525719972156676,2.0,6.25,0.0,6.72,-2.191045812777718,56.0,16.40625,6.25,6.298,0.12435499454676144,3.0,13.28125,0.0,6.298,-1.0516502125483738
53,75.0,5.46875,1.67653353603369,-1.556,0.119,6.511,54,82.03125,5.46875,7.031,0.0,10,78.90625,0.0,6.72,-0.9505468408120752,84.0,70.3125,10.15625,6.629,2.356194490192345,50.0,68.75,3.90625,6.442,-2.896613990462929,100.0,78.125,10.9375,6.298,1.0516502125483738,9.0,72.65625,0.0,5.949,-1.97568811307998
54,82.03125,5.46875,1.6823627952673124,1.953,0.061,6.805,59,89.0625,6.25,7.074,0.11065722117389565,53,75.0,5.46875,7.031,3.141592653589793,103.0,85.15625,11.71875,6.987,1.1071487177940904,11.0,85.9375,0.0,6.72,-0.9505468408120752,100.0,78.125,10.9375,6.72,2.191045812777718,10.0,78.90625,0.0,6.298,-2.0899424410414196
55,285.9375,5.46875,1.61349036237423,1.572,-0.395,7.352,76,278.90625,7.03125,7.202,2.922923707715851,81,292.1875,9.375,7.37,0.5585993153435624,28.0,280.46875,0.0,7.733,-2.356194490192345,49.0,293.75,3.125,8.156,-0.2914567944778671,104.0,285.15625,11.71875,6.298,1.695151321341658,,,,,
56,16.40625,6.25,1.6329850599977482,-0.246,0.043,7.063,3,13.28125,0.0,6.987,-2.0344439357957027,105,13.28125,12.5,6.987,2.0344439357957027,4.0,21.09375,0.0,7.812,-0.9272952180016122,109.0,20.3125,13.28125,8.043,1.0636978224025597,52.0,10.15625,5.46875,6.298,-3.017237659043032,57.0,22.65625,6.25,6.25,0.0
57,22.65625,6.25,1.5201043703680446,2.477,-0.207,6.551,109,20.3125,13.28125,7.411,1.892546881191539,4,21.09375,0.0,6.442,-1.8157749899217608,56.0,16.40625,6.25,6.25,3.141592653589793,82.0,27.34375,10.15625,6.101,0.6947382761967031,,,,,,,,,,
58,50.78125,6.25,1.6471145950560442,-0.683,-0.35,7.022,33,57.8125,3.125,7.694,-0.4182243295792291,83,56.25,10.15625,6.72,0.6202494859828215,79.0,44.53125,8.59375,6.675,2.782821983319221,7.0,52.34375,0.0,6.442,-1.3258176636680326,106.0,50.0,12.5,6.298,1.695151321341658,6.0,45.3125,0.0,8.304,-2.289626326416521
59,89.0625,6.25,1.6511491551026793,-2.161,0.045,7.095,54,82.03125,5.46875,7.074,-3.0309354324158977,11,85.9375,0.0,6.987,-2.0344439357957027,12.0,92.1875,0.0,6.987,-1.1071487177940904,107.0,92.1875,12.5,6.987,1.1071487177940904,103.0,85.15625,11.71875,6.72,2.191045812777718,60.0,96.875,6.25,7.812,0.0
60,96.875,6.25,1.684314208263126,-1.704,-0.15,7.544,34,103.90625,3.125,7.694,-0.4182243295792291,80,103.90625,9.375,7.694,0.4182243295792291,59.0,89.0625,6.25,7.812,3.141592653589793,12.0,92.1875,0.0,7.812,-2.214297435588181,107.0,92.1875,12.5,7.812,2.214297435588181,13.0,98.4375,0.0,6.442,-1.3258176636680326
61,109.375,6.25,1.6957043503340927,1.499,-0.508,6.706,85,115.625,10.15625,7.37,0.5585993153435624,110,109.375,13.28125,7.031,1.5707963267948966,35.0,115.625,3.125,6.987,-0.4636476090008061,34.0,103.90625,3.125,6.298,-2.62244653934327,80.0,103.90625,9.375,6.298,2.62244653934327,14.0,109.375,0.0,6.25,-1.5707963267948966
62,121.875,6.25,1.6657852804271793,1.916,-0.524,6.776,85,115.625,10.15625,7.37,2.5829933382462307,111,121.875,13.28125,7.031,1.5707963267948966,35.0,115.625,3.125,6.987,-2.677945044588987,86.0,127.34375,10.15625,6.72,0.6202494859828215,36.0,127.34375,3.125,6.298,-0.5191461142465229,15.0,121.875,0.0,6.25,-1.5707963267948966
63,133.59375,6.25,1.6986173259872694,1.916,-0.524,6.776,86,127.34375,10.15625,7.37,2.5829933382462307,112,133.59375,13.28125,7.031,1.5707963267948966,36.0,127.34375,3.125,6.987,-2.677945044588987,87.0,139.0625,10.15625,6.72,0.6202494859828215,37.0,139.0625,3.125,6.298,-0.5191461142465229,16.0,133.59375,0.0,6.25,-1.5707963267948966
64,145.3125,6.25,1.7037152265366644,1.57,-0.524,6.999,87,139.0625,10.15625,7.37,2.5829933382462307,88,151.5625,10.15625,7.37,0.5585993153435624,113.0,145.3125,13.28125,7.031,1.5707963267948966,37.0,139.0625,3.125,6.987,-2.677945044588987,38.0,151.5625,3.125,6.987,-0.4636476090008061,17.0,145.3125,0.0,6.25,-1.5707963267948966
65,157.03125,6.25,1.6878798493496578,1.225,0.523,6.776,89,163.28125,10.15625,7.37,0.5585993153435624,114,157.03125,13.28125,7.031,1.5707963267948966,39.0,163.28125,3.125,6.987,-0.4636476090008061,88.0,151.5625,10.15625,6.72,2.5213431676069717,38.0,151.5625,3.125,6.298,-2.62244653934327,18.0,157.03125,0.0,6.25,-1.5707963267948966
66,168.75,6.25,1.6510712789372843,1.225,0.523,6.776,90,175.0,10.15625,7.37,0.5585993153435624,115,168.75,13.28125,7.031,1.5707963267948966,40.0,175.0,3.125,6.987,-0.4636476090008061,89.0,163.28125,10.15625,6.72,2.5213431676069717,39.0,163.28125,3.125,6.298,-2.62244653934327,19.0,168.75,0.0,6.25,-1.5707963267948966
67,181.25,6.25,1.6724486756280508,1.916,-0.524,6.776,90,175.0,10.15625,7.37,2.5829933382462307,116,181.25,13.28125,7.031,1.5707963267948966,40.0,175.0,3.125,6.987,-2.677945044588987,91.0,186.71875,10.15625,6.72,0.6202494859828215,41.0,186.71875,3.125,6.298,-0.5191461142465229,20.0,181.25,0.0,6.25,-1.5707963267948966
68,192.96875,6.25,1.697714545778838,1.57,-0.524,6.999,91,186.71875,10.15625,7.37,2.5829933382462307,92,199.21875,10.15625,7.37,0.5585993153435624,117.0,192.96875,13.28125,7.031,1.5707963267948966,41.0,186.71875,3.125,6.987,-2.677945044588987,42.0,199.21875,3.125,6.987,-0.4636476090008061,21.0,192.96875,0.0,6.25,-1.5707963267948966
69,204.6875,6.25,1.678661039397884,1.225,0.523,6.776,93,210.9375,10.15625,7.37,0.5585993153435624,118,204.6875,13.28125,7.031,1.5707963267948966,43.0,210.9375,3.125,6.987,-0.4636476090008061,92.0,199.21875,10.15625,6.72,2.5213431676069717,42.0,199.21875,3.125,6.298,-2.62244653934327,22.0,204.6875,0.0,6.25,-1.5707963267948966
70,217.1875,6.25,1.6734204373395598,1.916,-0.524,6.776,93,210.9375,10.15625,7.37,2.5829933382462307,119,217.1875,13.28125,7.031,1.5707963267948966,43.0,210.9375,3.125,6.987,-2.677945044588987,94.0,222.65625,10.15625,6.72,0.6202494859828215,44.0,222.65625,3.125,6.298,-0.5191461142465229,23.0,217.1875,0.0,6.25,-1.5707963267948966
71,228.90625,6.25,1.6769969544399888,1.57,-0.524,6.999,94,222.65625,10.15625,7.37,2.5829933382462307,95,235.15625,10.15625,7.37,0.5585993153435624,120.0,228.90625,13.28125,7.031,1.5707963267948966,44.0,222.65625,3.125,6.987,-2.677945044588987,45.0,235.15625,3.125,6.987,-0.4636476090008061,24.0,228.90625,0.0,6.25,-1.5707963267948966
72,241.40625,6.25,1.6895018780987252,1.57,-0.524,6.999,95,235.15625,10.15625,7.37,2.5829933382462307,96,247.65625,10.15625,7.37,0.5585993153435624,121.0,241.40625,13.28125,7.031,1.5707963267948966,45.0,235.15625,3.125,6.987,-2.677945044588987,46.0,247.65625,3.125,6.987,-0.4636476090008061,25.0,241.40625,0.0,6.25,-1.5707963267948966
73,253.90625,6.25,1.6829452205194775,1.57,-0.524,6.999,96,247.65625,10.15625,7.37,2.5829933382462307,97,260.15625,10.15625,7.37,0.5585993153435624,122.0,253.90625,13.28125,7.031,1.5707963267948966,46.0,247.65625,3.125,6.987,-2.677945044588987,47.0,260.15625,3.125,6.987,-0.4636476090008061,26.0,253.90625,0.0,6.25,-1.5707963267948966
74,266.40625,6.25,1.657954905028775,0.981,-0.496,7.125,97,260.15625,10.15625,7.37,2.5829933382462307,98,272.65625,10.15625,7.37,0.5585993153435624,123.0,266.40625,13.28125,7.031,1.5707963267948966,47.0,260.15625,3.125,6.987,-2.677945044588987,48.0,273.4375,3.125,7.694,-0.4182243295792291,27.0,267.1875,0.0,6.298,-1.446441332248135
75,33.59375,7.03125,1.6537738704500309,3.131,-0.451,7.01,125,32.03125,14.0625,7.202,1.7894652726688385,31,27.34375,3.125,7.37,-2.5829933382462307,32.0,39.84375,3.125,7.37,-0.5585993153435624,5.0,33.59375,0.0,7.031,-1.5707963267948966,82.0,27.34375,10.15625,6.987,2.677945044588987,99.0,38.28125,10.9375,6.101,0.6947382761967031
76,278.90625,7.03125,1.6417174398457288,0.991,-0.375,7.166,28,280.46875,0.0,7.202,-1.3521273809209546,55,285.9375,5.46875,7.202,-0.21866894587394195,127.0,278.125,14.0625,7.074,1.6814535479687922,98.0,272.65625,10.15625,6.987,2.677945044588987,48.0,273.4375,3.125,6.72,-2.5213431676069717,104.0,285.15625,11.71875,7.812,0.6435011087932844
77,299.21875,7.03125,1.6233218337685376,-2.993,0.37,6.853,81,292.1875,9.375,7.411,2.819842099193151,30,299.21875,0.0,7.031,-1.5707963267948966,49.0,293.75,3.125,6.72,-2.5213431676069717,124.0,299.21875,13.28125,6.25,1.5707963267948966,,,,,,,,,,
78,63.28125,7.8125,1.66262224838305,-1.992,-0.449,7.205,33,57.8125,3.125,7.202,-2.432966381462123,83,56.25,10.15625,7.411,2.819842099193151,84.0,70.3125,10.15625,7.411,0.3217505543966422,50.0,68.75,3.90625,6.72,-0.6202494859828215,8.0,63.28125,0.0,7.812,-1.5707963267948966,126.0,60.9375,14.0625,6.675,1.9295669970654687
79,44.53125,8.59375,1.6678401663656548,-1.389,-0.348,7.184,32,39.84375,3.125,7.202,-2.279422598922567,128,42.96875,15.625,7.202,1.7894652726688385,106.0,50.0,12.5,6.72,0.6202494859828215,58.0,50.78125,6.25,6.675,-0.35877067027057225,99.0,38.28125,10.9375,6.675,2.782821983319221,6.0,45.3125,0.0,8.629,-1.4801364395941514
80,103.90625,9.375,1.635039932875233,2.465,-0.505,6.722,133,103.125,16.40625,7.074,1.6814535479687922,60,96.875,6.25,7.694,-2.723368324010564,110.0,109.375,13.28125,6.72,0.6202494859828215,61.0,109.375,6.25,6.298,-0.5191461142465229,108.0,98.4375,12.5,6.298,2.62244653934327,34.0,103.90625,3.125,6.25,-1.5707963267948966
81,292.1875,9.375,1.583207432032255,-1.038,-0.367,7.186,55,285.9375,5.46875,7.37,-2.5829933382462307,77,299.21875,7.03125,7.411,-0.3217505543966422,104.0,285.15625,11.71875,7.411,2.819842099193151,124.0,299.21875,13.28125,8.043,0.507098504392337,49.0,293.75,3.125,6.442,-1.3258176636680326,130.0,290.625,15.625,6.442,1.8157749899217608
82,27.34375,10.15625,1.6689213540922496,-2.814,-0.418,6.702,31,27.34375,3.125,7.031,-1.5707963267948966,75,33.59375,7.03125,6.987,-0.4636476090008061,109.0,20.3125,13.28125,7.694,2.723368324010564,131.0,26.5625,16.40625,6.298,1.695151321341658,57.0,22.65625,6.25,6.101,-2.44685437739309,125.0,32.03125,14.0625,6.101,0.6947382761967031
83,56.25,10.15625,1.6995805606931058,1.91,-0.345,6.885,33,57.8125,3.125,7.202,-1.3521273809209546,146,54.6875,17.1875,7.202,1.7894652726688385,78.0,63.28125,7.8125,7.411,-0.3217505543966422,58.0,50.78125,6.25,6.72,-2.5213431676069717,106.0,50.0,12.5,6.675,2.782821983319221,126.0,60.9375,14.0625,6.101,0.6947382761967031
84,70.3125,10.15625,1.6400884588533984,-0.316,0.157,7.0,132,74.21875,16.40625,7.37,1.0121970114513341,78,63.28125,7.8125,7.411,-2.819842099193151,100.0,78.125,10.9375,7.851,0.09966865249116202,53.0,75.0,5.46875,6.629,-0.7853981633974483,50.0,68.75,3.90625,6.442,-1.8157749899217608,129.0,67.1875,15.625,6.298,2.0899424410414196
85,115.625,10.15625,1.665348205557873,-1.571,-0.524,6.999,61,109.375,6.25,7.37,-2.5829933382462307,62,121.875,6.25,7.37,-0.5585993153435624,35.0,115.625,3.125,7.031,-1.5707963267948966,110.0,109.375,13.28125,6.987,2.677945044588987,111.0,121.875,13.28125,6.987,0.4636476090008061,134.0,115.625,16.40625,6.25,1.5707963267948966
86,127.34375,10.15625,1.6698465132210794,-1.226,-0.524,6.776,63,133.59375,6.25,7.37,-0.5585993153435624,36,127.34375,3.125,7.031,-1.5707963267948966,112.0,133.59375,13.28125,6.987,0.4636476090008061,62.0,121.875,6.25,6.72,-2.5213431676069717,111.0,121.875,13.28125,6.298,2.62244653934327,135.0,127.34375,16.40625,6.25,1.5707963267948966
87,139.0625,10.15625,1.6405944444678164,-1.226,-0.524,6.776,64,145.3125,6.25,7.37,-0.5585993153435624,37,139.0625,3.125,7.031,-1.5707963267948966,113.0,145.3125,13.28125,6.987,0.4636476090008061,63.0,133.59375,6.25,6.72,-2.5213431676069717,112.0,133.59375,13.28125,6.298,2.62244653934327,136.0,139.0625,16.40625,6.25,1.5707963267948966
88,151.5625,10.15625,1.6517729124066203,-1.917,0.523,6.776,64,145.3125,6.25,7.37,-2.5829933382462307,38,151.5625,3.125,7.031,-1.5707963267948966,113.0,145.3125,13.28125,6.987,2.677945044588987,65.0,157.03125,6.25,6.72,-0.6202494859828215,114.0,157.03125,13.28125,6.298,0.5191461142465229,137.0,151.5625,16.40625,6.25,1.5707963267948966
89,163.28125,10.15625,1.6795524621309625,-1.917,0.523,6.776,65,157.03125,6.25,7.37,-2.5829933382462307,39,163.28125,3.125,7.031,-1.5707963267948966,114.0,157.03125,13.28125,6.987,2.677945044588987,66.0,168.75,6.25,6.72,-0.6202494859828215,115.0,168.75,13.28125,6.298,0.5191461142465229,138.0,163.28125,16.40625,6.25,1.5707963267948966
90,175.0,10.15625,1.6856911866557547,-1.571,-0.524,6.999,66,168.75,6.25,7.37,-2.5829933382462307,67,181.25,6.25,7.37,-0.5585993153435624,40.0,175.0,3.125,7.031,-1.5707963267948966,115.0,168.75,13.28125,6.987,2.677945044588987,116.0,181.25,13.28125,6.987,0.4636476090008061,139.0,175.0,16.40625,6.25,1.5707963267948966
91,186.71875,10.15625,1.6642926423035584,-1.226,-0.524,6.776,68,192.96875,6.25,7.37,-0.5585993153435624,41,186.71875,3.125,7.031,-1.5707963267948966,117.0,192.96875,13.28125,6.987,0.4636476090008061,67.0,181.25,6.25,6.72,-2.5213431676069717,116.0,181.25,13.28125,6.298,2.62244653934327,140.0,186.71875,16.40625,6.25,1.5707963267948966
92,199.21875,10.15625,1.6291894575877264,-2.381,-0.504,6.784,68,192.96875,6.25,7.37,-2.5829933382462307,42,199.21875,3.125,7.031,-1.5707963267948966,117.0,192.96875,13.28125,6.987,2.677945044588987,69.0,204.6875,6.25,6.72,-0.6202494859828215,118.0,204.6875,13.28125,6.298,0.5191461142465229,141.0,198.4375,16.40625,6.298,1.695151321341658
93,210.9375,10.15625,1.6708241120295124,-1.571,-0.524,6.999,69,204.6875,6.25,7.37,-2.5829933382462307,70,217.1875,6.25,7.37,-0.5585993153435624,43.0,210.9375,3.125,7.031,-1.5707963267948966,118.0,204.6875,13.28125,6.987,2.677945044588987,119.0,217.1875,13.28125,6.987,0.4636476090008061,142.0,210.9375,16.40625,6.25,1.5707963267948966
94,222.65625,10.15625,1.6277782711077662,-1.226,-0.524,6.776,71,228.90625,6.25,7.37,-0.5585993153435624,44,222.65625,3.125,7.031,-1.5707963267948966,120.0,228.90625,13.28125,6.987,0.4636476090008061,70.0,217.1875,6.25,6.72,-2.5213431676069717,119.0,217.1875,13.28125,6.298,2.62244653934327,143.0,222.65625,16.40625,6.25,1.5707963267948966
95,235.15625,10.15625,1.6610242348495092,-1.571,-0.524,6.999,71,228.90625,6.25,7.37,-2.5829933382462307,72,241.40625,6.25,7.37,-0.5585993153435624,45.0,235.15625,3.125,7.031,-1.5707963267948966,120.0,228.90625,13.28125,6.987,2.677945044588987,121.0,241.40625,13.28125,6.987,0.4636476090008061,144.0,235.15625,16.40625,6.25,1.5707963267948966
96,247.65625,10.15625,1.6506248120766511,-2.193,-0.504,7.007,72,241.40625,6.25,7.37,-2.5829933382462307,73,253.90625,6.25,7.37,-0.5585993153435624,46.0,247.65625,3.125,7.031,-1.5707963267948966,121.0,241.40625,13.28125,6.987,2.677945044588987,122.0,253.90625,13.28125,6.987,0.4636476090008061,145.0,246.875,16.40625,6.298,1.695151321341658
97,260.15625,10.15625,1.6593267580139663,-2.143,-0.506,7.136,73,253.90625,6.25,7.37,-2.5829933382462307,74,266.40625,6.25,7.37,-0.5585993153435624,148.0,259.375,17.1875,7.074,1.6814535479687922,47.0,260.15625,3.125,7.031,-1.5707963267948966,122.0,253.90625,13.28125,6.987,2.677945044588987,123.0,266.40625,13.28125,6.987,0.4636476090008061
98,272.65625,10.15625,1.6944797173494366,2.16,-0.445,7.035,74,266.40625,6.25,7.37,-2.5829933382462307,48,273.4375,3.125,7.074,-1.460139105621001,149.0,271.875,17.1875,7.074,1.6814535479687922,76.0,278.90625,7.03125,6.987,-0.4636476090008061,123.0,266.40625,13.28125,6.987,2.677945044588987,127.0,278.125,14.0625,6.72,0.6202494859828215
99,38.28125,10.9375,1.675652036053011,1.688,-0.348,7.054,125,32.03125,14.0625,6.987,2.677945044588987,79,44.53125,8.59375,6.675,-0.35877067027057225,128.0,42.96875,15.625,6.629,0.7853981633974483,32.0,39.84375,3.125,7.967,-1.373400766945016,153.0,36.71875,18.75,7.967,1.7681918866447774,75.0,33.59375,7.03125,6.101,-2.44685437739309
100,78.125,10.9375,1.6586255167276351,2.503,0.078,6.942,103,85.15625,11.71875,7.074,0.11065722117389565,147,81.25,17.1875,6.987,1.1071487177940904,132.0,74.21875,16.40625,6.72,2.191045812777718,54.0,82.03125,5.46875,6.72,-0.9505468408120752,84.0,70.3125,10.15625,7.851,-3.0419240010986313,53.0,75.0,5.46875,6.298,-2.0899424410414196
101,0.0,11.71875,1.6632132820620036,0.0,0.0,6.741,51,3.125,5.46875,6.987,-1.1071487177940904,150,3.125,17.96875,6.987,1.1071487177940904,102.0,6.25,11.71875,6.25,0.0,,,,,,,,,,,,,,,
102,6.25,11.71875,1.6929534198866134,1.116,0.034,6.942,52,10.15625,5.46875,7.37,-1.0121970114513341,105,13.28125,12.5,7.074,0.11065722117389565,51.0,3.125,5.46875,6.987,-2.0344439357957027,150.0,3.125,17.96875,6.987,2.0344439357957027,151.0,9.375,17.96875,6.987,1.1071487177940904,101.0,0.0,11.71875,6.25,3.141592653589793
103,85.15625,11.71875,1.7179363601283457,0.785,0.089,6.927,107,92.1875,12.5,7.074,0.11065722117389565,100,78.125,10.9375,7.074,-3.0309354324158977,54.0,82.03125,5.46875,6.987,-2.0344439357957027,152.0,88.28125,17.96875,6.987,1.1071487177940904,59.0,89.0625,6.25,6.72,-0.9505468408120752,147.0,81.25,17.1875,6.72,2.191045812777718
104,285.15625,11.71875,1.6718461622156517,-0.561,-0.382,7.121,127,278.125,14.0625,7.411,2.819842099193151,81,292.1875,9.375,7.411,-0.3217505543966422,154.0,284.375,18.75,7.074,1.6814535479687922,130.0,290.625,15.625,6.72,0.6202494859828215,76.0,278.90625,7.03125,7.812,-2.498091544796509,55.0,285.9375,5.46875,6.298,-1.446441332248135
105,13.28125,12.5,1.6898897120295535,-2.94,0.096,7.16,155,15.625,19.53125,7.411,1.2490457723982544,109,20.3125,13.28125,7.074,0.11065722117389565,102.0,6.25,11.71875,7.074,-3.0309354324158977,56.0,16.40625,6.25,6.987,-1.1071487177940904,52.0,10.15625,5.46875,7.694,-1.9890206563741257,151.0,9.375,17.96875,6.72,2.191045812777718
106,50.0,12.5,1.6383314178103128,2.316,-0.366,6.997,128,42.96875,15.625,7.694,2.723368324010564,79,44.53125,8.59375,6.72,-2.5213431676069717,83.0,56.25,10.15625,6.675,-0.35877067027057225,146.0,54.6875,17.1875,6.629,0.7853981633974483,159.0,48.4375,20.3125,7.967,1.7681918866447774,58.0,50.78125,6.25,6.298,-1.446441332248135
107,92.1875,12.5,1.663063122088667,-1.075,0.067,7.148,103,85.15625,11.71875,7.074,-3.0309354324158977,59,89.0625,6.25,6.987,-2.0344439357957027,152.0,88.28125,17.96875,6.72,2.191045812777718,60.0,96.875,6.25,7.812,-0.9272952180016122,156.0,96.09375,19.53125,8.043,1.0636978224025597,108.0,98.4375,12.5,6.25,0.0
108,98.4375,12.5,1.5632367313421307,1.005,-0.377,6.5,156,96.09375,19.53125,7.411,1.892546881191539,60,96.875,6.25,6.442,-1.8157749899217608,80.0,103.90625,9.375,6.298,-0.5191461142465229,107.0,92.1875,12.5,6.25,3.141592653589793,133.0,103.125,16.40625,6.101,0.6947382761967031,,,,,
109,20.3125,13.28125,1.6970187269717238,0.809,0.298,7.491,57,22.65625,6.25,7.411,-1.2490457723982544,105,13.28125,12.5,7.074,-3.0309354324158977,131.0,26.5625,16.40625,6.987,0.4636476090008061,82.0,27.34375,10.15625,7.694,-0.4182243295792291,155.0,15.625,19.53125,7.812,2.214297435588181,173.0,21.875,21.09375,7.967,1.373400766945016
110,109.375,13.28125,1.6952221013241562,-1.029,-0.498,6.827,61,109.375,6.25,7.031,-1.5707963267948966,85,115.625,10.15625,6.987,-0.4636476090008061,133.0,103.125,16.40625,6.987,2.677945044588987,134.0,115.625,16.40625,6.987,0.4636476090008061,80.0,103.90625,9.375,6.72,-2.5213431676069717,157.0,109.375,19.53125,6.25,1.5707963267948966
111,121.875,13.28125,1.668124055048397,3.141,-0.524,6.772,62,121.875,6.25,7.031,-1.5707963267948966,160,121.875,20.3125,7.031,1.5707963267948966,134.0,115.625,16.40625,6.987,2.677945044588987,85.0,115.625,10.15625,6.987,-2.677945044588987,86.0,127.34375,10.15625,6.298,-0.5191461142465229,135.0,127.34375,16.40625,6.298,0.5191461142465229
112,133.59375,13.28125,1.711033874291036,3.141,-0.524,6.772,63,133.59375,6.25,7.031,-1.5707963267948966,161,133.59375,20.3125,7.031,1.5707963267948966,135.0,127.34375,16.40625,6.987,2.677945044588987,86.0,127.34375,10.15625,6.987,-2.677945044588987,87.0,139.0625,10.15625,6.298,-0.5191461142465229,136.0,139.0625,16.40625,6.298,0.5191461142465229
113,145.3125,13.28125,1.7208029122100228,0.463,-0.524,7.002,64,145.3125,6.25,7.031,-1.5707963267948966,162,145.3125,20.3125,7.031,1.5707963267948966,88.0,151.5625,10.15625,6.987,-0.4636476090008061,87.0,139.0625,10.15625,6.987,-2.677945044588987,136.0,139.0625,16.40625,6.987,2.677945044588987,137.0,151.5625,16.40625,6.987,0.4636476090008061
114,157.03125,13.28125,1.7096005290303231,0.0,-0.524,6.772,65,157.03125,6.25,7.031,-1.5707963267948966,163,157.03125,20.3125,7.031,1.5707963267948966,138.0,163.28125,16.40625,6.987,0.4636476090008061,89.0,163.28125,10.15625,6.987,-0.4636476090008061,137.0,151.5625,16.40625,6.298,2.62244653934327,88.0,151.5625,10.15625,6.298,-2.62244653934327
115,168.75,13.28125,1.678594244494462,0.0,-0.524,6.772,66,168.75,6.25,7.031,-1.5707963267948966,164,168.75,20.3125,7.031,1.5707963267948966,139.0,175.0,16.40625,6.987,0.4636476090008061,90.0,175.0,10.15625,6.987,-0.4636476090008061,138.0,163.28125,16.40625,6.298,2.62244653934327,89.0,163.28125,10.15625,6.298,-2.62244653934327
116,181.25,13.28125,1.6789470672799505,3.141,-0.524,6.772,67,181.25,6.25,7.031,-1.5707963267948966,165,181.25,20.3125,7.031,1.5707963267948966,139.0,175.0,16.40625,6.987,2.677945044588987,90.0,175.0,10.15625,6.987,-2.677945044588987,91.0,186.71875,10.15625,6.298,-0.5191461142465229,140.0,186.71875,16.40625,6.298,0.5191461142465229
117,192.96875,13.28125,1.7105767112332666,2.062,-0.515,6.887,68,192.96875,6.25,7.031,-1.5707963267948966,166,192.96875,20.3125,7.031,1.5707963267948966,92.0,199.21875,10.15625,6.987,-0.4636476090008061,91.0,186.71875,10.15625,6.987,-2.677945044588987,140.0,186.71875,16.40625,6.987,2.677945044588987,141.0,198.4375,16.40625,6.298,0.5191461142465229
118,204.6875,13.28125,1.7041027109635394,-1.08,-0.515,6.887,69,204.6875,6.25,7.031,-1.5707963267948966,167,204.6875,20.3125,7.031,1.5707963267948966,141.0,198.4375,16.40625,6.987,2.677945044588987,93.0,210.9375,10.15625,6.987,-0.4636476090008061,142.0,210.9375,16.40625,6.987,0.4636476090008061,92.0,199.21875,10.15625,6.298,-2.62244653934327
119,217.1875,13.28125,1.666523874600804,-3.105,-0.506,6.779,168,216.40625,20.3125,7.074,1.6814535479687922,70,217.1875,6.25,7.031,-1.5707963267948966,142.0,210.9375,16.40625,6.987,2.677945044588987,93.0,210.9375,10.15625,6.987,-2.677945044588987,94.0,222.65625,10.15625,6.298,-0.5191461142465229,143.0,222.65625,16.40625,6.298,0.5191461142465229
120,228.90625,13.28125,1.7034375258636778,0.463,-0.524,7.002,71,228.90625,6.25,7.031,-1.5707963267948966,169,228.90625,20.3125,7.031,1.5707963267948966,95.0,235.15625,10.15625,6.987,-0.4636476090008061,94.0,222.65625,10.15625,6.987,-2.677945044588987,143.0,222.65625,16.40625,6.987,2.677945044588987,144.0,235.15625,16.40625,6.987,0.4636476090008061
121,241.40625,13.28125,1.6889659659979714,2.837,-0.496,6.894,170,240.625,20.3125,7.074,1.6814535479687922,72,241.40625,6.25,7.031,-1.5707963267948966,96.0,247.65625,10.15625,6.987,-0.4636476090008061,95.0,235.15625,10.15625,6.987,-2.677945044588987,144.0,235.15625,16.40625,6.987,2.677945044588987,145.0,246.875,16.40625,6.298,0.5191461142465229
122,253.90625,13.28125,1.6593307115509095,2.75,-0.471,7.082,171,253.125,20.3125,7.074,1.6814535479687922,73,253.90625,6.25,7.031,-1.5707963267948966,97.0,260.15625,10.15625,6.987,-0.4636476090008061,96.0,247.65625,10.15625,6.987,-2.677945044588987,145.0,246.875,16.40625,7.694,2.723368324010564,148.0,259.375,17.1875,6.72,0.6202494859828215
123,266.40625,13.28125,1.6322090911249614,2.369,-0.486,7.14,172,265.625,20.3125,7.074,1.6814535479687922,74,266.40625,6.25,7.031,-1.5707963267948966,98.0,272.65625,10.15625,6.987,-0.4636476090008061,97.0,260.15625,10.15625,6.987,-2.677945044588987,149.0,271.875,17.1875,6.72,0.6202494859828215,148.0,259.375,17.1875,8.043,2.6344941491974563
124,299.21875,13.28125,1.4993042017820464,-2.721,0.078,7.093,158,296.09375,19.53125,6.987,2.0344439357957027,81,292.1875,9.375,8.043,-2.6344941491974563,77.0,299.21875,7.03125,6.25,-1.5707963267948966,,,,,,,,,,,,,,,
125,32.03125,14.0625,1.6431338087357508,-3.112,-0.336,6.837,75,33.59375,7.03125,7.202,-1.3521273809209546,99,38.28125,10.9375,6.987,-0.4636476090008061,153.0,36.71875,18.75,6.629,0.7853981633974483,176.0,29.6875,21.875,8.156,1.8622531212727638,82.0,27.34375,10.15625,6.101,-2.44685437739309,131.0,26.5625,16.40625,5.949,2.7367008673047097
126,60.9375,14.0625,1.6142184703461977,2.821,-0.524,6.647,174,60.9375,21.09375,7.031,1.5707963267948966,146,54.6875,17.1875,6.987,2.677945044588987,78.0,63.28125,7.8125,6.675,-1.2120256565243244,129.0,67.1875,15.625,6.442,0.24497866312686414,83.0,56.25,10.15625,6.101,-2.44685437739309,,,,,
127,278.125,14.0625,1.6649739324936275,1.306,-0.408,7.18,104,285.15625,11.71875,7.411,-0.3217505543966422,76,278.90625,7.03125,7.074,-1.460139105621001,175.0,277.34375,21.09375,7.074,1.6814535479687922,149.0,271.875,17.1875,6.987,2.677945044588987,98.0,272.65625,10.15625,6.72,-2.5213431676069717,154.0,284.375,18.75,7.812,0.6435011087932844
128,42.96875,15.625,1.649155936760746,0.013,-0.367,7.131,79,44.53125,8.59375,7.202,-1.3521273809209546,159,48.4375,20.3125,7.202,0.7086262721276703,178.0,42.1875,22.65625,7.074,1.6814535479687922,153.0,36.71875,18.75,6.987,2.677945044588987,106.0,50.0,12.5,7.694,-0.4182243295792291,99.0,38.28125,10.9375,6.629,-2.356194490192345
129,67.1875,15.625,1.6210334999522973,1.2,0.173,7.021,132,74.21875,16.40625,7.074,0.11065722117389565,177,70.3125,21.875,6.987,1.1071487177940904,126.0,60.9375,14.0625,6.442,-2.896613990462929,84.0,70.3125,10.15625,6.298,-1.0516502125483738,174.0,60.9375,21.09375,8.304,2.4227626539681686,,,,,
130,290.625,15.625,1.6392416023707506,2.588,-0.485,6.789,180,289.84375,22.65625,7.074,1.6814535479687922,154,284.375,18.75,6.987,2.677945044588987,158.0,296.09375,19.53125,6.72,0.6202494859828215,104.0,285.15625,11.71875,6.72,-2.5213431676069717,81.0,292.1875,9.375,6.442,-1.3258176636680326,,,,,
131,26.5625,16.40625,1.5896670313307264,-1.808,-0.426,6.432,109,20.3125,13.28125,6.987,-2.677945044588987,173,21.875,21.09375,6.629,2.356194490192345,82.0,27.34375,10.15625,6.298,-1.446441332248135,176.0,29.6875,21.875,6.298,1.0516502125483738,125.0,32.03125,14.0625,5.949,-0.40489178628508343,,,,,
132,74.21875,16.40625,1.6790218416576688,2.701,0.098,7.062,84,70.3125,10.15625,7.37,-2.129395642138459,182,76.5625,23.4375,7.411,1.2490457723982544,147.0,81.25,17.1875,7.074,0.11065722117389565,129.0,67.1875,15.625,7.074,-3.0309354324158977,100.0,78.125,10.9375,6.72,-0.9505468408120752,177.0,70.3125,21.875,6.72,2.191045812777718
133,103.125,16.40625,1.6645099745972414,-0.81,-0.459,6.849,80,103.90625,9.375,7.074,-1.460139105621001,110,109.375,13.28125,6.987,-0.4636476090008061,157.0,109.375,19.53125,6.987,0.4636476090008061,156.0,96.09375,19.53125,7.694,2.723368324010564,179.0,103.125,22.65625,6.25,1.5707963267948966,108.0,98.4375,12.5,6.101,-2.44685437739309
134,115.625,16.40625,1.7029231291912417,2.081,-0.508,6.935,160,121.875,20.3125,7.37,0.5585993153435624,183,115.625,23.4375,7.031,1.5707963267948966,110.0,109.375,13.28125,6.987,-2.677945044588987,111.0,121.875,13.28125,6.987,-0.4636476090008061,157.0,109.375,19.53125,6.987,2.677945044588987,85.0,115.625,10.15625,6.25,-1.5707963267948966
135,127.34375,16.40625,1.687804971507902,1.225,0.523,6.776,161,133.59375,20.3125,7.37,0.5585993153435624,184,127.34375,23.4375,7.031,1.5707963267948966,112.0,133.59375,13.28125,6.987,-0.4636476090008061,160.0,121.875,20.3125,6.72,2.5213431676069717,111.0,121.875,13.28125,6.298,-2.62244653934327,86.0,127.34375,10.15625,6.25,-1.5707963267948966
136,139.0625,16.40625,1.6462335128574663,1.225,0.523,6.776,162,145.3125,20.3125,7.37,0.5585993153435624,185,139.0625,23.4375,7.031,1.5707963267948966,113.0,145.3125,13.28125,6.987,-0.4636476090008061,161.0,133.59375,20.3125,6.72,2.5213431676069717,112.0,133.59375,13.28125,6.298,-2.62244653934327,87.0,139.0625,10.15625,6.25,-1.5707963267948966
137,151.5625,16.40625,1.6334770453636827,1.916,-0.524,6.776,162,145.3125,20.3125,7.37,2.5829933382462307,186,151.5625,23.4375,7.031,1.5707963267948966,113.0,145.3125,13.28125,6.987,-2.677945044588987,163.0,157.03125,20.3125,6.72,0.6202494859828215,114.0,157.03125,13.28125,6.298,-0.5191461142465229,88.0,151.5625,10.15625,6.25,-1.5707963267948966
138,163.28125,16.40625,1.6611077644573162,1.916,-0.524,6.776,163,157.03125,20.3125,7.37,2.5829933382462307,187,163.28125,23.4375,7.031,1.5707963267948966,114.0,157.03125,13.28125,6.987,-2.677945044588987,164.0,168.75,20.3125,6.72,0.6202494859828215,115.0,168.75,13.28125,6.298,-0.5191461142465229,89.0,163.28125,10.15625,6.25,-1.5707963267948966
139,175.0,16.40625,1.6736453295027283,1.57,-0.524,6.999,164,168.75,20.3125,7.37,2.5829933382462307,165,181.25,20.3125,7.37,0.5585993153435624,188.0,175.0,23.4375,7.031,1.5707963267948966,115.0,168.75,13.28125,6.987,-2.677945044588987,116.0,181.25,13.28125,6.987,-0.4636476090008061,90.0,175.0,10.15625,6.25,-1.5707963267948966
140,186.71875,16.40625,1.6652576517007711,1.225,0.523,6.776,166,192.96875,20.3125,7.37,0.5585993153435624,189,186.71875,23.4375,7.031,1.5707963267948966,117.0,192.96875,13.28125,6.987,-0.4636476090008061,165.0,181.25,20.3125,6.72,2.5213431676069717,116.0,181.25,13.28125,6.298,-2.62244653934327,91.0,186.71875,10.15625,6.25,-1.5707963267948966
141,198.4375,16.40625,1.6218088199024792,0.76,-0.504,6.784,167,204.6875,20.3125,7.37,0.5585993153435624,190,198.4375,23.4375,7.031,1.5707963267948966,118.0,204.6875,13.28125,6.987,-0.4636476090008061,166.0,192.96875,20.3125,6.72,2.5213431676069717,92.0,199.21875,10.15625,6.298,-1.446441332248135,117.0,192.96875,13.28125,6.298,-2.62244653934327
142,210.9375,16.40625,1.6674050154061386,1.727,-0.514,6.891,167,204.6875,20.3125,7.37,2.5829933382462307,191,210.9375,23.4375,7.031,1.5707963267948966,119.0,217.1875,13.28125,6.987,-0.4636476090008061,118.0,204.6875,13.28125,6.987,-2.677945044588987,168.0,216.40625,20.3125,6.72,0.6202494859828215,93.0,210.9375,10.15625,6.25,-1.5707963267948966
143,222.65625,16.40625,1.662717595603668,1.349,-0.515,6.884,168,216.40625,20.3125,7.37,2.5829933382462307,169,228.90625,20.3125,7.37,0.5585993153435624,192.0,222.65625,23.4375,7.031,1.5707963267948966,120.0,228.90625,13.28125,6.987,-0.4636476090008061,119.0,217.1875,13.28125,6.298,-2.62244653934327,94.0,222.65625,10.15625,6.25,-1.5707963267948966
144,235.15625,16.40625,1.6636009064454031,2.172,-0.495,6.898,169,228.90625,20.3125,7.37,2.5829933382462307,193,234.375,23.4375,7.074,1.6814535479687922,121.0,241.40625,13.28125,6.987,-0.4636476090008061,120.0,228.90625,13.28125,6.987,-2.677945044588987,170.0,240.625,20.3125,6.72,0.6202494859828215,95.0,235.15625,10.15625,6.25,-1.5707963267948966
145,246.875,16.40625,1.608160651388384,0.772,-0.487,7.01,170,240.625,20.3125,7.37,2.5829933382462307,171,253.125,20.3125,7.37,0.5585993153435624,194.0,246.875,23.4375,7.031,1.5707963267948966,122.0,253.90625,13.28125,7.694,-0.4182243295792291,96.0,247.65625,10.15625,6.298,-1.446441332248135,121.0,241.40625,13.28125,6.298,-2.62244653934327
146,54.6875,17.1875,1.6822223989772813,-0.573,-0.402,7.042,83,56.25,10.15625,7.202,-1.3521273809209546,174,60.9375,21.09375,7.37,0.5585993153435624,196.0,53.90625,24.21875,7.074,1.6814535479687922,126.0,60.9375,14.0625,6.987,-0.4636476090008061,159.0,48.4375,20.3125,6.987,2.677945044588987,106.0,50.0,12.5,6.629,-2.356194490192345
147,81.25,17.1875,1.6639526773691153,3.047,0.1,7.227,152,88.28125,17.96875,7.074,0.11065722117389565,132,74.21875,16.40625,7.074,-3.0309354324158977,100.0,78.125,10.9375,6.987,-2.0344439357957027,197.0,84.375,24.21875,7.694,1.1525719972156676,103.0,85.15625,11.71875,6.72,-0.9505468408120752,182.0,76.5625,23.4375,7.812,2.214297435588181
148,259.375,17.1875,1.6297757418881986,-0.773,-0.486,7.01,97,260.15625,10.15625,7.074,-1.460139105621001,171,253.125,20.3125,6.987,2.677945044588987,172.0,265.625,20.3125,6.987,0.4636476090008061,122.0,253.90625,13.28125,6.72,-2.5213431676069717,123.0,266.40625,13.28125,8.043,-0.507098504392337,195.0,259.375,23.4375,6.25,1.5707963267948966
149,271.875,17.1875,1.6942745773325292,1.107,-0.435,6.927,98,272.65625,10.15625,7.074,-1.460139105621001,199,271.09375,24.21875,7.074,1.6814535479687922,172.0,265.625,20.3125,6.987,2.677945044588987,127.0,278.125,14.0625,6.987,-0.4636476090008061,123.0,266.40625,13.28125,6.72,-2.5213431676069717,175.0,277.34375,21.09375,6.72,0.6202494859828215
150,3.125,17.96875,1.6140935391310194,0.057,-0.005,6.917,101,0.0,11.71875,6.987,-2.0344439357957027,102,6.25,11.71875,6.987,-1.1071487177940904,151.0,9.375,17.96875,6.25,0.0,201.0,0.0,25.78125,8.414,1.9513027039072615,181.0,5.46875,23.4375,5.949,1.1659045405098132,,,,,
151,9.375,17.96875,1.6903159102304248,2.125,0.12,6.879,102,6.25,11.71875,6.987,-2.0344439357957027,105,13.28125,12.5,6.72,-0.9505468408120752,181.0,5.46875,23.4375,6.72,2.191045812777718,155.0,15.625,19.53125,6.442,0.24497866312686414,202.0,11.71875,25.78125,8.156,1.2793395323170296,150.0,3.125,17.96875,6.25,3.141592653589793
152,88.28125,17.96875,1.6997805394887684,1.915,0.11,7.132,197,84.375,24.21875,7.37,2.129395642138459,147,81.25,17.1875,7.074,-3.0309354324158977,103.0,85.15625,11.71875,6.987,-2.0344439357957027,107.0,92.1875,12.5,6.72,-0.9505468408120752,198.0,90.625,24.21875,6.675,1.2120256565243244,156.0,96.09375,19.53125,7.967,0.19739555984988075
153,36.71875,18.75,1.6766089435446774,-0.727,-0.387,7.178,203,35.9375,25.78125,7.074,1.6814535479687922,128,42.96875,15.625,6.987,-0.4636476090008061,176.0,29.6875,21.875,7.694,2.723368324010564,178.0,42.1875,22.65625,6.72,0.6202494859828215,125.0,32.03125,14.0625,6.629,-2.356194490192345,99.0,38.28125,10.9375,7.967,-1.373400766945016
154,284.375,18.75,1.6109447629577913,-1.915,-0.406,7.05,175,277.34375,21.09375,7.411,2.819842099193151,104,285.15625,11.71875,7.074,-1.460139105621001,130.0,290.625,15.625,6.987,-0.4636476090008061,180.0,289.84375,22.65625,6.72,0.6202494859828215,127.0,278.125,14.0625,7.812,-2.498091544796509,200.0,283.59375,25.0,6.298,1.695151321341658
155,15.625,19.53125,1.5752120315433105,-1.838,0.205,7.095,202,11.71875,25.78125,7.37,2.129395642138459,105,13.28125,12.5,7.411,-1.892546881191539,109.0,20.3125,13.28125,7.812,-0.9272952180016122,151.0,9.375,17.96875,6.442,-2.896613990462929,173.0,21.875,21.09375,6.442,0.24497866312686414,,,,,
156,96.09375,19.53125,1.627211124946795,0.66,0.379,7.528,206,97.65625,26.5625,7.202,1.3521273809209546,198,90.625,24.21875,7.202,2.432966381462123,108.0,98.4375,12.5,7.411,-1.2490457723982544,133.0,103.125,16.40625,7.694,-0.4182243295792291,179.0,103.125,22.65625,7.694,0.4182243295792291,152.0,88.28125,17.96875,7.967,-2.9441970937399127
157,109.375,19.53125,1.666240051399999,2.081,-0.508,6.935,183,115.625,23.4375,7.37,0.5585993153435624,207,109.375,26.5625,7.031,1.5707963267948966,133.0,103.125,16.40625,6.987,-2.677945044588987,134.0,115.625,16.40625,6.987,-0.4636476090008061,179.0,103.125,22.65625,6.987,2.677945044588987,110.0,109.375,13.28125,6.25,-1.5707963267948966
158,296.09375,19.53125,1.6092661725884536,-3.117,0.475,6.942,211,295.3125,26.5625,7.074,1.6814535479687922,124,299.21875,13.28125,6.987,-1.1071487177940904,180.0,289.84375,22.65625,6.987,2.677945044588987,130.0,290.625,15.625,6.72,-2.5213431676069717,,,,,,,,,,
159,48.4375,20.3125,1.67438760425783,-0.998,-0.388,7.104,128,42.96875,15.625,7.202,-2.432966381462123,212,47.65625,27.34375,7.074,1.6814535479687922,146.0,54.6875,17.1875,6.987,-0.4636476090008061,196.0,53.90625,24.21875,6.72,0.6202494859828215,178.0,42.1875,22.65625,6.675,2.782821983319221,106.0,50.0,12.5,7.967,-1.373400766945016
160,121.875,20.3125,1.6310782483733186,-1.917,0.523,6.776,134,115.625,16.40625,7.37,-2.5829933382462307,111,121.875,13.28125,7.031,-1.5707963267948966,183.0,115.625,23.4375,6.987,2.677945044588987,135.0,127.34375,16.40625,6.72,-0.6202494859828215,184.0,127.34375,23.4375,6.298,0.5191461142465229,208.0,121.875,26.5625,6.25,1.5707963267948966
161,133.59375,20.3125,1.6893114387034527,-1.917,0.523,6.776,135,127.34375,16.40625,7.37,-2.5829933382462307,112,133.59375,13.28125,7.031,-1.5707963267948966,184.0,127.34375,23.4375,6.987,2.677945044588987,136.0,139.0625,16.40625,6.72,-0.6202494859828215,185.0,139.0625,23.4375,6.298,0.5191461142465229,209.0,133.59375,26.5625,6.25,1.5707963267948966
162,145.3125,20.3125,1.7083235679843294,-1.571,-0.524,7.129,136,139.0625,16.40625,7.37,-2.5829933382462307,137,151.5625,16.40625,7.37,-0.5585993153435624,113.0,145.3125,13.28125,7.031,-1.5707963267948966,213.0,145.3125,27.34375,7.031,1.5707963267948966,185.0,139.0625,23.4375,6.987,2.677945044588987,186.0,151.5625,23.4375,6.987,0.4636476090008061
163,157.03125,20.3125,1.705235966567648,-1.226,-0.524,6.906,138,163.28125,16.40625,7.37,-0.5585993153435624,114,157.03125,13.28125,7.031,-1.5707963267948966,214.0,157.03125,27.34375,7.031,1.5707963267948966,187.0,163.28125,23.4375,6.987,0.4636476090008061,137.0,151.5625,16.40625,6.72,-2.5213431676069717,186.0,151.5625,23.4375,6.298,2.62244653934327
164,168.75,20.3125,1.6831060244245326,-1.226,-0.524,6.906,139,175.0,16.40625,7.37,-0.5585993153435624,115,168.75,13.28125,7.031,-1.5707963267948966,215.0,168.75,27.34375,7.031,1.5707963267948966,188.0,175.0,23.4375,6.987,0.4636476090008061,138.0,163.28125,16.40625,6.72,-2.5213431676069717,187.0,163.28125,23.4375,6.298,2.62244653934327
165,181.25,20.3125,1.647642221705333,-2.348,-0.506,6.913,139,175.0,16.40625,7.37,-2.5829933382462307,216,180.46875,27.34375,7.074,1.6814535479687922,116.0,181.25,13.28125,7.031,-1.5707963267948966,188.0,175.0,23.4375,6.987,2.677945044588987,140.0,186.71875,16.40625,6.72,-0.6202494859828215,189.0,186.71875,23.4375,6.298,0.5191461142465229
166,192.96875,20.3125,1.6866978637766776,-1.917,0.523,6.906,140,186.71875,16.40625,7.37,-2.5829933382462307,117,192.96875,13.28125,7.031,-1.5707963267948966,217.0,192.96875,27.34375,7.031,1.5707963267948966,189.0,186.71875,23.4375,6.987,2.677945044588987,141.0,198.4375,16.40625,6.72,-0.6202494859828215,190.0,198.4375,23.4375,6.298,0.5191461142465229
167,204.6875,20.3125,1.6964547775632928,-1.571,-0.524,7.129,141,198.4375,16.40625,7.37,-2.5829933382462307,142,210.9375,16.40625,7.37,-0.5585993153435624,118.0,204.6875,13.28125,7.031,-1.5707963267948966,218.0,204.6875,27.34375,7.031,1.5707963267948966,190.0,198.4375,23.4375,6.987,2.677945044588987,191.0,210.9375,23.4375,6.987,0.4636476090008061
168,216.40625,20.3125,1.650966166052652,-0.759,-0.505,6.913,143,222.65625,16.40625,7.37,-0.5585993153435624,119,217.1875,13.28125,7.074,-1.460139105621001,219.0,216.40625,27.34375,7.031,1.5707963267948966,192.0,222.65625,23.4375,6.987,0.4636476090008061,142.0,210.9375,16.40625,6.72,-2.5213431676069717,191.0,210.9375,23.4375,6.298,2.62244653934327
169,228.90625,20.3125,1.6812854439186218,-1.792,-0.515,6.884,143,222.65625,16.40625,7.37,-2.5829933382462307,144,235.15625,16.40625,7.37,-0.5585993153435624,120.0,228.90625,13.28125,7.031,-1.5707963267948966,192.0,222.65625,23.4375,6.987,2.677945044588987,193.0,234.375,23.4375,6.298,0.5191461142465229,210.0,228.90625,26.5625,6.25,1.5707963267948966
170,240.625,20.3125,1.640893801876849,-0.97,-0.495,7.028,145,246.875,16.40625,7.37,-0.5585993153435624,121,241.40625,13.28125,7.074,-1.460139105621001,220.0,240.625,27.34375,7.031,1.5707963267948966,193.0,234.375,23.4375,6.987,2.677945044588987,194.0,246.875,23.4375,6.987,0.4636476090008061,144.0,235.15625,16.40625,6.72,-2.5213431676069717
171,253.125,20.3125,1.691638177004688,-0.455,-0.489,7.073,145,246.875,16.40625,7.37,-2.5829933382462307,122,253.90625,13.28125,7.074,-1.460139105621001,221.0,253.125,27.34375,7.031,1.5707963267948966,148.0,259.375,17.1875,6.987,-0.4636476090008061,194.0,246.875,23.4375,6.987,2.677945044588987,195.0,259.375,23.4375,6.987,0.4636476090008061
172,265.625,20.3125,1.673314254632238,2.112,-0.459,6.972,123,266.40625,13.28125,7.074,-1.460139105621001,222,264.84375,27.34375,7.074,1.6814535479687922,149.0,271.875,17.1875,6.987,-0.4636476090008061,148.0,259.375,17.1875,6.987,-2.677945044588987,195.0,259.375,23.4375,6.987,2.677945044588987,199.0,271.09375,24.21875,6.72,0.6202494859828215
173,21.875,21.09375,1.5382372237094415,-0.085,0.175,7.147,176,29.6875,21.875,7.851,0.09966865249116202,131,26.5625,16.40625,6.629,-0.7853981633974483,109.0,20.3125,13.28125,7.967,-1.7681918866447774,223.0,17.96875,28.125,8.043,2.0778948311872334,155.0,15.625,19.53125,6.442,-2.896613990462929,205.0,24.21875,26.5625,5.949,1.1659045405098132
174,60.9375,21.09375,1.6704954214029473,-2.953,-0.442,7.372,224,59.375,28.125,7.202,1.7894652726688385,146,54.6875,17.1875,7.37,-2.5829933382462307,126.0,60.9375,14.0625,7.031,-1.5707963267948966,196.0,53.90625,24.21875,7.694,2.723368324010564,204.0,65.625,25.78125,6.629,0.7853981633974483,129.0,67.1875,15.625,8.304,-0.7188299996216245
175,277.34375,21.09375,1.6650382163267698,0.733,-0.422,7.106,200,283.59375,25.0,7.37,0.5585993153435624,154,284.375,18.75,7.411,-0.3217505543966422,225.0,276.5625,28.125,7.074,1.6814535479687922,127.0,278.125,14.0625,7.074,-1.460139105621001,199.0,271.09375,24.21875,6.987,2.677945044588987,149.0,271.875,17.1875,6.72,-2.5213431676069717
176,29.6875,21.875,1.6539538321957266,1.18,-0.5,7.681,205,24.21875,26.5625,7.202,2.432966381462123,203,35.9375,25.78125,7.37,0.5585993153435624,153.0,36.71875,18.75,7.694,-0.4182243295792291,229.0,29.6875,29.6875,7.812,1.5707963267948966,173.0,21.875,21.09375,7.851,-3.0419240010986313,125.0,32.03125,14.0625,8.156,-1.2793395323170296
177,70.3125,21.875,1.627541544501273,0.266,0.256,6.691,226,71.875,28.90625,7.202,1.3521273809209546,129,67.1875,15.625,6.987,-2.0344439357957027,132.0,74.21875,16.40625,6.72,-0.9505468408120752,182.0,76.5625,23.4375,6.442,0.24497866312686414,204.0,65.625,25.78125,6.101,2.44685437739309,,,,,
178,42.1875,22.65625,1.671683632272545,1.58,-0.405,7.085,212,47.65625,27.34375,7.202,0.7086262721276703,128,42.96875,15.625,7.074,-1.460139105621001,203.0,35.9375,25.78125,6.987,2.677945044588987,153.0,36.71875,18.75,6.72,-2.5213431676069717,159.0,48.4375,20.3125,6.675,-0.35877067027057225,232.0,41.40625,30.46875,7.851,1.6704649792860586
179,103.125,22.65625,1.616713039306773,1.108,0.486,7.016,207,109.375,26.5625,7.37,0.5585993153435624,230,103.90625,29.6875,7.074,1.460139105621001,157.0,109.375,19.53125,6.987,-0.4636476090008061,156.0,96.09375,19.53125,7.694,-2.723368324010564,206.0,97.65625,26.5625,6.72,2.5213431676069717,133.0,103.125,16.40625,6.25,-1.5707963267948966
180,289.84375,22.65625,1.6850465717184087,-1.983,-0.418,6.875,130,290.625,15.625,7.074,-1.460139105621001,231,289.0625,29.6875,7.074,1.6814535479687922,158.0,296.09375,19.53125,6.987,-0.4636476090008061,154.0,284.375,18.75,6.72,-2.5213431676069717,211.0,295.3125,26.5625,6.72,0.6202494859828215,200.0,283.59375,25.0,6.675,2.782821983319221
181,5.46875,23.4375,1.5954149059801912,0.059,0.409,6.309,151,9.375,17.96875,6.72,-0.9505468408120752,202,11.71875,25.78125,6.675,0.35877067027057225,228.0,5.46875,29.6875,6.25,1.5707963267948966,150.0,3.125,17.96875,5.949,-1.97568811307998,201.0,0.0,25.78125,5.949,2.7367008673047097,,,,,
182,76.5625,23.4375,1.6394139840227968,-1.044,0.144,7.169,226,71.875,28.90625,7.202,2.279422598922567,132,74.21875,16.40625,7.411,-1.892546881191539,147.0,81.25,17.1875,7.812,-0.9272952180016122,197.0,84.375,24.21875,7.851,0.09966865249116202,177.0,70.3125,21.875,6.442,-2.896613990462929,227.0,79.6875,28.90625,6.298,1.0516502125483738
183,115.625,23.4375,1.7155514506646066,-1.06,-0.508,7.065,157,109.375,19.53125,7.37,-2.5829933382462307,134,115.625,16.40625,7.031,-1.5707963267948966,234.0,115.625,30.46875,7.031,1.5707963267948966,160.0,121.875,20.3125,6.987,-0.4636476090008061,207.0,109.375,26.5625,6.987,2.677945044588987,208.0,121.875,26.5625,6.987,0.4636476090008061
184,127.34375,23.4375,1.71536439908274,0.0,-0.524,6.772,135,127.34375,16.40625,7.031,-1.5707963267948966,235,127.34375,30.46875,7.031,1.5707963267948966,209.0,133.59375,26.5625,6.987,0.4636476090008061,161.0,133.59375,20.3125,6.987,-0.4636476090008061,208.0,121.875,26.5625,6.298,2.62244653934327,160.0,121.875,20.3125,6.298,-2.62244653934327
185,139.0625,23.4375,1.685815947395914,1.499,-0.508,6.836,213,145.3125,27.34375,7.37,0.5585993153435624,136,139.0625,16.40625,7.031,-1.5707963267948966,236.0,139.0625,30.46875,7.031,1.5707963267948966,162.0,145.3125,20.3125,6.987,-0.4636476090008061,209.0,133.59375,26.5625,6.298,2.62244653934327,161.0,133.59375,20.3125,6.298,-2.62244653934327
186,151.5625,23.4375,1.6528436539384315,2.383,-0.505,6.913,213,145.3125,27.34375,7.37,2.5829933382462307,237,150.78125,30.46875,7.074,1.6814535479687922,137.0,151.5625,16.40625,7.031,-1.5707963267948966,162.0,145.3125,20.3125,6.987,-2.677945044588987,214.0,157.03125,27.34375,6.72,0.6202494859828215,163.0,157.03125,20.3125,6.298,-0.5191461142465229
187,163.28125,23.4375,1.6846697235293797,1.916,-0.524,6.906,214,157.03125,27.34375,7.37,2.5829933382462307,138,163.28125,16.40625,7.031,-1.5707963267948966,238.0,163.28125,30.46875,7.031,1.5707963267948966,163.0,157.03125,20.3125,6.987,-2.677945044588987,215.0,168.75,27.34375,6.72,0.6202494859828215,164.0,168.75,20.3125,6.298,-0.5191461142465229
188,175.0,23.4375,1.703895960888013,1.727,-0.514,7.021,215,168.75,27.34375,7.37,2.5829933382462307,139,175.0,16.40625,7.031,-1.5707963267948966,239.0,175.0,30.46875,7.031,1.5707963267948966,164.0,168.75,20.3125,6.987,-2.677945044588987,165.0,181.25,20.3125,6.987,-0.4636476090008061,216.0,180.46875,27.34375,6.72,0.6202494859828215
189,186.71875,23.4375,1.7064925485535816,1.349,-0.515,7.014,216,180.46875,27.34375,7.37,2.5829933382462307,217,192.96875,27.34375,7.37,0.5585993153435624,240.0,186.71875,30.46875,7.031,1.5707963267948966,140.0,186.71875,16.40625,7.031,-1.5707963267948966,166.0,192.96875,20.3125,6.987,-0.4636476090008061,165.0,181.25,20.3125,6.298,-2.62244653934327
190,198.4375,23.4375,1.6818426111171945,1.225,0.523,6.906,218,204.6875,27.34375,7.37,0.5585993153435624,141,198.4375,16.40625,7.031,-1.5707963267948966,241.0,198.4375,30.46875,7.031,1.5707963267948966,167.0,204.6875,20.3125,6.987,-0.4636476090008061,217.0,192.96875,27.34375,6.72,2.5213431676069717,166.0,192.96875,20.3125,6.298,-2.62244653934327
191,210.9375,23.4375,1.6701042161803596,2.383,-0.505,6.913,218,204.6875,27.34375,7.37,2.5829933382462307,242,210.15625,30.46875,7.074,1.6814535479687922,142.0,210.9375,16.40625,7.031,-1.5707963267948966,167.0,204.6875,20.3125,6.987,-2.677945044588987,219.0,216.40625,27.34375,6.72,0.6202494859828215,168.0,216.40625,20.3125,6.298,-0.5191461142465229
192,222.65625,23.4375,1.7039775559526988,1.059,0.507,7.065,219,216.40625,27.34375,7.37,2.5829933382462307,143,222.65625,16.40625,7.031,-1.5707963267948966,243.0,222.65625,30.46875,7.031,1.5707963267948966,168.0,216.40625,20.3125,6.987,-2.677945044588987,210.0,228.90625,26.5625,6.987,0.4636476090008061,169.0,228.90625,20.3125,6.987,-0.4636476090008061
193,234.375,23.4375,1.6431011959345587,0.652,-0.49,6.843,220,240.625,27.34375,7.37,0.5585993153435624,144,235.15625,16.40625,7.074,-1.460139105621001,244.0,234.375,30.46875,7.031,1.5707963267948966,170.0,240.625,20.3125,6.987,-0.4636476090008061,210.0,228.90625,26.5625,6.298,2.62244653934327,169.0,228.90625,20.3125,6.298,-2.62244653934327
194,246.875,23.4375,1.6896993880195197,1.57,-0.524,7.129,220,240.625,27.34375,7.37,2.5829933382462307,221,253.125,27.34375,7.37,0.5585993153435624,245.0,246.875,30.46875,7.031,1.5707963267948966,145.0,246.875,16.40625,7.031,-1.5707963267948966,171.0,253.125,20.3125,6.987,-0.4636476090008061,170.0,240.625,20.3125,6.987,-2.677945044588987
195,259.375,23.4375,1.6185907528647439,2.172,-0.495,6.898,221,253.125,27.34375,7.37,2.5829933382462307,246,258.59375,30.46875,7.074,1.6814535479687922,172.0,265.625,20.3125,6.987,-0.4636476090008061,171.0,253.125,20.3125,6.987,-2.677945044588987,222.0,264.84375,27.34375,6.72,0.6202494859828215,148.0,259.375,17.1875,6.25,-1.5707963267948966
196,53.90625,24.21875,1.691464746588163,1.129,-0.427,7.045,146,54.6875,17.1875,7.074,-1.460139105621001,247,53.125,31.25,7.074,1.6814535479687922,212.0,47.65625,27.34375,6.987,2.677945044588987,174.0,60.9375,21.09375,7.694,-0.4182243295792291,159.0,48.4375,20.3125,6.72,-2.5213431676069717,224.0,59.375,28.125,6.72,0.6202494859828215
197,84.375,24.21875,1.6238011380759076,-2.477,0.115,7.201,152,88.28125,17.96875,7.37,-1.0121970114513341,248,86.71875,31.25,7.411,1.2490457723982544,147.0,81.25,17.1875,7.694,-1.9890206563741257,182.0,76.5625,23.4375,7.851,-3.0419240010986313,227.0,79.6875,28.90625,6.629,2.356194490192345,198.0,90.625,24.21875,6.25,0.0
198,90.625,24.21875,1.6613307460511402,1.18,0.162,7.042,156,96.09375,19.53125,7.202,-0.7086262721276703,206,97.65625,26.5625,7.411,0.3217505543966422,152.0,88.28125,17.96875,6.675,-1.9295669970654687,233.0,92.96875,30.46875,6.675,1.2120256565243244,248.0,86.71875,31.25,8.043,2.0778948311872334,197.0,84.375,24.21875,6.25,3.141592653589793
199,271.09375,24.21875,1.686741077894133,1.107,-0.435,6.927,149,271.875,17.1875,7.074,-1.460139105621001,249,270.3125,31.25,7.074,1.6814535479687922,222.0,264.84375,27.34375,6.987,2.677945044588987,175.0,277.34375,21.09375,6.987,-0.4636476090008061,172.0,265.625,20.3125,6.72,-2.5213431676069717,225.0,276.5625,28.125,6.72,0.6202494859828215
200,283.59375,25.0,1.5998890992667019,1.859,-0.403,7.052,231,289.0625,29.6875,7.202,0.7086262721276703,175,277.34375,21.09375,7.37,-2.5829933382462307,252.0,282.8125,32.03125,7.074,1.6814535479687922,225.0,276.5625,28.125,7.694,2.723368324010564,180.0,289.84375,22.65625,6.675,-0.35877067027057225,154.0,284.375,18.75,6.298,-1.446441332248135
201,0.0,25.78125,1.575813850270198,0.122,0.459,7.028,253,0.0,32.8125,7.031,1.5707963267948966,228,5.46875,29.6875,6.72,0.6202494859828215,150.0,3.125,17.96875,8.414,-1.1902899496825317,181.0,5.46875,23.4375,5.949,-0.40489178628508343,,,,,,,,,,
202,11.71875,25.78125,1.677644435292711,-2.715,0.354,7.213,155,15.625,19.53125,7.37,-1.0121970114513341,228,5.46875,29.6875,7.37,2.5829933382462307,254.0,11.71875,32.8125,7.031,1.5707963267948966,181.0,5.46875,23.4375,6.675,-2.782821983319221,223.0,17.96875,28.125,6.675,0.35877067027057225,151.0,9.375,17.96875,8.156,-1.8622531212727638
203,35.9375,25.78125,1.6808285144553199,1.722,-0.448,7.309,232,41.40625,30.46875,7.202,0.7086262721276703,176,29.6875,21.875,7.37,-2.5829933382462307,229.0,29.6875,29.6875,7.37,2.5829933382462307,153.0,36.71875,18.75,7.074,-1.460139105621001,178.0,42.1875,22.65625,6.987,-0.4636476090008061,256.0,35.15625,33.59375,7.851,1.6704649792860586
204,65.625,25.78125,1.5975638712571665,1.802,0.507,6.538,226,71.875,28.90625,6.987,0.4636476090008061,224,59.375,28.125,6.675,2.782821983319221,174.0,60.9375,21.09375,6.629,-2.356194490192345,251.0,64.84375,32.03125,6.298,1.695151321341658,177.0,70.3125,21.875,6.101,-0.6947382761967031,,,,,
205,24.21875,26.5625,1.6239690428361724,0.815,0.423,6.593,176,29.6875,21.875,7.202,-0.7086262721276703,255,23.4375,33.59375,7.074,1.6814535479687922,223.0,17.96875,28.125,6.442,2.896613990462929,229.0,29.6875,29.6875,6.298,0.5191461142465229,173.0,21.875,21.09375,5.949,-1.97568811307998,,,,,
206,97.65625,26.5625,1.6786041895686665,2.077,0.38,6.916,156,96.09375,19.53125,7.202,-1.7894652726688385,198,90.625,24.21875,7.411,-2.819842099193151,258.0,98.4375,33.59375,7.074,1.460139105621001,230.0,103.90625,29.6875,6.987,0.4636476090008061,179.0,103.125,22.65625,6.72,-0.6202494859828215,233.0,92.96875,30.46875,6.101,2.44685437739309
207,109.375,26.5625,1.695690654346001,1.079,-0.502,7.014,179,103.125,22.65625,7.37,-2.5829933382462307,234,115.625,30.46875,7.37,0.5585993153435624,259.0,109.375,33.59375,7.031,1.5707963267948966,157.0,109.375,19.53125,7.031,-1.5707963267948966,183.0,115.625,23.4375,6.987,-0.4636476090008061,230.0,103.90625,29.6875,6.298,2.62244653934327
208,121.875,26.5625,1.6321102777690606,1.916,-0.524,6.776,234,115.625,30.46875,7.37,2.5829933382462307,260,121.875,33.59375,7.031,1.5707963267948966,183.0,115.625,23.4375,6.987,-2.677945044588987,235.0,127.34375,30.46875,6.72,0.6202494859828215,184.0,127.34375,23.4375,6.298,-0.5191461142465229,160.0,121.875,20.3125,6.25,-1.5707963267948966
209,133.59375,26.5625,1.6411380064022634,1.916,-0.524,6.776,235,127.34375,30.46875,7.37,2.5829933382462307,261,133.59375,33.59375,7.031,1.5707963267948966,184.0,127.34375,23.4375,6.987,-2.677945044588987,236.0,139.0625,30.46875,6.72,0.6202494859828215,185.0,139.0625,23.4375,6.298,-0.5191461142465229,161.0,133.59375,20.3125,6.25,-1.5707963267948966
210,228.90625,26.5625,1.597688072483589,2.383,-0.505,6.783,243,222.65625,30.46875,7.37,2.5829933382462307,269,228.125,33.59375,7.074,1.6814535479687922,192.0,222.65625,23.4375,6.987,-2.677945044588987,244.0,234.375,30.46875,6.72,0.6202494859828215,193.0,234.375,23.4375,6.298,-0.5191461142465229,169.0,228.90625,20.3125,6.25,-1.5707963267948966
211,295.3125,26.5625,1.6152367913425085,2.658,-0.435,6.817,271,293.75,33.59375,7.202,1.7894652726688385,158,296.09375,19.53125,7.074,-1.460139105621001,231.0,289.0625,29.6875,6.987,2.677945044588987,180.0,289.84375,22.65625,6.72,-2.5213431676069717,250.0,299.21875,31.25,6.101,0.8760580505981934,,,,,
212,47.65625,27.34375,1.7071703761689572,-0.907,-0.421,7.007,178,42.1875,22.65625,7.202,-2.432966381462123,159,48.4375,20.3125,7.074,-1.460139105621001,272.0,46.875,34.375,7.074,1.6814535479687922,196.0,53.90625,24.21875,6.987,-0.4636476090008061,232.0,41.40625,30.46875,6.987,2.677945044588987,247.0,53.125,31.25,6.72,0.6202494859828215
213,145.3125,27.34375,1.6688968825717807,-1.792,-0.515,6.884,185,139.0625,23.4375,7.37,-2.5829933382462307,186,151.5625,23.4375,7.37,-0.5585993153435624,162.0,145.3125,20.3125,7.031,-1.5707963267948966,236.0,139.0625,30.46875,6.987,2.677945044588987,237.0,150.78125,30.46875,6.298,0.5191461142465229,262.0,145.3125,33.59375,6.25,1.5707963267948966
214,157.03125,27.34375,1.67548464628555,-1.415,-0.514,6.891,187,163.28125,23.4375,7.37,-0.5585993153435624,163,157.03125,20.3125,7.031,-1.5707963267948966,237.0,150.78125,30.46875,6.987,2.677945044588987,238.0,163.28125,30.46875,6.987,0.4636476090008061,186.0,151.5625,23.4375,6.72,-2.5213431676069717,263.0,157.03125,33.59375,6.25,1.5707963267948966
215,168.75,27.34375,1.663545282657837,-1.226,-0.524,6.776,188,175.0,23.4375,7.37,-0.5585993153435624,164,168.75,20.3125,7.031,-1.5707963267948966,239.0,175.0,30.46875,6.987,0.4636476090008061,187.0,163.28125,23.4375,6.72,-2.5213431676069717,238.0,163.28125,30.46875,6.298,2.62244653934327,264.0,168.75,33.59375,6.25,1.5707963267948966
216,180.46875,27.34375,1.6315689032174374,-0.759,-0.505,6.783,189,186.71875,23.4375,7.37,-0.5585993153435624,165,181.25,20.3125,7.074,-1.460139105621001,240.0,186.71875,30.46875,6.987,0.4636476090008061,188.0,175.0,23.4375,6.72,-2.5213431676069717,239.0,175.0,30.46875,6.298,2.62244653934327,265.0,180.46875,33.59375,6.25,1.5707963267948966
217,192.96875,27.34375,1.62420177091953,-2.381,-0.504,6.784,189,186.71875,23.4375,7.37,-2.5829933382462307,166,192.96875,20.3125,7.031,-1.5707963267948966,240.0,186.71875,30.46875,6.987,2.677945044588987,190.0,198.4375,23.4375,6.72,-0.6202494859828215,241.0,198.4375,30.46875,6.298,0.5191461142465229,266.0,192.1875,33.59375,6.298,1.695151321341658
218,204.6875,27.34375,1.6501638052114478,-1.792,-0.515,6.884,190,198.4375,23.4375,7.37,-2.5829933382462307,191,210.9375,23.4375,7.37,-0.5585993153435624,167.0,204.6875,20.3125,7.031,-1.5707963267948966,241.0,198.4375,30.46875,6.987,2.677945044588987,242.0,210.15625,30.46875,6.298,0.5191461142465229,267.0,204.6875,33.59375,6.25,1.5707963267948966
219,216.40625,27.34375,1.6400339353193094,-1.415,-0.514,6.891,192,222.65625,23.4375,7.37,-0.5585993153435624,168,216.40625,20.3125,7.031,-1.5707963267948966,242.0,210.15625,30.46875,6.987,2.677945044588987,243.0,222.65625,30.46875,6.987,0.4636476090008061,191.0,210.9375,23.4375,6.72,-2.5213431676069717,268.0,216.40625,33.59375,6.25,1.5707963267948966
220,240.625,27.34375,1.6513910875051914,-1.571,-0.524,6.999,193,234.375,23.4375,7.37,-2.5829933382462307,194,246.875,23.4375,7.37,-0.5585993153435624,170.0,240.625,20.3125,7.031,-1.5707963267948966,244.0,234.375,30.46875,6.987,2.677945044588987,245.0,246.875,30.46875,6.987,0.4636476090008061,270.0,240.625,33.59375,6.25,1.5707963267948966
221,253.125,27.34375,1.6369473677965292,-2.41,-0.497,7.022,194,246.875,23.4375,7.37,-2.5829933382462307,195,259.375,23.4375,7.37,-0.5585993153435624,273.0,252.34375,34.375,7.074,1.6814535479687922,171.0,253.125,20.3125,7.031,-1.5707963267948966,245.0,246.875,30.46875,6.987,2.677945044588987,246.0,258.59375,30.46875,6.298,0.5191461142465229
222,264.84375,27.34375,1.682903180183223,1.107,-0.435,6.927,172,265.625,20.3125,7.074,-1.460139105621001,274,264.0625,34.375,7.074,1.6814535479687922,246.0,258.59375,30.46875,6.987,2.677945044588987,199.0,271.09375,24.21875,6.987,-0.4636476090008061,195.0,259.375,23.4375,6.72,-2.5213431676069717,249.0,270.3125,31.25,6.72,0.6202494859828215
223,17.96875,28.125,1.529393669354529,1.188,-0.389,7.556,255,23.4375,33.59375,7.733,0.7853981633974483,254,11.71875,32.8125,7.812,2.498091544796509,202.0,11.71875,25.78125,6.675,-2.782821983319221,173.0,21.875,21.09375,8.043,-1.0636978224025597,205.0,24.21875,26.5625,6.442,-0.24497866312686414,280.0,17.1875,36.71875,8.629,1.6614562139956417
224,59.375,28.125,1.7148511998974811,0.654,-0.4,6.896,174,60.9375,21.09375,7.202,-1.3521273809209546,275,58.59375,35.15625,7.074,1.6814535479687922,247.0,53.125,31.25,6.987,2.677945044588987,196.0,53.90625,24.21875,6.72,-2.5213431676069717,251.0,64.84375,32.03125,6.72,0.6202494859828215,204.0,65.625,25.78125,6.675,-0.35877067027057225
225,276.5625,28.125,1.6392878289181383,-0.025,-0.456,7.146,252,282.8125,32.03125,7.37,0.5585993153435624,175,277.34375,21.09375,7.074,-1.460139105621001,276.0,276.5625,35.15625,7.031,1.5707963267948966,249.0,270.3125,31.25,6.987,2.677945044588987,200.0,283.59375,25.0,7.694,-0.4182243295792291,199.0,271.09375,24.21875,6.72,-2.5213431676069717
226,71.875,28.90625,1.6355732322624636,-2.267,0.309,7.385,177,70.3125,21.875,7.202,-1.7894652726688385,182,76.5625,23.4375,7.202,-0.8621700546672264,277.0,69.53125,35.9375,7.411,1.892546881191539,204.0,65.625,25.78125,6.987,-2.677945044588987,251.0,64.84375,32.03125,7.694,2.723368324010564,227.0,79.6875,28.90625,7.812,0.0
227,79.6875,28.90625,1.6695617943375112,2.068,0.183,6.909,278,81.25,35.9375,7.202,1.3521273809209546,248,86.71875,31.25,7.411,0.3217505543966422,226.0,71.875,28.90625,7.812,3.141592653589793,197.0,84.375,24.21875,6.629,-0.7853981633974483,182.0,76.5625,23.4375,6.298,-2.0899424410414196,257.0,75.78125,33.59375,6.101,2.2655346029916
228,5.46875,29.6875,1.704724385253678,-1.226,-0.524,6.776,202,11.71875,25.78125,7.37,-0.5585993153435624,279,5.46875,36.71875,7.031,1.5707963267948966,254.0,11.71875,32.8125,6.987,0.4636476090008061,201.0,0.0,25.78125,6.72,-2.5213431676069717,253.0,0.0,32.8125,6.298,2.62244653934327,181.0,5.46875,23.4375,6.25,-1.5707963267948966
229,29.6875,29.6875,1.661944979541529,2.695,-0.503,7.107,203,35.9375,25.78125,7.37,-0.5585993153435624,255,23.4375,33.59375,7.37,2.5829933382462307,281.0,28.90625,36.71875,7.074,1.6814535479687922,256.0,35.15625,33.59375,6.72,0.6202494859828215,176.0,29.6875,21.875,7.812,-1.5707963267948966,205.0,24.21875,26.5625,6.298,-2.62244653934327
230,103.90625,29.6875,1.6860160433823097,2.116,0.494,6.805,179,103.125,22.65625,7.074,-1.6814535479687922,283,103.90625,36.71875,7.031,1.5707963267948966,206.0,97.65625,26.5625,6.987,-2.677945044588987,258.0,98.4375,33.59375,6.72,2.5213431676069717,259.0,109.375,33.59375,6.72,0.6202494859828215,207.0,109.375,26.5625,6.298,-0.5191461142465229
231,289.0625,29.6875,1.5895821638191248,-1.871,-0.39,6.852,200,283.59375,25.0,7.202,-2.432966381462123,180,289.84375,22.65625,7.074,-1.460139105621001,285.0,288.28125,36.71875,7.074,1.6814535479687922,211.0,295.3125,26.5625,6.987,-0.4636476090008061,252.0,282.8125,32.03125,6.675,2.782821983319221,271.0,293.75,33.59375,6.101,0.6947382761967031
232,41.40625,30.46875,1.705210188236099,-1.019,-0.423,7.137,203,35.9375,25.78125,7.202,-2.432966381462123,286,40.625,37.5,7.074,1.6814535479687922,256.0,35.15625,33.59375,6.987,2.677945044588987,212.0,47.65625,27.34375,6.987,-0.4636476090008061,272.0,46.875,34.375,6.72,0.6202494859828215,178.0,42.1875,22.65625,7.851,-1.4711276743037347
233,92.96875,30.46875,1.5999147134333043,0.209,-0.491,6.334,198,90.625,24.21875,6.675,-1.9295669970654687,248,86.71875,31.25,6.298,3.017237659043032,258.0,98.4375,33.59375,6.298,0.5191461142465229,282.0,92.1875,36.71875,6.298,1.695151321341658,206.0,97.65625,26.5625,6.101,-0.6947382761967031,,,,,
234,115.625,30.46875,1.6903526755610934,-1.571,-0.524,6.999,207,109.375,26.5625,7.37,-2.5829933382462307,208,121.875,26.5625,7.37,-0.5585993153435624,183.0,115.625,23.4375,7.031,-1.5707963267948966,259.0,109.375,33.59375,6.987,2.677945044588987,260.0,121.875,33.59375,6.987,0.4636476090008061,284.0,115.625,36.71875,6.25,1.5707963267948966
235,127.34375,30.46875,1.7096947949077963,-1.226,-0.524,6.906,209,133.59375,26.5625,7.37,-0.5585993153435624,184,127.34375,23.4375,7.031,-1.5707963267948966,287.0,127.34375,37.5,7.031,1.5707963267948966,261.0,133.59375,33.59375,6.987,0.4636476090008061,208.0,121.875,26.5625,6.72,-2.5213431676069717,260.0,121.875,33.59375,6.298,2.62244653934327
236,139.0625,30.46875,1.6980759341655831,-0.673,-0.507,6.842,185,139.0625,23.4375,7.031,-1.5707963267948966,288,139.0625,37.5,7.031,1.5707963267948966,262.0,145.3125,33.59375,6.987,0.4636476090008061,213.0,145.3125,27.34375,6.987,-0.4636476090008061,209.0,133.59375,26.5625,6.72,-2.5213431676069717,261.0,133.59375,33.59375,6.298,2.62244653934327
237,150.78125,30.46875,1.6707647992355286,0.037,-0.506,6.779,186,151.5625,23.4375,7.074,-1.460139105621001,289,150.78125,37.5,7.031,1.5707963267948966,263.0,157.03125,33.59375,6.987,0.4636476090008061,214.0,157.03125,27.34375,6.987,-0.4636476090008061,262.0,145.3125,33.59375,6.298,2.62244653934327,213.0,145.3125,27.34375,6.298,-2.62244653934327
238,163.28125,30.46875,1.6758453419539918,-3.105,-0.506,6.779,290,162.5,37.5,7.074,1.6814535479687922,187,163.28125,23.4375,7.031,-1.5707963267948966,263.0,157.03125,33.59375,6.987,2.677945044588987,214.0,157.03125,27.34375,6.987,-2.677945044588987,215.0,168.75,27.34375,6.298,-0.5191461142465229,264.0,168.75,33.59375,6.298,0.5191461142465229
239,175.0,30.46875,1.7009917931464718,3.141,-0.524,6.772,188,175.0,23.4375,7.031,-1.5707963267948966,291,175.0,37.5,7.031,1.5707963267948966,264.0,168.75,33.59375,6.987,2.677945044588987,215.0,168.75,27.34375,6.987,-2.677945044588987,216.0,180.46875,27.34375,6.298,-0.5191461142465229,265.0,180.46875,33.59375,6.298,0.5191461142465229
240,186.71875,30.46875,1.713695484071622,2.062,-0.515,6.887,189,186.71875,23.4375,7.031,-1.5707963267948966,292,186.71875,37.5,7.031,1.5707963267948966,217.0,192.96875,27.34375,6.987,-0.4636476090008061,216.0,180.46875,27.34375,6.987,-2.677945044588987,265.0,180.46875,33.59375,6.987,2.677945044588987,266.0,192.1875,33.59375,6.298,0.5191461142465229
241,198.4375,30.46875,1.7072262121215682,-1.08,-0.515,6.887,190,198.4375,23.4375,7.031,-1.5707963267948966,293,198.4375,37.5,7.031,1.5707963267948966,266.0,192.1875,33.59375,6.987,2.677945044588987,218.0,204.6875,27.34375,6.987,-0.4636476090008061,267.0,204.6875,33.59375,6.987,0.4636476090008061,217.0,192.96875,27.34375,6.298,-2.62244653934327
242,210.15625,30.46875,1.6679498630062035,0.037,-0.506,6.779,191,210.9375,23.4375,7.074,-1.460139105621001,294,210.15625,37.5,7.031,1.5707963267948966,268.0,216.40625,33.59375,6.987,0.4636476090008061,219.0,216.40625,27.34375,6.987,-0.4636476090008061,267.0,204.6875,33.59375,6.298,2.62244653934327,218.0,204.6875,27.34375,6.298,-2.62244653934327
243,222.65625,30.46875,1.68519069299551,-2.927,-0.513,6.958,210,228.90625,26.5625,7.37,-0.5585993153435624,295,221.875,37.5,7.074,1.6814535479687922,192.0,222.65625,23.4375,7.031,-1.5707963267948966,219.0,216.40625,27.34375,6.987,-2.677945044588987,268.0,216.40625,33.59375,6.987,2.677945044588987,269.0,228.125,33.59375,6.298,0.5191461142465229
244,234.375,30.46875,1.6981822694337747,-1.029,-0.498,6.957,193,234.375,23.4375,7.031,-1.5707963267948966,296,234.375,37.5,7.031,1.5707963267948966,269.0,228.125,33.59375,6.987,2.677945044588987,220.0,240.625,27.34375,6.987,-0.4636476090008061,270.0,240.625,33.59375,6.987,0.4636476090008061,210.0,228.90625,26.5625,6.72,-2.5213431676069717
245,246.875,30.46875,1.6568337677805018,2.551,-0.479,6.964,297,246.09375,37.5,7.074,1.6814535479687922,194,246.875,23.4375,7.031,-1.5707963267948966,221.0,253.125,27.34375,6.987,-0.4636476090008061,220.0,240.625,27.34375,6.987,-2.677945044588987,270.0,240.625,33.59375,6.987,2.677945044588987,273.0,252.34375,34.375,6.72,0.6202494859828215
246,258.59375,30.46875,1.6567913167395125,1.039,-0.486,6.913,273,252.34375,34.375,7.37,2.5829933382462307,195,259.375,23.4375,7.074,-1.460139105621001,298.0,258.59375,37.5,7.031,1.5707963267948966,222.0,264.84375,27.34375,6.987,-0.4636476090008061,274.0,264.0625,34.375,6.72,0.6202494859828215,221.0,253.125,27.34375,6.298,-2.62244653934327
247,53.125,31.25,1.725010070250303,1.107,-0.435,6.927,196,53.90625,24.21875,7.074,-1.460139105621001,300,52.34375,38.28125,7.074,1.6814535479687922,272.0,46.875,34.375,6.987,2.677945044588987,224.0,59.375,28.125,6.987,-0.4636476090008061,212.0,47.65625,27.34375,6.72,-2.5213431676069717,275.0,58.59375,35.15625,6.72,0.6202494859828215
248,86.71875,31.25,1.6101371956191384,-1.395,0.109,7.35,278,81.25,35.9375,7.202,2.432966381462123,197,84.375,24.21875,7.411,-1.892546881191539,227.0,79.6875,28.90625,7.411,-2.819842099193151,282.0,92.1875,36.71875,7.733,0.7853981633974483,198.0,90.625,24.21875,8.043,-1.0636978224025597,233.0,92.96875,30.46875,6.298,-0.12435499454676144
249,270.3125,31.25,1.6443232643486194,-0.303,-0.464,7.028,276,276.5625,35.15625,7.37,0.5585993153435624,199,271.09375,24.21875,7.074,-1.460139105621001,301.0,270.3125,38.28125,7.031,1.5707963267948966,225.0,276.5625,28.125,6.987,-0.4636476090008061,274.0,264.0625,34.375,6.987,2.677945044588987,222.0,264.84375,27.34375,6.72,-2.5213431676069717
250,299.21875,31.25,1.4637413371941275,2.759,0.294,6.1,299,299.21875,37.5,6.25,1.5707963267948966,211,295.3125,26.5625,6.101,-2.2655346029916,271.0,293.75,33.59375,5.949,2.7367008673047097,,,,,,,,,,,,,,,
251,64.84375,32.03125,1.6354669975980671,1.693,-0.413,6.812,302,64.0625,39.0625,7.074,1.6814535479687922,275,58.59375,35.15625,6.987,2.677945044588987,226.0,71.875,28.90625,7.694,-0.4182243295792291,224.0,59.375,28.125,6.72,-2.5213431676069717,204.0,65.625,25.78125,6.298,-1.446441332248135,277.0,69.53125,35.9375,6.101,0.6947382761967031
252,282.8125,32.03125,1.6129261348579151,1.783,-0.413,7.064,285,288.28125,36.71875,7.202,0.7086262721276703,225,276.5625,28.125,7.37,-2.5829933382462307,303.0,282.03125,39.0625,7.074,1.6814535479687922,200.0,283.59375,25.0,7.074,-1.460139105621001,276.0,276.5625,35.15625,6.987,2.677945044588987,231.0,289.0625,29.6875,6.675,-0.35877067027057225
253,0.0,32.8125,1.611022655181385,0.05,0.298,6.965,201,0.0,25.78125,7.031,-1.5707963267948966,279,5.46875,36.71875,6.72,0.6202494859828215,306.0,0.0,40.625,7.812,1.5707963267948966,228.0,5.46875,29.6875,6.298,-0.5191461142465229,,,,,,,,,,
254,11.71875,32.8125,1.6993172253821336,2.679,0.503,7.289,279,5.46875,36.71875,7.37,2.5829933382462307,202,11.71875,25.78125,7.031,-1.5707963267948966,228.0,5.46875,29.6875,6.987,-2.677945044588987,280.0,17.1875,36.71875,6.72,0.6202494859828215,223.0,17.96875,28.125,7.812,-0.6435011087932844,307.0,11.71875,40.625,7.812,1.5707963267948966
255,23.4375,33.59375,1.6643890834689445,-0.907,-0.465,7.082,229,29.6875,29.6875,7.37,-0.5585993153435624,205,24.21875,26.5625,7.074,-1.460139105621001,308.0,23.4375,40.625,7.031,1.5707963267948966,280.0,17.1875,36.71875,6.987,2.677945044588987,223.0,17.96875,28.125,7.733,-2.356194490192345,281.0,28.90625,36.71875,6.298,0.5191461142465229
256,35.15625,33.59375,1.6923679414477764,0.049,-0.455,7.049,309,35.15625,40.625,7.031,1.5707963267948966,281,28.90625,36.71875,6.987,2.677945044588987,232.0,41.40625,30.46875,6.987,-0.4636476090008061,229.0,29.6875,29.6875,6.72,-2.5213431676069717,286.0,40.625,37.5,6.72,0.6202494859828215,203.0,35.9375,25.78125,7.851,-1.4711276743037347
257,75.78125,33.59375,1.580046462304251,1.652,0.447,6.215,277,69.53125,35.9375,6.675,2.782821983319221,304,75.78125,39.84375,6.25,1.5707963267948966,227.0,79.6875,28.90625,6.101,-0.8760580505981934,226.0,71.875,28.90625,6.101,-2.2655346029916,278.0,81.25,35.9375,5.949,0.40489178628508343,,,,,
258,98.4375,33.59375,1.6918386183600935,-2.552,0.497,6.735,206,97.65625,26.5625,7.074,-1.6814535479687922,310,98.4375,40.625,7.031,1.5707963267948966,282.0,92.1875,36.71875,6.987,2.677945044588987,230.0,103.90625,29.6875,6.72,-0.6202494859828215,233.0,92.96875,30.46875,6.298,-2.62244653934327,283.0,103.90625,36.71875,6.298,0.5191461142465229
259,109.375,33.59375,1.6622473034487955,-0.398,0.522,6.85,311,110.15625,40.625,7.074,1.460139105621001,207,109.375,26.5625,7.031,-1.5707963267948966,284.0,115.625,36.71875,6.987,0.4636476090008061,234.0,115.625,30.46875,6.987,-0.4636476090008061,230.0,103.90625,29.6875,6.72,-2.5213431676069717,283.0,103.90625,36.71875,6.298,2.62244653934327
260,121.875,33.59375,1.6675847309605243,2.469,-0.507,6.842,208,121.875,26.5625,7.031,-1.5707963267948966,312,121.875,40.625,7.031,1.5707963267948966,284.0,115.625,36.71875,6.987,2.677945044588987,234.0,115.625,30.46875,6.987,-2.677945044588987,287.0,127.34375,37.5,6.72,0.6202494859828215,235.0,127.34375,30.46875,6.298,-0.5191461142465229
261,133.59375,33.59375,1.6778378371151481,1.916,-0.524,6.906,287,127.34375,37.5,7.37,2.5829933382462307,209,133.59375,26.5625,7.031,-1.5707963267948966,313.0,133.59375,40.625,7.031,1.5707963267948966,235.0,127.34375,30.46875,6.987,-2.677945044588987,288.0,139.0625,37.5,6.72,0.6202494859828215,236.0,139.0625,30.46875,6.298,-0.5191461142465229
262,145.3125,33.59375,1.6824491686805938,1.916,-0.524,6.776,288,139.0625,37.5,7.37,2.5829933382462307,314,145.3125,40.625,7.031,1.5707963267948966,236.0,139.0625,30.46875,6.987,-2.677945044588987,289.0,150.78125,37.5,6.72,0.6202494859828215,237.0,150.78125,30.46875,6.298,-0.5191461142465229,213.0,145.3125,27.34375,6.25,-1.5707963267948966
263,157.03125,33.59375,1.682883901438602,1.727,-0.514,6.891,289,150.78125,37.5,7.37,2.5829933382462307,315,157.03125,40.625,7.031,1.5707963267948966,238.0,163.28125,30.46875,6.987,-0.4636476090008061,237.0,150.78125,30.46875,6.987,-2.677945044588987,290.0,162.5,37.5,6.72,0.6202494859828215,214.0,157.03125,27.34375,6.25,-1.5707963267948966
264,168.75,33.59375,1.6778872821956723,1.349,-0.515,6.884,290,162.5,37.5,7.37,2.5829933382462307,291,175.0,37.5,7.37,0.5585993153435624,316.0,168.75,40.625,7.031,1.5707963267948966,239.0,175.0,30.46875,6.987,-0.4636476090008061,238.0,163.28125,30.46875,6.298,-2.62244653934327,215.0,168.75,27.34375,6.25,-1.5707963267948966
265,180.46875,33.59375,1.6636615240398913,1.225,0.523,6.776,292,186.71875,37.5,7.37,0.5585993153435624,317,180.46875,40.625,7.031,1.5707963267948966,240.0,186.71875,30.46875,6.987,-0.4636476090008061,291.0,175.0,37.5,6.72,2.5213431676069717,239.0,175.0,30.46875,6.298,-2.62244653934327,216.0,180.46875,27.34375,6.25,-1.5707963267948966
266,192.1875,33.59375,1.633047310745763,0.76,-0.504,6.784,293,198.4375,37.5,7.37,0.5585993153435624,318,192.1875,40.625,7.031,1.5707963267948966,241.0,198.4375,30.46875,6.987,-0.4636476090008061,292.0,186.71875,37.5,6.72,2.5213431676069717,217.0,192.96875,27.34375,6.298,-1.446441332248135,240.0,186.71875,30.46875,6.298,-2.62244653934327
267,204.6875,33.59375,1.655705440442615,2.383,-0.505,6.783,293,198.4375,37.5,7.37,2.5829933382462307,319,203.90625,40.625,7.074,1.6814535479687922,241.0,198.4375,30.46875,6.987,-2.677945044588987,294.0,210.15625,37.5,6.72,0.6202494859828215,242.0,210.15625,30.46875,6.298,-0.5191461142465229,218.0,204.6875,27.34375,6.25,-1.5707963267948966
268,216.40625,33.59375,1.6829114154967377,1.727,-0.514,6.891,294,210.15625,37.5,7.37,2.5829933382462307,320,216.40625,40.625,7.031,1.5707963267948966,243.0,222.65625,30.46875,6.987,-0.4636476090008061,242.0,210.15625,30.46875,6.987,-2.677945044588987,295.0,221.875,37.5,6.72,0.6202494859828215,219.0,216.40625,27.34375,6.25,-1.5707963267948966
269,228.125,33.59375,1.6615866876476193,0.732,-0.497,7.022,295,221.875,37.5,7.37,2.5829933382462307,296,234.375,37.5,7.37,0.5585993153435624,210.0,228.90625,26.5625,7.074,-1.460139105621001,321.0,228.125,40.625,7.031,1.5707963267948966,244.0,234.375,30.46875,6.987,-0.4636476090008061,243.0,222.65625,30.46875,6.298,-2.62244653934327
270,240.625,33.59375,1.6314782359579494,2.172,-0.495,6.898,296,234.375,37.5,7.37,2.5829933382462307,322,239.84375,40.625,7.074,1.6814535479687922,245.0,246.875,30.46875,6.987,-0.4636476090008061,244.0,234.375,30.46875,6.987,-2.677945044588987,297.0,246.09375,37.5,6.72,0.6202494859828215,220.0,240.625,27.34375,6.25,-1.5707963267948966
271,293.75,33.59375,1.647274066526552,0.21,-0.422,6.55,211,295.3125,26.5625,7.202,-1.3521273809209546,323,293.75,40.625,7.031,1.5707963267948966,299.0,299.21875,37.5,6.72,0.6202494859828215,285.0,288.28125,36.71875,6.298,2.62244653934327,231.0,289.0625,29.6875,6.101,-2.44685437739309,250.0,299.21875,31.25,5.949,-0.40489178628508343
272,46.875,34.375,1.7169352233708897,1.107,-0.435,6.927,212,47.65625,27.34375,7.074,-1.460139105621001,324,46.09375,41.40625,7.074,1.6814535479687922,286.0,40.625,37.5,6.987,2.677945044588987,247.0,53.125,31.25,6.987,-0.4636476090008061,232.0,41.40625,30.46875,6.72,-2.5213431676069717,300.0,52.34375,38.28125,6.72,0.6202494859828215
273,252.34375,34.375,1.6638764769793442,-0.97,-0.495,7.028,246,258.59375,30.46875,7.37,-0.5585993153435624,221,253.125,27.34375,7.074,-1.460139105621001,325.0,252.34375,41.40625,7.031,1.5707963267948966,297.0,246.09375,37.5,6.987,2.677945044588987,298.0,258.59375,37.5,6.987,0.4636476090008061,245.0,246.875,30.46875,6.72,-2.5213431676069717
274,264.0625,34.375,1.6333138356334935,0.022,-0.473,6.913,301,270.3125,38.28125,7.37,0.5585993153435624,222,264.84375,27.34375,7.074,-1.460139105621001,326.0,264.0625,41.40625,7.031,1.5707963267948966,249.0,270.3125,31.25,6.987,-0.4636476090008061,246.0,258.59375,30.46875,6.72,-2.5213431676069717,298.0,258.59375,37.5,6.298,2.62244653934327
275,58.59375,35.15625,1.704492940406989,1.107,-0.435,6.927,224,59.375,28.125,7.074,-1.460139105621001,327,57.8125,42.1875,7.074,1.6814535479687922,300.0,52.34375,38.28125,6.987,2.677945044588987,251.0,64.84375,32.03125,6.987,-0.4636476090008061,247.0,53.125,31.25,6.72,-2.5213431676069717,302.0,64.0625,39.0625,6.72,0.6202494859828215
276,276.5625,35.15625,1.6535513415267382,2.839,-0.464,7.028,249,270.3125,31.25,7.37,-2.5829933382462307,328,275.78125,42.1875,7.074,1.6814535479687922,225.0,276.5625,28.125,7.031,-1.5707963267948966,252.0,282.8125,32.03125,6.987,-0.4636476090008061,301.0,270.3125,38.28125,6.987,2.677945044588987,303.0,282.03125,39.0625,6.72,0.6202494859828215
277,69.53125,35.9375,1.5861763037576426,0.183,-0.414,6.814,304,75.78125,39.84375,7.37,0.5585993153435624,226,71.875,28.90625,7.411,-1.2490457723982544,329.0,69.53125,42.96875,7.031,1.5707963267948966,257.0,75.78125,33.59375,6.675,-0.35877067027057225,302.0,64.0625,39.0625,6.298,2.62244653934327,251.0,64.84375,32.03125,6.101,-2.44685437739309
278,81.25,35.9375,1.6830153420569267,2.782,0.432,6.934,227,79.6875,28.90625,7.202,-1.7894652726688385,248,86.71875,31.25,7.202,-0.7086262721276703,304.0,75.78125,39.84375,6.72,2.5213431676069717,305.0,86.71875,39.84375,6.72,0.6202494859828215,332.0,81.25,43.75,7.812,1.5707963267948966,257.0,75.78125,33.59375,5.949,-2.7367008673047097
279,5.46875,36.71875,1.7154274742567588,0.0,-0.524,7.04,254,11.71875,32.8125,7.37,-0.5585993153435624,307,11.71875,40.625,7.37,0.5585993153435624,330.0,5.46875,43.75,7.031,1.5707963267948966,228.0,5.46875,29.6875,7.031,-1.5707963267948966,306.0,0.0,40.625,6.72,2.5213431676069717,253.0,0.0,32.8125,6.72,-2.5213431676069717
280,17.1875,36.71875,1.6819969883326655,0.4,-0.492,7.243,308,23.4375,40.625,7.37,0.5585993153435624,331,17.1875,43.75,7.031,1.5707963267948966,255.0,23.4375,33.59375,6.987,-0.4636476090008061,254.0,11.71875,32.8125,6.72,-2.5213431676069717,307.0,11.71875,40.625,6.72,2.5213431676069717,223.0,17.96875,28.125,8.629,-1.4801364395941514
281,28.90625,36.71875,1.6102339745478136,0.794,-0.506,7.044,309,35.15625,40.625,7.37,0.5585993153435624,229,29.6875,29.6875,7.074,-1.460139105621001,256.0,35.15625,33.59375,6.987,-0.4636476090008061,308.0,23.4375,40.625,6.72,2.5213431676069717,338.0,28.90625,44.53125,7.812,1.5707963267948966,255.0,23.4375,33.59375,6.298,-2.62244653934327
282,92.1875,36.71875,1.6976519599623545,-0.393,-0.448,6.953,310,98.4375,40.625,7.37,0.5585993153435624,333,92.1875,43.75,7.031,1.5707963267948966,258.0,98.4375,33.59375,6.987,-0.4636476090008061,248.0,86.71875,31.25,7.733,-2.356194490192345,305.0,86.71875,39.84375,6.298,2.62244653934327,233.0,92.96875,30.46875,6.298,-1.446441332248135
283,103.90625,36.71875,1.6965659246084865,1.29,0.513,6.791,311,110.15625,40.625,7.37,0.5585993153435624,230,103.90625,29.6875,7.031,-1.5707963267948966,334.0,103.90625,43.75,7.031,1.5707963267948966,310.0,98.4375,40.625,6.72,2.5213431676069717,259.0,109.375,33.59375,6.298,-0.5191461142465229,258.0,98.4375,33.59375,6.298,-2.62244653934327
284,115.625,36.71875,1.6661986416041699,1.414,0.513,6.891,312,121.875,40.625,7.37,0.5585993153435624,335,115.625,43.75,7.031,1.5707963267948966,259.0,109.375,33.59375,6.987,-2.677945044588987,260.0,121.875,33.59375,6.987,-0.4636476090008061,311.0,110.15625,40.625,6.72,2.5213431676069717,234.0,115.625,30.46875,6.25,-1.5707963267948966
285,288.28125,36.71875,1.6313430883303168,-1.635,-0.411,6.841,252,282.8125,32.03125,7.202,-2.432966381462123,231,289.0625,29.6875,7.074,-1.460139105621001,337.0,287.5,43.75,7.074,1.6814535479687922,323.0,293.75,40.625,6.72,0.6202494859828215,303.0,282.03125,39.0625,6.675,2.782821983319221,271.0,293.75,33.59375,6.298,-0.5191461142465229
286,40.625,37.5,1.679366084639804,0.382,-0.462,6.935,232,41.40625,30.46875,7.074,-1.460139105621001,272,46.875,34.375,6.987,-0.4636476090008061,256.0,35.15625,33.59375,6.72,-2.5213431676069717,324.0,46.09375,41.40625,6.72,0.6202494859828215,351.0,40.625,45.3125,7.812,1.5707963267948966,309.0,35.15625,40.625,6.298,2.62244653934327
287,127.34375,37.5,1.6841173635125393,-1.226,-0.524,6.776,261,133.59375,33.59375,7.37,-0.5585993153435624,235,127.34375,30.46875,7.031,-1.5707963267948966,313.0,133.59375,40.625,6.987,0.4636476090008061,260.0,121.875,33.59375,6.72,-2.5213431676069717,312.0,121.875,40.625,6.298,2.62244653934327,336.0,127.34375,43.75,6.25,1.5707963267948966
288,139.0625,37.5,1.6886707419555573,-1.226,-0.524,6.906,262,145.3125,33.59375,7.37,-0.5585993153435624,236,139.0625,30.46875,7.031,-1.5707963267948966,339.0,139.0625,44.53125,7.031,1.5707963267948966,314.0,145.3125,40.625,6.987,0.4636476090008061,261.0,133.59375,33.59375,6.72,-2.5213431676069717,313.0,133.59375,40.625,6.298,2.62244653934327
289,150.78125,37.5,1.6759457969817377,-1.226,-0.524,6.906,263,157.03125,33.59375,7.37,-0.5585993153435624,237,150.78125,30.46875,7.031,-1.5707963267948966,340.0,150.78125,44.53125,7.031,1.5707963267948966,315.0,157.03125,40.625,6.987,0.4636476090008061,262.0,145.3125,33.59375,6.72,-2.5213431676069717,314.0,145.3125,40.625,6.298,2.62244653934327
290,162.5,37.5,1.6502455872955912,-0.759,-0.505,6.913,264,168.75,33.59375,7.37,-0.5585993153435624,238,163.28125,30.46875,7.074,-1.460139105621001,341.0,162.5,44.53125,7.031,1.5707963267948966,316.0,168.75,40.625,6.987,0.4636476090008061,263.0,157.03125,33.59375,6.72,-2.5213431676069717,315.0,157.03125,40.625,6.298,2.62244653934327
291,175.0,37.5,1.6654979054327714,-2.348,-0.506,6.913,264,168.75,33.59375,7.37,-2.5829933382462307,342,174.21875,44.53125,7.074,1.6814535479687922,239.0,175.0,30.46875,7.031,-1.5707963267948966,316.0,168.75,40.625,6.987,2.677945044588987,265.0,180.46875,33.59375,6.72,-0.6202494859828215,317.0,180.46875,40.625,6.298,0.5191461142465229
292,186.71875,37.5,1.6855547525123784,-1.917,0.523,6.906,265,180.46875,33.59375,7.37,-2.5829933382462307,240,186.71875,30.46875,7.031,-1.5707963267948966,343.0,186.71875,44.53125,7.031,1.5707963267948966,317.0,180.46875,40.625,6.987,2.677945044588987,266.0,192.1875,33.59375,6.72,-0.6202494859828215,318.0,192.1875,40.625,6.298,0.5191461142465229
293,198.4375,37.5,1.693844516900453,-1.792,-0.515,7.014,266,192.1875,33.59375,7.37,-2.5829933382462307,267,204.6875,33.59375,7.37,-0.5585993153435624,241.0,198.4375,30.46875,7.031,-1.5707963267948966,344.0,198.4375,44.53125,7.031,1.5707963267948966,318.0,192.1875,40.625,6.987,2.677945044588987,319.0,203.90625,40.625,6.298,0.5191461142465229
294,210.15625,37.5,1.683101231846505,-1.415,-0.514,7.021,268,216.40625,33.59375,7.37,-0.5585993153435624,242,210.15625,30.46875,7.031,-1.5707963267948966,345.0,210.15625,44.53125,7.031,1.5707963267948966,319.0,203.90625,40.625,6.987,2.677945044588987,320.0,216.40625,40.625,6.987,0.4636476090008061,267.0,204.6875,33.59375,6.72,-2.5213431676069717
295,221.875,37.5,1.6404313089817812,-0.759,-0.505,6.913,269,228.125,33.59375,7.37,-0.5585993153435624,243,222.65625,30.46875,7.074,-1.460139105621001,346.0,221.875,44.53125,7.031,1.5707963267948966,321.0,228.125,40.625,6.987,0.4636476090008061,268.0,216.40625,33.59375,6.72,-2.5213431676069717,320.0,216.40625,40.625,6.298,2.62244653934327
296,234.375,37.5,1.6721670651065212,-2.41,-0.497,7.022,269,228.125,33.59375,7.37,-2.5829933382462307,270,240.625,33.59375,7.37,-0.5585993153435624,347.0,233.59375,44.53125,7.074,1.6814535479687922,244.0,234.375,30.46875,7.031,-1.5707963267948966,321.0,228.125,40.625,6.987,2.677945044588987,322.0,239.84375,40.625,6.298,0.5191461142465229
297,246.09375,37.5,1.6938956423448053,-0.303,-0.464,7.028,325,252.34375,41.40625,7.37,0.5585993153435624,245,246.875,30.46875,7.074,-1.460139105621001,348.0,246.09375,44.53125,7.031,1.5707963267948966,273.0,252.34375,34.375,6.987,-0.4636476090008061,322.0,239.84375,40.625,6.987,2.677945044588987,270.0,240.625,33.59375,6.72,-2.5213431676069717
298,258.59375,37.5,1.6061155606116917,2.383,-0.505,6.913,325,252.34375,41.40625,7.37,2.5829933382462307,349,257.8125,44.53125,7.074,1.6814535479687922,246.0,258.59375,30.46875,7.031,-1.5707963267948966,273.0,252.34375,34.375,6.987,-2.677945044588987,326.0,264.0625,41.40625,6.72,0.6202494859828215,274.0,264.0625,34.375,6.298,-0.5191461142465229
299,299.21875,37.5,1.6047636812024404,-3.092,0.298,6.575,350,299.21875,44.53125,7.031,1.5707963267948966,271,293.75,33.59375,6.72,-2.5213431676069717,323.0,293.75,40.625,6.298,2.62244653934327,250.0,299.21875,31.25,6.25,-1.5707963267948966,,,,,,,,,,
300,52.34375,38.28125,1.7085771009830482,0.055,-0.453,6.92,247,53.125,31.25,7.074,-1.460139105621001,352,52.34375,45.3125,7.031,1.5707963267948966,324.0,46.09375,41.40625,6.987,2.677945044588987,275.0,58.59375,35.15625,6.987,-0.4636476090008061,272.0,46.875,34.375,6.72,-2.5213431676069717,327.0,57.8125,42.1875,6.72,0.6202494859828215
301,270.3125,38.28125,1.6775633592789065,2.839,-0.464,7.028,274,264.0625,34.375,7.37,-2.5829933382462307,353,269.53125,45.3125,7.074,1.6814535479687922,249.0,270.3125,31.25,7.031,-1.5707963267948966,276.0,276.5625,35.15625,6.987,-0.4636476090008061,326.0,264.0625,41.40625,6.987,2.677945044588987,328.0,275.78125,42.1875,6.72,0.6202494859828215
302,64.0625,39.0625,1.6936955469946426,-2.063,-0.444,6.812,251,64.84375,32.03125,7.074,-1.460139105621001,354,63.28125,46.09375,7.074,1.6814535479687922,327.0,57.8125,42.1875,6.987,2.677945044588987,275.0,58.59375,35.15625,6.72,-2.5213431676069717,329.0,69.53125,42.96875,6.72,0.6202494859828215,277.0,69.53125,35.9375,6.298,-0.5191461142465229
303,282.03125,39.0625,1.6323843743800015,1.052,-0.421,7.078,337,287.5,43.75,7.202,0.7086262721276703,252,282.8125,32.03125,7.074,-1.460139105621001,328.0,275.78125,42.1875,6.987,2.677945044588987,276.0,276.5625,35.15625,6.72,-2.5213431676069717,357.0,282.03125,46.875,7.812,1.5707963267948966,285.0,288.28125,36.71875,6.675,-0.35877067027057225
304,75.78125,39.84375,1.6348849312500986,-2.766,-0.488,6.853,277,69.53125,35.9375,7.37,-2.5829933382462307,355,75.0,46.875,7.074,1.6814535479687922,329.0,69.53125,42.96875,6.987,2.677945044588987,278.0,81.25,35.9375,6.72,-0.6202494859828215,332.0,81.25,43.75,6.72,0.6202494859828215,257.0,75.78125,33.59375,6.25,-1.5707963267948966
305,86.71875,39.84375,1.6938942893947173,1.001,-0.507,7.014,356,86.71875,46.875,7.031,1.5707963267948966,278,81.25,35.9375,6.72,-2.5213431676069717,333.0,92.1875,43.75,6.72,0.6202494859828215,332.0,81.25,43.75,6.72,2.5213431676069717,282.0,92.1875,36.71875,6.298,-0.5191461142465229,248.0,86.71875,31.25,8.593,-1.5707963267948966
306,0.0,40.625,1.6353203961477343,-0.051,-0.299,6.965,358,0.0,47.65625,7.031,1.5707963267948966,279,5.46875,36.71875,6.72,-0.6202494859828215,253.0,0.0,32.8125,7.812,-1.5707963267948966,330.0,5.46875,43.75,6.298,0.5191461142465229,,,,,,,,,,
307,11.71875,40.625,1.663666192618782,-2.348,-0.506,7.044,279,5.46875,36.71875,7.37,-2.5829933382462307,359,10.9375,47.65625,7.074,1.6814535479687922,330.0,5.46875,43.75,6.987,2.677945044588987,280.0,17.1875,36.71875,6.72,-0.6202494859828215,254.0,11.71875,32.8125,7.812,-1.5707963267948966,331.0,17.1875,43.75,6.298,0.5191461142465229
308,23.4375,40.625,1.6986393989892212,-2.766,-0.488,6.984,280,17.1875,36.71875,7.37,-2.5829933382462307,360,22.65625,47.65625,7.074,1.6814535479687922,255.0,23.4375,33.59375,7.031,-1.5707963267948966,331.0,17.1875,43.75,6.987,2.677945044588987,281.0,28.90625,36.71875,6.72,-0.6202494859828215,338.0,28.90625,44.53125,6.72,0.6202494859828215
309,35.15625,40.625,1.6506806474531803,2.413,-0.478,7.187,351,40.625,45.3125,7.202,0.7086262721276703,281,28.90625,36.71875,7.37,-2.5829933382462307,338.0,28.90625,44.53125,7.37,2.5829933382462307,256.0,35.15625,33.59375,7.031,-1.5707963267948966,376.0,34.375,48.4375,7.851,1.6704649792860586,286.0,40.625,37.5,6.298,-0.5191461142465229
310,98.4375,40.625,1.6537761536115563,-1.917,0.523,6.906,282,92.1875,36.71875,7.37,-2.5829933382462307,258,98.4375,33.59375,7.031,-1.5707963267948966,361.0,98.4375,47.65625,7.031,1.5707963267948966,333.0,92.1875,43.75,6.987,2.677945044588987,283.0,103.90625,36.71875,6.72,-0.6202494859828215,334.0,103.90625,43.75,6.298,0.5191461142465229
311,110.15625,40.625,1.6657408561695233,-2.384,0.504,6.913,283,103.90625,36.71875,7.37,-2.5829933382462307,259,109.375,33.59375,7.074,-1.6814535479687922,362.0,110.15625,47.65625,7.031,1.5707963267948966,334.0,103.90625,43.75,6.987,2.677945044588987,284.0,115.625,36.71875,6.72,-0.6202494859828215,335.0,115.625,43.75,6.298,0.5191461142465229
312,121.875,40.625,1.6742640018755743,-1.643,-0.508,6.836,284,115.625,36.71875,7.37,-2.5829933382462307,260,121.875,33.59375,7.031,-1.5707963267948966,363.0,121.875,47.65625,7.031,1.5707963267948966,335.0,115.625,43.75,6.987,2.677945044588987,287.0,127.34375,37.5,6.298,-0.5191461142465229,336.0,127.34375,43.75,6.298,0.5191461142465229
313,133.59375,40.625,1.6877290884676925,2.469,-0.507,6.842,261,133.59375,33.59375,7.031,-1.5707963267948966,364,133.59375,47.65625,7.031,1.5707963267948966,336.0,127.34375,43.75,6.987,2.677945044588987,287.0,127.34375,37.5,6.987,-2.677945044588987,339.0,139.0625,44.53125,6.72,0.6202494859828215,288.0,139.0625,37.5,6.298,-0.5191461142465229
314,145.3125,40.625,1.6984257955097781,1.916,-0.524,6.906,339,139.0625,44.53125,7.37,2.5829933382462307,262,145.3125,33.59375,7.031,-1.5707963267948966,365.0,145.3125,47.65625,7.031,1.5707963267948966,288.0,139.0625,37.5,6.987,-2.677945044588987,340.0,150.78125,44.53125,6.72,0.6202494859828215,289.0,150.78125,37.5,6.298,-0.5191461142465229
315,157.03125,40.625,1.70575826104742,1.916,-0.524,6.906,340,150.78125,44.53125,7.37,2.5829933382462307,263,157.03125,33.59375,7.031,-1.5707963267948966,366.0,157.03125,47.65625,7.031,1.5707963267948966,289.0,150.78125,37.5,6.987,-2.677945044588987,341.0,162.5,44.53125,6.72,0.6202494859828215,290.0,162.5,37.5,6.298,-0.5191461142465229
316,168.75,40.625,1.7088071943131131,1.727,-0.514,7.021,341,162.5,44.53125,7.37,2.5829933382462307,264,168.75,33.59375,7.031,-1.5707963267948966,367.0,168.75,47.65625,7.031,1.5707963267948966,290.0,162.5,37.5,6.987,-2.677945044588987,291.0,175.0,37.5,6.987,-0.4636476090008061,342.0,174.21875,44.53125,6.72,0.6202494859828215
317,180.46875,40.625,1.7053792283125022,1.349,-0.515,7.014,342,174.21875,44.53125,7.37,2.5829933382462307,343,186.71875,44.53125,7.37,0.5585993153435624,368.0,180.46875,47.65625,7.031,1.5707963267948966,265.0,180.46875,33.59375,7.031,-1.5707963267948966,292.0,186.71875,37.5,6.987,-0.4636476090008061,291.0,175.0,37.5,6.298,-2.62244653934327
318,192.1875,40.625,1.6911661929364372,1.225,0.523,6.906,344,198.4375,44.53125,7.37,0.5585993153435624,266,192.1875,33.59375,7.031,-1.5707963267948966,369.0,192.1875,47.65625,7.031,1.5707963267948966,293.0,198.4375,37.5,6.987,-0.4636476090008061,343.0,186.71875,44.53125,6.72,2.5213431676069717,292.0,186.71875,37.5,6.298,-2.62244653934327
319,203.90625,40.625,1.658558357367939,0.794,-0.506,6.913,345,210.15625,44.53125,7.37,0.5585993153435624,267,204.6875,33.59375,7.074,-1.460139105621001,370.0,203.90625,47.65625,7.031,1.5707963267948966,294.0,210.15625,37.5,6.987,-0.4636476090008061,344.0,198.4375,44.53125,6.72,2.5213431676069717,293.0,198.4375,37.5,6.298,-2.62244653934327
320,216.40625,40.625,1.6729242623252316,2.383,-0.505,6.913,345,210.15625,44.53125,7.37,2.5829933382462307,371,215.625,47.65625,7.074,1.6814535479687922,268.0,216.40625,33.59375,7.031,-1.5707963267948966,294.0,210.15625,37.5,6.987,-2.677945044588987,346.0,221.875,44.53125,6.72,0.6202494859828215,295.0,221.875,37.5,6.298,-0.5191461142465229
321,228.125,40.625,1.6966640066723784,1.727,-0.514,7.021,346,221.875,44.53125,7.37,2.5829933382462307,269,228.125,33.59375,7.031,-1.5707963267948966,372.0,228.125,47.65625,7.031,1.5707963267948966,295.0,221.875,37.5,6.987,-2.677945044588987,296.0,234.375,37.5,6.987,-0.4636476090008061,347.0,233.59375,44.53125,6.72,0.6202494859828215
322,239.84375,40.625,1.6690744245075655,0.732,-0.497,7.022,347,233.59375,44.53125,7.37,2.5829933382462307,348,246.09375,44.53125,7.37,0.5585993153435624,270.0,240.625,33.59375,7.074,-1.460139105621001,373.0,239.84375,47.65625,7.031,1.5707963267948966,297.0,246.09375,37.5,6.987,-0.4636476090008061,296.0,234.375,37.5,6.298,-2.62244653934327
323,293.75,40.625,1.6737946086953073,-2.063,-0.481,6.798,271,293.75,33.59375,7.031,-1.5707963267948966,375,293.75,47.65625,7.031,1.5707963267948966,337.0,287.5,43.75,6.987,2.677945044588987,285.0,288.28125,36.71875,6.72,-2.5213431676069717,350.0,299.21875,44.53125,6.72,0.6202494859828215,299.0,299.21875,37.5,6.298,-0.5191461142465229
324,46.09375,41.40625,1.6493390079435628,0.375,-0.488,7.114,352,52.34375,45.3125,7.37,0.5585993153435624,272,46.875,34.375,7.074,-1.460139105621001,300.0,52.34375,38.28125,6.987,-0.4636476090008061,286.0,40.625,37.5,6.72,-2.5213431676069717,351.0,40.625,45.3125,6.72,2.5213431676069717,378.0,46.09375,49.21875,7.812,1.5707963267948966
325,252.34375,41.40625,1.5939872529412669,-2.451,-0.495,6.892,297,246.09375,37.5,7.37,-2.5829933382462307,298,258.59375,37.5,7.37,-0.5585993153435624,273.0,252.34375,34.375,7.031,-1.5707963267948966,348.0,246.09375,44.53125,6.987,2.677945044588987,349.0,257.8125,44.53125,6.298,0.5191461142465229,374.0,251.5625,47.65625,6.298,1.695151321341658
326,264.0625,41.40625,1.685786486222162,-3.087,-0.453,6.92,377,263.28125,48.4375,7.074,1.6814535479687922,274,264.0625,34.375,7.031,-1.5707963267948966,349.0,257.8125,44.53125,6.987,2.677945044588987,301.0,270.3125,38.28125,6.987,-0.4636476090008061,298.0,258.59375,37.5,6.72,-2.5213431676069717,353.0,269.53125,45.3125,6.72,0.6202494859828215
327,57.8125,42.1875,1.685669849076252,0.382,-0.462,6.805,275,58.59375,35.15625,7.074,-1.460139105621001,379,57.8125,49.21875,7.031,1.5707963267948966,302.0,64.0625,39.0625,6.987,-0.4636476090008061,300.0,52.34375,38.28125,6.72,-2.5213431676069717,354.0,63.28125,46.09375,6.72,0.6202494859828215,352.0,52.34375,45.3125,6.298,2.62244653934327
328,275.78125,42.1875,1.6599799659887196,0.251,-0.449,7.102,276,276.5625,35.15625,7.074,-1.460139105621001,380,275.78125,49.21875,7.031,1.5707963267948966,353.0,269.53125,45.3125,6.987,2.677945044588987,303.0,282.03125,39.0625,6.987,-0.4636476090008061,301.0,270.3125,38.28125,6.72,-2.5213431676069717,357.0,282.03125,46.875,7.812,0.6435011087932844
329,69.53125,42.96875,1.6839825075081392,1.107,-0.472,6.913,277,69.53125,35.9375,7.031,-1.5707963267948966,381,69.53125,50.0,7.031,1.5707963267948966,354.0,63.28125,46.09375,6.987,2.677945044588987,304.0,75.78125,39.84375,6.987,-0.4636476090008061,302.0,64.0625,39.0625,6.72,-2.5213431676069717,355.0,75.0,46.875,6.72,0.6202494859828215
330,5.46875,43.75,1.708081087703693,1.451,-0.514,6.928,279,5.46875,36.71875,7.031,-1.5707963267948966,307,11.71875,40.625,6.987,-0.4636476090008061,358.0,0.0,47.65625,6.72,2.5213431676069717,359.0,10.9375,47.65625,6.72,0.6202494859828215,397.0,5.46875,51.5625,7.812,1.5707963267948966,306.0,0.0,40.625,6.298,-2.62244653934327
331,17.1875,43.75,1.684468391351611,1.618,-0.505,7.036,359,10.9375,47.65625,7.37,2.5829933382462307,280,17.1875,36.71875,7.031,-1.5707963267948966,308.0,23.4375,40.625,6.987,-0.4636476090008061,360.0,22.65625,47.65625,6.72,0.6202494859828215,398.0,17.1875,51.5625,7.812,1.5707963267948966,307.0,11.71875,40.625,6.298,-2.62244653934327
332,81.25,43.75,1.6653954637577795,-2.117,-0.495,6.935,382,80.46875,50.78125,7.074,1.6814535479687922,355,75.0,46.875,6.987,2.677945044588987,305.0,86.71875,39.84375,6.72,-0.6202494859828215,304.0,75.78125,39.84375,6.72,-2.5213431676069717,278.0,81.25,35.9375,7.812,-1.5707963267948966,356.0,86.71875,46.875,6.298,0.5191461142465229
333,92.1875,43.75,1.706733660806361,-0.039,-0.492,6.906,361,98.4375,47.65625,7.37,0.5585993153435624,282,92.1875,36.71875,7.031,-1.5707963267948966,383.0,92.1875,50.78125,7.031,1.5707963267948966,310.0,98.4375,40.625,6.987,-0.4636476090008061,305.0,86.71875,39.84375,6.72,-2.5213431676069717,356.0,86.71875,46.875,6.298,2.62244653934327
334,103.90625,43.75,1.7075190258021133,1.225,0.523,6.906,362,110.15625,47.65625,7.37,0.5585993153435624,283,103.90625,36.71875,7.031,-1.5707963267948966,384.0,103.90625,50.78125,7.031,1.5707963267948966,311.0,110.15625,40.625,6.987,-0.4636476090008061,361.0,98.4375,47.65625,6.72,2.5213431676069717,310.0,98.4375,40.625,6.298,-2.62244653934327
335,115.625,43.75,1.6926724457166171,1.225,0.523,6.906,363,121.875,47.65625,7.37,0.5585993153435624,284,115.625,36.71875,7.031,-1.5707963267948966,385.0,115.625,50.78125,7.031,1.5707963267948966,312.0,121.875,40.625,6.987,-0.4636476090008061,362.0,110.15625,47.65625,6.72,2.5213431676069717,311.0,110.15625,40.625,6.298,-2.62244653934327
336,127.34375,43.75,1.6657080150314425,1.225,0.523,6.776,364,133.59375,47.65625,7.37,0.5585993153435624,386,127.34375,50.78125,7.031,1.5707963267948966,313.0,133.59375,40.625,6.987,-0.4636476090008061,363.0,121.875,47.65625,6.72,2.5213431676069717,312.0,121.875,40.625,6.298,-2.62244653934327,287.0,127.34375,37.5,6.25,-1.5707963267948966
337,287.5,43.75,1.6265184201047802,-0.284,-0.46,6.994,303,282.03125,39.0625,7.202,-2.432966381462123,375,293.75,47.65625,7.37,0.5585993153435624,285.0,288.28125,36.71875,7.074,-1.460139105621001,396.0,287.5,50.78125,7.031,1.5707963267948966,323.0,293.75,40.625,6.987,-0.4636476090008061,357.0,282.03125,46.875,6.298,2.62244653934327
338,28.90625,44.53125,1.7172773780242976,-2.082,-0.488,7.107,309,35.15625,40.625,7.37,-0.5585993153435624,399,28.90625,51.5625,7.031,1.5707963267948966,360.0,22.65625,47.65625,6.987,2.677945044588987,308.0,23.4375,40.625,6.72,-2.5213431676069717,376.0,34.375,48.4375,6.72,0.6202494859828215,281.0,28.90625,36.71875,7.812,-1.5707963267948966
339,139.0625,44.53125,1.6630595667063421,-1.226,-0.524,6.776,314,145.3125,40.625,7.37,-0.5585993153435624,288,139.0625,37.5,7.031,-1.5707963267948966,365.0,145.3125,47.65625,6.987,0.4636476090008061,313.0,133.59375,40.625,6.72,-2.5213431676069717,364.0,133.59375,47.65625,6.298,2.62244653934327,387.0,139.0625,50.78125,6.25,1.5707963267948966
340,150.78125,44.53125,1.6615205695945103,-1.226,-0.524,6.776,315,157.03125,40.625,7.37,-0.5585993153435624,289,150.78125,37.5,7.031,-1.5707963267948966,366.0,157.03125,47.65625,6.987,0.4636476090008061,314.0,145.3125,40.625,6.72,-2.5213431676069717,365.0,145.3125,47.65625,6.298,2.62244653934327,388.0,150.78125,50.78125,6.25,1.5707963267948966
341,162.5,44.53125,1.6475358230212296,-1.226,-0.524,6.776,316,168.75,40.625,7.37,-0.5585993153435624,290,162.5,37.5,7.031,-1.5707963267948966,367.0,168.75,47.65625,6.987,0.4636476090008061,315.0,157.03125,40.625,6.72,-2.5213431676069717,366.0,157.03125,47.65625,6.298,2.62244653934327,389.0,162.5,50.78125,6.25,1.5707963267948966
342,174.21875,44.53125,1.6221624866968758,-0.759,-0.505,6.783,317,180.46875,40.625,7.37,-0.5585993153435624,291,175.0,37.5,7.074,-1.460139105621001,368.0,180.46875,47.65625,6.987,0.4636476090008061,316.0,168.75,40.625,6.72,-2.5213431676069717,367.0,168.75,47.65625,6.298,2.62244653934327,390.0,174.21875,50.78125,6.25,1.5707963267948966
343,186.71875,44.53125,1.6234921674117775,-2.381,-0.504,6.784,317,180.46875,40.625,7.37,-2.5829933382462307,292,186.71875,37.5,7.031,-1.5707963267948966,368.0,180.46875,47.65625,6.987,2.677945044588987,318.0,192.1875,40.625,6.72,-0.6202494859828215,369.0,192.1875,47.65625,6.298,0.5191461142465229,391.0,185.9375,50.78125,6.298,1.695151321341658
344,198.4375,44.53125,1.6413820932056795,-1.917,0.523,6.776,318,192.1875,40.625,7.37,-2.5829933382462307,293,198.4375,37.5,7.031,-1.5707963267948966,369.0,192.1875,47.65625,6.987,2.677945044588987,319.0,203.90625,40.625,6.72,-0.6202494859828215,370.0,203.90625,47.65625,6.298,0.5191461142465229,392.0,198.4375,50.78125,6.25,1.5707963267948966
345,210.15625,44.53125,1.6518828528962874,-1.792,-0.515,6.884,319,203.90625,40.625,7.37,-2.5829933382462307,320,216.40625,40.625,7.37,-0.5585993153435624,294.0,210.15625,37.5,7.031,-1.5707963267948966,370.0,203.90625,47.65625,6.987,2.677945044588987,371.0,215.625,47.65625,6.298,0.5191461142465229,393.0,210.15625,50.78125,6.25,1.5707963267948966
346,221.875,44.53125,1.6502354346760184,-1.415,-0.514,6.891,321,228.125,40.625,7.37,-0.5585993153435624,295,221.875,37.5,7.031,-1.5707963267948966,371.0,215.625,47.65625,6.987,2.677945044588987,372.0,228.125,47.65625,6.987,0.4636476090008061,320.0,216.40625,40.625,6.72,-2.5213431676069717,394.0,221.875,50.78125,6.25,1.5707963267948966
347,233.59375,44.53125,1.6285220143381196,-0.759,-0.505,6.783,322,239.84375,40.625,7.37,-0.5585993153435624,296,234.375,37.5,7.074,-1.460139105621001,373.0,239.84375,47.65625,6.987,0.4636476090008061,321.0,228.125,40.625,6.72,-2.5213431676069717,372.0,228.125,47.65625,6.298,2.62244653934327,395.0,233.59375,50.78125,6.25,1.5707963267948966
348,246.09375,44.53125,1.6620184146809516,-2.725,-0.481,6.958,322,239.84375,40.625,7.37,-2.5829933382462307,400,245.3125,51.5625,7.074,1.6814535479687922,297.0,246.09375,37.5,7.031,-1.5707963267948966,325.0,252.34375,41.40625,6.987,-0.4636476090008061,373.0,239.84375,47.65625,6.987,2.677945044588987,374.0,251.5625,47.65625,6.298,0.5191461142465229
349,257.8125,44.53125,1.6797970955159474,1.02,-0.47,6.85,298,258.59375,37.5,7.074,-1.460139105621001,401,257.8125,51.5625,7.031,1.5707963267948966,374.0,251.5625,47.65625,6.987,2.677945044588987,326.0,264.0625,41.40625,6.987,-0.4636476090008061,377.0,263.28125,48.4375,6.72,0.6202494859828215,325.0,252.34375,41.40625,6.298,-2.62244653934327
350,299.21875,44.53125,1.584932105393408,-3.092,0.298,6.77,299,299.21875,37.5,7.031,-1.5707963267948966,402,299.21875,51.5625,7.031,1.5707963267948966,323.0,293.75,40.625,6.72,-2.5213431676069717,375.0,293.75,47.65625,6.298,2.62244653934327,,,,,,,,,,
351,40.625,45.3125,1.6604949181579398,-2.149,-0.463,7.086,309,35.15625,40.625,7.202,-2.432966381462123,403,39.84375,52.34375,7.074,1.6814535479687922,376.0,34.375,48.4375,6.987,2.677945044588987,324.0,46.09375,41.40625,6.72,-0.6202494859828215,378.0,46.09375,49.21875,6.72,0.6202494859828215,286.0,40.625,37.5,7.812,-1.5707963267948966
352,52.34375,45.3125,1.6393465596287427,2.526,-0.491,7.107,324,46.09375,41.40625,7.37,-2.5829933382462307,378,46.09375,49.21875,7.37,2.5829933382462307,300.0,52.34375,38.28125,7.031,-1.5707963267948966,379.0,57.8125,49.21875,6.72,0.6202494859828215,405.0,51.5625,53.125,7.851,1.6704649792860586,327.0,57.8125,42.1875,6.298,-0.5191461142465229
353,269.53125,45.3125,1.6572259737331316,-0.303,-0.464,7.028,380,275.78125,49.21875,7.37,0.5585993153435624,301,270.3125,38.28125,7.074,-1.460139105621001,404.0,269.53125,52.34375,7.031,1.5707963267948966,328.0,275.78125,42.1875,6.987,-0.4636476090008061,377.0,263.28125,48.4375,6.987,2.677945044588987,326.0,264.0625,41.40625,6.72,-2.5213431676069717
354,63.28125,46.09375,1.6593446808819343,0.022,-0.473,6.913,381,69.53125,50.0,7.37,0.5585993153435624,302,64.0625,39.0625,7.074,-1.460139105621001,406.0,63.28125,53.125,7.031,1.5707963267948966,329.0,69.53125,42.96875,6.987,-0.4636476090008061,327.0,57.8125,42.1875,6.72,-2.5213431676069717,379.0,57.8125,49.21875,6.298,2.62244653934327
355,75.0,46.875,1.711770232259506,0.382,-0.462,6.805,304,75.78125,39.84375,7.074,-1.460139105621001,408,75.0,53.90625,7.031,1.5707963267948966,332.0,81.25,43.75,6.987,-0.4636476090008061,329.0,69.53125,42.96875,6.72,-2.5213431676069717,382.0,80.46875,50.78125,6.72,0.6202494859828215,381.0,69.53125,50.0,6.298,2.62244653934327
356,86.71875,46.875,1.6911809629898547,1.851,-0.514,6.791,382,80.46875,50.78125,7.37,2.5829933382462307,305,86.71875,39.84375,7.031,-1.5707963267948966,409.0,86.71875,53.90625,7.031,1.5707963267948966,383.0,92.1875,50.78125,6.72,0.6202494859828215,333.0,92.1875,43.75,6.298,-0.5191461142465229,332.0,81.25,43.75,6.298,-2.62244653934327
357,282.03125,46.875,1.6022574538113132,-2.376,-0.439,6.936,396,287.5,50.78125,6.72,0.6202494859828215,303,282.03125,39.0625,7.812,-1.5707963267948966,328.0,275.78125,42.1875,7.812,-2.498091544796509,380.0,275.78125,49.21875,6.675,2.782821983319221,337.0,287.5,43.75,6.298,-0.5191461142465229,407.0,281.25,53.125,6.298,1.695151321341658
358,0.0,47.65625,1.6608957202483865,0.0,-0.262,6.875,306,0.0,40.625,7.031,-1.5707963267948966,411,0.0,54.6875,7.031,1.5707963267948966,330.0,5.46875,43.75,6.72,-0.6202494859828215,397.0,5.46875,51.5625,6.72,0.6202494859828215,,,,,,,,,,
359,10.9375,47.65625,1.661644541440352,0.034,-0.505,7.047,331,17.1875,43.75,7.37,-0.5585993153435624,398,17.1875,51.5625,7.37,0.5585993153435624,307.0,11.71875,40.625,7.074,-1.460139105621001,412.0,10.9375,54.6875,7.031,1.5707963267948966,397.0,5.46875,51.5625,6.72,2.5213431676069717,330.0,5.46875,43.75,6.72,-2.5213431676069717
360,22.65625,47.65625,1.6661945862766956,0.375,-0.488,7.114,399,28.90625,51.5625,7.37,0.5585993153435624,308,23.4375,40.625,7.074,-1.460139105621001,338.0,28.90625,44.53125,6.987,-0.4636476090008061,331.0,17.1875,43.75,6.72,-2.5213431676069717,398.0,17.1875,51.5625,6.72,2.5213431676069717,427.0,22.65625,55.46875,7.812,1.5707963267948966
361,98.4375,47.65625,1.6317362987921156,-1.917,0.523,6.776,333,92.1875,43.75,7.37,-2.5829933382462307,310,98.4375,40.625,7.031,-1.5707963267948966,383.0,92.1875,50.78125,6.987,2.677945044588987,334.0,103.90625,43.75,6.72,-0.6202494859828215,384.0,103.90625,50.78125,6.298,0.5191461142465229,410.0,98.4375,53.90625,6.25,1.5707963267948966
362,110.15625,47.65625,1.652148022172679,-1.917,0.523,6.906,334,103.90625,43.75,7.37,-2.5829933382462307,311,110.15625,40.625,7.031,-1.5707963267948966,413.0,110.15625,54.6875,7.031,1.5707963267948966,384.0,103.90625,50.78125,6.987,2.677945044588987,335.0,115.625,43.75,6.72,-0.6202494859828215,385.0,115.625,50.78125,6.298,0.5191461142465229
363,121.875,47.65625,1.661970778500407,-2.348,-0.506,6.913,335,115.625,43.75,7.37,-2.5829933382462307,414,121.09375,54.6875,7.074,1.6814535479687922,312.0,121.875,40.625,7.031,-1.5707963267948966,385.0,115.625,50.78125,6.987,2.677945044588987,336.0,127.34375,43.75,6.72,-0.6202494859828215,386.0,127.34375,50.78125,6.298,0.5191461142465229
364,133.59375,47.65625,1.6769367428888415,-1.643,-0.508,6.836,336,127.34375,43.75,7.37,-2.5829933382462307,313,133.59375,40.625,7.031,-1.5707963267948966,415.0,133.59375,54.6875,7.031,1.5707963267948966,386.0,127.34375,50.78125,6.987,2.677945044588987,339.0,139.0625,44.53125,6.298,-0.5191461142465229,387.0,139.0625,50.78125,6.298,0.5191461142465229
365,145.3125,47.65625,1.6913455523746597,3.141,-0.524,6.772,314,145.3125,40.625,7.031,-1.5707963267948966,416,145.3125,54.6875,7.031,1.5707963267948966,387.0,139.0625,50.78125,6.987,2.677945044588987,339.0,139.0625,44.53125,6.987,-2.677945044588987,340.0,150.78125,44.53125,6.298,-0.5191461142465229,388.0,150.78125,50.78125,6.298,0.5191461142465229
366,157.03125,47.65625,1.7030645087377174,3.141,-0.524,6.772,315,157.03125,40.625,7.031,-1.5707963267948966,417,157.03125,54.6875,7.031,1.5707963267948966,388.0,150.78125,50.78125,6.987,2.677945044588987,340.0,150.78125,44.53125,6.987,-2.677945044588987,341.0,162.5,44.53125,6.298,-0.5191461142465229,389.0,162.5,50.78125,6.298,0.5191461142465229
367,168.75,47.65625,1.711270852680981,3.141,-0.524,6.772,316,168.75,40.625,7.031,-1.5707963267948966,418,168.75,54.6875,7.031,1.5707963267948966,389.0,162.5,50.78125,6.987,2.677945044588987,341.0,162.5,44.53125,6.987,-2.677945044588987,342.0,174.21875,44.53125,6.298,-0.5191461142465229,390.0,174.21875,50.78125,6.298,0.5191461142465229
368,180.46875,47.65625,1.7150264999750418,2.062,-0.515,6.887,317,180.46875,40.625,7.031,-1.5707963267948966,419,180.46875,54.6875,7.031,1.5707963267948966,343.0,186.71875,44.53125,6.987,-0.4636476090008061,342.0,174.21875,44.53125,6.987,-2.677945044588987,390.0,174.21875,50.78125,6.987,2.677945044588987,391.0,185.9375,50.78125,6.298,0.5191461142465229
369,192.1875,47.65625,1.712454404392944,-1.08,-0.515,6.887,318,192.1875,40.625,7.031,-1.5707963267948966,420,192.1875,54.6875,7.031,1.5707963267948966,391.0,185.9375,50.78125,6.987,2.677945044588987,344.0,198.4375,44.53125,6.987,-0.4636476090008061,392.0,198.4375,50.78125,6.987,0.4636476090008061,343.0,186.71875,44.53125,6.298,-2.62244653934327
370,203.90625,47.65625,1.6998724551809152,0.0,-0.524,6.772,319,203.90625,40.625,7.031,-1.5707963267948966,421,203.90625,54.6875,7.031,1.5707963267948966,393.0,210.15625,50.78125,6.987,0.4636476090008061,345.0,210.15625,44.53125,6.987,-0.4636476090008061,392.0,198.4375,50.78125,6.298,2.62244653934327,344.0,198.4375,44.53125,6.298,-2.62244653934327
371,215.625,47.65625,1.6707904762316859,0.037,-0.506,6.779,320,216.40625,40.625,7.074,-1.460139105621001,422,215.625,54.6875,7.031,1.5707963267948966,394.0,221.875,50.78125,6.987,0.4636476090008061,346.0,221.875,44.53125,6.987,-0.4636476090008061,393.0,210.15625,50.78125,6.298,2.62244653934327,345.0,210.15625,44.53125,6.298,-2.62244653934327
372,228.125,47.65625,1.6594901256499854,-3.105,-0.506,6.779,423,227.34375,54.6875,7.074,1.6814535479687922,321,228.125,40.625,7.031,-1.5707963267948966,394.0,221.875,50.78125,6.987,2.677945044588987,346.0,221.875,44.53125,6.987,-2.677945044588987,347.0,233.59375,44.53125,6.298,-0.5191461142465229,395.0,233.59375,50.78125,6.298,0.5191461142465229
373,239.84375,47.65625,1.6884809287523064,2.551,-0.479,6.964,424,239.0625,54.6875,7.074,1.6814535479687922,322,239.84375,40.625,7.031,-1.5707963267948966,348.0,246.09375,44.53125,6.987,-0.4636476090008061,347.0,233.59375,44.53125,6.987,-2.677945044588987,395.0,233.59375,50.78125,6.987,2.677945044588987,400.0,245.3125,51.5625,6.72,0.6202494859828215
374,251.5625,47.65625,1.6450684920480272,0.691,-0.495,6.892,400,245.3125,51.5625,7.37,2.5829933382462307,401,257.8125,51.5625,7.37,0.5585993153435624,425.0,251.5625,54.6875,7.031,1.5707963267948966,349.0,257.8125,44.53125,6.987,-0.4636476090008061,325.0,252.34375,41.40625,6.298,-1.446441332248135,348.0,246.09375,44.53125,6.298,-2.62244653934327
375,293.75,47.65625,1.6767847197764547,3.103,-0.492,6.906,337,287.5,43.75,7.37,-2.5829933382462307,323,293.75,40.625,7.031,-1.5707963267948966,426.0,293.75,54.6875,7.031,1.5707963267948966,396.0,287.5,50.78125,6.987,2.677945044588987,402.0,299.21875,51.5625,6.72,0.6202494859828215,350.0,299.21875,44.53125,6.298,-0.5191461142465229
376,34.375,48.4375,1.706257073051118,0.405,-0.464,6.935,428,34.375,55.46875,7.031,1.5707963267948966,351,40.625,45.3125,6.987,-0.4636476090008061,403.0,39.84375,52.34375,6.72,0.6202494859828215,338.0,28.90625,44.53125,6.72,-2.5213431676069717,309.0,35.15625,40.625,7.851,-1.4711276743037347,399.0,28.90625,51.5625,6.298,2.62244653934327
377,263.28125,48.4375,1.6406382031822624,0.022,-0.473,6.913,404,269.53125,52.34375,7.37,0.5585993153435624,326,264.0625,41.40625,7.074,-1.460139105621001,429.0,263.28125,55.46875,7.031,1.5707963267948966,353.0,269.53125,45.3125,6.987,-0.4636476090008061,349.0,257.8125,44.53125,6.72,-2.5213431676069717,401.0,257.8125,51.5625,6.298,2.62244653934327
378,46.09375,49.21875,1.681732571424619,-2.082,-0.488,7.107,352,52.34375,45.3125,7.37,-0.5585993153435624,430,46.09375,56.25,7.031,1.5707963267948966,403.0,39.84375,52.34375,6.987,2.677945044588987,351.0,40.625,45.3125,6.72,-2.5213431676069717,405.0,51.5625,53.125,6.72,0.6202494859828215,324.0,46.09375,41.40625,7.812,-1.5707963267948966
379,57.8125,49.21875,1.6559664721436889,2.791,-0.48,6.998,405,51.5625,53.125,7.37,2.5829933382462307,327,57.8125,42.1875,7.031,-1.5707963267948966,352.0,52.34375,45.3125,6.72,-2.5213431676069717,406.0,63.28125,53.125,6.72,0.6202494859828215,432.0,57.03125,57.03125,7.851,1.6704649792860586,354.0,63.28125,46.09375,6.298,-0.5191461142465229
380,275.78125,49.21875,1.6723395915800632,1.519,-0.466,6.969,353,269.53125,45.3125,7.37,-2.5829933382462307,328,275.78125,42.1875,7.031,-1.5707963267948966,431.0,275.78125,56.25,7.031,1.5707963267948966,404.0,269.53125,52.34375,6.987,2.677945044588987,407.0,281.25,53.125,6.72,0.6202494859828215,357.0,282.03125,46.875,6.675,-0.35877067027057225
381,69.53125,50.0,1.6569838678204074,-3.12,-0.473,6.913,354,63.28125,46.09375,7.37,-2.5829933382462307,433,68.75,57.03125,7.074,1.6814535479687922,329.0,69.53125,42.96875,7.031,-1.5707963267948966,406.0,63.28125,53.125,6.987,2.677945044588987,408.0,75.0,53.90625,6.72,0.6202494859828215,355.0,75.0,46.875,6.298,-0.5191461142465229
382,80.46875,50.78125,1.6475365638453079,-0.759,-0.505,6.913,356,86.71875,46.875,7.37,-0.5585993153435624,332,81.25,43.75,7.074,-1.460139105621001,434.0,80.46875,57.8125,7.031,1.5707963267948966,409.0,86.71875,53.90625,6.987,0.4636476090008061,355.0,75.0,46.875,6.72,-2.5213431676069717,408.0,75.0,53.90625,6.298,2.62244653934327
383,92.1875,50.78125,1.7097331504750737,-0.673,-0.507,6.842,333,92.1875,43.75,7.031,-1.5707963267948966,435,92.1875,57.8125,7.031,1.5707963267948966,410.0,98.4375,53.90625,6.987,0.4636476090008061,361.0,98.4375,47.65625,6.987,-0.4636476090008061,356.0,86.71875,46.875,6.72,-2.5213431676069717,409.0,86.71875,53.90625,6.298,2.62244653934327
384,103.90625,50.78125,1.7186150413823131,1.499,-0.508,6.836,413,110.15625,54.6875,7.37,0.5585993153435624,334,103.90625,43.75,7.031,-1.5707963267948966,436.0,103.90625,57.8125,7.031,1.5707963267948966,362.0,110.15625,47.65625,6.987,-0.4636476090008061,410.0,98.4375,53.90625,6.298,2.62244653934327,361.0,98.4375,47.65625,6.298,-2.62244653934327
385,115.625,50.78125,1.7091591119083864,1.451,-0.514,6.798,335,115.625,43.75,7.031,-1.5707963267948966,437,115.625,57.8125,7.031,1.5707963267948966,363.0,121.875,47.65625,6.987,-0.4636476090008061,413.0,110.15625,54.6875,6.72,2.5213431676069717,414.0,121.09375,54.6875,6.72,0.6202494859828215,362.0,110.15625,47.65625,6.298,-2.62244653934327
386,127.34375,50.78125,1.6959284141445312,1.349,-0.515,7.014,414,121.09375,54.6875,7.37,2.5829933382462307,415,133.59375,54.6875,7.37,0.5585993153435624,438.0,127.34375,57.8125,7.031,1.5707963267948966,336.0,127.34375,43.75,7.031,-1.5707963267948966,364.0,133.59375,47.65625,6.987,-0.4636476090008061,363.0,121.875,47.65625,6.298,-2.62244653934327
387,139.0625,50.78125,1.6821577534243128,1.225,0.523,6.776,416,145.3125,54.6875,7.37,0.5585993153435624,439,139.0625,57.8125,7.031,1.5707963267948966,365.0,145.3125,47.65625,6.987,-0.4636476090008061,415.0,133.59375,54.6875,6.72,2.5213431676069717,364.0,133.59375,47.65625,6.298,-2.62244653934327,339.0,139.0625,44.53125,6.25,-1.5707963267948966
388,150.78125,50.78125,1.669758379028718,1.225,0.523,6.776,417,157.03125,54.6875,7.37,0.5585993153435624,440,150.78125,57.8125,7.031,1.5707963267948966,366.0,157.03125,47.65625,6.987,-0.4636476090008061,416.0,145.3125,54.6875,6.72,2.5213431676069717,365.0,145.3125,47.65625,6.298,-2.62244653934327,340.0,150.78125,44.53125,6.25,-1.5707963267948966
389,162.5,50.78125,1.6583145433318447,1.225,0.523,6.776,418,168.75,54.6875,7.37,0.5585993153435624,441,162.5,57.8125,7.031,1.5707963267948966,367.0,168.75,47.65625,6.987,-0.4636476090008061,417.0,157.03125,54.6875,6.72,2.5213431676069717,366.0,157.03125,47.65625,6.298,-2.62244653934327,341.0,162.5,44.53125,6.25,-1.5707963267948966
390,174.21875,50.78125,1.645962000268463,1.225,0.523,6.776,419,180.46875,54.6875,7.37,0.5585993153435624,442,174.21875,57.8125,7.031,1.5707963267948966,368.0,180.46875,47.65625,6.987,-0.4636476090008061,418.0,168.75,54.6875,6.72,2.5213431676069717,367.0,168.75,47.65625,6.298,-2.62244653934327,342.0,174.21875,44.53125,6.25,-1.5707963267948966
391,185.9375,50.78125,1.6293410384211797,0.76,-0.504,6.784,420,192.1875,54.6875,7.37,0.5585993153435624,443,185.9375,57.8125,7.031,1.5707963267948966,369.0,192.1875,47.65625,6.987,-0.4636476090008061,419.0,180.46875,54.6875,6.72,2.5213431676069717,343.0,186.71875,44.53125,6.298,-1.446441332248135,368.0,180.46875,47.65625,6.298,-2.62244653934327
392,198.4375,50.78125,1.6168502716275246,2.383,-0.505,6.783,420,192.1875,54.6875,7.37,2.5829933382462307,444,197.65625,57.8125,7.074,1.6814535479687922,369.0,192.1875,47.65625,6.987,-2.677945044588987,421.0,203.90625,54.6875,6.72,0.6202494859828215,370.0,203.90625,47.65625,6.298,-0.5191461142465229,344.0,198.4375,44.53125,6.25,-1.5707963267948966
393,210.15625,50.78125,1.6438586228053624,2.383,-0.505,6.783,421,203.90625,54.6875,7.37,2.5829933382462307,445,209.375,57.8125,7.074,1.6814535479687922,370.0,203.90625,47.65625,6.987,-2.677945044588987,422.0,215.625,54.6875,6.72,0.6202494859828215,371.0,215.625,47.65625,6.298,-0.5191461142465229,345.0,210.15625,44.53125,6.25,-1.5707963267948966
394,221.875,50.78125,1.6576374171851789,1.727,-0.514,6.891,422,215.625,54.6875,7.37,2.5829933382462307,446,221.875,57.8125,7.031,1.5707963267948966,372.0,228.125,47.65625,6.987,-0.4636476090008061,371.0,215.625,47.65625,6.987,-2.677945044588987,423.0,227.34375,54.6875,6.72,0.6202494859828215,346.0,221.875,44.53125,6.25,-1.5707963267948966
395,233.59375,50.78125,1.6403823089346798,1.618,-0.505,6.776,423,227.34375,54.6875,7.37,2.5829933382462307,447,233.59375,57.8125,7.031,1.5707963267948966,373.0,239.84375,47.65625,6.987,-0.4636476090008061,424.0,239.0625,54.6875,6.72,0.6202494859828215,372.0,228.125,47.65625,6.298,-2.62244653934327,347.0,233.59375,44.53125,6.25,-1.5707963267948966
396,287.5,50.78125,1.646680734042264,-1.623,-0.466,6.969,426,293.75,54.6875,7.37,0.5585993153435624,337,287.5,43.75,7.031,-1.5707963267948966,448.0,287.5,57.8125,7.031,1.5707963267948966,375.0,293.75,47.65625,6.987,-0.4636476090008061,357.0,282.03125,46.875,6.72,-2.5213431676069717,407.0,281.25,53.125,6.675,2.782821983319221
397,5.46875,51.5625,1.7003486781127908,-1.571,-0.524,6.813,449,5.46875,58.59375,7.031,1.5707963267948966,358,0.0,47.65625,6.72,-2.5213431676069717,359.0,10.9375,47.65625,6.72,-0.6202494859828215,330.0,5.46875,43.75,7.812,-1.5707963267948966,411.0,0.0,54.6875,6.298,2.62244653934327,412.0,10.9375,54.6875,6.298,0.5191461142465229
398,17.1875,51.5625,1.710974001245852,-2.518,-0.507,7.107,359,10.9375,47.65625,7.37,-2.5829933382462307,450,17.1875,58.59375,7.031,1.5707963267948966,412.0,10.9375,54.6875,6.987,2.677945044588987,360.0,22.65625,47.65625,6.72,-0.6202494859828215,427.0,22.65625,55.46875,6.72,0.6202494859828215,331.0,17.1875,43.75,7.812,-1.5707963267948966
399,28.90625,51.5625,1.6745373208282597,2.526,-0.491,7.107,360,22.65625,47.65625,7.37,-2.5829933382462307,427,22.65625,55.46875,7.37,2.5829933382462307,338.0,28.90625,44.53125,7.031,-1.5707963267948966,428.0,34.375,55.46875,6.72,0.6202494859828215,454.0,28.125,59.375,7.851,1.6704649792860586,376.0,34.375,48.4375,6.298,-0.5191461142465229
400,245.3125,51.5625,1.6534712765533532,-0.97,-0.495,7.028,374,251.5625,47.65625,7.37,-0.5585993153435624,348,246.09375,44.53125,7.074,-1.460139105621001,451.0,245.3125,58.59375,7.031,1.5707963267948966,424.0,239.0625,54.6875,6.987,2.677945044588987,425.0,251.5625,54.6875,6.987,0.4636476090008061,373.0,239.84375,47.65625,6.72,-2.5213431676069717
401,257.8125,51.5625,1.6395372930584493,-3.12,-0.473,6.913,374,251.5625,47.65625,7.37,-2.5829933382462307,452,257.03125,58.59375,7.074,1.6814535479687922,349.0,257.8125,44.53125,7.031,-1.5707963267948966,425.0,251.5625,54.6875,6.987,2.677945044588987,429.0,263.28125,55.46875,6.72,0.6202494859828215,377.0,263.28125,48.4375,6.298,-0.5191461142465229
402,299.21875,51.5625,1.5929149712568824,-3.092,0.298,6.77,350,299.21875,44.53125,7.031,-1.5707963267948966,453,299.21875,58.59375,7.031,1.5707963267948966,375.0,293.75,47.65625,6.72,-2.5213431676069717,426.0,293.75,54.6875,6.298,2.62244653934327,,,,,,,,,,
403,39.84375,52.34375,1.6757181919505613,0.022,-0.473,6.913,430,46.09375,56.25,7.37,0.5585993153435624,351,40.625,45.3125,7.074,-1.460139105621001,455.0,39.84375,59.375,7.031,1.5707963267948966,378.0,46.09375,49.21875,6.987,-0.4636476090008061,376.0,34.375,48.4375,6.72,-2.5213431676069717,428.0,34.375,55.46875,6.298,2.62244653934327
404,269.53125,52.34375,1.683455762681423,0.244,-0.492,7.129,377,263.28125,48.4375,7.37,-2.5829933382462307,431,275.78125,56.25,7.37,0.5585993153435624,456.0,269.53125,59.375,7.031,1.5707963267948966,353.0,269.53125,45.3125,7.031,-1.5707963267948966,429.0,263.28125,55.46875,6.987,2.677945044588987,380.0,275.78125,49.21875,6.987,-0.4636476090008061
405,51.5625,53.125,1.6815063331696172,-0.35,-0.48,6.998,379,57.8125,49.21875,7.37,-0.5585993153435624,457,51.5625,60.15625,7.031,1.5707963267948966,432.0,57.03125,57.03125,6.72,0.6202494859828215,378.0,46.09375,49.21875,6.72,-2.5213431676069717,352.0,52.34375,45.3125,7.851,-1.4711276743037347,430.0,46.09375,56.25,6.298,2.62244653934327
406,63.28125,53.125,1.6841665880832783,1.059,-0.488,6.976,432,57.03125,57.03125,7.37,2.5829933382462307,354,63.28125,46.09375,7.031,-1.5707963267948966,458.0,63.28125,60.15625,7.031,1.5707963267948966,381.0,69.53125,50.0,6.987,-0.4636476090008061,379.0,57.8125,49.21875,6.72,-2.5213431676069717,433.0,68.75,57.03125,6.72,0.6202494859828215
407,281.25,53.125,1.57493968615038,0.765,-0.439,6.806,459,281.25,60.15625,7.031,1.5707963267948966,380,275.78125,49.21875,6.72,-2.5213431676069717,448.0,287.5,57.8125,7.812,0.6435011087932844,396.0,287.5,50.78125,6.675,-0.35877067027057225,431.0,275.78125,56.25,6.298,2.62244653934327,357.0,282.03125,46.875,6.298,-1.446441332248135
408,75.0,53.90625,1.718588012892196,-2.063,-0.481,6.798,355,75.0,46.875,7.031,-1.5707963267948966,460,75.0,60.9375,7.031,1.5707963267948966,433.0,68.75,57.03125,6.987,2.677945044588987,381.0,69.53125,50.0,6.72,-2.5213431676069717,434.0,80.46875,57.8125,6.72,0.6202494859828215,382.0,80.46875,50.78125,6.298,-0.5191461142465229
409,86.71875,53.90625,1.6790974656546196,1.916,-0.524,6.906,434,80.46875,57.8125,7.37,2.5829933382462307,356,86.71875,46.875,7.031,-1.5707963267948966,461.0,86.71875,60.9375,7.031,1.5707963267948966,382.0,80.46875,50.78125,6.987,-2.677945044588987,435.0,92.1875,57.8125,6.72,0.6202494859828215,383.0,92.1875,50.78125,6.298,-0.5191461142465229
410,98.4375,53.90625,1.6177006841071349,2.383,-0.505,6.783,435,92.1875,57.8125,7.37,2.5829933382462307,462,97.65625,60.9375,7.074,1.6814535479687922,383.0,92.1875,50.78125,6.987,-2.677945044588987,436.0,103.90625,57.8125,6.72,0.6202494859828215,384.0,103.90625,50.78125,6.298,-0.5191461142465229,361.0,98.4375,47.65625,6.25,-1.5707963267948966
411,0.0,54.6875,1.6266234021429695,0.05,0.298,6.965,358,0.0,47.65625,7.031,-1.5707963267948966,449,5.46875,58.59375,6.72,0.6202494859828215,477.0,0.0,62.5,7.812,1.5707963267948966,397.0,5.46875,51.5625,6.298,-0.5191461142465229,,,,,,,,,,
412,10.9375,54.6875,1.6447843860423867,1.225,0.523,7.036,450,17.1875,58.59375,7.37,0.5585993153435624,359,10.9375,47.65625,7.031,-1.5707963267948966,398.0,17.1875,51.5625,6.987,-0.4636476090008061,449.0,5.46875,58.59375,6.72,2.5213431676069717,478.0,10.9375,62.5,7.812,1.5707963267948966,397.0,5.46875,51.5625,6.298,-2.62244653934327
413,110.15625,54.6875,1.6229933316015883,-2.348,-0.506,6.913,384,103.90625,50.78125,7.37,-2.5829933382462307,463,109.375,61.71875,7.074,1.6814535479687922,362.0,110.15625,47.65625,7.031,-1.5707963267948966,436.0,103.90625,57.8125,6.987,2.677945044588987,385.0,115.625,50.78125,6.72,-0.6202494859828215,437.0,115.625,57.8125,6.298,0.5191461142465229
414,121.09375,54.6875,1.6401253589852165,-0.759,-0.505,6.913,386,127.34375,50.78125,7.37,-0.5585993153435624,363,121.875,47.65625,7.074,-1.460139105621001,464.0,121.09375,61.71875,7.031,1.5707963267948966,438.0,127.34375,57.8125,6.987,0.4636476090008061,385.0,115.625,50.78125,6.72,-2.5213431676069717,437.0,115.625,57.8125,6.298,2.62244653934327
415,133.59375,54.6875,1.6500459883612288,-2.348,-0.506,6.913,386,127.34375,50.78125,7.37,-2.5829933382462307,465,132.8125,61.71875,7.074,1.6814535479687922,364.0,133.59375,47.65625,7.031,-1.5707963267948966,438.0,127.34375,57.8125,6.987,2.677945044588987,387.0,139.0625,50.78125,6.72,-0.6202494859828215,439.0,139.0625,57.8125,6.298,0.5191461142465229
416,145.3125,54.6875,1.665374229174503,-2.348,-0.506,6.913,387,139.0625,50.78125,7.37,-2.5829933382462307,466,144.53125,61.71875,7.074,1.6814535479687922,365.0,145.3125,47.65625,7.031,-1.5707963267948966,439.0,139.0625,57.8125,6.987,2.677945044588987,388.0,150.78125,50.78125,6.72,-0.6202494859828215,440.0,150.78125,57.8125,6.298,0.5191461142465229
417,157.03125,54.6875,1.6785044090668952,-1.917,0.523,6.906,388,150.78125,50.78125,7.37,-2.5829933382462307,366,157.03125,47.65625,7.031,-1.5707963267948966,467.0,157.03125,61.71875,7.031,1.5707963267948966,440.0,150.78125,57.8125,6.987,2.677945044588987,389.0,162.5,50.78125,6.72,-0.6202494859828215,441.0,162.5,57.8125,6.298,0.5191461142465229
418,168.75,54.6875,1.6885680406012789,-1.917,0.523,6.906,389,162.5,50.78125,7.37,-2.5829933382462307,367,168.75,47.65625,7.031,-1.5707963267948966,468.0,168.75,61.71875,7.031,1.5707963267948966,441.0,162.5,57.8125,6.987,2.677945044588987,390.0,174.21875,50.78125,6.72,-0.6202494859828215,442.0,174.21875,57.8125,6.298,0.5191461142465229
419,180.46875,54.6875,1.6954921465657027,-1.917,0.523,6.906,390,174.21875,50.78125,7.37,-2.5829933382462307,368,180.46875,47.65625,7.031,-1.5707963267948966,469.0,180.46875,61.71875,7.031,1.5707963267948966,442.0,174.21875,57.8125,6.987,2.677945044588987,391.0,185.9375,50.78125,6.72,-0.6202494859828215,443.0,185.9375,57.8125,6.298,0.5191461142465229
420,192.1875,54.6875,1.699321248473315,-1.792,-0.515,7.014,391,185.9375,50.78125,7.37,-2.5829933382462307,392,198.4375,50.78125,7.37,-0.5585993153435624,369.0,192.1875,47.65625,7.031,-1.5707963267948966,470.0,192.1875,61.71875,7.031,1.5707963267948966,443.0,185.9375,57.8125,6.987,2.677945044588987,444.0,197.65625,57.8125,6.298,0.5191461142465229
421,203.90625,54.6875,1.699571282500352,-1.523,-0.505,6.906,393,210.15625,50.78125,7.37,-0.5585993153435624,370,203.90625,47.65625,7.031,-1.5707963267948966,471.0,203.90625,61.71875,7.031,1.5707963267948966,444.0,197.65625,57.8125,6.987,2.677945044588987,392.0,198.4375,50.78125,6.72,-2.5213431676069717,445.0,209.375,57.8125,6.298,0.5191461142465229
422,215.625,54.6875,1.694278890942714,-1.415,-0.514,7.021,394,221.875,50.78125,7.37,-0.5585993153435624,371,215.625,47.65625,7.031,-1.5707963267948966,472.0,215.625,61.71875,7.031,1.5707963267948966,445.0,209.375,57.8125,6.987,2.677945044588987,446.0,221.875,57.8125,6.987,0.4636476090008061,393.0,210.15625,50.78125,6.72,-2.5213431676069717
423,227.34375,54.6875,1.6783784538658026,-0.759,-0.505,6.913,395,233.59375,50.78125,7.37,-0.5585993153435624,372,228.125,47.65625,7.074,-1.460139105621001,473.0,227.34375,61.71875,7.031,1.5707963267948966,447.0,233.59375,57.8125,6.987,0.4636476090008061,394.0,221.875,50.78125,6.72,-2.5213431676069717,446.0,221.875,57.8125,6.298,2.62244653934327
424,239.0625,54.6875,1.6392770520442608,0.022,-0.473,6.913,451,245.3125,58.59375,7.37,0.5585993153435624,373,239.84375,47.65625,7.074,-1.460139105621001,474.0,239.0625,61.71875,7.031,1.5707963267948966,400.0,245.3125,51.5625,6.987,-0.4636476090008061,395.0,233.59375,50.78125,6.72,-2.5213431676069717,447.0,233.59375,57.8125,6.298,2.62244653934327
425,251.5625,54.6875,1.6501929931827561,2.172,-0.495,7.028,451,245.3125,58.59375,7.37,2.5829933382462307,475,250.78125,61.71875,7.074,1.6814535479687922,374.0,251.5625,47.65625,7.031,-1.5707963267948966,400.0,245.3125,51.5625,6.987,-2.677945044588987,401.0,257.8125,51.5625,6.987,-0.4636476090008061,452.0,257.03125,58.59375,6.72,0.6202494859828215
426,293.75,54.6875,1.6798555259624148,3.103,-0.492,6.906,396,287.5,50.78125,7.37,-2.5829933382462307,375,293.75,47.65625,7.031,-1.5707963267948966,476.0,293.75,61.71875,7.031,1.5707963267948966,448.0,287.5,57.8125,6.987,2.677945044588987,453.0,299.21875,58.59375,6.72,0.6202494859828215,402.0,299.21875,51.5625,6.298,-0.5191461142465229
427,22.65625,55.46875,1.7050207479770387,-2.11,-0.497,6.992,399,28.90625,51.5625,7.37,-0.5585993153435624,479,22.65625,62.5,7.031,1.5707963267948966,454.0,28.125,59.375,6.72,0.6202494859828215,398.0,17.1875,51.5625,6.72,-2.5213431676069717,360.0,22.65625,47.65625,7.812,-1.5707963267948966,450.0,17.1875,58.59375,6.298,2.62244653934327
428,34.375,55.46875,1.706746690513516,1.031,-0.497,6.992,454,28.125,59.375,7.37,2.5829933382462307,376,34.375,48.4375,7.031,-1.5707963267948966,399.0,28.90625,51.5625,6.72,-2.5213431676069717,455.0,39.84375,59.375,6.72,0.6202494859828215,482.0,34.375,63.28125,7.812,1.5707963267948966,403.0,39.84375,52.34375,6.298,-0.5191461142465229
429,263.28125,55.46875,1.6820724544690009,-0.982,-0.482,7.021,456,269.53125,59.375,7.37,0.5585993153435624,377,263.28125,48.4375,7.031,-1.5707963267948966,480.0,263.28125,62.5,7.031,1.5707963267948966,404.0,269.53125,52.34375,6.987,-0.4636476090008061,452.0,257.03125,58.59375,6.987,2.677945044588987,401.0,257.8125,51.5625,6.72,-2.5213431676069717
430,46.09375,56.25,1.6794980911266557,-3.12,-0.473,6.913,403,39.84375,52.34375,7.37,-2.5829933382462307,483,45.3125,63.28125,7.074,1.6814535479687922,378.0,46.09375,49.21875,7.031,-1.5707963267948966,455.0,39.84375,59.375,6.987,2.677945044588987,457.0,51.5625,60.15625,6.72,0.6202494859828215,405.0,51.5625,53.125,6.298,-0.5191461142465229
431,275.78125,56.25,1.6258992588726187,-3.113,-0.471,6.784,404,269.53125,52.34375,7.37,-2.5829933382462307,380,275.78125,49.21875,7.031,-1.5707963267948966,456.0,269.53125,59.375,6.987,2.677945044588987,459.0,281.25,60.15625,6.72,0.6202494859828215,407.0,281.25,53.125,6.298,-0.5191461142465229,481.0,275.0,62.5,6.298,1.695151321341658
432,57.03125,57.03125,1.638435943124969,-0.795,-0.507,7.043,406,63.28125,53.125,7.37,-0.5585993153435624,484,57.03125,64.0625,7.031,1.5707963267948966,458.0,63.28125,60.15625,6.987,0.4636476090008061,405.0,51.5625,53.125,6.72,-2.5213431676069717,379.0,57.8125,49.21875,7.851,-1.4711276743037347,457.0,51.5625,60.15625,6.298,2.62244653934327
433,68.75,57.03125,1.6912701886653843,0.022,-0.473,6.913,460,75.0,60.9375,7.37,0.5585993153435624,381,69.53125,50.0,7.074,-1.460139105621001,485.0,68.75,64.0625,7.031,1.5707963267948966,408.0,75.0,53.90625,6.987,-0.4636476090008061,406.0,63.28125,53.125,6.72,-2.5213431676069717,458.0,63.28125,60.15625,6.298,2.62244653934327
434,80.46875,57.8125,1.6825531762254917,-1.226,-0.524,6.906,409,86.71875,53.90625,7.37,-0.5585993153435624,382,80.46875,50.78125,7.031,-1.5707963267948966,486.0,80.46875,64.84375,7.031,1.5707963267948966,461.0,86.71875,60.9375,6.987,0.4636476090008061,408.0,75.0,53.90625,6.72,-2.5213431676069717,460.0,75.0,60.9375,6.298,2.62244653934327
435,92.1875,57.8125,1.7165557396381834,-1.291,-0.514,6.791,410,98.4375,53.90625,7.37,-0.5585993153435624,383,92.1875,50.78125,7.031,-1.5707963267948966,487.0,92.1875,64.84375,7.031,1.5707963267948966,409.0,86.71875,53.90625,6.72,-2.5213431676069717,461.0,86.71875,60.9375,6.298,2.62244653934327,462.0,97.65625,60.9375,6.298,0.5191461142465229
436,103.90625,57.8125,1.722396046477387,1.107,-0.472,6.913,384,103.90625,50.78125,7.031,-1.5707963267948966,488,103.90625,64.84375,7.031,1.5707963267948966,462.0,97.65625,60.9375,6.987,2.677945044588987,413.0,110.15625,54.6875,6.987,-0.4636476090008061,410.0,98.4375,53.90625,6.72,-2.5213431676069717,463.0,109.375,61.71875,6.72,0.6202494859828215
437,115.625,57.8125,1.718298050390151,1.851,-0.514,6.791,463,109.375,61.71875,7.37,2.5829933382462307,385,115.625,50.78125,7.031,-1.5707963267948966,489.0,115.625,64.84375,7.031,1.5707963267948966,464.0,121.09375,61.71875,6.72,0.6202494859828215,414.0,121.09375,54.6875,6.298,-0.5191461142465229,413.0,110.15625,54.6875,6.298,-2.62244653934327
438,127.34375,57.8125,1.712639298560796,1.727,-0.514,7.021,464,121.09375,61.71875,7.37,2.5829933382462307,386,127.34375,50.78125,7.031,-1.5707963267948966,490.0,127.34375,64.84375,7.031,1.5707963267948966,414.0,121.09375,54.6875,6.987,-2.677945044588987,415.0,133.59375,54.6875,6.987,-0.4636476090008061,465.0,132.8125,61.71875,6.72,0.6202494859828215
439,139.0625,57.8125,1.7070243774025355,1.618,-0.505,6.906,465,132.8125,61.71875,7.37,2.5829933382462307,387,139.0625,50.78125,7.031,-1.5707963267948966,491.0,139.0625,64.84375,7.031,1.5707963267948966,416.0,145.3125,54.6875,6.987,-0.4636476090008061,466.0,144.53125,61.71875,6.72,0.6202494859828215,415.0,133.59375,54.6875,6.298,-2.62244653934327
440,150.78125,57.8125,1.7019698820627818,1.349,-0.515,7.014,466,144.53125,61.71875,7.37,2.5829933382462307,467,157.03125,61.71875,7.37,0.5585993153435624,492.0,150.78125,64.84375,7.031,1.5707963267948966,388.0,150.78125,50.78125,7.031,-1.5707963267948966,417.0,157.03125,54.6875,6.987,-0.4636476090008061,416.0,145.3125,54.6875,6.298,-2.62244653934327
441,162.5,57.8125,1.6972525915274543,1.225,0.523,6.906,468,168.75,61.71875,7.37,0.5585993153435624,389,162.5,50.78125,7.031,-1.5707963267948966,493.0,162.5,64.84375,7.031,1.5707963267948966,418.0,168.75,54.6875,6.987,-0.4636476090008061,467.0,157.03125,61.71875,6.72,2.5213431676069717,417.0,157.03125,54.6875,6.298,-2.62244653934327
442,174.21875,57.8125,1.6919664768728924,1.225,0.523,6.906,469,180.46875,61.71875,7.37,0.5585993153435624,390,174.21875,50.78125,7.031,-1.5707963267948966,494.0,174.21875,64.84375,7.031,1.5707963267948966,419.0,180.46875,54.6875,6.987,-0.4636476090008061,468.0,168.75,61.71875,6.72,2.5213431676069717,418.0,168.75,54.6875,6.298,-2.62244653934327
443,185.9375,57.8125,1.6843310459310323,1.225,0.523,6.906,470,192.1875,61.71875,7.37,0.5585993153435624,391,185.9375,50.78125,7.031,-1.5707963267948966,495.0,185.9375,64.84375,7.031,1.5707963267948966,420.0,192.1875,54.6875,6.987,-0.4636476090008061,469.0,180.46875,61.71875,6.72,2.5213431676069717,419.0,180.46875,54.6875,6.298,-2.62244653934327
444,197.65625,57.8125,1.6712972039686311,0.794,-0.506,6.913,471,203.90625,61.71875,7.37,0.5585993153435624,392,198.4375,50.78125,7.074,-1.460139105621001,496.0,197.65625,64.84375,7.031,1.5707963267948966,421.0,203.90625,54.6875,6.987,-0.4636476090008061,470.0,192.1875,61.71875,6.72,2.5213431676069717,420.0,192.1875,54.6875,6.298,-2.62244653934327
445,209.375,57.8125,1.6478725289285068,0.794,-0.506,6.913,472,215.625,61.71875,7.37,0.5585993153435624,393,210.15625,50.78125,7.074,-1.460139105621001,497.0,209.375,64.84375,7.031,1.5707963267948966,422.0,215.625,54.6875,6.987,-0.4636476090008061,471.0,203.90625,61.71875,6.72,2.5213431676069717,421.0,203.90625,54.6875,6.298,-2.62244653934327
446,221.875,57.8125,1.6364021211239421,2.383,-0.505,6.913,472,215.625,61.71875,7.37,2.5829933382462307,498,221.09375,64.84375,7.074,1.6814535479687922,394.0,221.875,50.78125,7.031,-1.5707963267948966,422.0,215.625,54.6875,6.987,-2.677945044588987,473.0,227.34375,61.71875,6.72,0.6202494859828215,423.0,227.34375,54.6875,6.298,-0.5191461142465229
447,233.59375,57.8125,1.6475218622422716,2.383,-0.505,6.913,473,227.34375,61.71875,7.37,2.5829933382462307,499,232.8125,64.84375,7.074,1.6814535479687922,395.0,233.59375,50.78125,7.031,-1.5707963267948966,423.0,227.34375,54.6875,6.987,-2.677945044588987,474.0,239.0625,61.71875,6.72,0.6202494859828215,424.0,239.0625,54.6875,6.298,-0.5191461142465229
448,287.5,57.8125,1.6575216247212337,-1.535,-0.462,7.151,476,293.75,61.71875,7.37,0.5585993153435624,396,287.5,50.78125,7.031,-1.5707963267948966,501.0,287.5,64.84375,7.031,1.5707963267948966,426.0,293.75,54.6875,6.987,-0.4636476090008061,407.0,281.25,53.125,7.812,-2.498091544796509,459.0,281.25,60.15625,6.675,2.782821983319221
449,5.46875,58.59375,1.7142416438040817,0.0,-0.524,6.954,397,5.46875,51.5625,7.031,-1.5707963267948966,411,0.0,54.6875,6.72,-2.5213431676069717,412.0,10.9375,54.6875,6.72,-0.6202494859828215,477.0,0.0,62.5,6.72,2.5213431676069717,478.0,10.9375,62.5,6.72,0.6202494859828215,505.0,5.46875,66.40625,7.812,1.5707963267948966
450,17.1875,58.59375,1.666384314117778,1.734,-0.508,7.1,412,10.9375,54.6875,7.37,-2.5829933382462307,478,10.9375,62.5,7.37,2.5829933382462307,398.0,17.1875,51.5625,7.031,-1.5707963267948966,479.0,22.65625,62.5,6.72,0.6202494859828215,506.0,17.1875,66.40625,7.812,1.5707963267948966,427.0,22.65625,55.46875,6.298,-0.5191461142465229
451,245.3125,58.59375,1.6461476871779877,-1.792,-0.515,6.884,424,239.0625,54.6875,7.37,-2.5829933382462307,425,251.5625,54.6875,7.37,-0.5585993153435624,400.0,245.3125,51.5625,7.031,-1.5707963267948966,474.0,239.0625,61.71875,6.987,2.677945044588987,475.0,250.78125,61.71875,6.298,0.5191461142465229,500.0,245.3125,64.84375,6.25,1.5707963267948966
452,257.03125,58.59375,1.6830890293233751,-0.303,-0.464,7.028,480,263.28125,62.5,7.37,0.5585993153435624,401,257.8125,51.5625,7.074,-1.460139105621001,502.0,257.03125,65.625,7.031,1.5707963267948966,429.0,263.28125,55.46875,6.987,-0.4636476090008061,475.0,250.78125,61.71875,6.987,2.677945044588987,425.0,251.5625,54.6875,6.72,-2.5213431676069717
453,299.21875,58.59375,1.6214560110520488,-3.092,0.298,6.77,402,299.21875,51.5625,7.031,-1.5707963267948966,504,299.21875,65.625,7.031,1.5707963267948966,426.0,293.75,54.6875,6.72,-2.5213431676069717,476.0,293.75,61.71875,6.298,2.62244653934327,,,,,,,,,,
454,28.125,59.375,1.6618558613360404,-0.615,-0.491,7.107,428,34.375,55.46875,7.37,-0.5585993153435624,482,34.375,63.28125,7.37,0.5585993153435624,507.0,28.125,66.40625,7.031,1.5707963267948966,427.0,22.65625,55.46875,6.72,-2.5213431676069717,399.0,28.90625,51.5625,7.851,-1.4711276743037347,479.0,22.65625,62.5,6.298,2.62244653934327
455,39.84375,59.375,1.7112395164679168,1.028,-0.497,6.998,403,39.84375,52.34375,7.031,-1.5707963267948966,430,46.09375,56.25,6.987,-0.4636476090008061,428.0,34.375,55.46875,6.72,-2.5213431676069717,482.0,34.375,63.28125,6.72,2.5213431676069717,483.0,45.3125,63.28125,6.72,0.6202494859828215,508.0,39.84375,67.1875,7.812,1.5707963267948966
456,269.53125,59.375,1.5916780590300696,-2.761,-0.479,6.829,429,263.28125,55.46875,7.37,-2.5829933382462307,404,269.53125,52.34375,7.031,-1.5707963267948966,431.0,275.78125,56.25,6.987,-0.4636476090008061,480.0,263.28125,62.5,6.987,2.677945044588987,481.0,275.0,62.5,6.298,0.5191461142465229,503.0,268.75,65.625,6.298,1.695151321341658
457,51.5625,60.15625,1.7111771709202896,-2.063,-0.481,6.798,405,51.5625,53.125,7.031,-1.5707963267948966,509,51.5625,67.1875,7.031,1.5707963267948966,483.0,45.3125,63.28125,6.987,2.677945044588987,430.0,46.09375,56.25,6.72,-2.5213431676069717,484.0,57.03125,64.0625,6.72,0.6202494859828215,432.0,57.03125,57.03125,6.298,-0.5191461142465229
458,63.28125,60.15625,1.651684694460381,1.916,-0.524,7.036,484,57.03125,64.0625,7.37,2.5829933382462307,406,63.28125,53.125,7.031,-1.5707963267948966,432.0,57.03125,57.03125,6.987,-2.677945044588987,485.0,68.75,64.0625,6.72,0.6202494859828215,511.0,63.28125,67.96875,7.812,1.5707963267948966,433.0,68.75,57.03125,6.298,-0.5191461142465229
459,281.25,60.15625,1.6395473538421659,2.202,-0.432,6.99,407,281.25,53.125,7.031,-1.5707963267948966,510,281.25,67.1875,7.031,1.5707963267948966,431.0,275.78125,56.25,6.72,-2.5213431676069717,501.0,287.5,64.84375,7.812,0.6435011087932844,481.0,275.0,62.5,6.675,2.782821983319221,448.0,287.5,57.8125,6.675,-0.35877067027057225
460,75.0,60.9375,1.6856082894722957,-3.12,-0.473,6.913,433,68.75,57.03125,7.37,-2.5829933382462307,512,74.21875,67.96875,7.074,1.6814535479687922,408.0,75.0,53.90625,7.031,-1.5707963267948966,485.0,68.75,64.0625,6.987,2.677945044588987,486.0,80.46875,64.84375,6.72,0.6202494859828215,434.0,80.46875,57.8125,6.298,-0.5191461142465229
461,86.71875,60.9375,1.655052815421229,2.383,-0.505,6.913,486,80.46875,64.84375,7.37,2.5829933382462307,513,85.9375,67.96875,7.074,1.6814535479687922,409.0,86.71875,53.90625,7.031,-1.5707963267948966,434.0,80.46875,57.8125,6.987,-2.677945044588987,487.0,92.1875,64.84375,6.72,0.6202494859828215,435.0,92.1875,57.8125,6.298,-0.5191461142465229
462,97.65625,60.9375,1.6214299159919785,0.794,-0.506,6.913,488,103.90625,64.84375,7.37,0.5585993153435624,410,98.4375,53.90625,7.074,-1.460139105621001,514.0,97.65625,67.96875,7.031,1.5707963267948966,436.0,103.90625,57.8125,6.987,-0.4636476090008061,487.0,92.1875,64.84375,6.72,2.5213431676069717,435.0,92.1875,57.8125,6.298,-2.62244653934327
463,109.375,61.71875,1.6192823742843616,-0.759,-0.505,6.783,437,115.625,57.8125,7.37,-0.5585993153435624,413,110.15625,54.6875,7.074,-1.460139105621001,489.0,115.625,64.84375,6.987,0.4636476090008061,436.0,103.90625,57.8125,6.72,-2.5213431676069717,488.0,103.90625,64.84375,6.298,2.62244653934327,515.0,109.375,67.96875,6.25,1.5707963267948966
464,121.09375,61.71875,1.6366715774868772,-1.226,-0.524,6.776,438,127.34375,57.8125,7.37,-0.5585993153435624,414,121.09375,54.6875,7.031,-1.5707963267948966,490.0,127.34375,64.84375,6.987,0.4636476090008061,437.0,115.625,57.8125,6.72,-2.5213431676069717,489.0,115.625,64.84375,6.298,2.62244653934327,516.0,121.09375,67.96875,6.25,1.5707963267948966
465,132.8125,61.71875,1.641433760407834,-0.759,-0.505,6.913,439,139.0625,57.8125,7.37,-0.5585993153435624,415,133.59375,54.6875,7.074,-1.460139105621001,517.0,132.8125,68.75,7.031,1.5707963267948966,491.0,139.0625,64.84375,6.987,0.4636476090008061,438.0,127.34375,57.8125,6.72,-2.5213431676069717,490.0,127.34375,64.84375,6.298,2.62244653934327
466,144.53125,61.71875,1.6372478199579368,-0.759,-0.505,6.913,440,150.78125,57.8125,7.37,-0.5585993153435624,416,145.3125,54.6875,7.074,-1.460139105621001,518.0,144.53125,68.75,7.031,1.5707963267948966,492.0,150.78125,64.84375,6.987,0.4636476090008061,439.0,139.0625,57.8125,6.72,-2.5213431676069717,491.0,139.0625,64.84375,6.298,2.62244653934327
467,157.03125,61.71875,1.6365412806380668,-2.348,-0.506,6.913,440,150.78125,57.8125,7.37,-2.5829933382462307,519,156.25,68.75,7.074,1.6814535479687922,417.0,157.03125,54.6875,7.031,-1.5707963267948966,492.0,150.78125,64.84375,6.987,2.677945044588987,441.0,162.5,57.8125,6.72,-0.6202494859828215,493.0,162.5,64.84375,6.298,0.5191461142465229
468,168.75,61.71875,1.6455208378500668,-2.348,-0.506,6.913,441,162.5,57.8125,7.37,-2.5829933382462307,520,167.96875,68.75,7.074,1.6814535479687922,418.0,168.75,54.6875,7.031,-1.5707963267948966,493.0,162.5,64.84375,6.987,2.677945044588987,442.0,174.21875,57.8125,6.72,-0.6202494859828215,494.0,174.21875,64.84375,6.298,0.5191461142465229
469,180.46875,61.71875,1.6519997768525734,-2.348,-0.506,6.913,442,174.21875,57.8125,7.37,-2.5829933382462307,521,179.6875,68.75,7.074,1.6814535479687922,419.0,180.46875,54.6875,7.031,-1.5707963267948966,494.0,174.21875,64.84375,6.987,2.677945044588987,443.0,185.9375,57.8125,6.72,-0.6202494859828215,495.0,185.9375,64.84375,6.298,0.5191461142465229
470,192.1875,61.71875,1.6574729536636372,-1.917,0.523,6.906,443,185.9375,57.8125,7.37,-2.5829933382462307,420,192.1875,54.6875,7.031,-1.5707963267948966,522.0,192.1875,68.75,7.031,1.5707963267948966,495.0,185.9375,64.84375,6.987,2.677945044588987,444.0,197.65625,57.8125,6.72,-0.6202494859828215,496.0,197.65625,64.84375,6.298,0.5191461142465229
471,203.90625,61.71875,1.6640207353953225,-1.917,0.523,6.906,444,197.65625,57.8125,7.37,-2.5829933382462307,421,203.90625,54.6875,7.031,-1.5707963267948966,523.0,203.90625,68.75,7.031,1.5707963267948966,496.0,197.65625,64.84375,6.987,2.677945044588987,445.0,209.375,57.8125,6.72,-0.6202494859828215,497.0,209.375,64.84375,6.298,0.5191461142465229
472,215.625,61.71875,1.673312437089605,-1.792,-0.515,7.014,445,209.375,57.8125,7.37,-2.5829933382462307,446,221.875,57.8125,7.37,-0.5585993153435624,422.0,215.625,54.6875,7.031,-1.5707963267948966,524.0,215.625,68.75,7.031,1.5707963267948966,497.0,209.375,64.84375,6.987,2.677945044588987,498.0,221.09375,64.84375,6.298,0.5191461142465229
473,227.34375,61.71875,1.684178532773512,-1.523,-0.505,6.906,447,233.59375,57.8125,7.37,-0.5585993153435624,423,227.34375,54.6875,7.031,-1.5707963267948966,525.0,227.34375,68.75,7.031,1.5707963267948966,498.0,221.09375,64.84375,6.987,2.677945044588987,446.0,221.875,57.8125,6.72,-2.5213431676069717,499.0,232.8125,64.84375,6.298,0.5191461142465229
474,239.0625,61.71875,1.6868596772131614,-1.029,-0.498,6.957,424,239.0625,54.6875,7.031,-1.5707963267948966,526,239.0625,68.75,7.031,1.5707963267948966,499.0,232.8125,64.84375,6.987,2.677945044588987,451.0,245.3125,58.59375,6.987,-0.4636476090008061,500.0,245.3125,64.84375,6.987,0.4636476090008061,447.0,233.59375,57.8125,6.72,-2.5213431676069717
475,250.78125,61.71875,1.6492834763459432,0.652,-0.49,6.843,502,257.03125,65.625,7.37,0.5585993153435624,425,251.5625,54.6875,7.074,-1.460139105621001,527.0,250.78125,68.75,7.031,1.5707963267948966,452.0,257.03125,58.59375,6.987,-0.4636476090008061,500.0,245.3125,64.84375,6.298,2.62244653934327,451.0,245.3125,58.59375,6.298,-2.62244653934327
476,293.75,61.71875,1.6185534508795951,-3.126,-0.475,7.043,448,287.5,57.8125,7.37,-2.5829933382462307,426,293.75,54.6875,7.031,-1.5707963267948966,501.0,287.5,64.84375,6.987,2.677945044588987,504.0,299.21875,65.625,6.72,0.6202494859828215,532.0,292.96875,69.53125,7.851,1.6704649792860586,453.0,299.21875,58.59375,6.298,-0.5191461142465229
477,0.0,62.5,1.6519722426505803,0.0,-0.262,7.071,529,0.0,69.53125,7.031,1.5707963267948966,449,5.46875,58.59375,6.72,-0.6202494859828215,505.0,5.46875,66.40625,6.72,0.6202494859828215,411.0,0.0,54.6875,7.812,-1.5707963267948966,,,,,,,,,,
478,10.9375,62.5,1.7085127732086007,0.0,-0.524,7.17,450,17.1875,58.59375,7.37,-0.5585993153435624,506,17.1875,66.40625,7.37,0.5585993153435624,530.0,10.9375,69.53125,7.031,1.5707963267948966,449.0,5.46875,58.59375,6.72,-2.5213431676069717,505.0,5.46875,66.40625,6.72,2.5213431676069717,412.0,10.9375,54.6875,7.812,-1.5707963267948966
479,22.65625,62.5,1.7108041390890196,1.001,-0.507,6.884,427,22.65625,55.46875,7.031,-1.5707963267948966,450,17.1875,58.59375,6.72,-2.5213431676069717,506.0,17.1875,66.40625,6.72,2.5213431676069717,507.0,28.125,66.40625,6.72,0.6202494859828215,533.0,22.65625,70.3125,7.812,1.5707963267948966,454.0,28.125,59.375,6.298,-0.5191461142465229
480,263.28125,62.5,1.6142107603169757,-2.761,-0.479,6.829,452,257.03125,58.59375,7.37,-2.5829933382462307,429,263.28125,55.46875,7.031,-1.5707963267948966,456.0,269.53125,59.375,6.987,-0.4636476090008061,502.0,257.03125,65.625,6.987,2.677945044588987,503.0,268.75,65.625,6.298,0.5191461142465229,528.0,262.5,68.75,6.298,1.695151321341658
481,275.0,62.5,1.6159981853234588,1.131,-0.446,6.85,531,275.0,69.53125,7.031,1.5707963267948966,503,268.75,65.625,6.987,2.677945044588987,510.0,281.25,67.1875,7.812,0.6435011087932844,459.0,281.25,60.15625,6.675,-0.35877067027057225,431.0,275.78125,56.25,6.298,-1.446441332248135,456.0,269.53125,59.375,6.298,-2.62244653934327
482,34.375,63.28125,1.6524694043883221,-2.766,-0.488,7.114,454,28.125,59.375,7.37,-2.5829933382462307,534,33.59375,70.3125,7.074,1.6814535479687922,507.0,28.125,66.40625,6.987,2.677945044588987,455.0,39.84375,59.375,6.72,-0.6202494859828215,508.0,39.84375,67.1875,6.72,0.6202494859828215,428.0,34.375,55.46875,7.812,-1.5707963267948966
483,45.3125,63.28125,1.684627836269622,0.375,-0.488,6.984,509,51.5625,67.1875,7.37,0.5585993153435624,430,46.09375,56.25,7.074,-1.460139105621001,535.0,45.3125,70.3125,7.031,1.5707963267948966,457.0,51.5625,60.15625,6.987,-0.4636476090008061,508.0,39.84375,67.1875,6.72,2.5213431676069717,455.0,39.84375,59.375,6.72,-2.5213431676069717
484,57.03125,64.0625,1.6967892854673197,-1.408,-0.508,6.97,458,63.28125,60.15625,7.37,-0.5585993153435624,511,63.28125,67.96875,7.37,0.5585993153435624,536.0,57.03125,71.09375,7.031,1.5707963267948966,432.0,57.03125,57.03125,7.031,-1.5707963267948966,457.0,51.5625,60.15625,6.72,-2.5213431676069717,509.0,51.5625,67.1875,6.298,2.62244653934327
485,68.75,64.0625,1.7106915171992285,1.028,-0.497,6.868,433,68.75,57.03125,7.031,-1.5707963267948966,537,68.75,71.09375,7.031,1.5707963267948966,460.0,75.0,60.9375,6.987,-0.4636476090008061,458.0,63.28125,60.15625,6.72,-2.5213431676069717,511.0,63.28125,67.96875,6.72,2.5213431676069717,512.0,74.21875,67.96875,6.72,0.6202494859828215
486,80.46875,64.84375,1.6833895640010763,-1.523,-0.505,6.906,461,86.71875,60.9375,7.37,-0.5585993153435624,434,80.46875,57.8125,7.031,-1.5707963267948966,538.0,80.46875,71.875,7.031,1.5707963267948966,512.0,74.21875,67.96875,6.987,2.677945044588987,460.0,75.0,60.9375,6.72,-2.5213431676069717,513.0,85.9375,67.96875,6.298,0.5191461142465229
487,92.1875,64.84375,1.713261717574325,-1.69,-0.514,6.798,435,92.1875,57.8125,7.031,-1.5707963267948966,539,92.1875,71.875,7.031,1.5707963267948966,513.0,85.9375,67.96875,6.987,2.677945044588987,461.0,86.71875,60.9375,6.72,-2.5213431676069717,462.0,97.65625,60.9375,6.72,-0.6202494859828215,514.0,97.65625,67.96875,6.298,0.5191461142465229
488,103.90625,64.84375,1.7190582929221674,-1.643,-0.508,6.836,462,97.65625,60.9375,7.37,-2.5829933382462307,436,103.90625,57.8125,7.031,-1.5707963267948966,540.0,103.90625,71.875,7.031,1.5707963267948966,514.0,97.65625,67.96875,6.987,2.677945044588987,463.0,109.375,61.71875,6.298,-0.5191461142465229,515.0,109.375,67.96875,6.298,0.5191461142465229
489,115.625,64.84375,1.7189134238714088,3.141,-0.524,6.772,437,115.625,57.8125,7.031,-1.5707963267948966,541,115.625,71.875,7.031,1.5707963267948966,515.0,109.375,67.96875,6.987,2.677945044588987,463.0,109.375,61.71875,6.987,-2.677945044588987,464.0,121.09375,61.71875,6.298,-0.5191461142465229,516.0,121.09375,67.96875,6.298,0.5191461142465229
490,127.34375,64.84375,1.717820942812189,2.469,-0.507,6.842,438,127.34375,57.8125,7.031,-1.5707963267948966,542,127.34375,71.875,7.031,1.5707963267948966,516.0,121.09375,67.96875,6.987,2.677945044588987,464.0,121.09375,61.71875,6.987,-2.677945044588987,517.0,132.8125,68.75,6.72,0.6202494859828215,465.0,132.8125,61.71875,6.298,-0.5191461142465229
491,139.0625,64.84375,1.7168350422759082,1.916,-0.524,6.906,517,132.8125,68.75,7.37,2.5829933382462307,439,139.0625,57.8125,7.031,-1.5707963267948966,543.0,139.0625,71.875,7.031,1.5707963267948966,465.0,132.8125,61.71875,6.987,-2.677945044588987,518.0,144.53125,68.75,6.72,0.6202494859828215,466.0,144.53125,61.71875,6.298,-0.5191461142465229
492,150.78125,64.84375,1.7158981618224243,1.727,-0.514,7.021,518,144.53125,68.75,7.37,2.5829933382462307,440,150.78125,57.8125,7.031,-1.5707963267948966,544.0,150.78125,71.875,7.031,1.5707963267948966,466.0,144.53125,61.71875,6.987,-2.677945044588987,467.0,157.03125,61.71875,6.987,-0.4636476090008061,519.0,156.25,68.75,6.72,0.6202494859828215
493,162.5,64.84375,1.714750091601871,1.618,-0.505,6.906,519,156.25,68.75,7.37,2.5829933382462307,441,162.5,57.8125,7.031,-1.5707963267948966,545.0,162.5,71.875,7.031,1.5707963267948966,468.0,168.75,61.71875,6.987,-0.4636476090008061,520.0,167.96875,68.75,6.72,0.6202494859828215,467.0,157.03125,61.71875,6.298,-2.62244653934327
494,174.21875,64.84375,1.7130079797135473,1.618,-0.505,6.906,520,167.96875,68.75,7.37,2.5829933382462307,442,174.21875,57.8125,7.031,-1.5707963267948966,546.0,174.21875,71.875,7.031,1.5707963267948966,469.0,180.46875,61.71875,6.987,-0.4636476090008061,521.0,179.6875,68.75,6.72,0.6202494859828215,468.0,168.75,61.71875,6.298,-2.62244653934327
495,185.9375,64.84375,1.709998793272864,1.349,-0.515,7.014,521,179.6875,68.75,7.37,2.5829933382462307,522,192.1875,68.75,7.37,0.5585993153435624,547.0,185.9375,71.875,7.031,1.5707963267948966,443.0,185.9375,57.8125,7.031,-1.5707963267948966,470.0,192.1875,61.71875,6.987,-0.4636476090008061,469.0,180.46875,61.71875,6.298,-2.62244653934327
496,197.65625,64.84375,1.7044954212057637,1.225,0.523,6.906,523,203.90625,68.75,7.37,0.5585993153435624,444,197.65625,57.8125,7.031,-1.5707963267948966,548.0,197.65625,71.875,7.031,1.5707963267948966,471.0,203.90625,61.71875,6.987,-0.4636476090008061,522.0,192.1875,68.75,6.72,2.5213431676069717,470.0,192.1875,61.71875,6.298,-2.62244653934327
497,209.375,64.84375,1.6940989612668993,1.225,0.523,6.906,524,215.625,68.75,7.37,0.5585993153435624,445,209.375,57.8125,7.031,-1.5707963267948966,549.0,209.375,71.875,7.031,1.5707963267948966,472.0,215.625,61.71875,6.987,-0.4636476090008061,523.0,203.90625,68.75,6.72,2.5213431676069717,471.0,203.90625,61.71875,6.298,-2.62244653934327
498,221.09375,64.84375,1.6736101178757223,0.794,-0.506,6.913,525,227.34375,68.75,7.37,0.5585993153435624,446,221.875,57.8125,7.074,-1.460139105621001,550.0,221.09375,71.875,7.031,1.5707963267948966,473.0,227.34375,61.71875,6.987,-0.4636476090008061,524.0,215.625,68.75,6.72,2.5213431676069717,472.0,215.625,61.71875,6.298,-2.62244653934327
499,232.8125,64.84375,1.6312328286606481,0.794,-0.506,6.913,526,239.0625,68.75,7.37,0.5585993153435624,447,233.59375,57.8125,7.074,-1.460139105621001,551.0,232.8125,71.875,7.031,1.5707963267948966,474.0,239.0625,61.71875,6.987,-0.4636476090008061,525.0,227.34375,68.75,6.72,2.5213431676069717,473.0,227.34375,61.71875,6.298,-2.62244653934327
500,245.3125,64.84375,1.60825196611933,2.383,-0.505,6.783,526,239.0625,68.75,7.37,2.5829933382462307,552,244.53125,71.875,7.074,1.6814535479687922,474.0,239.0625,61.71875,6.987,-2.677945044588987,527.0,250.78125,68.75,6.72,0.6202494859828215,475.0,250.78125,61.71875,6.298,-0.5191461142465229,451.0,245.3125,58.59375,6.25,-1.5707963267948966
501,287.5,64.84375,1.622027596180946,-2.864,-0.42,7.389,532,292.96875,69.53125,7.202,0.7086262721276703,448,287.5,57.8125,7.031,-1.5707963267948966,476.0,293.75,61.71875,6.987,-0.4636476090008061,459.0,281.25,60.15625,7.812,-2.498091544796509,510.0,281.25,67.1875,6.675,2.782821983319221,558.0,286.71875,73.4375,8.629,1.6614562139956417
502,257.03125,65.625,1.6703274528234864,-1.032,-0.499,6.951,475,250.78125,61.71875,7.37,-2.5829933382462307,452,257.03125,58.59375,7.031,-1.5707963267948966,553.0,257.03125,72.65625,7.031,1.5707963267948966,480.0,263.28125,62.5,6.987,-0.4636476090008061,527.0,250.78125,68.75,6.987,2.677945044588987,528.0,262.5,68.75,6.298,0.5191461142465229
503,268.75,65.625,1.6584477036386407,0.381,-0.479,6.829,531,275.0,69.53125,7.37,0.5585993153435624,554,268.75,72.65625,7.031,1.5707963267948966,528.0,262.5,68.75,6.987,2.677945044588987,481.0,275.0,62.5,6.987,-0.4636476090008061,456.0,269.53125,59.375,6.298,-1.446441332248135,480.0,263.28125,62.5,6.298,-2.62244653934327
504,299.21875,65.625,1.5711805722781973,-3.111,0.283,7.233,532,292.96875,69.53125,7.37,2.5829933382462307,453,299.21875,58.59375,7.031,-1.5707963267948966,476.0,293.75,61.71875,6.72,-2.5213431676069717,559.0,299.21875,73.4375,7.812,1.5707963267948966,,,,,,,,,,
505,5.46875,66.40625,1.6864681708535283,-1.571,-0.524,6.813,556,5.46875,73.4375,7.031,1.5707963267948966,477,0.0,62.5,6.72,-2.5213431676069717,478.0,10.9375,62.5,6.72,-0.6202494859828215,449.0,5.46875,58.59375,7.812,-1.5707963267948966,529.0,0.0,69.53125,6.298,2.62244653934327,530.0,10.9375,69.53125,6.298,0.5191461142465229
506,17.1875,66.40625,1.649736719631675,-2.766,-0.488,7.114,478,10.9375,62.5,7.37,-2.5829933382462307,557,16.40625,73.4375,7.074,1.6814535479687922,530.0,10.9375,69.53125,6.987,2.677945044588987,479.0,22.65625,62.5,6.72,-0.6202494859828215,533.0,22.65625,70.3125,6.72,0.6202494859828215,450.0,17.1875,58.59375,7.812,-1.5707963267948966
507,28.125,66.40625,1.709870684032533,1.028,-0.497,6.998,454,28.125,59.375,7.031,-1.5707963267948966,482,34.375,63.28125,6.987,-0.4636476090008061,479.0,22.65625,62.5,6.72,-2.5213431676069717,533.0,22.65625,70.3125,6.72,2.5213431676069717,534.0,33.59375,70.3125,6.72,0.6202494859828215,560.0,28.125,74.21875,7.812,1.5707963267948966
508,39.84375,67.1875,1.6701478044386682,-1.69,-0.514,6.928,561,39.84375,74.21875,7.031,1.5707963267948966,534,33.59375,70.3125,6.987,2.677945044588987,483.0,45.3125,63.28125,6.72,-0.6202494859828215,482.0,34.375,63.28125,6.72,-2.5213431676069717,455.0,39.84375,59.375,7.812,-1.5707963267948966,535.0,45.3125,70.3125,6.298,0.5191461142465229
509,51.5625,67.1875,1.6917811408100756,3.103,-0.492,6.906,483,45.3125,63.28125,7.37,-2.5829933382462307,457,51.5625,60.15625,7.031,-1.5707963267948966,562.0,51.5625,74.21875,7.031,1.5707963267948966,535.0,45.3125,70.3125,6.987,2.677945044588987,536.0,57.03125,71.09375,6.72,0.6202494859828215,484.0,57.03125,64.0625,6.298,-0.5191461142465229
510,281.25,67.1875,1.5494883405180788,-1.737,-0.444,7.299,459,281.25,60.15625,7.031,-1.5707963267948966,481,275.0,62.5,7.812,-2.498091544796509,501.0,287.5,64.84375,6.675,-0.35877067027057225,531.0,275.0,69.53125,6.675,2.782821983319221,558.0,286.71875,73.4375,8.304,0.8519663271732721,,,,,
511,63.28125,67.96875,1.6070860107079183,-2.348,-0.506,7.044,484,57.03125,64.0625,7.37,-2.5829933382462307,563,62.5,75.0,7.074,1.6814535479687922,536.0,57.03125,71.09375,6.987,2.677945044588987,485.0,68.75,64.0625,6.72,-0.6202494859828215,458.0,63.28125,60.15625,7.812,-1.5707963267948966,537.0,68.75,71.09375,6.298,0.5191461142465229
512,74.21875,67.96875,1.6733355099386833,0.022,-0.473,6.913,538,80.46875,71.875,7.37,0.5585993153435624,460,75.0,60.9375,7.074,-1.460139105621001,564.0,74.21875,75.0,7.031,1.5707963267948966,486.0,80.46875,64.84375,6.987,-0.4636476090008061,485.0,68.75,64.0625,6.72,-2.5213431676069717,537.0,68.75,71.09375,6.298,2.62244653934327
513,85.9375,67.96875,1.6731701010514168,0.794,-0.506,6.913,539,92.1875,71.875,7.37,0.5585993153435624,461,86.71875,60.9375,7.074,-1.460139105621001,565.0,85.9375,75.0,7.031,1.5707963267948966,487.0,92.1875,64.84375,6.987,-0.4636476090008061,538.0,80.46875,71.875,6.72,2.5213431676069717,486.0,80.46875,64.84375,6.298,-2.62244653934327
514,97.65625,67.96875,1.6589267657325748,1.225,0.523,6.906,540,103.90625,71.875,7.37,0.5585993153435624,462,97.65625,60.9375,7.031,-1.5707963267948966,566.0,97.65625,75.0,7.031,1.5707963267948966,488.0,103.90625,64.84375,6.987,-0.4636476090008061,539.0,92.1875,71.875,6.72,2.5213431676069717,487.0,92.1875,64.84375,6.298,-2.62244653934327
515,109.375,67.96875,1.6450701126096123,1.225,0.523,6.776,541,115.625,71.875,7.37,0.5585993153435624,567,109.375,75.0,7.031,1.5707963267948966,489.0,115.625,64.84375,6.987,-0.4636476090008061,540.0,103.90625,71.875,6.72,2.5213431676069717,488.0,103.90625,64.84375,6.298,-2.62244653934327,463.0,109.375,61.71875,6.25,-1.5707963267948966
516,121.09375,67.96875,1.631341621882501,1.225,0.523,6.776,542,127.34375,71.875,7.37,0.5585993153435624,568,121.09375,75.0,7.031,1.5707963267948966,490.0,127.34375,64.84375,6.987,-0.4636476090008061,541.0,115.625,71.875,6.72,2.5213431676069717,489.0,115.625,64.84375,6.298,-2.62244653934327,464.0,121.09375,61.71875,6.25,-1.5707963267948966
517,132.8125,68.75,1.6314479682726655,-1.226,-0.524,6.776,491,139.0625,64.84375,7.37,-0.5585993153435624,465,132.8125,61.71875,7.031,-1.5707963267948966,543.0,139.0625,71.875,6.987,0.4636476090008061,490.0,127.34375,64.84375,6.72,-2.5213431676069717,542.0,127.34375,71.875,6.298,2.62244653934327,569.0,132.8125,75.0,6.25,1.5707963267948966
518,144.53125,68.75,1.630439338910533,-1.226,-0.524,6.776,492,150.78125,64.84375,7.37,-0.5585993153435624,466,144.53125,61.71875,7.031,-1.5707963267948966,544.0,150.78125,71.875,6.987,0.4636476090008061,491.0,139.0625,64.84375,6.72,-2.5213431676069717,543.0,139.0625,71.875,6.298,2.62244653934327,570.0,144.53125,75.0,6.25,1.5707963267948966
519,156.25,68.75,1.6246421331122334,-0.759,-0.505,6.783,493,162.5,64.84375,7.37,-0.5585993153435624,467,157.03125,61.71875,7.074,-1.460139105621001,545.0,162.5,71.875,6.987,0.4636476090008061,492.0,150.78125,64.84375,6.72,-2.5213431676069717,544.0,150.78125,71.875,6.298,2.62244653934327,571.0,156.25,75.0,6.25,1.5707963267948966
520,167.96875,68.75,1.6152058536532294,-0.759,-0.505,6.783,494,174.21875,64.84375,7.37,-0.5585993153435624,468,168.75,61.71875,7.074,-1.460139105621001,546.0,174.21875,71.875,6.987,0.4636476090008061,493.0,162.5,64.84375,6.72,-2.5213431676069717,545.0,162.5,71.875,6.298,2.62244653934327,572.0,167.96875,75.0,6.25,1.5707963267948966
521,179.6875,68.75,1.6028039431658498,-0.759,-0.505,6.783,495,185.9375,64.84375,7.37,-0.5585993153435624,469,180.46875,61.71875,7.074,-1.460139105621001,547.0,185.9375,71.875,6.987,0.4636476090008061,494.0,174.21875,64.84375,6.72,-2.5213431676069717,546.0,174.21875,71.875,6.298,2.62244653934327,573.0,179.6875,75.0,6.25,1.5707963267948966
522,192.1875,68.75,1.5949829691580433,-2.381,-0.504,6.784,495,185.9375,64.84375,7.37,-2.5829933382462307,470,192.1875,61.71875,7.031,-1.5707963267948966,547.0,185.9375,71.875,6.987,2.677945044588987,496.0,197.65625,64.84375,6.72,-0.6202494859828215,548.0,197.65625,71.875,6.298,0.5191461142465229,574.0,191.40625,75.0,6.298,1.695151321341658
523,203.90625,68.75,1.602768161932424,-2.381,-0.504,6.784,496,197.65625,64.84375,7.37,-2.5829933382462307,471,203.90625,61.71875,7.031,-1.5707963267948966,548.0,197.65625,71.875,6.987,2.677945044588987,497.0,209.375,64.84375,6.72,-0.6202494859828215,549.0,209.375,71.875,6.298,0.5191461142465229,575.0,203.125,75.0,6.298,1.695151321341658
524,215.625,68.75,1.6195915864814376,-2.381,-0.504,6.784,497,209.375,64.84375,7.37,-2.5829933382462307,472,215.625,61.71875,7.031,-1.5707963267948966,549.0,209.375,71.875,6.987,2.677945044588987,498.0,221.09375,64.84375,6.72,-0.6202494859828215,550.0,221.09375,71.875,6.298,0.5191461142465229,576.0,214.84375,75.0,6.298,1.695151321341658
525,227.34375,68.75,1.6478267821659307,-1.917,0.523,6.776,498,221.09375,64.84375,7.37,-2.5829933382462307,473,227.34375,61.71875,7.031,-1.5707963267948966,550.0,221.09375,71.875,6.987,2.677945044588987,499.0,232.8125,64.84375,6.72,-0.6202494859828215,551.0,232.8125,71.875,6.298,0.5191461142465229,577.0,227.34375,75.0,6.25,1.5707963267948966
526,239.0625,68.75,1.6801541479613638,-1.792,-0.515,7.014,499,232.8125,64.84375,7.37,-2.5829933382462307,500,245.3125,64.84375,7.37,-0.5585993153435624,474.0,239.0625,61.71875,7.031,-1.5707963267948966,578.0,239.0625,75.78125,7.031,1.5707963267948966,551.0,232.8125,71.875,6.987,2.677945044588987,552.0,244.53125,71.875,6.298,0.5191461142465229
527,250.78125,68.75,1.6873199669414582,-0.982,-0.482,7.021,553,257.03125,72.65625,7.37,0.5585993153435624,475,250.78125,61.71875,7.031,-1.5707963267948966,579.0,250.78125,75.78125,7.031,1.5707963267948966,502.0,257.03125,65.625,6.987,-0.4636476090008061,552.0,244.53125,71.875,6.987,2.677945044588987,500.0,245.3125,64.84375,6.72,-2.5213431676069717
528,262.5,68.75,1.6112890683156644,0.76,-0.504,6.784,554,268.75,72.65625,7.37,0.5585993153435624,580,262.5,75.78125,7.031,1.5707963267948966,503.0,268.75,65.625,6.987,-0.4636476090008061,553.0,257.03125,72.65625,6.72,2.5213431676069717,480.0,263.28125,62.5,6.298,-1.446441332248135,502.0,257.03125,65.625,6.298,-2.62244653934327
529,0.0,69.53125,1.6226393843125313,0.05,0.298,6.965,477,0.0,62.5,7.031,-1.5707963267948966,556,5.46875,73.4375,6.72,0.6202494859828215,582.0,0.0,77.34375,7.812,1.5707963267948966,505.0,5.46875,66.40625,6.298,-0.5191461142465229,,,,,,,,,,
530,10.9375,69.53125,1.6705065534171244,1.451,-0.514,6.928,478,10.9375,62.5,7.031,-1.5707963267948966,506,17.1875,66.40625,6.987,-0.4636476090008061,556.0,5.46875,73.4375,6.72,2.5213431676069717,557.0,16.40625,73.4375,6.72,0.6202494859828215,583.0,10.9375,77.34375,7.812,1.5707963267948966,505.0,5.46875,66.40625,6.298,-2.62244653934327
531,275.0,69.53125,1.6103471012321178,0.786,-0.483,6.768,503,268.75,65.625,7.37,-2.5829933382462307,481,275.0,62.5,7.031,-1.5707963267948966,554.0,268.75,72.65625,6.987,2.677945044588987,510.0,281.25,67.1875,6.675,-0.35877067027057225,555.0,280.46875,72.65625,6.298,0.5191461142465229,581.0,275.0,75.78125,6.25,1.5707963267948966
532,292.96875,69.53125,1.6431140507071844,-0.552,-0.485,7.496,501,287.5,64.84375,7.202,-2.432966381462123,504,299.21875,65.625,7.37,-0.5585993153435624,558.0,286.71875,73.4375,7.37,2.5829933382462307,559.0,299.21875,73.4375,7.37,0.5585993153435624,586.0,292.96875,77.34375,7.812,1.5707963267948966,476.0,293.75,61.71875,7.851,-1.4711276743037347
533,22.65625,70.3125,1.6847291829736275,-2.113,-0.497,6.998,584,22.65625,77.34375,7.031,1.5707963267948966,557,16.40625,73.4375,6.987,2.677945044588987,507.0,28.125,66.40625,6.72,-0.6202494859828215,506.0,17.1875,66.40625,6.72,-2.5213431676069717,560.0,28.125,74.21875,6.72,0.6202494859828215,479.0,22.65625,62.5,7.812,-1.5707963267948966
534,33.59375,70.3125,1.6664274471676717,0.375,-0.488,6.984,561,39.84375,74.21875,7.37,0.5585993153435624,482,34.375,63.28125,7.074,-1.460139105621001,585.0,33.59375,77.34375,7.031,1.5707963267948966,508.0,39.84375,67.1875,6.987,-0.4636476090008061,560.0,28.125,74.21875,6.72,2.5213431676069717,507.0,28.125,66.40625,6.72,-2.5213431676069717
535,45.3125,70.3125,1.6756179786434584,1.225,0.523,7.036,562,51.5625,74.21875,7.37,0.5585993153435624,483,45.3125,63.28125,7.031,-1.5707963267948966,509.0,51.5625,67.1875,6.987,-0.4636476090008061,561.0,39.84375,74.21875,6.72,2.5213431676069717,587.0,45.3125,78.125,7.812,1.5707963267948966,508.0,39.84375,67.1875,6.298,-2.62244653934327
536,57.03125,71.09375,1.7186545462551772,1.079,-0.481,6.798,484,57.03125,64.0625,7.031,-1.5707963267948966,588,57.03125,78.125,7.031,1.5707963267948966,511.0,63.28125,67.96875,6.987,-0.4636476090008061,509.0,51.5625,67.1875,6.72,-2.5213431676069717,563.0,62.5,75.0,6.72,0.6202494859828215,562.0,51.5625,74.21875,6.298,2.62244653934327
537,68.75,71.09375,1.7049191318687362,1.851,-0.514,6.791,563,62.5,75.0,7.37,2.5829933382462307,485,68.75,64.0625,7.031,-1.5707963267948966,589.0,68.75,78.125,7.031,1.5707963267948966,564.0,74.21875,75.0,6.72,0.6202494859828215,512.0,74.21875,67.96875,6.298,-0.5191461142465229,511.0,63.28125,67.96875,6.298,-2.62244653934327
538,80.46875,71.875,1.6689537745524943,-1.917,0.523,6.906,512,74.21875,67.96875,7.37,-2.5829933382462307,486,80.46875,64.84375,7.031,-1.5707963267948966,590.0,80.46875,78.90625,7.031,1.5707963267948966,564.0,74.21875,75.0,6.987,2.677945044588987,513.0,85.9375,67.96875,6.72,-0.6202494859828215,565.0,85.9375,75.0,6.298,0.5191461142465229
539,92.1875,71.875,1.6987024671985838,-1.917,0.523,6.906,513,85.9375,67.96875,7.37,-2.5829933382462307,487,92.1875,64.84375,7.031,-1.5707963267948966,591.0,92.1875,78.90625,7.031,1.5707963267948966,565.0,85.9375,75.0,6.987,2.677945044588987,514.0,97.65625,67.96875,6.72,-0.6202494859828215,566.0,97.65625,75.0,6.298,0.5191461142465229
540,103.90625,71.875,1.7077245550584153,-1.917,0.523,6.906,514,97.65625,67.96875,7.37,-2.5829933382462307,488,103.90625,64.84375,7.031,-1.5707963267948966,592.0,103.90625,78.90625,7.031,1.5707963267948966,566.0,97.65625,75.0,6.987,2.677945044588987,515.0,109.375,67.96875,6.72,-0.6202494859828215,567.0,109.375,75.0,6.298,0.5191461142465229
541,115.625,71.875,1.7109974328138984,-1.917,0.523,6.906,515,109.375,67.96875,7.37,-2.5829933382462307,489,115.625,64.84375,7.031,-1.5707963267948966,593.0,115.625,78.90625,7.031,1.5707963267948966,567.0,109.375,75.0,6.987,2.677945044588987,516.0,121.09375,67.96875,6.72,-0.6202494859828215,568.0,121.09375,75.0,6.298,0.5191461142465229
542,127.34375,71.875,1.7129012919411577,-1.643,-0.508,6.836,516,121.09375,67.96875,7.37,-2.5829933382462307,490,127.34375,64.84375,7.031,-1.5707963267948966,594.0,127.34375,78.90625,7.031,1.5707963267948966,568.0,121.09375,75.0,6.987,2.677945044588987,517.0,132.8125,68.75,6.298,-0.5191461142465229,569.0,132.8125,75.0,6.298,0.5191461142465229
543,139.0625,71.875,1.7143053417482714,3.141,-0.524,6.772,491,139.0625,64.84375,7.031,-1.5707963267948966,595,139.0625,78.90625,7.031,1.5707963267948966,569.0,132.8125,75.0,6.987,2.677945044588987,517.0,132.8125,68.75,6.987,-2.677945044588987,518.0,144.53125,68.75,6.298,-0.5191461142465229,570.0,144.53125,75.0,6.298,0.5191461142465229
544,150.78125,71.875,1.7151145082343648,3.141,-0.524,6.772,492,150.78125,64.84375,7.031,-1.5707963267948966,596,150.78125,78.90625,7.031,1.5707963267948966,570.0,144.53125,75.0,6.987,2.677945044588987,518.0,144.53125,68.75,6.987,-2.677945044588987,519.0,156.25,68.75,6.298,-0.5191461142465229,571.0,156.25,75.0,6.298,0.5191461142465229
545,162.5,71.875,1.7151013471913885,3.141,-0.524,6.772,493,162.5,64.84375,7.031,-1.5707963267948966,597,162.5,78.90625,7.031,1.5707963267948966,571.0,156.25,75.0,6.987,2.677945044588987,519.0,156.25,68.75,6.987,-2.677945044588987,520.0,167.96875,68.75,6.298,-0.5191461142465229,572.0,167.96875,75.0,6.298,0.5191461142465229
546,174.21875,71.875,1.714174416598718,3.141,-0.524,6.772,494,174.21875,64.84375,7.031,-1.5707963267948966,598,174.21875,78.90625,7.031,1.5707963267948966,572.0,167.96875,75.0,6.987,2.677945044588987,520.0,167.96875,68.75,6.987,-2.677945044588987,521.0,179.6875,68.75,6.298,-0.5191461142465229,573.0,179.6875,75.0,6.298,0.5191461142465229
547,185.9375,71.875,1.7124020532236328,2.062,-0.515,6.887,495,185.9375,64.84375,7.031,-1.5707963267948966,599,185.9375,78.90625,7.031,1.5707963267948966,522.0,192.1875,68.75,6.987,-0.4636476090008061,521.0,179.6875,68.75,6.987,-2.677945044588987,573.0,179.6875,75.0,6.987,2.677945044588987,574.0,191.40625,75.0,6.298,0.5191461142465229
548,197.65625,71.875,1.7099560430152478,-0.245,-0.506,6.772,496,197.65625,64.84375,7.031,-1.5707963267948966,600,197.65625,78.90625,7.031,1.5707963267948966,574.0,191.40625,75.0,6.987,2.677945044588987,523.0,203.90625,68.75,6.987,-0.4636476090008061,522.0,192.1875,68.75,6.298,-2.62244653934327,575.0,203.125,75.0,6.298,0.5191461142465229
549,209.375,71.875,1.7066426296328467,-0.245,-0.506,6.772,497,209.375,64.84375,7.031,-1.5707963267948966,601,209.375,78.90625,7.031,1.5707963267948966,575.0,203.125,75.0,6.987,2.677945044588987,524.0,215.625,68.75,6.987,-0.4636476090008061,523.0,203.90625,68.75,6.298,-2.62244653934327,576.0,214.84375,75.0,6.298,0.5191461142465229
550,221.09375,71.875,1.7000459957976195,-1.08,-0.515,6.887,498,221.09375,64.84375,7.031,-1.5707963267948966,602,221.09375,78.90625,7.031,1.5707963267948966,576.0,214.84375,75.0,6.987,2.677945044588987,525.0,227.34375,68.75,6.987,-0.4636476090008061,577.0,227.34375,75.0,6.987,0.4636476090008061,524.0,215.625,68.75,6.298,-2.62244653934327
551,232.8125,71.875,1.6807393589397128,1.499,-0.508,6.836,578,239.0625,75.78125,7.37,0.5585993153435624,499,232.8125,64.84375,7.031,-1.5707963267948966,603.0,232.8125,78.90625,7.031,1.5707963267948966,526.0,239.0625,68.75,6.987,-0.4636476090008061,577.0,227.34375,75.0,6.298,2.62244653934327,525.0,227.34375,68.75,6.298,-2.62244653934327
552,244.53125,71.875,1.6237795665230974,0.794,-0.506,6.913,579,250.78125,75.78125,7.37,0.5585993153435624,500,245.3125,64.84375,7.074,-1.460139105621001,604.0,244.53125,78.90625,7.031,1.5707963267948966,527.0,250.78125,68.75,6.987,-0.4636476090008061,578.0,239.0625,75.78125,6.72,2.5213431676069717,526.0,239.0625,68.75,6.298,-2.62244653934327
553,257.03125,72.65625,1.6172411077260622,-1.917,0.523,6.776,527,250.78125,68.75,7.37,-2.5829933382462307,502,257.03125,65.625,7.031,-1.5707963267948966,579.0,250.78125,75.78125,6.987,2.677945044588987,528.0,262.5,68.75,6.72,-0.6202494859828215,580.0,262.5,75.78125,6.298,0.5191461142465229,605.0,257.03125,78.90625,6.25,1.5707963267948966
554,268.75,72.65625,1.6748499725355603,-1.06,-0.508,7.065,528,262.5,68.75,7.37,-2.5829933382462307,503,268.75,65.625,7.031,-1.5707963267948966,607.0,268.75,79.6875,7.031,1.5707963267948966,531.0,275.0,69.53125,6.987,-0.4636476090008061,580.0,262.5,75.78125,6.987,2.677945044588987,581.0,275.0,75.78125,6.987,0.4636476090008061
555,280.46875,72.65625,1.531512387690906,2.077,-0.411,6.298,531,275.0,69.53125,6.298,-2.62244653934327,558,286.71875,73.4375,6.298,0.12435499454676144,581.0,275.0,75.78125,6.298,2.62244653934327,606.0,281.25,78.90625,6.298,1.446441332248135,,,,,,,,,,
556,5.46875,73.4375,1.7043604674038404,0.0,-0.524,6.954,505,5.46875,66.40625,7.031,-1.5707963267948966,529,0.0,69.53125,6.72,-2.5213431676069717,530.0,10.9375,69.53125,6.72,-0.6202494859828215,582.0,0.0,77.34375,6.72,2.5213431676069717,583.0,10.9375,77.34375,6.72,0.6202494859828215,609.0,5.46875,81.25,7.812,1.5707963267948966
557,16.40625,73.4375,1.6556542781989114,0.375,-0.488,7.114,584,22.65625,77.34375,7.37,0.5585993153435624,506,17.1875,66.40625,7.074,-1.460139105621001,533.0,22.65625,70.3125,6.987,-0.4636476090008061,530.0,10.9375,69.53125,6.72,-2.5213431676069717,583.0,10.9375,77.34375,6.72,2.5213431676069717,610.0,16.40625,81.25,7.812,1.5707963267948966
558,286.71875,73.4375,1.587122059079906,2.168,0.411,7.488,532,292.96875,69.53125,7.37,-0.5585993153435624,586,292.96875,77.34375,7.37,0.5585993153435624,606.0,281.25,78.90625,7.733,2.356194490192345,614.0,287.5,81.25,7.851,1.4711276743037347,555.0,280.46875,72.65625,6.298,-3.017237659043032,510.0,281.25,67.1875,8.304,-2.289626326416521
559,299.21875,73.4375,1.6154679589605503,3.141,-0.262,7.396,532,292.96875,69.53125,7.37,-2.5829933382462307,586,292.96875,77.34375,7.37,2.5829933382462307,608.0,299.21875,80.46875,7.031,1.5707963267948966,504.0,299.21875,65.625,7.812,-1.5707963267948966,,,,,,,,,,
560,28.125,74.21875,1.6714081922372839,-1.571,-0.524,6.813,611,28.125,81.25,7.031,1.5707963267948966,533,22.65625,70.3125,6.72,-2.5213431676069717,534.0,33.59375,70.3125,6.72,-0.6202494859828215,507.0,28.125,66.40625,7.812,-1.5707963267948966,584.0,22.65625,77.34375,6.298,2.62244653934327,585.0,33.59375,77.34375,6.298,0.5191461142465229
561,39.84375,74.21875,1.701156049473303,-2.518,-0.507,6.976,534,33.59375,70.3125,7.37,-2.5829933382462307,508,39.84375,67.1875,7.031,-1.5707963267948966,612.0,39.84375,81.25,7.031,1.5707963267948966,585.0,33.59375,77.34375,6.987,2.677945044588987,535.0,45.3125,70.3125,6.72,-0.6202494859828215,587.0,45.3125,78.125,6.72,0.6202494859828215
562,51.5625,74.21875,1.6461890789100058,2.576,-0.489,6.977,535,45.3125,70.3125,7.37,-2.5829933382462307,587,45.3125,78.125,7.37,2.5829933382462307,613.0,50.78125,81.25,7.074,1.6814535479687922,509.0,51.5625,67.1875,7.031,-1.5707963267948966,588.0,57.03125,78.125,6.72,0.6202494859828215,536.0,57.03125,71.09375,6.298,-0.5191461142465229
563,62.5,75.0,1.6532869971317619,-0.759,-0.505,6.913,537,68.75,71.09375,7.37,-0.5585993153435624,511,63.28125,67.96875,7.074,-1.460139105621001,615.0,62.5,82.03125,7.031,1.5707963267948966,589.0,68.75,78.125,6.987,0.4636476090008061,536.0,57.03125,71.09375,6.72,-2.5213431676069717,588.0,57.03125,78.125,6.298,2.62244653934327
564,74.21875,75.0,1.7001734297015492,-0.039,-0.492,6.906,590,80.46875,78.90625,7.37,0.5585993153435624,512,74.21875,67.96875,7.031,-1.5707963267948966,616.0,74.21875,82.03125,7.031,1.5707963267948966,538.0,80.46875,71.875,6.987,-0.4636476090008061,537.0,68.75,71.09375,6.72,-2.5213431676069717,589.0,68.75,78.125,6.298,2.62244653934327
565,85.9375,75.0,1.7000042910181947,1.225,0.523,6.906,591,92.1875,78.90625,7.37,0.5585993153435624,513,85.9375,67.96875,7.031,-1.5707963267948966,617.0,85.9375,82.03125,7.031,1.5707963267948966,539.0,92.1875,71.875,6.987,-0.4636476090008061,590.0,80.46875,78.90625,6.72,2.5213431676069717,538.0,80.46875,71.875,6.298,-2.62244653934327
566,97.65625,75.0,1.6874890072519297,1.225,0.523,6.906,592,103.90625,78.90625,7.37,0.5585993153435624,514,97.65625,67.96875,7.031,-1.5707963267948966,618.0,97.65625,82.03125,7.031,1.5707963267948966,540.0,103.90625,71.875,6.987,-0.4636476090008061,591.0,92.1875,78.90625,6.72,2.5213431676069717,539.0,92.1875,71.875,6.298,-2.62244653934327
567,109.375,75.0,1.6760770759580306,1.225,0.523,6.906,593,115.625,78.90625,7.37,0.5585993153435624,515,109.375,67.96875,7.031,-1.5707963267948966,619.0,109.375,82.03125,7.031,1.5707963267948966,541.0,115.625,71.875,6.987,-0.4636476090008061,592.0,103.90625,78.90625,6.72,2.5213431676069717,540.0,103.90625,71.875,6.298,-2.62244653934327
568,121.09375,75.0,1.6665296708990296,1.225,0.523,6.906,594,127.34375,78.90625,7.37,0.5585993153435624,516,121.09375,67.96875,7.031,-1.5707963267948966,620.0,121.09375,82.03125,7.031,1.5707963267948966,542.0,127.34375,71.875,6.987,-0.4636476090008061,593.0,115.625,78.90625,6.72,2.5213431676069717,541.0,115.625,71.875,6.298,-2.62244653934327
569,132.8125,75.0,1.6582768677232458,1.225,0.523,6.776,595,139.0625,78.90625,7.37,0.5585993153435624,621,132.8125,82.03125,7.031,1.5707963267948966,543.0,139.0625,71.875,6.987,-0.4636476090008061,594.0,127.34375,78.90625,6.72,2.5213431676069717,542.0,127.34375,71.875,6.298,-2.62244653934327,517.0,132.8125,68.75,6.25,-1.5707963267948966
570,144.53125,75.0,1.6511599564662884,1.225,0.523,6.776,596,150.78125,78.90625,7.37,0.5585993153435624,622,144.53125,82.03125,7.031,1.5707963267948966,544.0,150.78125,71.875,6.987,-0.4636476090008061,595.0,139.0625,78.90625,6.72,2.5213431676069717,543.0,139.0625,71.875,6.298,-2.62244653934327,518.0,144.53125,68.75,6.25,-1.5707963267948966
571,156.25,75.0,1.645484779892533,1.225,0.523,6.776,597,162.5,78.90625,7.37,0.5585993153435624,623,156.25,82.03125,7.031,1.5707963267948966,545.0,162.5,71.875,6.987,-0.4636476090008061,596.0,150.78125,78.90625,6.72,2.5213431676069717,544.0,150.78125,71.875,6.298,-2.62244653934327,519.0,156.25,68.75,6.25,-1.5707963267948966
572,167.96875,75.0,1.641341599233964,1.225,0.523,6.776,598,174.21875,78.90625,7.37,0.5585993153435624,624,167.96875,82.03125,7.031,1.5707963267948966,546.0,174.21875,71.875,6.987,-0.4636476090008061,597.0,162.5,78.90625,6.72,2.5213431676069717,545.0,162.5,71.875,6.298,-2.62244653934327,520.0,167.96875,68.75,6.25,-1.5707963267948966
573,179.6875,75.0,1.6379132339560638,1.225,0.523,6.776,599,185.9375,78.90625,7.37,0.5585993153435624,625,179.6875,82.03125,7.031,1.5707963267948966,547.0,185.9375,71.875,6.987,-0.4636476090008061,598.0,174.21875,78.90625,6.72,2.5213431676069717,546.0,174.21875,71.875,6.298,-2.62244653934327,521.0,179.6875,68.75,6.25,-1.5707963267948966
574,191.40625,75.0,1.6330615082621822,0.76,-0.504,6.784,600,197.65625,78.90625,7.37,0.5585993153435624,626,191.40625,82.03125,7.031,1.5707963267948966,548.0,197.65625,71.875,6.987,-0.4636476090008061,599.0,185.9375,78.90625,6.72,2.5213431676069717,522.0,192.1875,68.75,6.298,-1.446441332248135,547.0,185.9375,71.875,6.298,-2.62244653934327
575,203.125,75.0,1.6228708710073567,0.76,-0.504,6.784,601,209.375,78.90625,7.37,0.5585993153435624,627,203.125,82.03125,7.031,1.5707963267948966,549.0,209.375,71.875,6.987,-0.4636476090008061,600.0,197.65625,78.90625,6.72,2.5213431676069717,523.0,203.90625,68.75,6.298,-1.446441332248135,548.0,197.65625,71.875,6.298,-2.62244653934327
576,214.84375,75.0,1.6004937606780711,0.76,-0.504,6.784,602,221.09375,78.90625,7.37,0.5585993153435624,628,214.84375,82.03125,7.031,1.5707963267948966,550.0,221.09375,71.875,6.987,-0.4636476090008061,601.0,209.375,78.90625,6.72,2.5213431676069717,524.0,215.625,68.75,6.298,-1.446441332248135,549.0,209.375,71.875,6.298,-2.62244653934327
577,227.34375,75.0,1.5924967945300086,2.383,-0.505,6.783,602,221.09375,78.90625,7.37,2.5829933382462307,629,226.5625,82.03125,7.074,1.6814535479687922,550.0,221.09375,71.875,6.987,-2.677945044588987,603.0,232.8125,78.90625,6.72,0.6202494859828215,551.0,232.8125,71.875,6.298,-0.5191461142465229,525.0,227.34375,68.75,6.25,-1.5707963267948966
578,239.0625,75.78125,1.6414937927282602,-1.917,0.523,6.776,551,232.8125,71.875,7.37,-2.5829933382462307,526,239.0625,68.75,7.031,-1.5707963267948966,603.0,232.8125,78.90625,6.987,2.677945044588987,552.0,244.53125,71.875,6.72,-0.6202494859828215,604.0,244.53125,78.90625,6.298,0.5191461142465229,630.0,239.0625,82.03125,6.25,1.5707963267948966
579,250.78125,75.78125,1.6847481692276651,-1.06,-0.508,7.065,552,244.53125,71.875,7.37,-2.5829933382462307,527,250.78125,68.75,7.031,-1.5707963267948966,631.0,250.78125,82.8125,7.031,1.5707963267948966,553.0,257.03125,72.65625,6.987,-0.4636476090008061,604.0,244.53125,78.90625,6.987,2.677945044588987,605.0,257.03125,78.90625,6.987,0.4636476090008061
580,262.5,75.78125,1.6558462812519181,1.499,-0.508,6.836,607,268.75,79.6875,7.37,0.5585993153435624,528,262.5,68.75,7.031,-1.5707963267948966,632.0,262.5,82.8125,7.031,1.5707963267948966,554.0,268.75,72.65625,6.987,-0.4636476090008061,605.0,257.03125,78.90625,6.298,2.62244653934327,553.0,257.03125,72.65625,6.298,-2.62244653934327
581,275.0,75.78125,1.5582442258079265,1.031,0.498,6.82,607,268.75,79.6875,7.37,2.5829933382462307,633,275.0,82.8125,7.031,1.5707963267948966,554.0,268.75,72.65625,6.987,-2.677945044588987,606.0,281.25,78.90625,6.987,0.4636476090008061,555.0,280.46875,72.65625,6.298,-0.5191461142465229,531.0,275.0,69.53125,6.25,-1.5707963267948966
582,0.0,77.34375,1.651171655026233,0.0,-0.262,7.071,634,0.0,84.375,7.031,1.5707963267948966,556,5.46875,73.4375,6.72,-0.6202494859828215,609.0,5.46875,81.25,6.72,0.6202494859828215,529.0,0.0,69.53125,7.812,-1.5707963267948966,,,,,,,,,,
583,10.9375,77.34375,1.7176926682992102,0.0,-0.524,6.954,635,10.9375,84.375,7.031,1.5707963267948966,556,5.46875,73.4375,6.72,-2.5213431676069717,609.0,5.46875,81.25,6.72,2.5213431676069717,557.0,16.40625,73.4375,6.72,-0.6202494859828215,610.0,16.40625,81.25,6.72,0.6202494859828215,530.0,10.9375,69.53125,7.812,-1.5707963267948966
584,22.65625,77.34375,1.6921259719771882,1.734,-0.508,7.1,557,16.40625,73.4375,7.37,-2.5829933382462307,610,16.40625,81.25,7.37,2.5829933382462307,533.0,22.65625,70.3125,7.031,-1.5707963267948966,611.0,28.125,81.25,6.72,0.6202494859828215,637.0,22.65625,85.15625,7.812,1.5707963267948966,560.0,28.125,74.21875,6.298,-0.5191461142465229
585,33.59375,77.34375,1.6593397471786375,1.225,0.523,7.036,612,39.84375,81.25,7.37,0.5585993153435624,534,33.59375,70.3125,7.031,-1.5707963267948966,561.0,39.84375,74.21875,6.987,-0.4636476090008061,611.0,28.125,81.25,6.72,2.5213431676069717,638.0,33.59375,85.15625,7.812,1.5707963267948966,560.0,28.125,74.21875,6.298,-2.62244653934327
586,292.96875,77.34375,1.581435805331727,-0.195,0.478,7.222,558,286.71875,73.4375,7.37,-2.5829933382462307,559,299.21875,73.4375,7.37,-0.5585993153435624,636.0,293.75,84.375,7.074,1.460139105621001,608.0,299.21875,80.46875,6.987,0.4636476090008061,614.0,287.5,81.25,6.72,2.5213431676069717,532.0,292.96875,69.53125,7.812,-1.5707963267948966
587,45.3125,78.125,1.6987734612807819,-1.291,-0.514,6.921,562,51.5625,74.21875,7.37,-0.5585993153435624,639,45.3125,85.15625,7.031,1.5707963267948966,561.0,39.84375,74.21875,6.72,-2.5213431676069717,535.0,45.3125,70.3125,7.812,-1.5707963267948966,612.0,39.84375,81.25,6.298,2.62244653934327,613.0,50.78125,81.25,6.298,0.5191461142465229
588,57.03125,78.125,1.7191895394326042,-2.063,-0.481,6.798,536,57.03125,71.09375,7.031,-1.5707963267948966,640,57.03125,85.15625,7.031,1.5707963267948966,613.0,50.78125,81.25,6.987,2.677945044588987,562.0,51.5625,74.21875,6.72,-2.5213431676069717,615.0,62.5,82.03125,6.72,0.6202494859828215,563.0,62.5,75.0,6.298,-0.5191461142465229
589,68.75,78.125,1.6877286560889926,1.916,-0.524,6.906,615,62.5,82.03125,7.37,2.5829933382462307,537,68.75,71.09375,7.031,-1.5707963267948966,641.0,68.75,85.15625,7.031,1.5707963267948966,563.0,62.5,75.0,6.987,-2.677945044588987,616.0,74.21875,82.03125,6.72,0.6202494859828215,564.0,74.21875,75.0,6.298,-0.5191461142465229
590,80.46875,78.90625,1.6500587220459866,-1.917,0.523,6.906,564,74.21875,75.0,7.37,-2.5829933382462307,538,80.46875,71.875,7.031,-1.5707963267948966,642.0,80.46875,85.9375,7.031,1.5707963267948966,616.0,74.21875,82.03125,6.987,2.677945044588987,565.0,85.9375,75.0,6.72,-0.6202494859828215,617.0,85.9375,82.03125,6.298,0.5191461142465229
591,92.1875,78.90625,1.6773416653509412,-1.917,0.523,6.906,565,85.9375,75.0,7.37,-2.5829933382462307,539,92.1875,71.875,7.031,-1.5707963267948966,643.0,92.1875,85.9375,7.031,1.5707963267948966,617.0,85.9375,82.03125,6.987,2.677945044588987,566.0,97.65625,75.0,6.72,-0.6202494859828215,618.0,97.65625,82.03125,6.298,0.5191461142465229
592,103.90625,78.90625,1.6895282381872079,-1.917,0.523,6.906,566,97.65625,75.0,7.37,-2.5829933382462307,540,103.90625,71.875,7.031,-1.5707963267948966,644.0,103.90625,85.9375,7.031,1.5707963267948966,618.0,97.65625,82.03125,6.987,2.677945044588987,567.0,109.375,75.0,6.72,-0.6202494859828215,619.0,109.375,82.03125,6.298,0.5191461142465229
593,115.625,78.90625,1.6957667415407747,-1.917,0.523,6.906,567,109.375,75.0,7.37,-2.5829933382462307,541,115.625,71.875,7.031,-1.5707963267948966,645.0,115.625,85.9375,7.031,1.5707963267948966,619.0,109.375,82.03125,6.987,2.677945044588987,568.0,121.09375,75.0,6.72,-0.6202494859828215,620.0,121.09375,82.03125,6.298,0.5191461142465229
594,127.34375,78.90625,1.6996680314117592,-1.917,0.523,6.906,568,121.09375,75.0,7.37,-2.5829933382462307,542,127.34375,71.875,7.031,-1.5707963267948966,646.0,127.34375,85.9375,7.031,1.5707963267948966,620.0,121.09375,82.03125,6.987,2.677945044588987,569.0,132.8125,75.0,6.72,-0.6202494859828215,621.0,132.8125,82.03125,6.298,0.5191461142465229
595,139.0625,78.90625,1.702158486523248,-1.917,0.523,6.906,569,132.8125,75.0,7.37,-2.5829933382462307,543,139.0625,71.875,7.031,-1.5707963267948966,647.0,139.0625,85.9375,7.031,1.5707963267948966,621.0,132.8125,82.03125,6.987,2.677945044588987,570.0,144.53125,75.0,6.72,-0.6202494859828215,622.0,144.53125,82.03125,6.298,0.5191461142465229
596,150.78125,78.90625,1.7032905661671283,-1.917,0.523,6.906,570,144.53125,75.0,7.37,-2.5829933382462307,544,150.78125,71.875,7.031,-1.5707963267948966,648.0,150.78125,85.9375,7.031,1.5707963267948966,622.0,144.53125,82.03125,6.987,2.677945044588987,571.0,156.25,75.0,6.72,-0.6202494859828215,623.0,156.25,82.03125,6.298,0.5191461142465229
597,162.5,78.90625,1.7029446194605098,-1.917,0.523,6.906,571,156.25,75.0,7.37,-2.5829933382462307,545,162.5,71.875,7.031,-1.5707963267948966,649.0,162.5,85.9375,7.031,1.5707963267948966,623.0,156.25,82.03125,6.987,2.677945044588987,572.0,167.96875,75.0,6.72,-0.6202494859828215,624.0,167.96875,82.03125,6.298,0.5191461142465229
598,174.21875,78.90625,1.7012011671338747,-1.917,0.523,6.906,572,167.96875,75.0,7.37,-2.5829933382462307,546,174.21875,71.875,7.031,-1.5707963267948966,650.0,174.21875,85.9375,7.031,1.5707963267948966,624.0,167.96875,82.03125,6.987,2.677945044588987,573.0,179.6875,75.0,6.72,-0.6202494859828215,625.0,179.6875,82.03125,6.298,0.5191461142465229
599,185.9375,78.90625,1.698589996951949,-1.917,0.523,6.906,573,179.6875,75.0,7.37,-2.5829933382462307,547,185.9375,71.875,7.031,-1.5707963267948966,651.0,185.9375,85.9375,7.031,1.5707963267948966,625.0,179.6875,82.03125,6.987,2.677945044588987,574.0,191.40625,75.0,6.72,-0.6202494859828215,626.0,191.40625,82.03125,6.298,0.5191461142465229
600,197.65625,78.90625,1.696303986192025,-1.917,0.523,6.906,574,191.40625,75.0,7.37,-2.5829933382462307,548,197.65625,71.875,7.031,-1.5707963267948966,652.0,197.65625,85.9375,7.031,1.5707963267948966,626.0,191.40625,82.03125,6.987,2.677945044588987,575.0,203.125,75.0,6.72,-0.6202494859828215,627.0,203.125,82.03125,6.298,0.5191461142465229
601,209.375,78.90625,1.6960214859306693,-1.917,0.523,6.906,575,203.125,75.0,7.37,-2.5829933382462307,549,209.375,71.875,7.031,-1.5707963267948966,653.0,209.375,85.9375,7.031,1.5707963267948966,627.0,203.125,82.03125,6.987,2.677945044588987,576.0,214.84375,75.0,6.72,-0.6202494859828215,628.0,214.84375,82.03125,6.298,0.5191461142465229
602,221.09375,78.90625,1.698136652537318,-1.792,-0.515,7.014,576,214.84375,75.0,7.37,-2.5829933382462307,577,227.34375,75.0,7.37,-0.5585993153435624,550.0,221.09375,71.875,7.031,-1.5707963267948966,654.0,221.09375,85.9375,7.031,1.5707963267948966,628.0,214.84375,82.03125,6.987,2.677945044588987,629.0,226.5625,82.03125,6.298,0.5191461142465229
603,232.8125,78.90625,1.6962015592035669,-1.029,-0.498,6.957,551,232.8125,71.875,7.031,-1.5707963267948966,655,232.8125,85.9375,7.031,1.5707963267948966,629.0,226.5625,82.03125,6.987,2.677945044588987,578.0,239.0625,75.78125,6.987,-0.4636476090008061,630.0,239.0625,82.03125,6.987,0.4636476090008061,577.0,227.34375,75.0,6.72,-2.5213431676069717
604,244.53125,78.90625,1.665637632690052,1.499,-0.508,6.836,631,250.78125,82.8125,7.37,0.5585993153435624,552,244.53125,71.875,7.031,-1.5707963267948966,656.0,244.53125,85.9375,7.031,1.5707963267948966,579.0,250.78125,75.78125,6.987,-0.4636476090008061,630.0,239.0625,82.03125,6.298,2.62244653934327,578.0,239.0625,75.78125,6.298,-2.62244653934327
605,257.03125,78.90625,1.599868850255449,1.916,-0.524,6.776,631,250.78125,82.8125,7.37,2.5829933382462307,657,257.03125,85.9375,7.031,1.5707963267948966,579.0,250.78125,75.78125,6.987,-2.677945044588987,632.0,262.5,82.8125,6.72,0.6202494859828215,580.0,262.5,75.78125,6.298,-0.5191461142465229,553.0,257.03125,72.65625,6.25,-1.5707963267948966
606,281.25,78.90625,1.6452111964567608,-2.27,0.418,7.016,633,275.0,82.8125,7.37,2.5829933382462307,659,281.25,85.9375,7.031,1.5707963267948966,581.0,275.0,75.78125,6.987,-2.677945044588987,558.0,286.71875,73.4375,7.733,-0.7853981633974483,614.0,287.5,81.25,6.675,0.35877067027057225,555.0,280.46875,72.65625,6.298,-1.695151321341658
607,268.75,79.6875,1.649767905286357,-1.571,-0.524,6.999,580,262.5,75.78125,7.37,-2.5829933382462307,581,275.0,75.78125,7.37,-0.5585993153435624,554.0,268.75,72.65625,7.031,-1.5707963267948966,632.0,262.5,82.8125,6.987,2.677945044588987,633.0,275.0,82.8125,6.987,0.4636476090008061,658.0,268.75,85.9375,6.25,1.5707963267948966
608,299.21875,80.46875,1.595217795096264,3.063,-0.321,7.138,559,299.21875,73.4375,7.031,-1.5707963267948966,586,292.96875,77.34375,6.987,-2.677945044588987,636.0,293.75,84.375,6.72,2.5213431676069717,663.0,299.21875,88.28125,7.812,1.5707963267948966,,,,,,,,,,
609,5.46875,81.25,1.6852808283596916,-1.571,-0.524,6.813,660,5.46875,88.28125,7.031,1.5707963267948966,582,0.0,77.34375,6.72,-2.5213431676069717,583.0,10.9375,77.34375,6.72,-0.6202494859828215,556.0,5.46875,73.4375,7.812,-1.5707963267948966,634.0,0.0,84.375,6.298,2.62244653934327,635.0,10.9375,84.375,6.298,0.5191461142465229
610,16.40625,81.25,1.6744779518107802,-1.408,-0.508,7.1,584,22.65625,77.34375,7.37,-0.5585993153435624,637,22.65625,85.15625,7.37,0.5585993153435624,661.0,16.40625,88.28125,7.031,1.5707963267948966,583.0,10.9375,77.34375,6.72,-2.5213431676069717,557.0,16.40625,73.4375,7.812,-1.5707963267948966,635.0,10.9375,84.375,6.298,2.62244653934327
611,28.125,81.25,1.7204526381391372,0.0,-0.524,6.824,560,28.125,74.21875,7.031,-1.5707963267948966,662,28.125,88.28125,7.031,1.5707963267948966,585.0,33.59375,77.34375,6.72,-0.6202494859828215,584.0,22.65625,77.34375,6.72,-2.5213431676069717,637.0,22.65625,85.15625,6.72,2.5213431676069717,638.0,33.59375,85.15625,6.72,0.6202494859828215
612,39.84375,81.25,1.681594046957966,1.734,-0.508,7.1,585,33.59375,77.34375,7.37,-2.5829933382462307,638,33.59375,85.15625,7.37,2.5829933382462307,561.0,39.84375,74.21875,7.031,-1.5707963267948966,639.0,45.3125,85.15625,6.72,0.6202494859828215,664.0,39.84375,89.0625,7.812,1.5707963267948966,587.0,45.3125,78.125,6.298,-0.5191461142465229
613,50.78125,81.25,1.6329653557023147,0.794,-0.506,7.044,640,57.03125,85.15625,7.37,0.5585993153435624,562,51.5625,74.21875,7.074,-1.460139105621001,588.0,57.03125,78.125,6.987,-0.4636476090008061,639.0,45.3125,85.15625,6.72,2.5213431676069717,665.0,50.78125,89.0625,7.812,1.5707963267948966,587.0,45.3125,78.125,6.298,-2.62244653934327
614,287.5,81.25,1.6540888065808945,2.387,0.433,7.309,636,293.75,84.375,6.987,0.4636476090008061,586,292.96875,77.34375,6.72,-0.6202494859828215,684.0,287.5,89.0625,7.812,1.5707963267948966,659.0,281.25,85.9375,7.812,2.498091544796509,606.0,281.25,78.90625,6.675,-2.782821983319221,558.0,286.71875,73.4375,7.851,-1.6704649792860586
615,62.5,82.03125,1.6865253962353837,-1.226,-0.524,6.906,589,68.75,78.125,7.37,-0.5585993153435624,563,62.5,75.0,7.031,-1.5707963267948966,666.0,62.5,89.0625,7.031,1.5707963267948966,641.0,68.75,85.15625,6.987,0.4636476090008061,588.0,57.03125,78.125,6.72,-2.5213431676069717,640.0,57.03125,85.15625,6.298,2.62244653934327
616,74.21875,82.03125,1.7135137693450773,-0.039,-0.492,6.906,642,80.46875,85.9375,7.37,0.5585993153435624,564,74.21875,75.0,7.031,-1.5707963267948966,667.0,74.21875,89.0625,7.031,1.5707963267948966,590.0,80.46875,78.90625,6.987,-0.4636476090008061,589.0,68.75,78.125,6.72,-2.5213431676069717,641.0,68.75,85.15625,6.298,2.62244653934327
617,85.9375,82.03125,1.7138832647533615,1.225,0.523,6.906,643,92.1875,85.9375,7.37,0.5585993153435624,565,85.9375,75.0,7.031,-1.5707963267948966,668.0,85.9375,89.0625,7.031,1.5707963267948966,591.0,92.1875,78.90625,6.987,-0.4636476090008061,642.0,80.46875,85.9375,6.72,2.5213431676069717,590.0,80.46875,78.90625,6.298,-2.62244653934327
618,97.65625,82.03125,1.7059728490403212,1.225,0.523,6.906,644,103.90625,85.9375,7.37,0.5585993153435624,566,97.65625,75.0,7.031,-1.5707963267948966,669.0,97.65625,89.0625,7.031,1.5707963267948966,592.0,103.90625,78.90625,6.987,-0.4636476090008061,643.0,92.1875,85.9375,6.72,2.5213431676069717,591.0,92.1875,78.90625,6.298,-2.62244653934327
619,109.375,82.03125,1.6981748593052568,1.225,0.523,6.906,645,115.625,85.9375,7.37,0.5585993153435624,567,109.375,75.0,7.031,-1.5707963267948966,670.0,109.375,89.0625,7.031,1.5707963267948966,593.0,115.625,78.90625,6.987,-0.4636476090008061,644.0,103.90625,85.9375,6.72,2.5213431676069717,592.0,103.90625,78.90625,6.298,-2.62244653934327
620,121.09375,82.03125,1.6918245842078214,1.225,0.523,6.906,646,127.34375,85.9375,7.37,0.5585993153435624,568,121.09375,75.0,7.031,-1.5707963267948966,671.0,121.09375,89.0625,7.031,1.5707963267948966,594.0,127.34375,78.90625,6.987,-0.4636476090008061,645.0,115.625,85.9375,6.72,2.5213431676069717,593.0,115.625,78.90625,6.298,-2.62244653934327
621,132.8125,82.03125,1.6865751198744066,1.225,0.523,6.906,647,139.0625,85.9375,7.37,0.5585993153435624,569,132.8125,75.0,7.031,-1.5707963267948966,672.0,132.8125,89.0625,7.031,1.5707963267948966,595.0,139.0625,78.90625,6.987,-0.4636476090008061,646.0,127.34375,85.9375,6.72,2.5213431676069717,594.0,127.34375,78.90625,6.298,-2.62244653934327
622,144.53125,82.03125,1.68226662623746,1.225,0.523,6.906,648,150.78125,85.9375,7.37,0.5585993153435624,570,144.53125,75.0,7.031,-1.5707963267948966,673.0,144.53125,89.0625,7.031,1.5707963267948966,596.0,150.78125,78.90625,6.987,-0.4636476090008061,647.0,139.0625,85.9375,6.72,2.5213431676069717,595.0,139.0625,78.90625,6.298,-2.62244653934327
623,156.25,82.03125,1.6790044733522063,1.225,0.523,6.906,649,162.5,85.9375,7.37,0.5585993153435624,571,156.25,75.0,7.031,-1.5707963267948966,674.0,156.25,89.0625,7.031,1.5707963267948966,597.0,162.5,78.90625,6.987,-0.4636476090008061,648.0,150.78125,85.9375,6.72,2.5213431676069717,596.0,150.78125,78.90625,6.298,-2.62244653934327
624,167.96875,82.03125,1.6767902960789969,1.225,0.523,6.906,650,174.21875,85.9375,7.37,0.5585993153435624,572,167.96875,75.0,7.031,-1.5707963267948966,675.0,167.96875,89.0625,7.031,1.5707963267948966,598.0,174.21875,78.90625,6.987,-0.4636476090008061,649.0,162.5,85.9375,6.72,2.5213431676069717,597.0,162.5,78.90625,6.298,-2.62244653934327
625,179.6875,82.03125,1.6750656983162515,1.225,0.523,6.906,651,185.9375,85.9375,7.37,0.5585993153435624,573,179.6875,75.0,7.031,-1.5707963267948966,676.0,179.6875,89.0625,7.031,1.5707963267948966,599.0,185.9375,78.90625,6.987,-0.4636476090008061,650.0,174.21875,85.9375,6.72,2.5213431676069717,598.0,174.21875,78.90625,6.298,-2.62244653934327
626,191.40625,82.03125,1.6724032428263662,1.225,0.523,6.906,652,197.65625,85.9375,7.37,0.5585993153435624,574,191.40625,75.0,7.031,-1.5707963267948966,677.0,191.40625,89.0625,7.031,1.5707963267948966,600.0,197.65625,78.90625,6.987,-0.4636476090008061,651.0,185.9375,85.9375,6.72,2.5213431676069717,599.0,185.9375,78.90625,6.298,-2.62244653934327
627,203.125,82.03125,1.6661811724146927,1.225,0.523,6.906,653,209.375,85.9375,7.37,0.5585993153435624,575,203.125,75.0,7.031,-1.5707963267948966,678.0,203.125,89.0625,7.031,1.5707963267948966,601.0,209.375,78.90625,6.987,-0.4636476090008061,652.0,197.65625,85.9375,6.72,2.5213431676069717,600.0,197.65625,78.90625,6.298,-2.62244653934327
628,214.84375,82.03125,1.6515089929760656,1.225,0.523,6.906,654,221.09375,85.9375,7.37,0.5585993153435624,576,214.84375,75.0,7.031,-1.5707963267948966,679.0,214.84375,89.0625,7.031,1.5707963267948966,602.0,221.09375,78.90625,6.987,-0.4636476090008061,653.0,209.375,85.9375,6.72,2.5213431676069717,601.0,209.375,78.90625,6.298,-2.62244653934327
629,226.5625,82.03125,1.6177729510178565,0.794,-0.506,6.913,655,232.8125,85.9375,7.37,0.5585993153435624,577,227.34375,75.0,7.074,-1.460139105621001,680.0,226.5625,89.0625,7.031,1.5707963267948966,603.0,232.8125,78.90625,6.987,-0.4636476090008061,654.0,221.09375,85.9375,6.72,2.5213431676069717,602.0,221.09375,78.90625,6.298,-2.62244653934327
630,239.0625,82.03125,1.5978418670713412,1.916,-0.524,6.776,655,232.8125,85.9375,7.37,2.5829933382462307,681,239.0625,89.0625,7.031,1.5707963267948966,603.0,232.8125,78.90625,6.987,-2.677945044588987,656.0,244.53125,85.9375,6.72,0.6202494859828215,604.0,244.53125,78.90625,6.298,-0.5191461142465229,578.0,239.0625,75.78125,6.25,-1.5707963267948966
631,250.78125,82.8125,1.6577592024046273,-1.571,-0.524,6.999,604,244.53125,78.90625,7.37,-2.5829933382462307,605,257.03125,78.90625,7.37,-0.5585993153435624,579.0,250.78125,75.78125,7.031,-1.5707963267948966,656.0,244.53125,85.9375,6.987,2.677945044588987,657.0,257.03125,85.9375,6.987,0.4636476090008061,682.0,250.78125,89.0625,6.25,1.5707963267948966
632,262.5,82.8125,1.6423017219293692,-0.398,0.522,6.85,685,263.28125,89.84375,7.074,1.460139105621001,580,262.5,75.78125,7.031,-1.5707963267948966,658.0,268.75,85.9375,6.987,0.4636476090008061,607.0,268.75,79.6875,6.987,-0.4636476090008061,605.0,257.03125,78.90625,6.72,-2.5213431676069717,657.0,257.03125,85.9375,6.298,2.62244653934327
633,275.0,82.8125,1.65450586652655,-2.082,0.507,6.935,606,281.25,78.90625,7.37,-0.5585993153435624,581,275.0,75.78125,7.031,-1.5707963267948966,607.0,268.75,79.6875,6.987,-2.677945044588987,658.0,268.75,85.9375,6.987,2.677945044588987,659.0,281.25,85.9375,6.987,0.4636476090008061,683.0,275.0,89.0625,6.25,1.5707963267948966
634,0.0,84.375,1.6108791737888977,0.05,0.298,6.965,582,0.0,77.34375,7.031,-1.5707963267948966,660,5.46875,88.28125,6.72,0.6202494859828215,686.0,0.0,92.1875,7.812,1.5707963267948966,609.0,5.46875,81.25,6.298,-0.5191461142465229,,,,,,,,,,
635,10.9375,84.375,1.6693882753735514,1.57,-0.524,6.813,583,10.9375,77.34375,7.031,-1.5707963267948966,660,5.46875,88.28125,6.72,2.5213431676069717,661.0,16.40625,88.28125,6.72,0.6202494859828215,687.0,10.9375,92.1875,7.812,1.5707963267948966,610.0,16.40625,81.25,6.298,-0.5191461142465229,609.0,5.46875,81.25,6.298,-2.62244653934327
636,293.75,84.375,1.6488035459830555,2.411,0.472,7.188,586,292.96875,77.34375,7.074,-1.6814535479687922,614,287.5,81.25,6.987,-2.677945044588987,608.0,299.21875,80.46875,6.72,-0.6202494859828215,663.0,299.21875,88.28125,6.72,0.6202494859828215,684.0,287.5,89.0625,7.812,2.498091544796509,693.0,293.75,92.1875,7.812,1.5707963267948966
637,22.65625,85.15625,1.6474691554133751,-1.917,0.523,7.036,610,16.40625,81.25,7.37,-2.5829933382462307,688,22.65625,92.1875,7.031,1.5707963267948966,661.0,16.40625,88.28125,6.987,2.677945044588987,611.0,28.125,81.25,6.72,-0.6202494859828215,584.0,22.65625,77.34375,7.812,-1.5707963267948966,662.0,28.125,88.28125,6.298,0.5191461142465229
638,33.59375,85.15625,1.6882293296043023,-1.408,-0.508,7.1,612,39.84375,81.25,7.37,-0.5585993153435624,664,39.84375,89.0625,7.37,0.5585993153435624,689.0,33.59375,92.1875,7.031,1.5707963267948966,611.0,28.125,81.25,6.72,-2.5213431676069717,585.0,33.59375,77.34375,7.812,-1.5707963267948966,662.0,28.125,88.28125,6.298,2.62244653934327
639,45.3125,85.15625,1.7223391011749243,0.0,-0.524,6.824,587,45.3125,78.125,7.031,-1.5707963267948966,690,45.3125,92.1875,7.031,1.5707963267948966,613.0,50.78125,81.25,6.72,-0.6202494859828215,612.0,39.84375,81.25,6.72,-2.5213431676069717,664.0,39.84375,89.0625,6.72,2.5213431676069717,665.0,50.78125,89.0625,6.72,0.6202494859828215
640,57.03125,85.15625,1.705354319657719,1.734,-0.508,6.97,613,50.78125,81.25,7.37,-2.5829933382462307,665,50.78125,89.0625,7.37,2.5829933382462307,588.0,57.03125,78.125,7.031,-1.5707963267948966,691.0,57.03125,92.1875,7.031,1.5707963267948966,666.0,62.5,89.0625,6.72,0.6202494859828215,615.0,62.5,82.03125,6.298,-0.5191461142465229
641,68.75,85.15625,1.6664663504899166,1.916,-0.524,6.906,666,62.5,89.0625,7.37,2.5829933382462307,589,68.75,78.125,7.031,-1.5707963267948966,692.0,68.75,92.1875,7.031,1.5707963267948966,615.0,62.5,82.03125,6.987,-2.677945044588987,667.0,74.21875,89.0625,6.72,0.6202494859828215,616.0,74.21875,82.03125,6.298,-0.5191461142465229
642,80.46875,85.9375,1.6331500276148705,-1.917,0.523,6.906,616,74.21875,82.03125,7.37,-2.5829933382462307,590,80.46875,78.90625,7.031,-1.5707963267948966,694.0,80.46875,92.96875,7.031,1.5707963267948966,667.0,74.21875,89.0625,6.987,2.677945044588987,617.0,85.9375,82.03125,6.72,-0.6202494859828215,668.0,85.9375,89.0625,6.298,0.5191461142465229
643,92.1875,85.9375,1.654380663789186,-1.917,0.523,6.906,617,85.9375,82.03125,7.37,-2.5829933382462307,591,92.1875,78.90625,7.031,-1.5707963267948966,695.0,92.1875,92.96875,7.031,1.5707963267948966,668.0,85.9375,89.0625,6.987,2.677945044588987,618.0,97.65625,82.03125,6.72,-0.6202494859828215,669.0,97.65625,89.0625,6.298,0.5191461142465229
644,103.90625,85.9375,1.6673509514396117,-1.917,0.523,6.906,618,97.65625,82.03125,7.37,-2.5829933382462307,592,103.90625,78.90625,7.031,-1.5707963267948966,696.0,103.90625,92.96875,7.031,1.5707963267948966,669.0,97.65625,89.0625,6.987,2.677945044588987,619.0,109.375,82.03125,6.72,-0.6202494859828215,670.0,109.375,89.0625,6.298,0.5191461142465229
645,115.625,85.9375,1.6752961175570449,-1.917,0.523,6.906,619,109.375,82.03125,7.37,-2.5829933382462307,593,115.625,78.90625,7.031,-1.5707963267948966,697.0,115.625,92.96875,7.031,1.5707963267948966,670.0,109.375,89.0625,6.987,2.677945044588987,620.0,121.09375,82.03125,6.72,-0.6202494859828215,671.0,121.09375,89.0625,6.298,0.5191461142465229
646,127.34375,85.9375,1.6802599314822946,-1.917,0.523,6.906,620,121.09375,82.03125,7.37,-2.5829933382462307,594,127.34375,78.90625,7.031,-1.5707963267948966,698.0,127.34375,92.96875,7.031,1.5707963267948966,671.0,121.09375,89.0625,6.987,2.677945044588987,621.0,132.8125,82.03125,6.72,-0.6202494859828215,672.0,132.8125,89.0625,6.298,0.5191461142465229
647,139.0625,85.9375,1.6830560473751968,-1.917,0.523,6.906,621,132.8125,82.03125,7.37,-2.5829933382462307,595,139.0625,78.90625,7.031,-1.5707963267948966,699.0,139.0625,92.96875,7.031,1.5707963267948966,672.0,132.8125,89.0625,6.987,2.677945044588987,622.0,144.53125,82.03125,6.72,-0.6202494859828215,673.0,144.53125,89.0625,6.298,0.5191461142465229
648,150.78125,85.9375,1.683857116825453,-1.917,0.523,6.906,622,144.53125,82.03125,7.37,-2.5829933382462307,596,150.78125,78.90625,7.031,-1.5707963267948966,700.0,150.78125,92.96875,7.031,1.5707963267948966,673.0,144.53125,89.0625,6.987,2.677945044588987,623.0,156.25,82.03125,6.72,-0.6202494859828215,674.0,156.25,89.0625,6.298,0.5191461142465229
649,162.5,85.9375,1.682641813457713,-1.917,0.523,6.906,623,156.25,82.03125,7.37,-2.5829933382462307,597,162.5,78.90625,7.031,-1.5707963267948966,701.0,162.5,92.96875,7.031,1.5707963267948966,674.0,156.25,89.0625,6.987,2.677945044588987,624.0,167.96875,82.03125,6.72,-0.6202494859828215,675.0,167.96875,89.0625,6.298,0.5191461142465229
650,174.21875,85.9375,1.6795731224932993,-1.917,0.523,6.906,624,167.96875,82.03125,7.37,-2.5829933382462307,598,174.21875,78.90625,7.031,-1.5707963267948966,702.0,174.21875,92.96875,7.031,1.5707963267948966,675.0,167.96875,89.0625,6.987,2.677945044588987,625.0,179.6875,82.03125,6.72,-0.6202494859828215,676.0,179.6875,89.0625,6.298,0.5191461142465229
651,185.9375,85.9375,1.6754042427794356,-1.917,0.523,6.906,625,179.6875,82.03125,7.37,-2.5829933382462307,599,185.9375,78.90625,7.031,-1.5707963267948966,703.0,185.9375,92.96875,7.031,1.5707963267948966,676.0,179.6875,89.0625,6.987,2.677945044588987,626.0,191.40625,82.03125,6.72,-0.6202494859828215,677.0,191.40625,89.0625,6.298,0.5191461142465229
652,197.65625,85.9375,1.6719442705023357,-1.917,0.523,6.906,626,191.40625,82.03125,7.37,-2.5829933382462307,600,197.65625,78.90625,7.031,-1.5707963267948966,704.0,197.65625,92.96875,7.031,1.5707963267948966,677.0,191.40625,89.0625,6.987,2.677945044588987,627.0,203.125,82.03125,6.72,-0.6202494859828215,678.0,203.125,89.0625,6.298,0.5191461142465229
653,209.375,85.9375,1.672239496190839,-1.917,0.523,6.906,627,203.125,82.03125,7.37,-2.5829933382462307,601,209.375,78.90625,7.031,-1.5707963267948966,705.0,209.375,92.96875,7.031,1.5707963267948966,678.0,203.125,89.0625,6.987,2.677945044588987,628.0,214.84375,82.03125,6.72,-0.6202494859828215,679.0,214.84375,89.0625,6.298,0.5191461142465229
654,221.09375,85.9375,1.6791635247113865,-1.917,0.523,6.906,628,214.84375,82.03125,7.37,-2.5829933382462307,602,221.09375,78.90625,7.031,-1.5707963267948966,706.0,221.09375,92.96875,7.031,1.5707963267948966,679.0,214.84375,89.0625,6.987,2.677945044588987,629.0,226.5625,82.03125,6.72,-0.6202494859828215,680.0,226.5625,89.0625,6.298,0.5191461142465229
655,232.8125,85.9375,1.6894908607143788,-1.571,-0.524,7.129,629,226.5625,82.03125,7.37,-2.5829933382462307,630,239.0625,82.03125,7.37,-0.5585993153435624,603.0,232.8125,78.90625,7.031,-1.5707963267948966,707.0,232.8125,92.96875,7.031,1.5707963267948966,680.0,226.5625,89.0625,6.987,2.677945044588987,681.0,239.0625,89.0625,6.987,0.4636476090008061
656,244.53125,85.9375,1.6787770046389592,-0.673,-0.507,6.842,604,244.53125,78.90625,7.031,-1.5707963267948966,708,244.53125,92.96875,7.031,1.5707963267948966,682.0,250.78125,89.0625,6.987,0.4636476090008061,631.0,250.78125,82.8125,6.987,-0.4636476090008061,630.0,239.0625,82.03125,6.72,-2.5213431676069717,681.0,239.0625,89.0625,6.298,2.62244653934327
657,257.03125,85.9375,1.6488166034952147,2.705,-0.517,6.951,685,263.28125,89.84375,7.37,0.5585993153435624,605,257.03125,78.90625,7.031,-1.5707963267948966,709.0,257.03125,92.96875,7.031,1.5707963267948966,631.0,250.78125,82.8125,6.987,-2.677945044588987,682.0,250.78125,89.0625,6.987,2.677945044588987,632.0,262.5,82.8125,6.298,-0.5191461142465229
658,268.75,85.9375,1.6237060755841264,0.589,0.478,6.834,710,269.53125,92.96875,7.074,1.460139105621001,632,262.5,82.8125,6.987,-2.677945044588987,683.0,275.0,89.0625,6.987,0.4636476090008061,633.0,275.0,82.8125,6.987,-0.4636476090008061,685.0,263.28125,89.84375,6.72,2.5213431676069717,607.0,268.75,79.6875,6.25,-1.5707963267948966
659,281.25,85.9375,1.6079308811738757,-1.471,0.474,7.146,711,282.03125,92.96875,7.074,1.460139105621001,606,281.25,78.90625,7.031,-1.5707963267948966,683.0,275.0,89.0625,6.987,2.677945044588987,633.0,275.0,82.8125,6.987,-2.677945044588987,684.0,287.5,89.0625,6.987,0.4636476090008061,614.0,287.5,81.25,7.812,-0.6435011087932844
660,5.46875,88.28125,1.6952825742525917,0.0,-0.524,6.954,609,5.46875,81.25,7.031,-1.5707963267948966,634,0.0,84.375,6.72,-2.5213431676069717,635.0,10.9375,84.375,6.72,-0.6202494859828215,686.0,0.0,92.1875,6.72,2.5213431676069717,687.0,10.9375,92.1875,6.72,0.6202494859828215,712.0,5.46875,96.09375,7.812,1.5707963267948966
661,16.40625,88.28125,1.6762099667422203,0.624,-0.507,7.107,688,22.65625,92.1875,7.37,0.5585993153435624,610,16.40625,81.25,7.031,-1.5707963267948966,637.0,22.65625,85.15625,6.987,-0.4636476090008061,635.0,10.9375,84.375,6.72,-2.5213431676069717,687.0,10.9375,92.1875,6.72,2.5213431676069717,713.0,16.40625,96.09375,7.812,1.5707963267948966
662,28.125,88.28125,1.6884231815290038,1.57,-0.524,6.813,611,28.125,81.25,7.031,-1.5707963267948966,688,22.65625,92.1875,6.72,2.5213431676069717,689.0,33.59375,92.1875,6.72,0.6202494859828215,714.0,28.125,96.09375,7.812,1.5707963267948966,638.0,33.59375,85.15625,6.298,-0.5191461142465229,637.0,22.65625,85.15625,6.298,-2.62244653934327
663,299.21875,88.28125,1.610717531408936,3.141,-0.262,7.266,636,293.75,84.375,6.72,-2.5213431676069717,693,293.75,92.1875,6.72,2.5213431676069717,608.0,299.21875,80.46875,7.812,-1.5707963267948966,737.0,299.21875,96.09375,7.812,1.5707963267948966,,,,,,,,,,
664,39.84375,89.0625,1.6249538000307828,-1.917,0.523,7.036,638,33.59375,85.15625,7.37,-2.5829933382462307,715,39.84375,96.09375,7.031,1.5707963267948966,689.0,33.59375,92.1875,6.987,2.677945044588987,639.0,45.3125,85.15625,6.72,-0.6202494859828215,612.0,39.84375,81.25,7.812,-1.5707963267948966,690.0,45.3125,92.1875,6.298,0.5191461142465229
665,50.78125,89.0625,1.6663167816440823,-1.226,-0.524,7.036,640,57.03125,85.15625,7.37,-0.5585993153435624,716,50.78125,96.09375,7.031,1.5707963267948966,691.0,57.03125,92.1875,6.987,0.4636476090008061,639.0,45.3125,85.15625,6.72,-2.5213431676069717,613.0,50.78125,81.25,7.812,-1.5707963267948966,690.0,45.3125,92.1875,6.298,2.62244653934327
666,62.5,89.0625,1.7066588165432484,-1.226,-0.524,6.906,641,68.75,85.15625,7.37,-0.5585993153435624,615,62.5,82.03125,7.031,-1.5707963267948966,717.0,62.5,96.09375,7.031,1.5707963267948966,692.0,68.75,92.1875,6.987,0.4636476090008061,640.0,57.03125,85.15625,6.72,-2.5213431676069717,691.0,57.03125,92.1875,6.298,2.62244653934327
667,74.21875,89.0625,1.7196323056978093,-0.039,-0.492,6.906,694,80.46875,92.96875,7.37,0.5585993153435624,616,74.21875,82.03125,7.031,-1.5707963267948966,718.0,74.21875,96.09375,7.031,1.5707963267948966,642.0,80.46875,85.9375,6.987,-0.4636476090008061,641.0,68.75,85.15625,6.72,-2.5213431676069717,692.0,68.75,92.1875,6.298,2.62244653934327
668,85.9375,89.0625,1.7200887006541477,1.225,0.523,6.906,695,92.1875,92.96875,7.37,0.5585993153435624,617,85.9375,82.03125,7.031,-1.5707963267948966,719.0,85.9375,96.09375,7.031,1.5707963267948966,643.0,92.1875,85.9375,6.987,-0.4636476090008061,694.0,80.46875,92.96875,6.72,2.5213431676069717,642.0,80.46875,85.9375,6.298,-2.62244653934327
669,97.65625,89.0625,1.7162783825688965,1.225,0.523,6.906,696,103.90625,92.96875,7.37,0.5585993153435624,618,97.65625,82.03125,7.031,-1.5707963267948966,720.0,97.65625,96.09375,7.031,1.5707963267948966,644.0,103.90625,85.9375,6.987,-0.4636476090008061,695.0,92.1875,92.96875,6.72,2.5213431676069717,643.0,92.1875,85.9375,6.298,-2.62244653934327
670,109.375,89.0625,1.7118736427507866,1.225,0.523,6.906,697,115.625,92.96875,7.37,0.5585993153435624,619,109.375,82.03125,7.031,-1.5707963267948966,721.0,109.375,96.09375,7.031,1.5707963267948966,645.0,115.625,85.9375,6.987,-0.4636476090008061,696.0,103.90625,92.96875,6.72,2.5213431676069717,644.0,103.90625,85.9375,6.298,-2.62244653934327
671,121.09375,89.0625,1.7078832186714448,1.225,0.523,6.906,698,127.34375,92.96875,7.37,0.5585993153435624,620,121.09375,82.03125,7.031,-1.5707963267948966,722.0,121.09375,96.09375,7.031,1.5707963267948966,646.0,127.34375,85.9375,6.987,-0.4636476090008061,697.0,115.625,92.96875,6.72,2.5213431676069717,645.0,115.625,85.9375,6.298,-2.62244653934327
672,132.8125,89.0625,1.7044267358878362,1.225,0.523,6.906,699,139.0625,92.96875,7.37,0.5585993153435624,621,132.8125,82.03125,7.031,-1.5707963267948966,723.0,132.8125,96.09375,7.031,1.5707963267948966,647.0,139.0625,85.9375,6.987,-0.4636476090008061,698.0,127.34375,92.96875,6.72,2.5213431676069717,646.0,127.34375,85.9375,6.298,-2.62244653934327
673,144.53125,89.0625,1.7015638597821243,1.225,0.523,6.906,700,150.78125,92.96875,7.37,0.5585993153435624,622,144.53125,82.03125,7.031,-1.5707963267948966,724.0,144.53125,96.09375,7.031,1.5707963267948966,648.0,150.78125,85.9375,6.987,-0.4636476090008061,699.0,139.0625,92.96875,6.72,2.5213431676069717,647.0,139.0625,85.9375,6.298,-2.62244653934327
674,156.25,89.0625,1.6993887987989726,1.225,0.523,6.906,701,162.5,92.96875,7.37,0.5585993153435624,623,156.25,82.03125,7.031,-1.5707963267948966,725.0,156.25,96.09375,7.031,1.5707963267948966,649.0,162.5,85.9375,6.987,-0.4636476090008061,700.0,150.78125,92.96875,6.72,2.5213431676069717,648.0,150.78125,85.9375,6.298,-2.62244653934327
675,167.96875,89.0625,1.697861239181391,1.225,0.523,6.906,702,174.21875,92.96875,7.37,0.5585993153435624,624,167.96875,82.03125,7.031,-1.5707963267948966,726.0,167.96875,96.09375,7.031,1.5707963267948966,650.0,174.21875,85.9375,6.987,-0.4636476090008061,701.0,162.5,92.96875,6.72,2.5213431676069717,649.0,162.5,85.9375,6.298,-2.62244653934327
676,179.6875,89.0625,1.6965626131985265,1.225,0.523,6.906,703,185.9375,92.96875,7.37,0.5585993153435624,625,179.6875,82.03125,7.031,-1.5707963267948966,727.0,179.6875,96.09375,7.031,1.5707963267948966,651.0,185.9375,85.9375,6.987,-0.4636476090008061,702.0,174.21875,92.96875,6.72,2.5213431676069717,650.0,174.21875,85.9375,6.298,-2.62244653934327
677,191.40625,89.0625,1.6945396684621168,1.225,0.523,6.906,704,197.65625,92.96875,7.37,0.5585993153435624,626,191.40625,82.03125,7.031,-1.5707963267948966,728.0,191.40625,96.09375,7.031,1.5707963267948966,652.0,197.65625,85.9375,6.987,-0.4636476090008061,703.0,185.9375,92.96875,6.72,2.5213431676069717,651.0,185.9375,85.9375,6.298,-2.62244653934327
678,203.125,89.0625,1.690160902364731,1.225,0.523,6.906,705,209.375,92.96875,7.37,0.5585993153435624,627,203.125,82.03125,7.031,-1.5707963267948966,729.0,203.125,96.09375,7.031,1.5707963267948966,653.0,209.375,85.9375,6.987,-0.4636476090008061,704.0,197.65625,92.96875,6.72,2.5213431676069717,652.0,197.65625,85.9375,6.298,-2.62244653934327
679,214.84375,89.0625,1.6802579617056617,1.225,0.523,6.906,706,221.09375,92.96875,7.37,0.5585993153435624,628,214.84375,82.03125,7.031,-1.5707963267948966,730.0,214.84375,96.09375,7.031,1.5707963267948966,654.0,221.09375,85.9375,6.987,-0.4636476090008061,705.0,209.375,92.96875,6.72,2.5213431676069717,653.0,209.375,85.9375,6.298,-2.62244653934327
680,226.5625,89.0625,1.6565315761806079,1.225,0.523,6.906,707,232.8125,92.96875,7.37,0.5585993153435624,629,226.5625,82.03125,7.031,-1.5707963267948966,731.0,226.5625,96.09375,7.031,1.5707963267948966,655.0,232.8125,85.9375,6.987,-0.4636476090008061,706.0,221.09375,92.96875,6.72,2.5213431676069717,654.0,221.09375,85.9375,6.298,-2.62244653934327
681,239.0625,89.0625,1.6181575011701104,1.916,-0.524,6.906,707,232.8125,92.96875,7.37,2.5829933382462307,630,239.0625,82.03125,7.031,-1.5707963267948966,732.0,239.0625,96.09375,7.031,1.5707963267948966,655.0,232.8125,85.9375,6.987,-2.677945044588987,708.0,244.53125,92.96875,6.72,0.6202494859828215,656.0,244.53125,85.9375,6.298,-0.5191461142465229
682,250.78125,89.0625,1.63918918621216,1.57,-0.524,6.999,708,244.53125,92.96875,7.37,2.5829933382462307,709,257.03125,92.96875,7.37,0.5585993153435624,733.0,250.78125,96.09375,7.031,1.5707963267948966,656.0,244.53125,85.9375,6.987,-2.677945044588987,657.0,257.03125,85.9375,6.987,-0.4636476090008061,631.0,250.78125,82.8125,6.25,-1.5707963267948966
683,275.0,89.0625,1.5690377681581178,0.772,0.485,7.01,735,275.78125,96.09375,7.074,1.460139105621001,658,268.75,85.9375,6.987,-2.677945044588987,659.0,281.25,85.9375,6.987,-0.4636476090008061,710.0,269.53125,92.96875,6.72,2.5213431676069717,711.0,282.03125,92.96875,8.043,0.507098504392337,633.0,275.0,82.8125,6.25,-1.5707963267948966
684,287.5,89.0625,1.6147607249093427,-2.203,0.467,7.225,736,287.5,96.09375,7.031,1.5707963267948966,693,293.75,92.1875,6.987,0.4636476090008061,659.0,281.25,85.9375,6.987,-2.677945044588987,711.0,282.03125,92.96875,6.72,2.5213431676069717,614.0,287.5,81.25,7.812,-1.5707963267948966,636.0,293.75,84.375,7.812,-0.6435011087932844
685,263.28125,89.84375,1.578044690970917,-2.173,0.494,6.898,657,257.03125,85.9375,7.37,-2.5829933382462307,632,262.5,82.8125,7.074,-1.6814535479687922,709.0,257.03125,92.96875,6.987,2.677945044588987,710.0,269.53125,92.96875,6.987,0.4636476090008061,658.0,268.75,85.9375,6.72,-0.6202494859828215,734.0,263.28125,96.09375,6.25,1.5707963267948966
686,0.0,92.1875,1.6517148035720115,0.0,-0.262,7.071,738,0.0,99.21875,7.031,1.5707963267948966,660,5.46875,88.28125,6.72,-0.6202494859828215,712.0,5.46875,96.09375,6.72,0.6202494859828215,634.0,0.0,84.375,7.812,-1.5707963267948966,,,,,,,,,,
687,10.9375,92.1875,1.719015497883634,0.0,-0.524,6.954,739,10.9375,99.21875,7.031,1.5707963267948966,660,5.46875,88.28125,6.72,-2.5213431676069717,712.0,5.46875,96.09375,6.72,2.5213431676069717,661.0,16.40625,88.28125,6.72,-0.6202494859828215,713.0,16.40625,96.09375,6.72,0.6202494859828215,635.0,10.9375,84.375,7.812,-1.5707963267948966
688,22.65625,92.1875,1.6777271073069244,3.141,-0.524,7.04,661,16.40625,88.28125,7.37,-2.5829933382462307,713,16.40625,96.09375,7.37,2.5829933382462307,637.0,22.65625,85.15625,7.031,-1.5707963267948966,740.0,22.65625,99.21875,7.031,1.5707963267948966,662.0,28.125,88.28125,6.72,-0.6202494859828215,714.0,28.125,96.09375,6.72,0.6202494859828215
689,33.59375,92.1875,1.7039955289838113,0.624,-0.507,6.976,715,39.84375,96.09375,7.37,0.5585993153435624,638,33.59375,85.15625,7.031,-1.5707963267948966,741.0,33.59375,99.21875,7.031,1.5707963267948966,664.0,39.84375,89.0625,6.987,-0.4636476090008061,714.0,28.125,96.09375,6.72,2.5213431676069717,662.0,28.125,88.28125,6.72,-2.5213431676069717
690,45.3125,92.1875,1.710076477885135,1.57,-0.524,6.683,639,45.3125,85.15625,7.031,-1.5707963267948966,742,45.3125,99.21875,7.031,1.5707963267948966,716.0,50.78125,96.09375,6.72,0.6202494859828215,715.0,39.84375,96.09375,6.72,2.5213431676069717,665.0,50.78125,89.0625,6.298,-0.5191461142465229,664.0,39.84375,89.0625,6.298,-2.62244653934327
691,57.03125,92.1875,1.6803409421239621,1.916,-0.524,6.906,716,50.78125,96.09375,7.37,2.5829933382462307,640,57.03125,85.15625,7.031,-1.5707963267948966,743.0,57.03125,99.21875,7.031,1.5707963267948966,665.0,50.78125,89.0625,6.987,-2.677945044588987,717.0,62.5,96.09375,6.72,0.6202494859828215,666.0,62.5,89.0625,6.298,-0.5191461142465229
692,68.75,92.1875,1.6452120843159912,1.916,-0.524,6.906,717,62.5,96.09375,7.37,2.5829933382462307,641,68.75,85.15625,7.031,-1.5707963267948966,744.0,68.75,99.21875,7.031,1.5707963267948966,666.0,62.5,89.0625,6.987,-2.677945044588987,718.0,74.21875,96.09375,6.72,0.6202494859828215,667.0,74.21875,89.0625,6.298,-0.5191461142465229
693,293.75,92.1875,1.6760604544523705,2.517,0.506,7.107,736,287.5,96.09375,7.37,2.5829933382462307,763,293.75,99.21875,7.031,1.5707963267948966,684.0,287.5,89.0625,6.987,-2.677945044588987,663.0,299.21875,88.28125,6.72,-0.6202494859828215,737.0,299.21875,96.09375,6.72,0.6202494859828215,636.0,293.75,84.375,7.812,-1.5707963267948966
694,80.46875,92.96875,1.6217916090777806,-1.917,0.523,6.776,667,74.21875,89.0625,7.37,-2.5829933382462307,642,80.46875,85.9375,7.031,-1.5707963267948966,718.0,74.21875,96.09375,6.987,2.677945044588987,668.0,85.9375,89.0625,6.72,-0.6202494859828215,719.0,85.9375,96.09375,6.298,0.5191461142465229,745.0,80.46875,99.21875,6.25,1.5707963267948966
695,92.1875,92.96875,1.6338271828209632,-1.917,0.523,6.776,668,85.9375,89.0625,7.37,-2.5829933382462307,643,92.1875,85.9375,7.031,-1.5707963267948966,719.0,85.9375,96.09375,6.987,2.677945044588987,669.0,97.65625,89.0625,6.72,-0.6202494859828215,720.0,97.65625,96.09375,6.298,0.5191461142465229,746.0,92.1875,99.21875,6.25,1.5707963267948966
696,103.90625,92.96875,1.6442645385097456,-1.917,0.523,6.776,669,97.65625,89.0625,7.37,-2.5829933382462307,644,103.90625,85.9375,7.031,-1.5707963267948966,720.0,97.65625,96.09375,6.987,2.677945044588987,670.0,109.375,89.0625,6.72,-0.6202494859828215,721.0,109.375,96.09375,6.298,0.5191461142465229,747.0,103.90625,99.21875,6.25,1.5707963267948966
697,115.625,92.96875,1.651845714680249,-1.917,0.523,6.776,670,109.375,89.0625,7.37,-2.5829933382462307,645,115.625,85.9375,7.031,-1.5707963267948966,721.0,109.375,96.09375,6.987,2.677945044588987,671.0,121.09375,89.0625,6.72,-0.6202494859828215,722.0,121.09375,96.09375,6.298,0.5191461142465229,748.0,115.625,99.21875,6.25,1.5707963267948966
698,127.34375,92.96875,1.6567288719772524,-1.917,0.523,6.776,671,121.09375,89.0625,7.37,-2.5829933382462307,646,127.34375,85.9375,7.031,-1.5707963267948966,722.0,121.09375,96.09375,6.987,2.677945044588987,672.0,132.8125,89.0625,6.72,-0.6202494859828215,723.0,132.8125,96.09375,6.298,0.5191461142465229,749.0,127.34375,99.21875,6.25,1.5707963267948966
699,139.0625,92.96875,1.659262261615529,-1.917,0.523,6.776,672,132.8125,89.0625,7.37,-2.5829933382462307,647,139.0625,85.9375,7.031,-1.5707963267948966,723.0,132.8125,96.09375,6.987,2.677945044588987,673.0,144.53125,89.0625,6.72,-0.6202494859828215,724.0,144.53125,96.09375,6.298,0.5191461142465229,750.0,139.0625,99.21875,6.25,1.5707963267948966
700,150.78125,92.96875,1.659575434548648,-1.917,0.523,6.776,673,144.53125,89.0625,7.37,-2.5829933382462307,648,150.78125,85.9375,7.031,-1.5707963267948966,724.0,144.53125,96.09375,6.987,2.677945044588987,674.0,156.25,89.0625,6.72,-0.6202494859828215,725.0,156.25,96.09375,6.298,0.5191461142465229,751.0,150.78125,99.21875,6.25,1.5707963267948966
701,162.5,92.96875,1.6576666129398712,-1.917,0.523,6.776,674,156.25,89.0625,7.37,-2.5829933382462307,649,162.5,85.9375,7.031,-1.5707963267948966,725.0,156.25,96.09375,6.987,2.677945044588987,675.0,167.96875,89.0625,6.72,-0.6202494859828215,726.0,167.96875,96.09375,6.298,0.5191461142465229,752.0,162.5,99.21875,6.25,1.5707963267948966
702,174.21875,92.96875,1.653686742450511,-1.917,0.523,6.776,675,167.96875,89.0625,7.37,-2.5829933382462307,650,174.21875,85.9375,7.031,-1.5707963267948966,726.0,167.96875,96.09375,6.987,2.677945044588987,676.0,179.6875,89.0625,6.72,-0.6202494859828215,727.0,179.6875,96.09375,6.298,0.5191461142465229,753.0,174.21875,99.21875,6.25,1.5707963267948966
703,185.9375,92.96875,1.6483843546963173,-1.917,0.523,6.776,676,179.6875,89.0625,7.37,-2.5829933382462307,651,185.9375,85.9375,7.031,-1.5707963267948966,727.0,179.6875,96.09375,6.987,2.677945044588987,677.0,191.40625,89.0625,6.72,-0.6202494859828215,728.0,191.40625,96.09375,6.298,0.5191461142465229,754.0,185.9375,99.21875,6.25,1.5707963267948966
704,197.65625,92.96875,1.6437100228200414,-1.917,0.523,6.776,677,191.40625,89.0625,7.37,-2.5829933382462307,652,197.65625,85.9375,7.031,-1.5707963267948966,728.0,191.40625,96.09375,6.987,2.677945044588987,678.0,203.125,89.0625,6.72,-0.6202494859828215,729.0,203.125,96.09375,6.298,0.5191461142465229,755.0,197.65625,99.21875,6.25,1.5707963267948966
705,209.375,92.96875,1.6432557690762986,-1.917,0.523,6.776,678,203.125,89.0625,7.37,-2.5829933382462307,653,209.375,85.9375,7.031,-1.5707963267948966,729.0,203.125,96.09375,6.987,2.677945044588987,679.0,214.84375,89.0625,6.72,-0.6202494859828215,730.0,214.84375,96.09375,6.298,0.5191461142465229,756.0,209.375,99.21875,6.25,1.5707963267948966
706,221.09375,92.96875,1.651201657018805,-1.917,0.523,6.776,679,214.84375,89.0625,7.37,-2.5829933382462307,654,221.09375,85.9375,7.031,-1.5707963267948966,730.0,214.84375,96.09375,6.987,2.677945044588987,680.0,226.5625,89.0625,6.72,-0.6202494859828215,731.0,226.5625,96.09375,6.298,0.5191461142465229,757.0,221.09375,99.21875,6.25,1.5707963267948966
707,232.8125,92.96875,1.6662855791991578,-1.571,-0.524,6.999,680,226.5625,89.0625,7.37,-2.5829933382462307,681,239.0625,89.0625,7.37,-0.5585993153435624,655.0,232.8125,85.9375,7.031,-1.5707963267948966,731.0,226.5625,96.09375,6.987,2.677945044588987,732.0,239.0625,96.09375,6.987,0.4636476090008061,758.0,232.8125,99.21875,6.25,1.5707963267948966
708,244.53125,92.96875,1.66328353417725,-1.226,-0.524,6.776,682,250.78125,89.0625,7.37,-0.5585993153435624,656,244.53125,85.9375,7.031,-1.5707963267948966,733.0,250.78125,96.09375,6.987,0.4636476090008061,681.0,239.0625,89.0625,6.72,-2.5213431676069717,732.0,239.0625,96.09375,6.298,2.62244653934327,759.0,244.53125,99.21875,6.25,1.5707963267948966
709,257.03125,92.96875,1.6572640891098545,-1.06,-0.508,6.935,682,250.78125,89.0625,7.37,-2.5829933382462307,657,257.03125,85.9375,7.031,-1.5707963267948966,685.0,263.28125,89.84375,6.987,-0.4636476090008061,733.0,250.78125,96.09375,6.987,2.677945044588987,734.0,263.28125,96.09375,6.987,0.4636476090008061,760.0,257.03125,99.21875,6.25,1.5707963267948966
710,269.53125,92.96875,1.6260324804692792,-2.552,0.478,6.834,658,268.75,85.9375,7.074,-1.6814535479687922,685,263.28125,89.84375,6.987,-2.677945044588987,734.0,263.28125,96.09375,6.987,2.677945044588987,735.0,275.78125,96.09375,6.987,0.4636476090008061,683.0,275.0,89.0625,6.72,-0.6202494859828215,761.0,269.53125,99.21875,6.25,1.5707963267948966
711,282.03125,92.96875,1.563450276172931,-2.605,0.495,6.895,659,281.25,85.9375,7.074,-1.6814535479687922,735,275.78125,96.09375,6.987,2.677945044588987,684.0,287.5,89.0625,6.72,-0.6202494859828215,683.0,275.0,89.0625,8.043,-2.6344941491974563,736.0,287.5,96.09375,6.298,0.5191461142465229,762.0,282.03125,99.21875,6.25,1.5707963267948966
712,5.46875,96.09375,1.6889314028837072,-1.571,-0.419,6.77,686,0.0,92.1875,6.72,-2.5213431676069717,687,10.9375,92.1875,6.72,-0.6202494859828215,660.0,5.46875,88.28125,7.812,-1.5707963267948966,738.0,0.0,99.21875,6.298,2.62244653934327,739.0,10.9375,99.21875,6.298,0.5191461142465229,,,,,
713,16.40625,96.09375,1.6813216509839544,-1.52,0.419,7.037,688,22.65625,92.1875,7.37,-0.5585993153435624,740,22.65625,99.21875,6.987,0.4636476090008061,687.0,10.9375,92.1875,6.72,-2.5213431676069717,661.0,16.40625,88.28125,7.812,-1.5707963267948966,739.0,10.9375,99.21875,6.298,2.62244653934327,,,,,
714,28.125,96.09375,1.7084806967820776,-1.571,-0.419,6.77,688,22.65625,92.1875,6.72,-2.5213431676069717,689,33.59375,92.1875,6.72,-0.6202494859828215,662.0,28.125,88.28125,7.812,-1.5707963267948966,740.0,22.65625,99.21875,6.298,2.62244653934327,741.0,33.59375,99.21875,6.298,0.5191461142465229,,,,,
715,39.84375,96.09375,1.6658459062578643,-1.623,-0.42,6.881,689,33.59375,92.1875,7.37,-2.5829933382462307,664,39.84375,89.0625,7.031,-1.5707963267948966,741.0,33.59375,99.21875,6.987,2.677945044588987,690.0,45.3125,92.1875,6.72,-0.6202494859828215,742.0,45.3125,99.21875,6.298,0.5191461142465229,,,,,
716,50.78125,96.09375,1.6941627984267287,-1.52,0.419,6.881,691,57.03125,92.1875,7.37,-0.5585993153435624,665,50.78125,89.0625,7.031,-1.5707963267948966,743.0,57.03125,99.21875,6.987,0.4636476090008061,690.0,45.3125,92.1875,6.72,-2.5213431676069717,742.0,45.3125,99.21875,6.298,2.62244653934327,,,,,
717,62.5,96.09375,1.7162247128450476,-1.52,0.419,6.881,692,68.75,92.1875,7.37,-0.5585993153435624,666,62.5,89.0625,7.031,-1.5707963267948966,744.0,68.75,99.21875,6.987,0.4636476090008061,691.0,57.03125,92.1875,6.72,-2.5213431676069717,743.0,57.03125,99.21875,6.298,2.62244653934327,,,,,
718,74.21875,96.09375,1.7219397495775974,-1.473,0.443,6.805,667,74.21875,89.0625,7.031,-1.5707963267948966,694,80.46875,92.96875,6.987,-0.4636476090008061,745.0,80.46875,99.21875,6.987,0.4636476090008061,692.0,68.75,92.1875,6.72,-2.5213431676069717,744.0,68.75,99.21875,6.298,2.62244653934327,,,,,
719,85.9375,96.09375,1.7222759908048169,-1.519,0.418,6.72,668,85.9375,89.0625,7.031,-1.5707963267948966,695,92.1875,92.96875,6.987,-0.4636476090008061,746.0,92.1875,99.21875,6.987,0.4636476090008061,694.0,80.46875,92.96875,6.298,-2.62244653934327,745.0,80.46875,99.21875,6.298,2.62244653934327,,,,,
720,97.65625,96.09375,1.720722697083575,-1.519,0.418,6.72,669,97.65625,89.0625,7.031,-1.5707963267948966,696,103.90625,92.96875,6.987,-0.4636476090008061,747.0,103.90625,99.21875,6.987,0.4636476090008061,695.0,92.1875,92.96875,6.298,-2.62244653934327,746.0,92.1875,99.21875,6.298,2.62244653934327,,,,,
721,109.375,96.09375,1.718307551261024,-1.519,0.418,6.72,670,109.375,89.0625,7.031,-1.5707963267948966,697,115.625,92.96875,6.987,-0.4636476090008061,748.0,115.625,99.21875,6.987,0.4636476090008061,696.0,103.90625,92.96875,6.298,-2.62244653934327,747.0,103.90625,99.21875,6.298,2.62244653934327,,,,,
722,121.09375,96.09375,1.7156047432076726,-1.519,0.418,6.72,671,121.09375,89.0625,7.031,-1.5707963267948966,698,127.34375,92.96875,6.987,-0.4636476090008061,749.0,127.34375,99.21875,6.987,0.4636476090008061,697.0,115.625,92.96875,6.298,-2.62244653934327,748.0,115.625,99.21875,6.298,2.62244653934327,,,,,
723,132.8125,96.09375,1.7130011187268448,-1.519,0.418,6.72,672,132.8125,89.0625,7.031,-1.5707963267948966,699,139.0625,92.96875,6.987,-0.4636476090008061,750.0,139.0625,99.21875,6.987,0.4636476090008061,698.0,127.34375,92.96875,6.298,-2.62244653934327,749.0,127.34375,99.21875,6.298,2.62244653934327,,,,,
724,144.53125,96.09375,1.7107388215903423,-1.519,0.418,6.72,673,144.53125,89.0625,7.031,-1.5707963267948966,700,150.78125,92.96875,6.987,-0.4636476090008061,751.0,150.78125,99.21875,6.987,0.4636476090008061,699.0,139.0625,92.96875,6.298,-2.62244653934327,750.0,139.0625,99.21875,6.298,2.62244653934327,,,,,
725,156.25,96.09375,1.7089452771345566,-1.519,0.418,6.72,674,156.25,89.0625,7.031,-1.5707963267948966,701,162.5,92.96875,6.987,-0.4636476090008061,752.0,162.5,99.21875,6.987,0.4636476090008061,700.0,150.78125,92.96875,6.298,-2.62244653934327,751.0,150.78125,99.21875,6.298,2.62244653934327,,,,,
726,167.96875,96.09375,1.7075683905719197,-1.519,0.418,6.72,675,167.96875,89.0625,7.031,-1.5707963267948966,702,174.21875,92.96875,6.987,-0.4636476090008061,753.0,174.21875,99.21875,6.987,0.4636476090008061,701.0,162.5,92.96875,6.298,-2.62244653934327,752.0,162.5,99.21875,6.298,2.62244653934327,,,,,
727,179.6875,96.09375,1.7062527896020905,-1.519,0.418,6.72,676,179.6875,89.0625,7.031,-1.5707963267948966,703,185.9375,92.96875,6.987,-0.4636476090008061,754.0,185.9375,99.21875,6.987,0.4636476090008061,702.0,174.21875,92.96875,6.298,-2.62244653934327,753.0,174.21875,99.21875,6.298,2.62244653934327,,,,,
728,191.40625,96.09375,1.7042864487566212,-1.519,0.418,6.72,677,191.40625,89.0625,7.031,-1.5707963267948966,704,197.65625,92.96875,6.987,-0.4636476090008061,755.0,197.65625,99.21875,6.987,0.4636476090008061,703.0,185.9375,92.96875,6.298,-2.62244653934327,754.0,185.9375,99.21875,6.298,2.62244653934327,,,,,
729,203.125,96.09375,1.700586573919188,-1.519,0.418,6.72,678,203.125,89.0625,7.031,-1.5707963267948966,705,209.375,92.96875,6.987,-0.4636476090008061,756.0,209.375,99.21875,6.987,0.4636476090008061,704.0,197.65625,92.96875,6.298,-2.62244653934327,755.0,197.65625,99.21875,6.298,2.62244653934327,,,,,
730,214.84375,96.09375,1.6930219418834465,-1.519,0.418,6.72,679,214.84375,89.0625,7.031,-1.5707963267948966,706,221.09375,92.96875,6.987,-0.4636476090008061,757.0,221.09375,99.21875,6.987,0.4636476090008061,705.0,209.375,92.96875,6.298,-2.62244653934327,756.0,209.375,99.21875,6.298,2.62244653934327,,,,,
731,226.5625,96.09375,1.6748311721823201,-1.519,0.418,6.72,680,226.5625,89.0625,7.031,-1.5707963267948966,707,232.8125,92.96875,6.987,-0.4636476090008061,758.0,232.8125,99.21875,6.987,0.4636476090008061,706.0,221.09375,92.96875,6.298,-2.62244653934327,757.0,221.09375,99.21875,6.298,2.62244653934327,,,,,
732,239.0625,96.09375,1.6313320885611617,-1.624,0.418,6.72,681,239.0625,89.0625,7.031,-1.5707963267948966,707,232.8125,92.96875,6.987,-2.677945044588987,758.0,232.8125,99.21875,6.987,2.677945044588987,708.0,244.53125,92.96875,6.298,-0.5191461142465229,759.0,244.53125,99.21875,6.298,0.5191461142465229,,,,,
733,250.78125,96.09375,1.6807314005418579,-1.571,0.418,6.996,682,250.78125,89.0625,7.031,-1.5707963267948966,708,244.53125,92.96875,6.987,-2.677945044588987,709.0,257.03125,92.96875,6.987,-0.4636476090008061,759.0,244.53125,99.21875,6.987,2.677945044588987,760.0,257.03125,99.21875,6.987,0.4636476090008061,,,,,
734,263.28125,96.09375,1.6371616497361643,-1.571,0.418,6.84,709,257.03125,92.96875,6.987,-2.677945044588987,710,269.53125,92.96875,6.987,-0.4636476090008061,760.0,257.03125,99.21875,6.987,2.677945044588987,761.0,269.53125,99.21875,6.987,0.4636476090008061,685.0,263.28125,89.84375,6.25,-1.5707963267948966,,,,,
735,275.78125,96.09375,1.6362776356016875,-1.682,-0.446,7.005,683,275.0,89.0625,7.074,-1.6814535479687922,710,269.53125,92.96875,6.987,-2.677945044588987,711.0,282.03125,92.96875,6.987,-0.4636476090008061,761.0,269.53125,99.21875,6.987,2.677945044588987,762.0,282.03125,99.21875,6.987,0.4636476090008061,,,,,
736,287.5,96.09375,1.6487364538490812,-1.566,-0.442,6.797,693,293.75,92.1875,7.37,-0.5585993153435624,684,287.5,89.0625,7.031,-1.5707963267948966,763.0,293.75,99.21875,6.987,0.4636476090008061,711.0,282.03125,92.96875,6.298,-2.62244653934327,762.0,282.03125,99.21875,6.298,2.62244653934327,,,,,
737,299.21875,96.09375,1.5892503860144938,-2.569,0.066,6.943,693,293.75,92.1875,6.72,-2.5213431676069717,663,299.21875,88.28125,7.812,-1.5707963267948966,763.0,293.75,99.21875,6.298,2.62244653934327,,,,,,,,,,,,,,,
738,0.0,99.21875,1.5976299511818952,-1.045,-0.517,6.664,686,0.0,92.1875,7.031,-1.5707963267948966,712,5.46875,96.09375,6.298,-0.5191461142465229,,,,,,,,,,,,,,,,,,,,
739,10.9375,99.21875,1.6643712962802897,-1.571,0.0,6.542,687,10.9375,92.1875,7.031,-1.5707963267948966,712,5.46875,96.09375,6.298,-2.62244653934327,713.0,16.40625,96.09375,6.298,-0.5191461142465229,,,,,,,,,,,,,,,
740,22.65625,99.21875,1.6208449590890839,-1.585,-0.037,6.772,688,22.65625,92.1875,7.031,-1.5707963267948966,713,16.40625,96.09375,6.987,-2.677945044588987,714.0,28.125,96.09375,6.298,-0.5191461142465229,,,,,,,,,,,,,,,
741,33.59375,99.21875,1.6529436112210356,-1.558,0.036,6.772,689,33.59375,92.1875,7.031,-1.5707963267948966,715,39.84375,96.09375,6.987,-0.4636476090008061,714.0,28.125,96.09375,6.298,-2.62244653934327,,,,,,,,,,,,,,,
742,45.3125,99.21875,1.6641005283502943,-1.571,0.0,6.542,690,45.3125,92.1875,7.031,-1.5707963267948966,715,39.84375,96.09375,6.298,-2.62244653934327,716.0,50.78125,96.09375,6.298,-0.5191461142465229,,,,,,,,,,,,,,,
743,57.03125,99.21875,1.6456622601778712,-1.585,-0.037,6.772,691,57.03125,92.1875,7.031,-1.5707963267948966,716,50.78125,96.09375,6.987,-2.677945044588987,717.0,62.5,96.09375,6.298,-0.5191461142465229,,,,,,,,,,,,,,,
744,68.75,99.21875,1.6263101866128156,-1.585,-0.037,6.772,692,68.75,92.1875,7.031,-1.5707963267948966,717,62.5,96.09375,6.987,-2.677945044588987,718.0,74.21875,96.09375,6.298,-0.5191461142465229,,,,,,,,,,,,,,,
745,80.46875,99.21875,1.6174421717297196,-1.585,-0.037,6.512,718,74.21875,96.09375,6.987,-2.677945044588987,719,85.9375,96.09375,6.298,-0.5191461142465229,694.0,80.46875,92.96875,6.25,-1.5707963267948966,,,,,,,,,,,,,,,
746,92.1875,99.21875,1.6178744800319014,-1.585,-0.037,6.512,719,85.9375,96.09375,6.987,-2.677945044588987,720,97.65625,96.09375,6.298,-0.5191461142465229,695.0,92.1875,92.96875,6.25,-1.5707963267948966,,,,,,,,,,,,,,,
747,103.90625,99.21875,1.6223605516533528,-1.585,-0.037,6.512,720,97.65625,96.09375,6.987,-2.677945044588987,721,109.375,96.09375,6.298,-0.5191461142465229,696.0,103.90625,92.96875,6.25,-1.5707963267948966,,,,,,,,,,,,,,,
748,115.625,99.21875,1.6270876269949874,-1.585,-0.037,6.512,721,109.375,96.09375,6.987,-2.677945044588987,722,121.09375,96.09375,6.298,-0.5191461142465229,697.0,115.625,92.96875,6.25,-1.5707963267948966,,,,,,,,,,,,,,,
749,127.34375,99.21875,1.6305111282571403,-1.585,-0.037,6.512,722,121.09375,96.09375,6.987,-2.677945044588987,723,132.8125,96.09375,6.298,-0.5191461142465229,698.0,127.34375,92.96875,6.25,-1.5707963267948966,,,,,,,,,,,,,,,
750,139.0625,99.21875,1.6322268298364362,-1.585,-0.037,6.512,723,132.8125,96.09375,6.987,-2.677945044588987,724,144.53125,96.09375,6.298,-0.5191461142465229,699.0,139.0625,92.96875,6.25,-1.5707963267948966,,,,,,,,,,,,,,,
751,150.78125,99.21875,1.6321146405887395,-1.585,-0.037,6.512,724,144.53125,96.09375,6.987,-2.677945044588987,725,156.25,96.09375,6.298,-0.5191461142465229,700.0,150.78125,92.96875,6.25,-1.5707963267948966,,,,,,,,,,,,,,,
752,162.5,99.21875,1.6300845396826007,-1.585,-0.037,6.512,725,156.25,96.09375,6.987,-2.677945044588987,726,167.96875,96.09375,6.298,-0.5191461142465229,701.0,162.5,92.96875,6.25,-1.5707963267948966,,,,,,,,,,,,,,,
753,174.21875,99.21875,1.626175213312113,-1.585,-0.037,6.512,726,167.96875,96.09375,6.987,-2.677945044588987,727,179.6875,96.09375,6.298,-0.5191461142465229,702.0,174.21875,92.96875,6.25,-1.5707963267948966,,,,,,,,,,,,,,,
754,185.9375,99.21875,1.620905781217766,-1.585,-0.037,6.512,727,179.6875,96.09375,6.987,-2.677945044588987,728,191.40625,96.09375,6.298,-0.5191461142465229,703.0,185.9375,92.96875,6.25,-1.5707963267948966,,,,,,,,,,,,,,,
755,197.65625,99.21875,1.6158431822860513,-1.585,-0.037,6.512,728,191.40625,96.09375,6.987,-2.677945044588987,729,203.125,96.09375,6.298,-0.5191461142465229,704.0,197.65625,92.96875,6.25,-1.5707963267948966,,,,,,,,,,,,,,,
756,209.375,99.21875,1.6140403171439957,-1.585,-0.037,6.512,729,203.125,96.09375,6.987,-2.677945044588987,730,214.84375,96.09375,6.298,-0.5191461142465229,705.0,209.375,92.96875,6.25,-1.5707963267948966,,,,,,,,,,,,,,,
757,221.09375,99.21875,1.6190171803759474,-1.585,-0.037,6.512,730,214.84375,96.09375,6.987,-2.677945044588987,731,226.5625,96.09375,6.298,-0.5191461142465229,706.0,221.09375,92.96875,6.25,-1.5707963267948966,,,,,,,,,,,,,,,
758,232.8125,99.21875,1.628687249121506,-1.571,0.0,6.741,731,226.5625,96.09375,6.987,-2.677945044588987,732,239.0625,96.09375,6.987,-0.4636476090008061,707.0,232.8125,92.96875,6.25,-1.5707963267948966,,,,,,,,,,,,,,,
759,244.53125,99.21875,1.6159918616789934,-1.558,0.036,6.512,733,250.78125,96.09375,6.987,-0.4636476090008061,732,239.0625,96.09375,6.298,-2.62244653934327,708.0,244.53125,92.96875,6.25,-1.5707963267948966,,,,,,,,,,,,,,,
760,257.03125,99.21875,1.6005560314349776,-1.571,0.0,6.741,733,250.78125,96.09375,6.987,-2.677945044588987,734,263.28125,96.09375,6.987,-0.4636476090008061,709.0,257.03125,92.96875,6.25,-1.5707963267948966,,,,,,,,,,,,,,,
761,269.53125,99.21875,1.5744792204786189,-1.571,0.0,6.741,734,263.28125,96.09375,6.987,-2.677945044588987,735,275.78125,96.09375,6.987,-0.4636476090008061,710.0,269.53125,92.96875,6.25,-1.5707963267948966,,,,,,,,,,,,,,,
762,282.03125,99.21875,1.5662789140108837,-1.585,-0.037,6.512,735,275.78125,96.09375,6.987,-2.677945044588987,736,287.5,96.09375,6.298,-0.5191461142465229,711.0,282.03125,92.96875,6.25,-1.5707963267948966,,,,,,,,,,,,,,,
763,293.75,99.21875,1.6208277768285286,-1.585,-0.037,6.772,693,293.75,92.1875,7.031,-1.5707963267948966,736,287.5,96.09375,6.987,-2.677945044588987,737.0,299.21875,96.09375,6.298,-0.5191461142465229,,,,,,,,,,,,,,,
