id,x,y,psi,avg_angle,phi6,avg_dist,nbr1_id,nbr1_x,nbr1_y,nbr1_dist,nbr1_angle,nbr2_id,nbr2_x,nbr2_y,nbr2_dist,nbr2_angle,nbr3_id,nbr3_x,nbr3_y,nbr3_dist,nbr3_angle,nbr4_id,nbr4_x,nbr4_y,nbr4_dist,nbr4_angle,nbr5_id,nbr5_x,nbr5_y,nbr5_dist,nbr5_angle,nbr6_id,nbr6_x,nbr6_y,nbr6_dist,nbr6_angle
1,0.0,0.0,1.60385416057222,0.525,0.006,6.664,2,7.03125,0.0,7.031,0.0,54.0,3.125,5.46875,6.298,1.0516502125483738,,,,,,,,,,,,,,,,,,,,
2,7.03125,0.0,1.6600693875558283,1.649,0.058,6.942,1,0.0,0.0,7.031,3.141592653589793,3.0,14.0625,0.0,7.031,0.0,59.0,10.15625,6.25,6.987,1.1071487177940904,54.0,3.125,5.46875,6.72,2.191045812777718,,,,,,,,,,
3,14.0625,0.0,1.614711299874156,1.64,0.052,7.281,59,10.15625,6.25,7.37,2.129395642138459,2.0,7.03125,0.0,7.031,3.141592653589793,4.0,21.09375,0.0,7.031,0.0,68.0,17.1875,7.03125,7.694,1.1525719972156676,,,,,,,,,,
4,21.09375,0.0,1.5254488409355327,1.648,0.151,7.725,32,28.125,2.34375,7.411,0.3217505543966422,3.0,14.0625,0.0,7.031,3.141592653589793,68.0,17.1875,7.03125,8.043,2.0778948311872334,78.0,24.21875,7.8125,8.414,1.1902899496825317,,,,,,,,,,
5,39.0625,0.0,1.6278919387446815,1.323,-0.351,7.299,33,32.8125,2.34375,6.675,2.782821983319221,79.0,37.5,7.8125,7.967,1.7681918866447774,6.0,45.3125,0.0,6.25,0.0,60.0,44.53125,6.25,8.304,0.8519663271732721,,,,,,,,,,
6,45.3125,0.0,1.519557074470811,1.74,0.242,6.282,39,50.78125,3.125,6.298,0.5191461142465229,60.0,44.53125,6.25,6.298,1.695151321341658,5.0,39.0625,0.0,6.25,3.141592653589793,,,,,,,,,,,,,,,
7,57.03125,0.0,1.5994983301255647,1.641,0.11,6.786,69,56.25,7.03125,7.074,1.6814535479687922,39.0,50.78125,3.125,6.987,2.677945044588987,40.0,62.5,3.125,6.298,0.5191461142465229,,,,,,,,,,,,,,,
8,67.96875,0.0,1.6154802696526542,1.474,-0.183,6.682,70,68.75,7.03125,7.074,1.460139105621001,34.0,74.21875,2.34375,6.675,0.35877067027057225,40.0,62.5,3.125,6.298,2.62244653934327,,,,,,,,,,,,,,,
9,81.25,0.0,1.2394361430573855,1.532,0.408,6.926,34,74.21875,2.34375,7.411,2.819842099193151,30.0,87.5,1.5625,6.442,0.24497866312686414,,,,,,,,,,,,,,,,,,,,
10,93.75,0.0,1.333506073443948,1.258,-0.363,6.875,72,92.96875,7.03125,7.074,1.6814535479687922,55.0,99.21875,5.46875,7.733,0.7853981633974483,30.0,87.5,1.5625,6.442,2.896613990462929,11.0,100.0,0.0,6.25,0.0,,,,,,,,,,
11,100.0,0.0,1.3219542861272284,1.85,0.314,6.81,48,106.25,3.90625,7.37,0.5585993153435624,10.0,93.75,0.0,6.25,3.141592653589793,,,,,,,,,,,,,,,,,,,,
12,125.0,0.0,1.2833266028191368,1.643,0.118,6.549,35,118.75,2.34375,6.675,2.782821983319221,36.0,131.25,2.34375,6.675,0.35877067027057225,61.0,124.21875,6.25,6.298,1.695151321341658,,,,,,,,,,,,,,,
13,136.71875,0.0,1.2061773492446357,0.845,0.4,6.67,52,142.96875,4.6875,7.812,0.6435011087932844,14.0,142.96875,0.0,6.25,0.0,36.0,131.25,2.34375,5.949,2.7367008673047097,,,,,,,,,,,,,,,
14,142.96875,0.0,1.2149272483979536,2.25,0.511,7.076,37,149.21875,2.34375,6.675,0.35877067027057225,13.0,136.71875,0.0,6.25,3.141592653589793,56.0,136.71875,5.46875,8.304,2.4227626539681686,,,,,,,,,,,,,,,
15,155.46875,0.0,1.3330871163427584,1.617,0.13,7.025,49,161.71875,3.90625,7.37,0.5585993153435624,73.0,155.46875,7.03125,7.031,1.5707963267948966,37.0,149.21875,2.34375,6.675,2.782821983319221,,,,,,,,,,,,,,,
16,167.96875,0.0,1.3380421061084151,1.547,-0.064,7.129,49,161.71875,3.90625,7.37,2.5829933382462307,74.0,167.96875,7.03125,7.031,1.5707963267948966,41.0,174.21875,3.125,6.987,0.4636476090008061,,,,,,,,,,,,,,,
17,180.46875,0.0,1.6709545370328396,1.57,-0.001,7.002,75,180.46875,7.03125,7.031,1.5707963267948966,41.0,174.21875,3.125,6.987,2.677945044588987,42.0,186.71875,3.125,6.987,0.4636476090008061,,,,,,,,,,,,,,,
18,192.96875,0.0,1.4722622681922837,1.183,0.453,6.948,42,186.71875,3.125,6.987,2.677945044588987,19.0,199.21875,0.0,6.25,0.0,62.0,192.96875,6.25,6.25,1.5707963267948966,57.0,199.21875,5.46875,8.304,0.7188299996216245,,,,,,,,,,
19,199.21875,0.0,1.2217601552550552,1.57,-0.001,7.421,18,192.96875,0.0,6.25,3.141592653589793,20.0,207.8125,0.0,8.593,0.0,,,,,,,,,,,,,,,,,,,,
20,207.8125,0.0,1.233023504399021,1.996,-0.293,8.449,63,213.28125,6.25,8.304,0.8519663271732721,19.0,199.21875,0.0,8.593,3.141592653589793,,,,,,,,,,,,,,,,,,,,
21,213.28125,0.0,1.4795160952974835,1.503,-0.168,7.18,43,219.53125,3.125,6.987,0.4636476090008061,63.0,213.28125,6.25,6.25,1.5707963267948966,58.0,207.03125,5.46875,8.304,2.4227626539681686,,,,,,,,,,,,,,,
22,225.78125,0.0,1.3101878353820362,1.57,-0.001,6.741,43,219.53125,3.125,6.987,2.677945044588987,44.0,232.03125,3.125,6.987,0.4636476090008061,64.0,225.78125,6.25,6.25,1.5707963267948966,,,,,,,,,,,,,,,
23,238.28125,0.0,1.332688857418323,1.57,-0.001,7.002,76,238.28125,7.03125,7.031,1.5707963267948966,44.0,232.03125,3.125,6.987,2.677945044588987,45.0,244.53125,3.125,6.987,0.4636476090008061,,,,,,,,,,,,,,,
24,250.78125,0.0,1.3292839788827218,0.992,-0.509,7.055,53,256.25,4.6875,7.202,0.7086262721276703,45.0,244.53125,3.125,6.987,2.677945044588987,46.0,257.03125,3.125,6.987,0.4636476090008061,80.0,250.0,7.8125,7.851,1.6704649792860586,25.0,257.03125,0.0,6.25,0.0,,,,,
25,257.03125,0.0,1.2686652886937235,1.57,-0.001,6.25,24,250.78125,0.0,6.25,3.141592653589793,26.0,263.28125,0.0,6.25,0.0,,,,,,,,,,,,,,,,,,,,
26,263.28125,0.0,1.2697561597841818,1.975,-0.291,7.219,77,262.5,7.03125,7.074,1.6814535479687922,46.0,257.03125,3.125,6.987,2.677945044588987,27.0,269.53125,0.0,6.25,0.0,25.0,257.03125,0.0,6.25,3.141592653589793,65.0,268.75,6.25,8.304,0.8519663271732721,53.0,256.25,4.6875,8.45,2.5535900500422257
27,269.53125,0.0,1.2385842509959468,1.765,0.378,6.423,50,275.0,3.90625,6.72,0.6202494859828215,65.0,268.75,6.25,6.298,1.695151321341658,26.0,263.28125,0.0,6.25,3.141592653589793,,,,,,,,,,,,,,,
28,294.53125,0.0,1.4837574952844494,1.791,0.474,7.174,38,287.5,2.34375,7.411,2.819842099193151,67.0,299.21875,6.25,7.812,0.9272952180016122,66.0,293.75,6.25,6.298,1.695151321341658,,,,,,,,,,,,,,,
29,299.21875,0.0,1.2147489662956075,1.93,0.031,7.277,67,299.21875,6.25,6.25,1.5707963267948966,66.0,293.75,6.25,8.304,2.289626326416521,,,,,,,,,,,,,,,,,,,,
30,87.5,1.5625,1.280358342107862,1.828,-0.38,7.103,81,85.9375,8.59375,7.202,1.7894652726688385,51.0,80.46875,4.6875,7.694,2.723368324010564,72.0,92.96875,7.03125,7.733,0.7853981633974483,10.0,93.75,0.0,6.442,-0.24497866312686414,9.0,81.25,0.0,6.442,-2.896613990462929,,,,,
31,112.5,1.5625,1.2908792200357038,1.607,0.302,6.682,82,111.71875,8.59375,7.074,1.6814535479687922,48.0,106.25,3.90625,6.675,2.782821983319221,35.0,118.75,2.34375,6.298,0.12435499454676144,,,,,,,,,,,,,,,
32,28.125,2.34375,1.4378493023661973,2.269,0.412,7.181,4,21.09375,0.0,7.411,-2.819842099193151,85.0,30.46875,9.375,7.411,1.2490457723982544,78.0,24.21875,7.8125,6.72,2.191045812777718,,,,,,,,,,,,,,,
33,32.8125,2.34375,1.443821613560132,0.818,-0.493,7.096,79,37.5,7.8125,7.202,0.8621700546672264,85.0,30.46875,9.375,7.411,1.892546881191539,5.0,39.0625,0.0,6.675,-0.35877067027057225,,,,,,,,,,,,,,,
34,74.21875,2.34375,1.523527725326538,1.356,0.492,7.163,70,68.75,7.03125,7.202,2.432966381462123,9.0,81.25,0.0,7.411,-0.3217505543966422,8.0,67.96875,0.0,6.675,-2.782821983319221,51.0,80.46875,4.6875,6.675,0.35877067027057225,91.0,75.0,10.15625,7.851,1.4711276743037347,,,,,
35,118.75,2.34375,1.2750475656289748,0.97,0.362,6.681,86,118.75,9.375,7.031,1.5707963267948966,61.0,124.21875,6.25,6.72,0.6202494859828215,12.0,125.0,0.0,6.675,-0.35877067027057225,31.0,112.5,1.5625,6.298,-3.017237659043032,,,,,,,,,,
36,131.25,2.34375,1.2697119564352428,1.689,0.446,6.653,12,125.0,0.0,6.675,-2.782821983319221,61.0,124.21875,6.25,8.043,2.6344941491974563,56.0,136.71875,5.46875,6.298,0.5191461142465229,83.0,130.46875,8.59375,6.298,1.695151321341658,13.0,136.71875,0.0,5.949,-0.40489178628508343,,,,,
37,149.21875,2.34375,1.3032989067570528,1.679,0.501,6.817,73,155.46875,7.03125,7.812,0.6435011087932844,14.0,142.96875,0.0,6.675,-2.782821983319221,15.0,155.46875,0.0,6.675,-0.35877067027057225,52.0,142.96875,4.6875,6.675,2.782821983319221,84.0,149.21875,8.59375,6.25,1.5707963267948966,,,,,
38,287.5,2.34375,1.351127037152382,1.029,0.474,7.027,66,293.75,6.25,7.37,0.5585993153435624,28.0,294.53125,0.0,7.411,-0.3217505543966422,89.0,287.5,9.375,7.031,1.5707963267948966,47.0,281.25,3.125,6.298,3.017237659043032,,,,,,,,,,
39,50.78125,3.125,1.6575053957065855,1.712,0.494,6.969,7,57.03125,0.0,6.987,-0.4636476090008061,60.0,44.53125,6.25,6.987,2.677945044588987,69.0,56.25,7.03125,6.72,0.6202494859828215,94.0,50.0,10.9375,7.851,1.6704649792860586,6.0,45.3125,0.0,6.298,-2.62244653934327,,,,,
40,62.5,3.125,1.686788036769659,1.57,0.418,6.873,70,68.75,7.03125,7.37,0.5585993153435624,69.0,56.25,7.03125,7.37,2.5829933382462307,90.0,62.5,10.15625,7.031,1.5707963267948966,8.0,67.96875,0.0,6.298,-0.5191461142465229,7.0,57.03125,0.0,6.298,-2.62244653934327,,,,,
41,174.21875,3.125,1.4672284204669133,1.475,-0.446,7.158,75,180.46875,7.03125,7.37,0.5585993153435624,74.0,167.96875,7.03125,7.37,2.5829933382462307,92.0,175.0,10.15625,7.074,1.460139105621001,17.0,180.46875,0.0,6.987,-0.4636476090008061,16.0,167.96875,0.0,6.987,-2.677945044588987,,,,,
42,186.71875,3.125,1.7014517993781053,1.527,-0.443,7.072,75,180.46875,7.03125,7.37,2.5829933382462307,93.0,186.71875,10.15625,7.031,1.5707963267948966,18.0,192.96875,0.0,6.987,-0.4636476090008061,17.0,180.46875,0.0,6.987,-2.677945044588987,62.0,192.96875,6.25,6.987,0.4636476090008061,,,,,
43,219.53125,3.125,1.3706011415249846,1.57,-0.419,6.84,21,213.28125,0.0,6.987,-2.677945044588987,22.0,225.78125,0.0,6.987,-0.4636476090008061,63.0,213.28125,6.25,6.987,2.677945044588987,64.0,225.78125,6.25,6.987,0.4636476090008061,87.0,219.53125,9.375,6.25,1.5707963267948966,,,,,
44,232.03125,3.125,1.325742152713214,1.613,0.442,6.916,76,238.28125,7.03125,7.37,0.5585993153435624,22.0,225.78125,0.0,6.987,-2.677945044588987,23.0,238.28125,0.0,6.987,-0.4636476090008061,64.0,225.78125,6.25,6.987,2.677945044588987,88.0,232.03125,9.375,6.25,1.5707963267948966,,,,,
45,244.53125,3.125,1.3469450040963096,1.639,0.45,7.272,80,250.0,7.8125,7.202,0.7086262721276703,76.0,238.28125,7.03125,7.37,2.5829933382462307,24.0,250.78125,0.0,6.987,-0.4636476090008061,23.0,238.28125,0.0,6.987,-2.677945044588987,100.0,244.53125,10.9375,7.812,1.5707963267948966,,,,,
46,257.03125,3.125,1.2719530351669934,1.744,0.472,7.422,24,250.78125,0.0,6.987,-2.677945044588987,26.0,263.28125,0.0,6.987,-0.4636476090008061,77.0,262.5,7.03125,6.72,0.6202494859828215,101.0,255.46875,10.9375,7.967,1.7681918866447774,80.0,250.0,7.8125,8.45,2.5535900500422257,,,,,
47,281.25,3.125,1.3119302590219408,1.57,-0.413,6.803,102,281.25,10.9375,7.812,1.5707963267948966,38.0,287.5,2.34375,6.298,-0.12435499454676144,50.0,275.0,3.90625,6.298,3.017237659043032,,,,,,,,,,,,,,,
48,106.25,3.90625,1.4390510657767666,2.014,-0.383,7.172,82,111.71875,8.59375,7.202,0.7086262721276703,55.0,99.21875,5.46875,7.202,2.922923707715851,11.0,100.0,0.0,7.37,-2.5829933382462307,96.0,103.90625,10.9375,7.411,1.892546881191539,31.0,112.5,1.5625,6.675,-0.35877067027057225,,,,,
49,161.71875,3.90625,1.3692346570029097,1.57,-0.419,7.149,15,155.46875,0.0,7.37,-2.5829933382462307,16.0,167.96875,0.0,7.37,-0.5585993153435624,99.0,161.71875,10.9375,7.031,1.5707963267948966,73.0,155.46875,7.03125,6.987,2.677945044588987,74.0,167.96875,7.03125,6.987,0.4636476090008061,,,,,
50,275.0,3.90625,1.3065509944513842,-2.705,0.421,6.564,27,269.53125,0.0,6.72,-2.5213431676069717,65.0,268.75,6.25,6.675,2.782821983319221,47.0,281.25,3.125,6.298,-0.12435499454676144,,,,,,,,,,,,,,,
51,80.46875,4.6875,1.5579871038150832,0.972,0.402,6.99,30,87.5,1.5625,7.694,-0.4182243295792291,91.0,75.0,10.15625,7.733,2.356194490192345,81.0,85.9375,8.59375,6.72,0.6202494859828215,34.0,74.21875,2.34375,6.675,-2.782821983319221,71.0,86.71875,7.03125,6.675,0.35877067027057225,95.0,82.03125,10.9375,6.442,1.3258176636680326
52,142.96875,4.6875,1.260318863834712,1.582,-0.478,6.881,84,149.21875,8.59375,7.37,0.5585993153435624,13.0,136.71875,0.0,7.812,-2.498091544796509,37.0,149.21875,2.34375,6.675,-0.35877067027057225,56.0,136.71875,5.46875,6.298,3.017237659043032,98.0,142.96875,10.9375,6.25,1.5707963267948966,,,,,
53,256.25,4.6875,1.2769306747404505,1.586,0.458,7.122,24,250.78125,0.0,7.202,-2.432966381462123,80.0,250.0,7.8125,6.987,2.677945044588987,77.0,262.5,7.03125,6.675,0.35877067027057225,101.0,255.46875,10.9375,6.298,1.695151321341658,26.0,263.28125,0.0,8.45,-0.5880026035475675,,,,,
54,3.125,5.46875,1.7044483119446185,0.198,0.051,6.813,59,10.15625,6.25,7.074,0.11065722117389565,103.0,0.0,11.71875,6.987,2.0344439357957027,104.0,6.25,11.71875,6.987,1.1071487177940904,2.0,7.03125,0.0,6.72,-0.9505468408120752,1.0,0.0,0.0,6.298,-2.0899424410414196,,,,,
55,99.21875,5.46875,1.5404498881860846,1.913,-0.267,7.198,48,106.25,3.90625,7.202,-0.21866894587394195,96.0,103.90625,10.9375,7.202,0.8621700546672264,109.0,96.875,12.5,7.411,1.892546881191539,10.0,93.75,0.0,7.733,-2.356194490192345,72.0,92.96875,7.03125,6.442,2.896613990462929,,,,,
56,136.71875,5.46875,1.2612063705902954,-0.232,0.512,7.238,83,130.46875,8.59375,6.987,2.677945044588987,36.0,131.25,2.34375,6.298,-2.62244653934327,52.0,142.96875,4.6875,6.298,-0.12435499454676144,14.0,142.96875,0.0,8.304,-0.7188299996216245,98.0,142.96875,10.9375,8.304,0.7188299996216245,,,,,
57,199.21875,5.46875,1.2829744357486237,2.427,-0.114,7.214,58,207.03125,5.46875,7.812,0.0,105.0,200.78125,11.71875,6.442,1.3258176636680326,62.0,192.96875,6.25,6.298,3.017237659043032,18.0,192.96875,0.0,8.304,-2.4227626539681686,,,,,,,,,,
58,207.03125,5.46875,1.2630293038447842,0.484,0.327,7.178,57,199.21875,5.46875,7.812,3.141592653589793,63.0,213.28125,6.25,6.298,0.12435499454676144,106.0,207.8125,11.71875,6.298,1.446441332248135,21.0,213.28125,0.0,8.304,-0.7188299996216245,,,,,,,,,,
59,10.15625,6.25,1.6399268826178195,-2.553,0.078,7.035,3,14.0625,0.0,7.37,-1.0121970114513341,54.0,3.125,5.46875,7.074,-3.0309354324158977,68.0,17.1875,7.03125,7.074,0.11065722117389565,2.0,7.03125,0.0,6.987,-2.0344439357957027,107.0,13.28125,12.5,6.987,1.1071487177940904,104.0,6.25,11.71875,6.72,2.191045812777718
60,44.53125,6.25,1.6142441373440404,-2.064,-0.295,7.111,79,37.5,7.8125,7.202,2.922923707715851,94.0,50.0,10.9375,7.202,0.7086262721276703,39.0,50.78125,3.125,6.987,-0.4636476090008061,108.0,42.1875,12.5,6.675,1.9295669970654687,6.0,45.3125,0.0,6.298,-1.446441332248135,5.0,39.0625,0.0,8.304,-2.289626326416521
61,124.21875,6.25,1.5114620497299533,-0.541,0.52,6.851,114,125.0,13.28125,7.074,1.460139105621001,35.0,118.75,2.34375,6.72,-2.5213431676069717,83.0,130.46875,8.59375,6.675,0.35877067027057225,36.0,131.25,2.34375,8.043,-0.507098504392337,12.0,125.0,0.0,6.298,-1.446441332248135,86.0,118.75,9.375,6.298,2.62244653934327
62,192.96875,6.25,1.5174915497854295,-3.064,-0.457,6.641,93,186.71875,10.15625,7.37,2.5829933382462307,42.0,186.71875,3.125,6.987,-2.677945044588987,57.0,199.21875,5.46875,6.298,-0.12435499454676144,110.0,193.75,12.5,6.298,1.446441332248135,18.0,192.96875,0.0,6.25,-1.5707963267948966,,,,,
63,213.28125,6.25,1.5245894878853061,1.215,0.409,6.759,43,219.53125,3.125,6.987,-0.4636476090008061,87.0,219.53125,9.375,6.987,0.4636476090008061,106.0,207.8125,11.71875,7.733,2.356194490192345,58.0,207.03125,5.46875,6.298,-3.017237659043032,111.0,214.0625,12.5,6.298,1.446441332248135,21.0,213.28125,0.0,6.25,-1.5707963267948966
64,225.78125,6.25,1.3762996624488395,-3.08,-0.504,6.749,43,219.53125,3.125,6.987,-2.677945044588987,44.0,232.03125,3.125,6.987,-0.4636476090008061,87.0,219.53125,9.375,6.987,2.677945044588987,88.0,232.03125,9.375,6.987,0.4636476090008061,112.0,225.0,12.5,6.298,1.695151321341658,22.0,225.78125,0.0,6.25,-1.5707963267948966
65,268.75,6.25,1.3400777845295475,-2.193,-0.364,6.93,118,267.96875,13.28125,7.074,1.6814535479687922,50.0,275.0,3.90625,6.675,-0.35877067027057225,77.0,262.5,7.03125,6.298,3.017237659043032,27.0,269.53125,0.0,6.298,-1.446441332248135,26.0,263.28125,0.0,8.304,-2.289626326416521,,,,,
66,293.75,6.25,1.6169966739722261,-2.485,0.483,7.052,38,287.5,2.34375,7.37,-2.5829933382462307,89.0,287.5,9.375,6.987,2.677945044588987,28.0,294.53125,0.0,6.298,-1.446441332248135,113.0,292.96875,12.5,6.298,1.695151321341658,29.0,299.21875,0.0,8.304,-0.8519663271732721,,,,,
67,299.21875,6.25,1.2981594098762628,-1.893,0.081,7.031,28,294.53125,0.0,7.812,-2.214297435588181,29.0,299.21875,0.0,6.25,-1.5707963267948966,,,,,,,,,,,,,,,,,,,,
68,17.1875,7.03125,1.6213594872650627,-2.578,0.086,7.383,78,24.21875,7.8125,7.074,0.11065722117389565,59.0,10.15625,6.25,7.074,-3.0309354324158977,3.0,14.0625,0.0,7.694,-1.9890206563741257,120.0,20.3125,14.0625,7.694,1.1525719972156676,107.0,13.28125,12.5,6.72,2.191045812777718,4.0,21.09375,0.0,8.043,-1.0636978224025597
69,56.25,7.03125,1.6377467325234278,-0.92,-0.496,7.358,40,62.5,3.125,7.37,-0.5585993153435624,94.0,50.0,10.9375,7.37,2.5829933382462307,7.0,57.03125,0.0,7.074,-1.460139105621001,90.0,62.5,10.15625,6.987,0.4636476090008061,39.0,50.78125,3.125,6.72,-2.5213431676069717,129.0,55.46875,15.625,8.629,1.6614562139956417
70,68.75,7.03125,1.6927748655251864,-1.907,0.463,7.245,34,74.21875,2.34375,7.202,-0.7086262721276703,40.0,62.5,3.125,7.37,-2.5829933382462307,8.0,67.96875,0.0,7.074,-1.6814535479687922,90.0,62.5,10.15625,6.987,2.677945044588987,91.0,75.0,10.15625,6.987,0.4636476090008061,126.0,69.53125,14.84375,7.851,1.4711276743037347
71,86.71875,7.03125,1.2347922358161443,1.813,0.314,6.68,122,89.84375,14.0625,7.694,1.1525719972156676,51.0,80.46875,4.6875,6.675,-2.782821983319221,72.0,92.96875,7.03125,6.25,0.0,95.0,82.03125,10.9375,6.101,2.44685437739309,,,,,,,,,,
72,92.96875,7.03125,1.5484824133590096,3.139,-0.22,7.144,81,85.9375,8.59375,7.202,2.922923707715851,10.0,93.75,0.0,7.074,-1.460139105621001,122.0,89.84375,14.0625,7.694,1.9890206563741257,30.0,87.5,1.5625,7.733,-2.356194490192345,109.0,96.875,12.5,6.72,0.9505468408120752,55.0,99.21875,5.46875,6.442,-0.24497866312686414
73,155.46875,7.03125,1.5129562358234487,-2.029,-0.428,7.119,99,161.71875,10.9375,7.37,0.5585993153435624,123.0,154.6875,14.0625,7.074,1.6814535479687922,15.0,155.46875,0.0,7.031,-1.5707963267948966,49.0,161.71875,3.90625,6.987,-0.4636476090008061,37.0,149.21875,2.34375,7.812,-2.498091544796509,84.0,149.21875,8.59375,6.442,2.896613990462929
74,167.96875,7.03125,1.36584332438263,-0.328,0.463,7.125,41,174.21875,3.125,7.37,-0.5585993153435624,99.0,161.71875,10.9375,7.37,2.5829933382462307,16.0,167.96875,0.0,7.031,-1.5707963267948966,49.0,161.71875,3.90625,6.987,-2.677945044588987,92.0,175.0,10.15625,7.694,0.4182243295792291,115.0,168.75,13.28125,6.298,1.446441332248135
75,180.46875,7.03125,1.6868465499085463,-0.733,0.496,7.022,41,174.21875,3.125,7.37,-2.5829933382462307,42.0,186.71875,3.125,7.37,-0.5585993153435624,124.0,181.25,14.0625,7.074,1.460139105621001,17.0,180.46875,0.0,7.031,-1.5707963267948966,93.0,186.71875,10.15625,6.987,0.4636476090008061,92.0,175.0,10.15625,6.298,2.62244653934327
76,238.28125,7.03125,1.307884240734431,-2.03,-0.493,7.011,44,232.03125,3.125,7.37,-2.5829933382462307,45.0,244.53125,3.125,7.37,-0.5585993153435624,100.0,244.53125,10.9375,7.37,0.5585993153435624,23.0,238.28125,0.0,7.031,-1.5707963267948966,88.0,232.03125,9.375,6.675,2.782821983319221,116.0,238.28125,13.28125,6.25,1.5707963267948966
77,262.5,7.03125,1.3568557020395877,-2.807,-0.439,6.851,26,263.28125,0.0,7.074,-1.460139105621001,46.0,257.03125,3.125,6.72,-2.5213431676069717,53.0,256.25,4.6875,6.675,-2.782821983319221,101.0,255.46875,10.9375,8.043,2.6344941491974563,65.0,268.75,6.25,6.298,-0.12435499454676144,117.0,261.71875,13.28125,6.298,1.695151321341658
78,24.21875,7.8125,1.650528091337478,1.181,0.121,7.286,120,20.3125,14.0625,7.37,2.129395642138459,68.0,17.1875,7.03125,7.074,-3.0309354324158977,125.0,27.34375,14.84375,7.694,1.1525719972156676,32.0,28.125,2.34375,6.72,-0.9505468408120752,85.0,30.46875,9.375,6.442,0.24497866312686414,4.0,21.09375,0.0,8.414,-1.9513027039072615
79,37.5,7.8125,1.6430107343741238,-2.368,-0.229,7.146,33,32.8125,2.34375,7.202,-2.279422598922567,60.0,44.53125,6.25,7.202,-0.21866894587394195,85.0,30.46875,9.375,7.202,2.922923707715851,121.0,35.15625,14.0625,6.675,1.9295669970654687,108.0,42.1875,12.5,6.629,0.7853981633974483,5.0,39.0625,0.0,7.967,-1.373400766945016
80,250.0,7.8125,1.5504518502463511,-0.406,-0.468,6.945,45,244.53125,3.125,7.202,-2.432966381462123,128.0,250.0,14.84375,7.031,1.5707963267948966,53.0,256.25,4.6875,6.987,-0.4636476090008061,24.0,250.78125,0.0,7.851,-1.4711276743037347,101.0,255.46875,10.9375,6.298,0.5191461142465229,100.0,244.53125,10.9375,6.298,2.62244653934327
81,85.9375,8.59375,1.1874676038674947,-0.786,-0.393,6.961,30,87.5,1.5625,7.202,-1.3521273809209546,72.0,92.96875,7.03125,7.202,-0.21866894587394195,51.0,80.46875,4.6875,6.72,-2.5213431676069717,122.0,89.84375,14.0625,6.72,0.9505468408120752,,,,,,,,,,
82,111.71875,8.59375,1.564328406817062,2.365,-0.181,7.365,48,106.25,3.90625,7.202,-2.432966381462123,31.0,112.5,1.5625,7.074,-1.460139105621001,86.0,118.75,9.375,7.074,0.11065722117389565,127.0,114.84375,14.84375,6.987,1.1071487177940904,130.0,108.59375,15.625,7.694,1.9890206563741257,96.0,103.90625,10.9375,8.156,2.8501358591119264
83,130.46875,8.59375,1.5276905874157036,0.398,0.423,6.967,114,125.0,13.28125,7.202,2.432966381462123,56.0,136.71875,5.46875,6.987,-0.4636476090008061,97.0,136.71875,10.9375,6.675,0.35877067027057225,61.0,124.21875,6.25,6.675,-2.782821983319221,133.0,132.03125,16.40625,7.967,1.373400766945016,36.0,131.25,2.34375,6.298,-1.446441332248135
84,149.21875,8.59375,1.5070511391561245,2.461,-0.361,6.945,131,147.65625,15.625,7.202,1.7894652726688385,52.0,142.96875,4.6875,7.37,-2.5829933382462307,123.0,154.6875,14.0625,7.733,0.7853981633974483,98.0,142.96875,10.9375,6.675,2.782821983319221,73.0,155.46875,7.03125,6.442,-0.24497866312686414,37.0,149.21875,2.34375,6.25,-1.5707963267948966
85,30.46875,9.375,1.638747670783848,-1.3,-0.076,6.899,79,37.5,7.8125,7.202,-0.21866894587394195,32.0,28.125,2.34375,7.411,-1.892546881191539,33.0,32.8125,2.34375,7.411,-1.2490457723982544,121.0,35.15625,14.0625,6.629,0.7853981633974483,78.0,24.21875,7.8125,6.442,-2.896613990462929,125.0,27.34375,14.84375,6.298,2.0899424410414196
86,118.75,9.375,1.4909116770271955,-1.079,0.508,6.899,114,125.0,13.28125,7.37,0.5585993153435624,82.0,111.71875,8.59375,7.074,-3.0309354324158977,35.0,118.75,2.34375,7.031,-1.5707963267948966,127.0,114.84375,14.84375,6.72,2.191045812777718,61.0,124.21875,6.25,6.298,-0.5191461142465229,,,,,
87,219.53125,9.375,1.5618399205033153,2.338,-0.509,6.908,63,213.28125,6.25,6.987,-2.677945044588987,64.0,225.78125,6.25,6.987,-0.4636476090008061,111.0,214.0625,12.5,6.298,2.62244653934327,112.0,225.0,12.5,6.298,0.5191461142465229,43.0,219.53125,3.125,6.25,-1.5707963267948966,149.0,218.75,17.96875,8.629,1.6614562139956417
88,232.03125,9.375,1.3455597596484092,2.366,-0.464,7.008,116,238.28125,13.28125,7.37,0.5585993153435624,134.0,231.25,16.40625,7.074,1.6814535479687922,64.0,225.78125,6.25,6.987,-2.677945044588987,112.0,225.0,12.5,7.694,2.723368324010564,76.0,238.28125,7.03125,6.675,-0.35877067027057225,44.0,232.03125,3.125,6.25,-1.5707963267948966
89,287.5,9.375,1.377770599265081,1.144,-0.439,6.962,135,285.9375,16.40625,7.202,1.7894652726688385,38.0,287.5,2.34375,7.031,-1.5707963267948966,66.0,293.75,6.25,6.987,-0.4636476090008061,143.0,287.5,17.1875,7.812,1.5707963267948966,102.0,281.25,10.9375,6.442,2.896613990462929,113.0,292.96875,12.5,6.298,0.5191461142465229
90,62.5,10.15625,1.6170316119791461,-0.388,0.434,7.297,40,62.5,3.125,7.031,-1.5707963267948966,137.0,62.5,17.1875,7.031,1.5707963267948966,70.0,68.75,7.03125,6.987,-0.4636476090008061,69.0,56.25,7.03125,6.987,-2.677945044588987,126.0,69.53125,14.84375,8.45,0.5880026035475675,,,,,
91,75.0,10.15625,1.6402145177981724,-1.144,0.316,7.215,126,69.53125,14.84375,7.202,2.432966381462123,95.0,82.03125,10.9375,7.074,0.11065722117389565,70.0,68.75,7.03125,6.987,-2.677945044588987,51.0,80.46875,4.6875,7.733,-0.7853981633974483,34.0,74.21875,2.34375,7.851,-1.6704649792860586,132.0,76.5625,16.40625,6.442,1.3258176636680326
92,175.0,10.15625,1.559906154234381,2.76,0.504,7.076,124,181.25,14.0625,7.37,0.5585993153435624,41.0,174.21875,3.125,7.074,-1.6814535479687922,141.0,175.0,17.1875,7.031,1.5707963267948966,115.0,168.75,13.28125,6.987,2.677945044588987,74.0,167.96875,7.03125,7.694,-2.723368324010564,75.0,180.46875,7.03125,6.298,-0.5191461142465229
93,186.71875,10.15625,1.6728998466185447,-0.327,0.422,7.12,142,188.28125,17.1875,7.202,1.3521273809209546,62.0,192.96875,6.25,7.37,-0.5585993153435624,110.0,193.75,12.5,7.411,0.3217505543966422,42.0,186.71875,3.125,7.031,-1.5707963267948966,75.0,180.46875,7.03125,6.987,-2.677945044588987,124.0,181.25,14.0625,6.72,2.5213431676069717
94,50.0,10.9375,1.6731157354064554,-2.346,-0.333,7.378,60,44.53125,6.25,7.202,-2.432966381462123,129.0,55.46875,15.625,7.202,0.7086262721276703,69.0,56.25,7.03125,7.37,-0.5585993153435624,136.0,47.65625,17.1875,6.675,1.9295669970654687,39.0,50.78125,3.125,7.851,-1.4711276743037347,108.0,42.1875,12.5,7.967,2.9441970937399127
95,82.03125,10.9375,1.4763974815334697,1.583,0.28,7.034,91,75.0,10.15625,7.074,-3.0309354324158977,132.0,76.5625,16.40625,7.733,2.356194490192345,138.0,83.59375,17.1875,6.442,1.3258176636680326,51.0,80.46875,4.6875,6.442,-1.8157749899217608,71.0,86.71875,7.03125,6.101,-0.6947382761967031,122.0,89.84375,14.0625,8.414,0.3805063771123649
96,103.90625,10.9375,1.5511441667907637,-1.549,-0.221,7.212,55,99.21875,5.46875,7.202,-2.279422598922567,109.0,96.875,12.5,7.202,2.922923707715851,48.0,106.25,3.90625,7.411,-1.2490457723982544,139.0,101.5625,17.1875,6.675,1.9295669970654687,130.0,108.59375,15.625,6.629,0.7853981633974483,82.0,111.71875,8.59375,8.156,-0.2914567944778671
97,136.71875,10.9375,1.538454976786243,1.767,0.283,6.884,133,132.03125,16.40625,7.202,2.279422598922567,146.0,139.0625,17.96875,7.411,1.2490457723982544,83.0,130.46875,8.59375,6.675,-2.782821983319221,98.0,142.96875,10.9375,6.25,0.0,,,,,,,,,,
98,142.96875,10.9375,1.5111738639481063,-2.518,-0.259,7.025,84,149.21875,8.59375,6.675,-0.35877067027057225,131.0,147.65625,15.625,6.629,0.7853981633974483,146.0,139.0625,17.96875,8.043,2.0778948311872334,52.0,142.96875,4.6875,6.25,-1.5707963267948966,97.0,136.71875,10.9375,6.25,3.141592653589793,56.0,136.71875,5.46875,8.304,-2.4227626539681686
99,161.71875,10.9375,1.5794734967269286,-0.925,0.472,7.22,73,155.46875,7.03125,7.37,-2.5829933382462307,74.0,167.96875,7.03125,7.37,-0.5585993153435624,115.0,168.75,13.28125,7.411,0.3217505543966422,49.0,161.71875,3.90625,7.031,-1.5707963267948966,123.0,154.6875,14.0625,7.694,2.723368324010564,140.0,163.28125,17.1875,6.442,1.3258176636680326
100,244.53125,10.9375,1.5153000725078842,-2.703,-0.456,6.991,76,238.28125,7.03125,7.37,-2.5829933382462307,150.0,243.75,17.96875,7.074,1.6814535479687922,128.0,250.0,14.84375,6.72,0.6202494859828215,45.0,244.53125,3.125,7.812,-1.5707963267948966,116.0,238.28125,13.28125,6.675,2.782821983319221,80.0,250.0,7.8125,6.298,-0.5191461142465229
101,255.46875,10.9375,1.501360301640739,-0.359,0.514,7.259,128,250.0,14.84375,6.72,2.5213431676069717,117.0,261.71875,13.28125,6.675,0.35877067027057225,157.0,256.25,18.75,7.851,1.4711276743037347,46.0,257.03125,3.125,7.967,-1.373400766945016,77.0,262.5,7.03125,8.043,-0.507098504392337,53.0,256.25,4.6875,6.298,-1.446441332248135
102,281.25,10.9375,1.3419051586353137,1.122,-0.359,7.257,135,285.9375,16.40625,7.202,0.8621700546672264,47.0,281.25,3.125,7.812,-1.5707963267948966,119.0,275.0,13.28125,6.675,2.782821983319221,89.0,287.5,9.375,6.442,-0.24497866312686414,158.0,278.90625,18.75,8.156,1.8622531212727638,,,,,
103,0.0,11.71875,1.6306899232176066,0.023,0.064,6.637,54,3.125,5.46875,6.987,-1.1071487177940904,144.0,2.34375,17.96875,6.675,1.2120256565243244,104.0,6.25,11.71875,6.25,0.0,,,,,,,,,,,,,,,
104,6.25,11.71875,1.6535580418481663,1.546,0.068,7.016,144,2.34375,17.96875,7.37,2.129395642138459,107.0,13.28125,12.5,7.074,0.11065722117389565,54.0,3.125,5.46875,6.987,-2.0344439357957027,153.0,9.375,18.75,7.694,1.1525719972156676,59.0,10.15625,6.25,6.72,-0.9505468408120752,103.0,0.0,11.71875,6.25,3.141592653589793
105,200.78125,11.71875,1.3994737311689818,1.846,0.02,7.057,147,196.875,17.96875,7.37,2.129395642138459,148.0,204.6875,17.96875,7.37,1.0121970114513341,110.0,193.75,12.5,7.074,3.0309354324158977,106.0,207.8125,11.71875,7.031,0.0,57.0,199.21875,5.46875,6.442,-1.8157749899217608,,,,,
106,207.8125,11.71875,1.3563991180482933,0.305,0.103,7.065,105,200.78125,11.71875,7.031,3.141592653589793,148.0,204.6875,17.96875,6.987,2.0344439357957027,63.0,213.28125,6.25,7.733,-0.7853981633974483,156.0,211.71875,18.75,8.043,1.0636978224025597,111.0,214.0625,12.5,6.298,0.12435499454676144,58.0,207.03125,5.46875,6.298,-1.695151321341658
107,13.28125,12.5,1.6626097124577481,1.617,0.103,7.175,120,20.3125,14.0625,7.202,0.21866894587394195,153.0,9.375,18.75,7.37,2.129395642138459,104.0,6.25,11.71875,7.074,-3.0309354324158977,59.0,10.15625,6.25,6.987,-2.0344439357957027,160.0,16.40625,19.53125,7.694,1.1525719972156676,68.0,17.1875,7.03125,6.72,-0.9505468408120752
108,42.1875,12.5,1.69724362122557,-0.561,-0.224,7.058,121,35.15625,14.0625,7.202,2.922923707715851,136.0,47.65625,17.1875,7.202,0.7086262721276703,154.0,39.84375,18.75,6.675,1.9295669970654687,60.0,44.53125,6.25,6.675,-1.2120256565243244,79.0,37.5,7.8125,6.629,-2.356194490192345,94.0,50.0,10.9375,7.967,-0.19739555984988075
109,96.875,12.5,1.6796152213501931,-0.703,-0.201,7.096,122,89.84375,14.0625,7.202,2.922923707715851,96.0,103.90625,10.9375,7.202,-0.21866894587394195,55.0,99.21875,5.46875,7.411,-1.2490457723982544,161.0,94.53125,19.53125,7.411,1.892546881191539,72.0,92.96875,7.03125,6.72,-2.191045812777718,139.0,101.5625,17.1875,6.629,0.7853981633974483
110,193.75,12.5,1.5597858342576556,2.856,0.287,6.857,142,188.28125,17.1875,7.202,2.432966381462123,93.0,186.71875,10.15625,7.411,-2.819842099193151,105.0,200.78125,11.71875,7.074,-0.11065722117389565,62.0,192.96875,6.25,6.298,-1.695151321341658,147.0,196.875,17.96875,6.298,1.0516502125483738,,,,,
111,214.0625,12.5,1.4933066730813132,1.015,-0.317,6.554,149,218.75,17.96875,7.202,0.8621700546672264,156.0,211.71875,18.75,6.675,1.9295669970654687,87.0,219.53125,9.375,6.298,-0.5191461142465229,63.0,213.28125,6.25,6.298,-1.695151321341658,106.0,207.8125,11.71875,6.298,-3.017237659043032,,,,,
112,225.0,12.5,1.5226988152061378,0.654,0.52,7.173,134,231.25,16.40625,7.37,0.5585993153435624,162.0,225.78125,19.53125,7.074,1.460139105621001,88.0,232.03125,9.375,7.694,-0.4182243295792291,87.0,219.53125,9.375,6.298,-2.62244653934327,64.0,225.78125,6.25,6.298,-1.446441332248135,149.0,218.75,17.96875,8.304,2.4227626539681686
113,292.96875,12.5,1.337032871802132,2.7,0.522,6.81,143,287.5,17.1875,7.202,2.432966381462123,151.0,289.0625,17.96875,6.72,2.191045812777718,135.0,285.9375,16.40625,8.043,2.6344941491974563,89.0,287.5,9.375,6.298,-2.62244653934327,66.0,293.75,6.25,6.298,-1.446441332248135,159.0,292.1875,18.75,6.298,1.695151321341658
114,125.0,13.28125,1.6226529149823095,-0.378,0.382,7.323,83,130.46875,8.59375,7.202,-0.7086262721276703,86.0,118.75,9.375,7.37,-2.5829933382462307,61.0,124.21875,6.25,7.074,-1.6814535479687922,133.0,132.03125,16.40625,7.694,0.4182243295792291,145.0,120.3125,17.96875,6.629,2.356194490192345,167.0,126.5625,21.09375,7.967,1.373400766945016
115,168.75,13.28125,1.5563374780096795,1.697,0.451,7.106,141,175.0,17.1875,7.37,0.5585993153435624,99.0,161.71875,10.9375,7.411,-2.819842099193151,92.0,175.0,10.15625,6.987,-0.4636476090008061,140.0,163.28125,17.1875,6.72,2.5213431676069717,169.0,169.53125,21.09375,7.851,1.4711276743037347,74.0,167.96875,7.03125,6.298,-1.695151321341658
116,238.28125,13.28125,1.5058325773558947,2.604,-0.408,7.193,150,243.75,17.96875,7.202,0.7086262721276703,88.0,232.03125,9.375,7.37,-2.5829933382462307,134.0,231.25,16.40625,7.694,2.723368324010564,100.0,244.53125,10.9375,6.675,-0.35877067027057225,171.0,236.71875,21.09375,7.967,1.7681918866447774,76.0,238.28125,7.03125,6.25,-1.5707963267948966
117,261.71875,13.28125,1.5175555395639113,2.081,0.287,6.726,157,256.25,18.75,7.733,2.356194490192345,101.0,255.46875,10.9375,6.675,-2.782821983319221,163.0,264.0625,19.53125,6.675,1.2120256565243244,77.0,262.5,7.03125,6.298,-1.446441332248135,118.0,267.96875,13.28125,6.25,0.0,,,,,
118,267.96875,13.28125,1.5445540748521351,-3.136,-0.046,7.169,163,264.0625,19.53125,7.37,2.129395642138459,65.0,268.75,6.25,7.074,-1.460139105621001,119.0,275.0,13.28125,7.031,0.0,164.0,271.09375,19.53125,6.987,1.1071487177940904,117.0,261.71875,13.28125,6.25,3.141592653589793,77.0,262.5,7.03125,8.304,-2.289626326416521
119,275.0,13.28125,1.3407469121749946,1.58,-0.12,6.949,164,271.09375,19.53125,7.37,2.129395642138459,118.0,267.96875,13.28125,7.031,3.141592653589793,158.0,278.90625,18.75,6.72,0.9505468408120752,102.0,281.25,10.9375,6.675,-0.35877067027057225,,,,,,,,,,
120,20.3125,14.0625,1.7025924867916673,-1.805,0.111,7.292,107,13.28125,12.5,7.202,-2.922923707715851,78.0,24.21875,7.8125,7.37,-1.0121970114513341,125.0,27.34375,14.84375,7.074,0.11065722117389565,68.0,17.1875,7.03125,7.694,-1.9890206563741257,165.0,23.4375,21.09375,7.694,1.1525719972156676,160.0,16.40625,19.53125,6.72,2.191045812777718
121,35.15625,14.0625,1.6397136018381777,-1.266,-0.243,6.997,108,42.1875,12.5,7.202,-0.21866894587394195,79.0,37.5,7.8125,6.675,-1.2120256565243244,125.0,27.34375,14.84375,7.851,3.0419240010986313,85.0,30.46875,9.375,6.629,-2.356194490192345,154.0,39.84375,18.75,6.629,0.7853981633974483,,,,,
122,89.84375,14.0625,1.6912030157181768,-1.48,-0.15,7.25,161,94.53125,19.53125,7.202,0.8621700546672264,109.0,96.875,12.5,7.202,-0.21866894587394195,138.0,83.59375,17.1875,6.987,2.677945044588987,71.0,86.71875,7.03125,7.694,-1.9890206563741257,72.0,92.96875,7.03125,7.694,-1.1525719972156676,81.0,85.9375,8.59375,6.72,-2.191045812777718
123,154.6875,14.0625,1.6785031562855088,-2.687,-0.263,7.25,131,147.65625,15.625,7.202,2.922923707715851,73.0,155.46875,7.03125,7.074,-1.460139105621001,99.0,161.71875,10.9375,7.694,-0.4182243295792291,168.0,151.5625,21.09375,7.694,1.9890206563741257,84.0,149.21875,8.59375,7.733,-2.356194490192345,155.0,158.59375,18.75,6.101,0.8760580505981934
124,181.25,14.0625,1.677144237200438,-2.033,0.486,7.146,92,175.0,10.15625,7.37,-2.5829933382462307,75.0,180.46875,7.03125,7.074,-1.6814535479687922,170.0,181.25,21.09375,7.031,1.5707963267948966,141.0,175.0,17.1875,6.987,2.677945044588987,142.0,188.28125,17.1875,7.694,0.4182243295792291,93.0,186.71875,10.15625,6.72,-0.6202494859828215
125,27.34375,14.84375,1.6792692476290465,-1.4,0.028,7.388,165,23.4375,21.09375,7.37,2.129395642138459,120.0,20.3125,14.0625,7.074,-3.0309354324158977,78.0,24.21875,7.8125,7.694,-1.9890206563741257,121.0,35.15625,14.0625,7.851,-0.09966865249116202,173.0,31.25,21.875,8.043,1.0636978224025597,85.0,30.46875,9.375,6.298,-1.0516502125483738
126,69.53125,14.84375,1.6333998432075245,-2.181,0.487,7.755,132,76.5625,16.40625,7.202,0.21866894587394195,91.0,75.0,10.15625,7.202,-0.7086262721276703,137.0,62.5,17.1875,7.411,2.819842099193151,70.0,68.75,7.03125,7.851,-1.6704649792860586,178.0,66.40625,22.65625,8.414,1.9513027039072615,90.0,62.5,10.15625,8.45,-2.5535900500422257
127,114.84375,14.84375,1.6337721707163444,-2.444,-0.102,6.52,82,111.71875,8.59375,6.987,-2.0344439357957027,86.0,118.75,9.375,6.72,-0.9505468408120752,130.0,108.59375,15.625,6.298,3.017237659043032,145.0,120.3125,17.96875,6.298,0.5191461142465229,166.0,114.0625,21.09375,6.298,1.695151321341658,,,,,
128,250.0,14.84375,1.6964422676133837,-2.258,-0.488,6.984,157,256.25,18.75,7.37,0.5585993153435624,175.0,249.21875,21.875,7.074,1.6814535479687922,80.0,250.0,7.8125,7.031,-1.5707963267948966,150.0,243.75,17.96875,6.987,2.677945044588987,101.0,255.46875,10.9375,6.72,-0.6202494859828215,100.0,244.53125,10.9375,6.72,-2.5213431676069717
129,55.46875,15.625,1.6213765436425327,2.506,-0.111,7.789,94,50.0,10.9375,7.202,-2.432966381462123,137.0,62.5,17.1875,7.202,0.21866894587394195,177.0,58.59375,22.65625,7.694,1.1525719972156676,136.0,47.65625,17.1875,7.967,2.9441970937399127,176.0,51.5625,22.65625,8.043,2.0778948311872334,69.0,56.25,7.03125,8.629,-1.4801364395941514
130,108.59375,15.625,1.661954590067857,0.647,-0.214,7.126,139,101.5625,17.1875,7.202,2.922923707715851,181.0,107.03125,22.65625,7.202,1.7894652726688385,82.0,111.71875,8.59375,7.694,-1.1525719972156676,166.0,114.0625,21.09375,7.733,0.7853981633974483,96.0,103.90625,10.9375,6.629,-2.356194490192345,127.0,114.84375,14.84375,6.298,-0.12435499454676144
131,147.65625,15.625,1.616720017136775,-0.182,-0.262,7.033,84,149.21875,8.59375,7.202,-1.3521273809209546,123.0,154.6875,14.0625,7.202,-0.21866894587394195,182.0,145.3125,22.65625,7.411,1.892546881191539,168.0,151.5625,21.09375,6.72,0.9505468408120752,98.0,142.96875,10.9375,6.629,-2.356194490192345,,,,,
132,76.5625,16.40625,1.678310518335103,-0.074,0.135,7.135,126,69.53125,14.84375,7.202,-2.922923707715851,180.0,80.46875,22.65625,7.37,1.0121970114513341,138.0,83.59375,17.1875,7.074,0.11065722117389565,179.0,73.4375,22.65625,6.987,2.0344439357957027,95.0,82.03125,10.9375,7.733,-0.7853981633974483,91.0,75.0,10.15625,6.442,-1.8157749899217608
133,132.03125,16.40625,1.6638661022461212,-2.005,0.318,7.39,97,136.71875,10.9375,7.202,-0.8621700546672264,146.0,139.0625,17.96875,7.202,0.21866894587394195,167.0,126.5625,21.09375,7.202,2.432966381462123,184.0,132.8125,23.4375,7.074,1.460139105621001,114.0,125.0,13.28125,7.694,-2.723368324010564,83.0,130.46875,8.59375,7.967,-1.7681918866447774
134,231.25,16.40625,1.5111522838410505,1.721,-0.434,7.248,171,236.71875,21.09375,7.202,0.7086262721276703,112.0,225.0,12.5,7.37,-2.5829933382462307,88.0,232.03125,9.375,7.074,-1.460139105621001,116.0,238.28125,13.28125,7.694,-0.4182243295792291,196.0,230.46875,24.21875,7.851,1.6704649792860586,162.0,225.78125,19.53125,6.298,2.62244653934327
135,285.9375,16.40625,1.3088835143258986,-0.913,-0.416,7.261,89,287.5,9.375,7.202,-1.3521273809209546,102.0,281.25,10.9375,7.202,-2.279422598922567,158.0,278.90625,18.75,7.411,2.819842099193151,187.0,285.9375,23.4375,7.031,1.5707963267948966,159.0,292.1875,18.75,6.675,0.35877067027057225,113.0,292.96875,12.5,8.043,-0.507098504392337
136,47.65625,17.1875,1.6854210482451486,2.599,-0.181,7.371,108,42.1875,12.5,7.202,-2.432966381462123,189.0,44.53125,24.21875,7.694,1.9890206563741257,176.0,51.5625,22.65625,6.72,0.9505468408120752,94.0,50.0,10.9375,6.675,-1.2120256565243244,154.0,39.84375,18.75,7.967,2.9441970937399127,129.0,55.46875,15.625,7.967,-0.19739555984988075
137,62.5,17.1875,1.660979163519464,1.854,0.01,7.017,129,55.46875,15.625,7.202,-2.922923707715851,126.0,69.53125,14.84375,7.411,-0.3217505543966422,90.0,62.5,10.15625,7.031,-1.5707963267948966,177.0,58.59375,22.65625,6.72,2.191045812777718,178.0,66.40625,22.65625,6.72,0.9505468408120752,,,,,
138,83.59375,17.1875,1.633729248439614,2.793,0.06,6.686,132,76.5625,16.40625,7.074,-3.0309354324158977,122.0,89.84375,14.0625,6.987,-0.4636476090008061,174.0,88.28125,21.875,6.629,0.7853981633974483,95.0,82.03125,10.9375,6.442,-1.8157749899217608,180.0,80.46875,22.65625,6.298,2.0899424410414196,,,,,
139,101.5625,17.1875,1.6362952974931606,0.71,-0.257,7.142,130,108.59375,15.625,7.202,-0.21866894587394195,190.0,100.0,24.21875,7.202,1.7894652726688385,161.0,94.53125,19.53125,7.411,2.819842099193151,181.0,107.03125,22.65625,7.733,0.7853981633974483,96.0,103.90625,10.9375,6.675,-1.2120256565243244,109.0,96.875,12.5,6.629,-2.356194490192345
140,163.28125,17.1875,1.481923267750415,-0.016,-0.37,6.891,169,169.53125,21.09375,7.37,0.5585993153435624,191.0,163.28125,24.21875,7.031,1.5707963267948966,115.0,168.75,13.28125,6.72,-0.6202494859828215,99.0,161.71875,10.9375,6.442,-1.8157749899217608,,,,,,,,,,
141,175.0,17.1875,1.6825560578262189,1.028,-0.518,7.215,115,168.75,13.28125,7.37,-2.5829933382462307,170.0,181.25,21.09375,7.37,0.5585993153435624,92.0,175.0,10.15625,7.031,-1.5707963267948966,124.0,181.25,14.0625,6.987,-0.4636476090008061,169.0,169.53125,21.09375,6.72,2.5213431676069717,201.0,175.0,25.0,7.812,1.5707963267948966
142,188.28125,17.1875,1.58342747463252,2.882,0.465,7.526,93,186.71875,10.15625,7.202,-1.7894652726688385,110.0,193.75,12.5,7.202,-0.7086262721276703,192.0,186.71875,24.21875,7.202,1.7894652726688385,124.0,181.25,14.0625,7.694,-2.723368324010564,185.0,192.96875,23.4375,7.812,0.9272952180016122,170.0,181.25,21.09375,8.043,2.6344941491974563
143,287.5,17.1875,1.2803081310208733,1.94,0.449,6.925,113,292.96875,12.5,7.202,-0.7086262721276703,197.0,288.28125,24.21875,7.074,1.460139105621001,172.0,282.03125,21.09375,6.72,2.5213431676069717,89.0,287.5,9.375,7.812,-1.5707963267948966,187.0,285.9375,23.4375,6.442,1.8157749899217608,183.0,284.375,22.65625,6.298,2.0899424410414196
144,2.34375,17.96875,1.4320533319222888,-0.462,0.218,6.89,104,6.25,11.71875,7.37,-1.0121970114513341,153.0,9.375,18.75,7.074,0.11065722117389565,103.0,0.0,11.71875,6.675,-1.9295669970654687,188.0,3.90625,24.21875,6.442,1.3258176636680326,,,,,,,,,,
145,120.3125,17.96875,1.6331130614767992,1.921,-0.447,7.106,167,126.5625,21.09375,6.987,0.4636476090008061,166.0,114.0625,21.09375,6.987,2.677945044588987,114.0,125.0,13.28125,6.629,-0.7853981633974483,127.0,114.84375,14.84375,6.298,-2.62244653934327,211.0,119.53125,26.5625,8.629,1.6614562139956417,,,,,
146,139.0625,17.96875,1.618015473297853,2.861,0.304,7.634,133,132.03125,16.40625,7.202,-2.922923707715851,97.0,136.71875,10.9375,7.411,-1.892546881191539,200.0,139.0625,25.0,7.031,1.5707963267948966,182.0,145.3125,22.65625,7.812,0.6435011087932844,98.0,142.96875,10.9375,8.043,-1.0636978224025597,184.0,132.8125,23.4375,8.304,2.4227626539681686
147,196.875,17.96875,1.681534456624777,-1.663,0.031,7.366,105,200.78125,11.71875,7.37,-1.0121970114513341,193.0,200.78125,24.21875,7.37,1.0121970114513341,185.0,192.96875,23.4375,6.72,2.191045812777718,148.0,204.6875,17.96875,7.812,0.0,110.0,193.75,12.5,6.298,-2.0899424410414196,142.0,188.28125,17.1875,8.629,-3.050932766389048
148,204.6875,17.96875,1.693364790116113,2.57,0.018,7.267,105,200.78125,11.71875,7.37,-2.129395642138459,193.0,200.78125,24.21875,7.37,2.129395642138459,156.0,211.71875,18.75,7.074,0.11065722117389565,106.0,207.8125,11.71875,6.987,-1.1071487177940904,194.0,207.8125,24.21875,6.987,1.1071487177940904,147.0,196.875,17.96875,7.812,3.141592653589793
149,218.75,17.96875,1.6036794014792477,1.392,0.006,7.469,111,214.0625,12.5,7.202,-2.279422598922567,162.0,225.78125,19.53125,7.202,0.21866894587394195,156.0,211.71875,18.75,7.074,3.0309354324158977,195.0,215.625,24.21875,6.987,2.0344439357957027,202.0,222.65625,25.0,8.043,1.0636978224025597,112.0,225.0,12.5,8.304,-0.7188299996216245
150,243.75,17.96875,1.699964125968334,-2.079,-0.395,7.147,116,238.28125,13.28125,7.202,-2.432966381462123,203.0,242.1875,25.0,7.202,1.7894652726688385,100.0,244.53125,10.9375,7.074,-1.460139105621001,128.0,250.0,14.84375,6.987,-0.4636476090008061,171.0,236.71875,21.09375,7.694,2.723368324010564,175.0,249.21875,21.875,6.72,0.6202494859828215
151,289.0625,17.96875,1.2770286339360573,1.978,0.178,6.842,205,291.40625,25.0,7.411,1.2490457723982544,172.0,282.03125,21.09375,7.694,2.723368324010564,113.0,292.96875,12.5,6.72,-0.9505468408120752,183.0,284.375,22.65625,6.629,2.356194490192345,187.0,285.9375,23.4375,6.298,2.0899424410414196,197.0,288.28125,24.21875,6.298,1.695151321341658
152,299.21875,17.96875,1.2266141617731,2.888,0.399,7.209,159,292.1875,18.75,7.074,3.0309354324158977,198.0,299.21875,24.21875,6.25,1.5707963267948966,113.0,292.96875,12.5,8.304,-2.4227626539681686,,,,,,,,,,,,,,,
153,9.375,18.75,1.6708167716100923,-2.764,0.136,7.393,107,13.28125,12.5,7.37,-1.0121970114513341,206.0,11.71875,25.78125,7.411,1.2490457723982544,160.0,16.40625,19.53125,7.074,0.11065722117389565,144.0,2.34375,17.96875,7.074,-3.0309354324158977,104.0,6.25,11.71875,7.694,-1.9890206563741257,188.0,3.90625,24.21875,7.733,2.356194490192345
154,39.84375,18.75,1.6844653307201383,-0.155,-0.234,7.029,189,44.53125,24.21875,7.202,0.8621700546672264,108.0,42.1875,12.5,6.675,-1.2120256565243244,199.0,37.5,25.0,6.675,1.9295669970654687,121.0,35.15625,14.0625,6.629,-2.356194490192345,136.0,47.65625,17.1875,7.967,-0.19739555984988075,,,,,
155,158.59375,18.75,1.4563132494397837,2.716,-0.27,7.266,191,163.28125,24.21875,7.202,0.8621700546672264,208.0,157.03125,25.78125,7.202,1.7894652726688385,168.0,151.5625,21.09375,7.411,2.819842099193151,123.0,154.6875,14.0625,6.101,-2.2655346029916,99.0,161.71875,10.9375,8.414,-1.1902899496825317,,,,,
156,211.71875,18.75,1.700786783107008,-1.893,-0.026,7.051,149,218.75,17.96875,7.074,-0.11065722117389565,148.0,204.6875,17.96875,7.074,-3.0309354324158977,195.0,215.625,24.21875,6.72,0.9505468408120752,194.0,207.8125,24.21875,6.72,2.191045812777718,111.0,214.0625,12.5,6.675,-1.2120256565243244,106.0,207.8125,11.71875,8.043,-2.0778948311872334
157,256.25,18.75,1.6461022906353862,-3.078,-0.46,7.61,209,254.6875,25.78125,7.202,1.7894652726688385,128.0,250.0,14.84375,7.37,-2.5829933382462307,175.0,249.21875,21.875,7.694,2.723368324010564,117.0,261.71875,13.28125,7.733,-0.7853981633974483,204.0,260.9375,25.0,7.812,0.9272952180016122,101.0,255.46875,10.9375,7.851,-1.6704649792860586
158,278.90625,18.75,1.3365204466775913,-0.711,-0.278,7.445,135,285.9375,16.40625,7.411,-0.3217505543966422,119.0,275.0,13.28125,6.72,-2.191045812777718,183.0,284.375,22.65625,6.72,0.6202494859828215,212.0,278.90625,26.5625,7.812,1.5707963267948966,164.0,271.09375,19.53125,7.851,3.0419240010986313,102.0,281.25,10.9375,8.156,-1.2793395323170296
159,292.1875,18.75,1.3327599854461725,2.518,0.513,6.813,152,299.21875,17.96875,7.074,-0.11065722117389565,197.0,288.28125,24.21875,6.72,2.191045812777718,187.0,285.9375,23.4375,7.812,2.498091544796509,135.0,285.9375,16.40625,6.675,-2.782821983319221,113.0,292.96875,12.5,6.298,-1.446441332248135,205.0,291.40625,25.0,6.298,1.695151321341658
160,16.40625,19.53125,1.6843418541314565,2.241,0.135,7.196,165,23.4375,21.09375,7.202,0.21866894587394195,153.0,9.375,18.75,7.074,-3.0309354324158977,107.0,13.28125,12.5,7.694,-1.9890206563741257,120.0,20.3125,14.0625,6.72,-0.9505468408120752,206.0,11.71875,25.78125,7.812,2.214297435588181,207.0,18.75,25.78125,6.675,1.2120256565243244
161,94.53125,19.53125,1.6681966678413416,-0.407,-0.274,7.343,122,89.84375,14.0625,7.202,-2.279422598922567,190.0,100.0,24.21875,7.202,0.7086262721276703,139.0,101.5625,17.1875,7.411,-0.3217505543966422,109.0,96.875,12.5,7.411,-1.2490457723982544,174.0,88.28125,21.875,6.675,2.782821983319221,214.0,92.1875,27.34375,8.156,1.8622531212727638
162,225.78125,19.53125,1.624454057342338,-1.628,0.471,6.7,149,218.75,17.96875,7.202,-2.922923707715851,112.0,225.0,12.5,7.074,-1.6814535479687922,196.0,230.46875,24.21875,6.629,0.7853981633974483,134.0,231.25,16.40625,6.298,-0.5191461142465229,202.0,222.65625,25.0,6.298,2.0899424410414196,,,,,
163,264.0625,19.53125,1.6702371800337725,-0.657,0.041,7.099,118,267.96875,13.28125,7.37,-1.0121970114513341,210.0,267.96875,25.78125,7.37,1.0121970114513341,164.0,271.09375,19.53125,7.031,0.0,117.0,261.71875,13.28125,6.675,-1.9295669970654687,157.0,256.25,18.75,7.851,-3.0419240010986313,204.0,260.9375,25.0,6.298,2.0899424410414196
164,271.09375,19.53125,1.5079717915714985,-1.943,-0.016,7.245,119,275.0,13.28125,7.37,-1.0121970114513341,163.0,264.0625,19.53125,7.031,3.141592653589793,118.0,267.96875,13.28125,6.987,-2.0344439357957027,210.0,267.96875,25.78125,6.987,2.0344439357957027,158.0,278.90625,18.75,7.851,-0.09966865249116202,,,,,
165,23.4375,21.09375,1.6407207501209826,-1.971,0.128,7.289,160,16.40625,19.53125,7.202,-2.922923707715851,125.0,27.34375,14.84375,7.37,-1.0121970114513341,213.0,26.5625,27.34375,6.987,1.1071487177940904,120.0,20.3125,14.0625,7.694,-1.9890206563741257,173.0,31.25,21.875,7.851,0.09966865249116202,207.0,18.75,25.78125,6.629,2.356194490192345
166,114.0625,21.09375,1.657230915843986,-2.357,-0.298,7.228,181,107.03125,22.65625,7.202,2.922923707715851,216.0,111.71875,28.125,7.411,1.892546881191539,145.0,120.3125,17.96875,6.987,-0.4636476090008061,130.0,108.59375,15.625,7.733,-2.356194490192345,211.0,119.53125,26.5625,7.733,0.7853981633974483,127.0,114.84375,14.84375,6.298,-1.446441332248135
167,126.5625,21.09375,1.6503222417150245,-0.79,0.452,7.026,133,132.03125,16.40625,7.202,-0.7086262721276703,145.0,120.3125,17.96875,6.987,-2.677945044588987,184.0,132.8125,23.4375,6.675,0.35877067027057225,114.0,125.0,13.28125,7.967,-1.7681918866447774,215.0,127.34375,27.34375,6.298,1.446441332248135,,,,,
168,151.5625,21.09375,1.6342045098403337,-0.467,-0.239,7.112,217,150.0,28.125,7.202,1.7894652726688385,208.0,157.03125,25.78125,7.202,0.7086262721276703,155.0,158.59375,18.75,7.411,-0.3217505543966422,123.0,154.6875,14.0625,7.694,-1.1525719972156676,131.0,147.65625,15.625,6.72,-2.191045812777718,182.0,145.3125,22.65625,6.442,2.896613990462929
169,169.53125,21.09375,1.6556790875050271,-2.889,-0.505,7.12,140,163.28125,17.1875,7.37,-2.5829933382462307,218.0,168.75,28.125,7.074,1.6814535479687922,191.0,163.28125,24.21875,6.987,2.677945044588987,141.0,175.0,17.1875,6.72,-0.6202494859828215,201.0,175.0,25.0,6.72,0.6202494859828215,115.0,168.75,13.28125,7.851,-1.6704649792860586
170,181.25,21.09375,1.650013985357295,0.222,-0.522,7.451,141,175.0,17.1875,7.37,-2.5829933382462307,201.0,175.0,25.0,7.37,2.5829933382462307,124.0,181.25,14.0625,7.031,-1.5707963267948966,142.0,188.28125,17.1875,8.043,-0.507098504392337,192.0,186.71875,24.21875,6.298,0.5191461142465229,232.0,181.25,29.6875,8.593,1.5707963267948966
171,236.71875,21.09375,1.6866140670874468,-0.095,-0.399,7.274,134,231.25,16.40625,7.202,-2.432966381462123,219.0,235.9375,28.125,7.074,1.6814535479687922,196.0,230.46875,24.21875,6.987,2.677945044588987,150.0,243.75,17.96875,7.694,-0.4182243295792291,203.0,242.1875,25.0,6.72,0.6202494859828215,116.0,238.28125,13.28125,7.967,-1.373400766945016
172,282.03125,21.09375,1.2723459755071587,-0.069,0.499,6.869,186,275.0,23.4375,7.411,2.819842099193151,197.0,288.28125,24.21875,6.987,0.4636476090008061,151.0,289.0625,17.96875,7.694,-0.4182243295792291,143.0,287.5,17.1875,6.72,-0.6202494859828215,212.0,278.90625,26.5625,6.298,2.0899424410414196,135.0,285.9375,16.40625,6.101,-0.8760580505981934
173,31.25,21.875,1.6332399993028586,2.279,0.249,7.61,213,26.5625,27.34375,7.202,2.279422598922567,199.0,37.5,25.0,6.987,0.4636476090008061,165.0,23.4375,21.09375,7.851,-3.0419240010986313,230.0,32.8125,29.6875,7.967,1.373400766945016,125.0,27.34375,14.84375,8.043,-2.0778948311872334,,,,,
174,88.28125,21.875,1.663933184251534,-2.655,-0.194,7.314,214,92.1875,27.34375,6.72,0.9505468408120752,161.0,94.53125,19.53125,6.675,-0.35877067027057225,180.0,80.46875,22.65625,7.851,3.0419240010986313,138.0,83.59375,17.1875,6.629,-2.356194490192345,122.0,89.84375,14.0625,7.967,-1.373400766945016,225.0,84.375,28.90625,8.043,2.0778948311872334
175,249.21875,21.875,1.7127352120449453,0.785,-0.42,7.163,128,250.0,14.84375,7.074,-1.460139105621001,227.0,248.4375,28.90625,7.074,1.6814535479687922,203.0,242.1875,25.0,7.694,2.723368324010564,157.0,256.25,18.75,7.694,-0.4182243295792291,150.0,243.75,17.96875,6.72,-2.5213431676069717,209.0,254.6875,25.78125,6.72,0.6202494859828215
176,51.5625,22.65625,1.7015620453113869,1.53,-0.069,7.226,189,44.53125,24.21875,7.202,2.922923707715851,221.0,55.46875,28.90625,7.37,1.0121970114513341,177.0,58.59375,22.65625,7.031,0.0,220.0,48.4375,28.90625,6.987,2.0344439357957027,136.0,47.65625,17.1875,6.72,-2.191045812777718,129.0,55.46875,15.625,8.043,-1.0636978224025597
177,58.59375,22.65625,1.6607580805693118,0.057,0.017,7.269,222,62.5,28.90625,7.37,1.0121970114513341,176.0,51.5625,22.65625,7.031,3.141592653589793,221.0,55.46875,28.90625,6.987,2.0344439357957027,129.0,55.46875,15.625,7.694,-1.9890206563741257,137.0,62.5,17.1875,6.72,-0.9505468408120752,178.0,66.40625,22.65625,7.812,0.0
178,66.40625,22.65625,1.6746057273632673,3.14,-0.023,7.389,222,62.5,28.90625,7.37,2.129395642138459,179.0,73.4375,22.65625,7.031,0.0,223.0,69.53125,28.90625,6.987,1.1071487177940904,137.0,62.5,17.1875,6.72,-2.191045812777718,177.0,58.59375,22.65625,7.812,3.141592653589793,126.0,69.53125,14.84375,8.414,-1.1902899496825317
179,73.4375,22.65625,1.6522995810107357,1.061,-0.015,7.158,223,69.53125,28.90625,7.37,2.129395642138459,224.0,77.34375,28.90625,7.37,1.0121970114513341,180.0,80.46875,22.65625,7.031,0.0,178.0,66.40625,22.65625,7.031,3.141592653589793,132.0,76.5625,16.40625,6.987,-1.1071487177940904,,,,,
180,80.46875,22.65625,1.711083069689103,-1.031,-0.039,7.151,132,76.5625,16.40625,7.37,-2.129395642138459,225.0,84.375,28.90625,7.37,1.0121970114513341,179.0,73.4375,22.65625,7.031,3.141592653589793,224.0,77.34375,28.90625,6.987,2.0344439357957027,174.0,88.28125,21.875,7.851,-0.09966865249116202,138.0,83.59375,17.1875,6.298,-1.0516502125483738
181,107.03125,22.65625,1.7031782527880628,3.077,-0.226,7.203,130,108.59375,15.625,7.202,-1.3521273809209546,166.0,114.0625,21.09375,7.202,-0.21866894587394195,190.0,100.0,24.21875,7.202,2.922923707715851,216.0,111.71875,28.125,7.202,0.8621700546672264,139.0,101.5625,17.1875,7.733,-2.356194490192345,226.0,104.6875,28.90625,6.675,1.9295669970654687
182,145.3125,22.65625,1.6948847075076496,1.977,-0.264,7.159,217,150.0,28.125,7.202,0.8621700546672264,131.0,147.65625,15.625,7.411,-1.2490457723982544,231.0,142.96875,29.6875,7.411,1.892546881191539,146.0,139.0625,17.96875,7.812,-2.498091544796509,200.0,139.0625,25.0,6.675,2.782821983319221,168.0,151.5625,21.09375,6.442,-0.24497866312686414
183,284.375,22.65625,1.3022947587953186,-0.767,0.441,6.833,205,291.40625,25.0,7.411,0.3217505543966422,236.0,285.15625,29.6875,7.074,1.460139105621001,158.0,278.90625,18.75,6.72,-2.5213431676069717,212.0,278.90625,26.5625,6.72,2.5213431676069717,151.0,289.0625,17.96875,6.629,-0.7853981633974483,135.0,285.9375,16.40625,6.442,-1.3258176636680326
184,132.8125,23.4375,1.641084968020492,-0.822,0.323,7.271,133,132.03125,16.40625,7.074,-1.6814535479687922,215.0,127.34375,27.34375,6.72,2.5213431676069717,167.0,126.5625,21.09375,6.675,-2.782821983319221,200.0,139.0625,25.0,6.442,0.24497866312686414,146.0,139.0625,17.96875,8.304,-0.7188299996216245,244.0,135.9375,31.25,8.414,1.1902899496825317
185,192.96875,23.4375,1.6244774002133793,1.383,-0.026,7.173,234,196.875,29.6875,7.37,1.0121970114513341,233.0,189.84375,29.6875,6.987,2.0344439357957027,147.0,196.875,17.96875,6.72,-0.9505468408120752,142.0,188.28125,17.1875,7.812,-2.214297435588181,193.0,200.78125,24.21875,7.851,0.09966865249116202,192.0,186.71875,24.21875,6.298,3.017237659043032
186,275.0,23.4375,1.3075761386905145,0.526,-0.345,6.899,172,282.03125,21.09375,7.411,-0.3217505543966422,210.0,267.96875,25.78125,7.411,2.819842099193151,235.0,272.65625,29.6875,6.675,1.9295669970654687,158.0,278.90625,18.75,6.101,-0.8760580505981934,,,,,,,,,,
187,285.9375,23.4375,1.293586333394935,-1.331,-0.424,6.929,135,285.9375,16.40625,7.031,-1.5707963267948966,212.0,278.90625,26.5625,7.694,2.723368324010564,159.0,292.1875,18.75,7.812,-0.6435011087932844,143.0,287.5,17.1875,6.442,-1.3258176636680326,236.0,285.15625,29.6875,6.298,1.695151321341658,151.0,289.0625,17.96875,6.298,-1.0516502125483738
188,3.90625,24.21875,1.670708885798359,0.217,0.24,7.107,153,9.375,18.75,7.733,-0.7853981633974483,229.0,0.0,29.6875,6.72,2.191045812777718,237.0,6.25,30.46875,6.675,1.2120256565243244,206.0,11.71875,25.78125,7.967,0.19739555984988075,144.0,2.34375,17.96875,6.442,-1.8157749899217608,,,,,
189,44.53125,24.21875,1.6388862995851843,-2.237,-0.136,7.219,154,39.84375,18.75,7.202,-2.279422598922567,176.0,51.5625,22.65625,7.202,-0.21866894587394195,199.0,37.5,25.0,7.074,3.0309354324158977,136.0,47.65625,17.1875,7.694,-1.1525719972156676,243.0,40.625,31.25,8.043,2.0778948311872334,220.0,48.4375,28.90625,6.101,0.8760580505981934
190,100.0,24.21875,1.6656576211816387,1.716,-0.298,7.182,139,101.5625,17.1875,7.202,-1.3521273809209546,161.0,94.53125,19.53125,7.202,-2.432966381462123,181.0,107.03125,22.65625,7.202,-0.21866894587394195,226.0,104.6875,28.90625,6.629,0.7853981633974483,238.0,98.4375,30.46875,6.442,1.8157749899217608,214.0,92.1875,27.34375,8.414,2.761086276477428
191,163.28125,24.21875,1.6991028840611972,-1.931,-0.354,6.804,155,158.59375,18.75,7.202,-2.279422598922567,140.0,163.28125,17.1875,7.031,-1.5707963267948966,169.0,169.53125,21.09375,6.987,-0.4636476090008061,218.0,168.75,28.125,6.72,0.6202494859828215,208.0,157.03125,25.78125,6.442,2.896613990462929,239.0,161.71875,30.46875,6.442,1.8157749899217608
192,186.71875,24.21875,1.6661881510779581,-0.161,-0.179,6.766,142,188.28125,17.1875,7.202,-1.3521273809209546,232.0,181.25,29.6875,7.733,2.356194490192345,170.0,181.25,21.09375,6.298,-2.62244653934327,185.0,192.96875,23.4375,6.298,-0.12435499454676144,233.0,189.84375,29.6875,6.298,1.0516502125483738,,,,,
193,200.78125,24.21875,1.7098551948663072,-2.547,0.042,7.221,147,196.875,17.96875,7.37,-2.129395642138459,148.0,204.6875,17.96875,7.37,-1.0121970114513341,194.0,207.8125,24.21875,7.031,0.0,240.0,203.90625,30.46875,6.987,1.1071487177940904,234.0,196.875,29.6875,6.72,2.191045812777718,185.0,192.96875,23.4375,7.851,-3.0419240010986313
194,207.8125,24.21875,1.7016038645816807,-0.091,0.025,7.215,241,211.71875,30.46875,7.37,1.0121970114513341,240.0,203.90625,30.46875,7.37,2.129395642138459,193.0,200.78125,24.21875,7.031,3.141592653589793,148.0,204.6875,17.96875,6.987,-2.0344439357957027,156.0,211.71875,18.75,6.72,-0.9505468408120752,195.0,215.625,24.21875,7.812,0.0
195,215.625,24.21875,1.6418240878128505,2.585,0.016,7.276,241,211.71875,30.46875,7.37,2.129395642138459,202.0,222.65625,25.0,7.074,0.11065722117389565,149.0,218.75,17.96875,6.987,-1.1071487177940904,245.0,218.75,31.25,7.694,1.1525719972156676,156.0,211.71875,18.75,6.72,-2.191045812777718,194.0,207.8125,24.21875,7.812,3.141592653589793
196,230.46875,24.21875,1.6557134425713245,-1.794,-0.341,7.207,247,228.90625,31.25,7.202,1.7894652726688385,171.0,236.71875,21.09375,6.987,-0.4636476090008061,219.0,235.9375,28.125,6.72,0.6202494859828215,134.0,231.25,16.40625,7.851,-1.4711276743037347,202.0,222.65625,25.0,7.851,3.0419240010986313,162.0,225.78125,19.53125,6.629,-2.356194490192345
197,288.28125,24.21875,1.2520076647003306,-1.885,0.302,6.922,143,287.5,17.1875,7.074,-1.6814535479687922,172.0,282.03125,21.09375,6.987,-2.677945044588987,159.0,292.1875,18.75,6.72,-0.9505468408120752,135.0,285.9375,16.40625,8.156,-1.8622531212727638,151.0,289.0625,17.96875,6.298,-1.446441332248135,236.0,285.15625,29.6875,6.298,2.0899424410414196
198,299.21875,24.21875,1.2586798392268048,2.599,-0.377,7.11,205,291.40625,25.0,7.851,3.0419240010986313,248.0,295.3125,31.25,8.043,2.0778948311872334,242.0,298.4375,30.46875,6.298,1.695151321341658,152.0,299.21875,17.96875,6.25,-1.5707963267948966,,,,,,,,,,
199,37.5,25.0,1.6947253418712855,0.513,0.037,6.87,189,44.53125,24.21875,7.074,-0.11065722117389565,173.0,31.25,21.875,6.987,-2.677945044588987,243.0,40.625,31.25,6.987,1.1071487177940904,154.0,39.84375,18.75,6.675,-1.2120256565243244,230.0,32.8125,29.6875,6.629,2.356194490192345,,,,,
200,139.0625,25.0,1.6723495751915654,0.409,-0.314,6.647,146,139.0625,17.96875,7.031,-1.5707963267948966,244.0,135.9375,31.25,6.987,2.0344439357957027,182.0,145.3125,22.65625,6.675,-0.35877067027057225,184.0,132.8125,23.4375,6.442,-2.896613990462929,231.0,142.96875,29.6875,6.101,0.8760580505981934,,,,,
201,175.0,25.0,1.6849367317725534,-2.752,-0.465,7.296,170,181.25,21.09375,7.37,-0.5585993153435624,250.0,174.21875,32.03125,7.074,1.6814535479687922,218.0,168.75,28.125,6.987,2.677945044588987,169.0,169.53125,21.09375,6.72,-2.5213431676069717,141.0,175.0,17.1875,7.812,-1.5707963267948966,232.0,181.25,29.6875,7.812,0.6435011087932844
202,222.65625,25.0,1.6758575781681782,-1.898,0.02,7.271,245,218.75,31.25,7.37,2.129395642138459,195.0,215.625,24.21875,7.074,-3.0309354324158977,246.0,225.78125,31.25,6.987,1.1071487177940904,196.0,230.46875,24.21875,7.851,-0.09966865249116202,149.0,218.75,17.96875,8.043,-2.0778948311872334,162.0,225.78125,19.53125,6.298,-1.0516502125483738
203,242.1875,25.0,1.6648975536973813,0.047,-0.421,7.175,150,243.75,17.96875,7.202,-1.3521273809209546,227.0,248.4375,28.90625,7.37,0.5585993153435624,251.0,241.40625,32.03125,7.074,1.6814535479687922,219.0,235.9375,28.125,6.987,2.677945044588987,175.0,249.21875,21.875,7.694,-0.4182243295792291,171.0,236.71875,21.09375,6.72,-2.5213431676069717
204,260.9375,25.0,1.4038677826455521,-1.642,-0.057,6.871,210,267.96875,25.78125,7.074,0.11065722117389565,157.0,256.25,18.75,7.812,-2.214297435588181,163.0,264.0625,19.53125,6.298,-1.0516502125483738,209.0,254.6875,25.78125,6.298,3.017237659043032,,,,,,,,,,
205,291.40625,25.0,1.3048904468290514,2.033,0.256,7.481,248,295.3125,31.25,7.37,1.0121970114513341,151.0,289.0625,17.96875,7.411,-1.892546881191539,183.0,284.375,22.65625,7.411,-2.819842099193151,252.0,291.40625,32.03125,7.031,1.5707963267948966,236.0,285.15625,29.6875,7.812,2.498091544796509,198.0,299.21875,24.21875,7.851,-0.09966865249116202
206,11.71875,25.78125,1.6487671466117089,-1.857,0.17,7.35,237,6.25,30.46875,7.202,2.432966381462123,153.0,9.375,18.75,7.411,-1.892546881191539,207.0,18.75,25.78125,7.031,0.0,160.0,16.40625,19.53125,7.812,-0.9272952180016122,249.0,14.0625,32.03125,6.675,1.2120256565243244,188.0,3.90625,24.21875,7.967,-2.9441970937399127
207,18.75,25.78125,1.63239136178222,1.079,0.142,7.301,206,11.71875,25.78125,7.031,3.141592653589793,253.0,21.875,32.8125,7.694,1.1525719972156676,249.0,14.0625,32.03125,7.812,2.214297435588181,160.0,16.40625,19.53125,6.675,-1.9295669970654687,165.0,23.4375,21.09375,6.629,-0.7853981633974483,213.0,26.5625,27.34375,7.967,0.19739555984988075
208,157.03125,25.78125,1.647222957123632,2.473,-0.28,7.05,155,158.59375,18.75,7.202,-1.3521273809209546,168.0,151.5625,21.09375,7.202,-2.432966381462123,217.0,150.0,28.125,7.411,2.819842099193151,254.0,154.6875,32.8125,7.411,1.892546881191539,239.0,161.71875,30.46875,6.629,0.7853981633974483,191.0,163.28125,24.21875,6.442,-0.24497866312686414
209,254.6875,25.78125,1.6704398628473491,0.627,-0.399,6.878,157,256.25,18.75,7.202,-1.3521273809209546,255.0,253.90625,32.8125,7.074,1.6814535479687922,228.0,260.9375,28.90625,6.987,0.4636476090008061,227.0,248.4375,28.90625,6.987,2.677945044588987,175.0,249.21875,21.875,6.72,-2.5213431676069717,204.0,260.9375,25.0,6.298,-0.12435499454676144
210,267.96875,25.78125,1.6818310225617912,-2.583,-0.181,7.29,256,266.40625,32.8125,7.202,1.7894652726688385,163.0,264.0625,19.53125,7.37,-2.129395642138459,186.0,275.0,23.4375,7.411,-0.3217505543966422,204.0,260.9375,25.0,7.074,-3.0309354324158977,164.0,271.09375,19.53125,6.987,-1.1071487177940904,228.0,260.9375,28.90625,7.694,2.723368324010564
211,119.53125,26.5625,1.6222707378183427,2.532,-0.128,7.928,258,122.65625,33.59375,7.694,1.1525719972156676,257.0,116.40625,33.59375,7.694,1.9890206563741257,166.0,114.0625,21.09375,7.733,-2.356194490192345,215.0,127.34375,27.34375,7.851,0.09966865249116202,216.0,111.71875,28.125,7.967,2.9441970937399127,145.0,120.3125,17.96875,8.629,-1.4801364395941514
212,278.90625,26.5625,1.341364015994154,-0.054,-0.523,7.205,260,278.90625,33.59375,7.031,1.5707963267948966,235.0,272.65625,29.6875,6.987,2.677945044588987,236.0,285.15625,29.6875,6.987,0.4636476090008061,187.0,285.9375,23.4375,7.694,-0.4182243295792291,183.0,284.375,22.65625,6.72,-0.6202494859828215,158.0,278.90625,18.75,7.812,-1.5707963267948966
213,26.5625,27.34375,1.662524109212814,2.456,0.218,7.333,173,31.25,21.875,7.202,-0.8621700546672264,253.0,21.875,32.8125,7.202,2.279422598922567,165.0,23.4375,21.09375,6.987,-2.0344439357957027,230.0,32.8125,29.6875,6.675,0.35877067027057225,207.0,18.75,25.78125,7.967,-2.9441970937399127,264.0,28.125,35.15625,7.967,1.373400766945016
214,92.1875,27.34375,1.5360960029834134,-0.576,-0.264,7.733,238,98.4375,30.46875,6.987,0.4636476090008061,174.0,88.28125,21.875,6.72,-2.191045812777718,225.0,84.375,28.90625,7.967,2.9441970937399127,161.0,94.53125,19.53125,8.156,-1.2793395323170296,272.0,94.53125,35.15625,8.156,1.2793395323170296,190.0,100.0,24.21875,8.414,-0.3805063771123649
215,127.34375,27.34375,1.6109600805713882,3.027,0.28,7.071,184,132.8125,23.4375,6.72,-0.6202494859828215,258.0,122.65625,33.59375,7.812,2.214297435588181,259.0,129.6875,33.59375,6.675,1.2120256565243244,211.0,119.53125,26.5625,7.851,-3.0419240010986313,167.0,126.5625,21.09375,6.298,-1.695151321341658,,,,,
216,111.71875,28.125,1.6699386346757465,-2.028,-0.175,7.255,181,107.03125,22.65625,7.202,-2.279422598922567,257.0,116.40625,33.59375,7.202,0.8621700546672264,166.0,114.0625,21.09375,7.411,-1.2490457723982544,226.0,104.6875,28.90625,7.074,3.0309354324158977,263.0,109.375,34.375,6.675,1.9295669970654687,211.0,119.53125,26.5625,7.967,-0.19739555984988075
217,150.0,28.125,1.6795745460882259,-1.947,-0.249,7.176,168,151.5625,21.09375,7.202,-1.3521273809209546,182.0,145.3125,22.65625,7.202,-2.279422598922567,231.0,142.96875,29.6875,7.202,2.922923707715851,208.0,157.03125,25.78125,7.411,-0.3217505543966422,274.0,147.65625,35.15625,7.411,1.892546881191539,254.0,154.6875,32.8125,6.629,0.7853981633974483
218,168.75,28.125,1.717323513547512,-2.396,-0.394,7.019,275,167.1875,35.15625,7.202,1.7894652726688385,239.0,161.71875,30.46875,7.411,2.819842099193151,169.0,169.53125,21.09375,7.074,-1.460139105621001,201.0,175.0,25.0,6.987,-0.4636476090008061,191.0,163.28125,24.21875,6.72,-2.5213431676069717,250.0,174.21875,32.03125,6.72,0.6202494859828215
219,235.9375,28.125,1.7029963732433342,-2.012,-0.427,7.045,171,236.71875,21.09375,7.074,-1.460139105621001,277.0,235.15625,35.15625,7.074,1.6814535479687922,203.0,242.1875,25.0,6.987,-0.4636476090008061,247.0,228.90625,31.25,7.694,2.723368324010564,196.0,230.46875,24.21875,6.72,-2.5213431676069717,251.0,241.40625,32.03125,6.72,0.6202494859828215
220,48.4375,28.90625,1.6798227981327642,1.502,-0.118,7.053,266,52.34375,35.15625,7.37,1.0121970114513341,221.0,55.46875,28.90625,7.031,0.0,176.0,51.5625,22.65625,6.987,-1.1071487177940904,265.0,46.09375,35.15625,6.675,1.9295669970654687,243.0,40.625,31.25,8.156,2.8501358591119264,189.0,44.53125,24.21875,6.101,-2.2655346029916
221,55.46875,28.90625,1.6747035627554796,0.0,-0.032,7.129,176,51.5625,22.65625,7.37,-2.129395642138459,267.0,59.375,35.15625,7.37,1.0121970114513341,222.0,62.5,28.90625,7.031,0.0,220.0,48.4375,28.90625,7.031,3.141592653589793,177.0,58.59375,22.65625,6.987,-1.1071487177940904,266.0,52.34375,35.15625,6.987,2.0344439357957027
222,62.5,28.90625,1.679347246490693,0.511,-0.016,7.193,177,58.59375,22.65625,7.37,-2.129395642138459,178.0,66.40625,22.65625,7.37,-1.0121970114513341,268.0,66.40625,35.15625,7.37,1.0121970114513341,221.0,55.46875,28.90625,7.031,3.141592653589793,223.0,69.53125,28.90625,7.031,0.0,267.0,59.375,35.15625,6.987,2.0344439357957027
223,69.53125,28.90625,1.662405559719858,0.0,-0.001,7.259,179,73.4375,22.65625,7.37,-1.0121970114513341,269.0,73.4375,35.15625,7.37,1.0121970114513341,222.0,62.5,28.90625,7.031,3.141592653589793,178.0,66.40625,22.65625,6.987,-2.0344439357957027,268.0,66.40625,35.15625,6.987,2.0344439357957027,224.0,77.34375,28.90625,7.812,0.0
224,77.34375,28.90625,1.6432672743247048,3.141,-0.001,7.259,179,73.4375,22.65625,7.37,-2.129395642138459,269.0,73.4375,35.15625,7.37,2.129395642138459,225.0,84.375,28.90625,7.031,0.0,180.0,80.46875,22.65625,6.987,-1.1071487177940904,270.0,80.46875,35.15625,6.987,1.1071487177940904,223.0,69.53125,28.90625,7.812,3.141592653589793
225,84.375,28.90625,1.6612302245007433,-2.266,-0.022,7.461,180,80.46875,22.65625,7.37,-2.129395642138459,270.0,80.46875,35.15625,7.37,2.129395642138459,224.0,77.34375,28.90625,7.031,3.141592653589793,271.0,87.5,35.15625,6.987,1.1071487177940904,214.0,92.1875,27.34375,7.967,-0.19739555984988075,174.0,88.28125,21.875,8.043,-1.0636978224025597
226,104.6875,28.90625,1.663469826464625,1.745,-0.189,6.783,263,109.375,34.375,7.202,0.8621700546672264,216.0,111.71875,28.125,7.074,-0.11065722117389565,273.0,102.34375,35.15625,6.675,1.9295669970654687,181.0,107.03125,22.65625,6.675,-1.2120256565243244,190.0,100.0,24.21875,6.629,-2.356194490192345,238.0,98.4375,30.46875,6.442,2.896613990462929
227,248.4375,28.90625,1.6883947545593665,2.954,-0.438,7.153,203,242.1875,25.0,7.37,-2.5829933382462307,175.0,249.21875,21.875,7.074,-1.460139105621001,279.0,247.65625,35.9375,7.074,1.6814535479687922,209.0,254.6875,25.78125,6.987,-0.4636476090008061,251.0,241.40625,32.03125,7.694,2.723368324010564,255.0,253.90625,32.8125,6.72,0.6202494859828215
228,260.9375,28.90625,1.4125331636114158,1.686,0.482,7.459,209,254.6875,25.78125,6.987,-2.677945044588987,210.0,267.96875,25.78125,7.694,-0.4182243295792291,256.0,266.40625,32.8125,6.72,0.6202494859828215,284.0,260.15625,36.71875,7.851,1.6704649792860586,255.0,253.90625,32.8125,8.043,2.6344941491974563,,,,,
229,0.0,29.6875,1.411585349685502,-0.414,0.331,6.509,188,3.90625,24.21875,6.72,-0.9505468408120752,237.0,6.25,30.46875,6.298,0.12435499454676144,,,,,,,,,,,,,,,,,,,,
230,32.8125,29.6875,1.672417073530106,-0.797,0.276,7.401,264,28.125,35.15625,7.202,2.279422598922567,213.0,26.5625,27.34375,6.675,-2.782821983319221,199.0,37.5,25.0,6.629,-0.7853981633974483,173.0,31.25,21.875,7.967,-1.7681918866447774,243.0,40.625,31.25,7.967,0.19739555984988075,289.0,34.375,37.5,7.967,1.373400766945016
231,142.96875,29.6875,1.6565541449116221,0.167,-0.217,7.054,244,135.9375,31.25,7.202,2.922923707715851,217.0,150.0,28.125,7.202,-0.21866894587394195,280.0,141.40625,36.71875,7.202,1.7894652726688385,274.0,147.65625,35.15625,7.202,0.8621700546672264,182.0,145.3125,22.65625,7.411,-1.2490457723982544,200.0,139.0625,25.0,6.101,-2.2655346029916
232,181.25,29.6875,1.6286191303480433,-2.758,-0.352,7.818,276,185.9375,35.15625,7.202,0.8621700546672264,250.0,174.21875,32.03125,7.411,2.819842099193151,192.0,186.71875,24.21875,7.733,-0.7853981633974483,201.0,175.0,25.0,7.812,-2.498091544796509,291.0,178.90625,37.5,8.156,1.8622531212727638,170.0,181.25,21.09375,8.593,-1.5707963267948966
233,189.84375,29.6875,1.6745123951683272,-2.353,0.0,7.167,278,193.75,35.9375,7.37,1.0121970114513341,234.0,196.875,29.6875,7.031,0.0,185.0,192.96875,23.4375,6.987,-1.1071487177940904,276.0,185.9375,35.15625,6.72,2.191045812777718,192.0,186.71875,24.21875,6.298,-2.0899424410414196,232.0,181.25,29.6875,8.593,3.141592653589793
234,196.875,29.6875,1.6781433466384243,1.555,0.036,7.146,185,192.96875,23.4375,7.37,-2.129395642138459,240.0,203.90625,30.46875,7.074,0.11065722117389565,233.0,189.84375,29.6875,7.031,3.141592653589793,278.0,193.75,35.9375,6.987,2.0344439357957027,281.0,200.0,36.71875,7.694,1.1525719972156676,193.0,200.78125,24.21875,6.72,-0.9505468408120752
235,272.65625,29.6875,1.643973400802904,-0.108,-0.424,6.858,260,278.90625,33.59375,7.37,0.5585993153435624,285.0,272.65625,36.71875,7.031,1.5707963267948966,256.0,266.40625,32.8125,6.987,2.677945044588987,212.0,278.90625,26.5625,6.987,-0.4636476090008061,186.0,275.0,23.4375,6.675,-1.2120256565243244,210.0,267.96875,25.78125,6.101,-2.44685437739309
236,285.15625,29.6875,1.361830791151548,-2.201,0.441,7.158,260,278.90625,33.59375,7.37,2.5829933382462307,183.0,284.375,22.65625,7.074,-1.6814535479687922,286.0,285.15625,36.71875,7.031,1.5707963267948966,212.0,278.90625,26.5625,6.987,-2.677945044588987,205.0,291.40625,25.0,7.812,-0.6435011087932844,252.0,291.40625,32.03125,6.675,0.35877067027057225
237,6.25,30.46875,1.7255402052207236,0.521,0.41,7.168,206,11.71875,25.78125,7.202,-0.7086262721276703,261.0,0.0,34.375,7.37,2.5829933382462307,288.0,5.46875,37.5,7.074,1.6814535479687922,262.0,11.71875,34.375,6.72,0.6202494859828215,188.0,3.90625,24.21875,6.675,-1.9295669970654687,249.0,14.0625,32.03125,7.967,0.19739555984988075
238,98.4375,30.46875,1.6056222442293215,-0.371,-0.303,6.415,214,92.1875,27.34375,6.987,-2.677945044588987,190.0,100.0,24.21875,6.442,-1.3258176636680326,226.0,104.6875,28.90625,6.442,-0.24497866312686414,272.0,94.53125,35.15625,6.101,2.2655346029916,273.0,102.34375,35.15625,6.101,0.8760580505981934,,,,,
239,161.71875,30.46875,1.6961802664989956,-0.574,-0.305,7.05,290,160.15625,37.5,7.202,1.7894652726688385,275.0,167.1875,35.15625,7.202,0.7086262721276703,254.0,154.6875,32.8125,7.411,2.819842099193151,218.0,168.75,28.125,7.411,-0.3217505543966422,208.0,157.03125,25.78125,6.629,-2.356194490192345,191.0,163.28125,24.21875,6.442,-1.3258176636680326
240,203.90625,30.46875,1.6772817912022882,-1.516,0.05,7.267,194,207.8125,24.21875,7.37,-1.0121970114513341,281.0,200.0,36.71875,7.37,2.129395642138459,234.0,196.875,29.6875,7.074,-3.0309354324158977,193.0,200.78125,24.21875,6.987,-2.0344439357957027,282.0,207.03125,36.71875,6.987,1.1071487177940904,241.0,211.71875,30.46875,7.812,0.0
241,211.71875,30.46875,1.65333811734248,2.54,0.048,7.404,194,207.8125,24.21875,7.37,-2.129395642138459,195.0,215.625,24.21875,7.37,-1.0121970114513341,245.0,218.75,31.25,7.074,0.11065722117389565,283.0,214.84375,36.71875,6.987,1.1071487177940904,240.0,203.90625,30.46875,7.812,3.141592653589793,282.0,207.03125,36.71875,7.812,2.214297435588181
242,298.4375,30.46875,1.210735554947456,2.852,0.224,6.6,252,291.40625,32.03125,7.202,2.922923707715851,198.0,299.21875,24.21875,6.298,-1.446441332248135,287.0,299.21875,36.71875,6.298,1.446441332248135,,,,,,,,,,,,,,,
243,40.625,31.25,1.5785670547961677,-0.629,0.07,7.621,199,37.5,25.0,6.987,-2.0344439357957027,265.0,46.09375,35.15625,6.72,0.6202494859828215,295.0,41.40625,39.0625,7.851,1.4711276743037347,230.0,32.8125,29.6875,7.967,-2.9441970937399127,189.0,44.53125,24.21875,8.043,-1.0636978224025597,220.0,48.4375,28.90625,8.156,-0.2914567944778671
244,135.9375,31.25,1.5969509758217815,-0.002,-0.217,7.496,231,142.96875,29.6875,7.202,-0.21866894587394195,200.0,139.0625,25.0,6.987,-1.1071487177940904,280.0,141.40625,36.71875,7.733,0.7853981633974483,259.0,129.6875,33.59375,6.675,2.782821983319221,296.0,134.375,39.0625,7.967,1.7681918866447774,184.0,132.8125,23.4375,8.414,-1.9513027039072615
245,218.75,31.25,1.6576140988275179,-1.596,0.068,7.146,202,222.65625,25.0,7.37,-1.0121970114513341,241.0,211.71875,30.46875,7.074,-3.0309354324158977,246.0,225.78125,31.25,7.031,0.0,292.0,221.875,37.5,6.987,1.1071487177940904,195.0,215.625,24.21875,7.694,-1.9890206563741257,283.0,214.84375,36.71875,6.72,2.191045812777718
246,225.78125,31.25,1.4326399342407858,3.125,0.052,7.365,292,221.875,37.5,7.37,2.129395642138459,245.0,218.75,31.25,7.031,3.141592653589793,202.0,222.65625,25.0,6.987,-2.0344439357957027,293.0,228.90625,37.5,6.987,1.1071487177940904,196.0,230.46875,24.21875,8.45,-0.982793723247329,,,,,
247,228.90625,31.25,1.368142625960814,0.074,0.393,7.129,196,230.46875,24.21875,7.202,-1.3521273809209546,277.0,235.15625,35.15625,7.37,0.5585993153435624,219.0,235.9375,28.125,7.694,-0.4182243295792291,293.0,228.90625,37.5,6.25,1.5707963267948966,,,,,,,,,,
248,295.3125,31.25,1.238778503871857,0.195,-0.139,7.572,205,291.40625,25.0,7.37,-2.129395642138459,287.0,299.21875,36.71875,6.72,0.9505468408120752,198.0,299.21875,24.21875,8.043,-1.0636978224025597,298.0,292.96875,39.0625,8.156,1.8622531212727638,,,,,,,,,,
249,14.0625,32.03125,1.4351056911193534,-0.923,0.153,7.458,294,17.1875,38.28125,6.987,1.1071487177940904,207.0,18.75,25.78125,7.812,-0.9272952180016122,206.0,11.71875,25.78125,6.675,-1.9295669970654687,253.0,21.875,32.8125,7.851,0.09966865249116202,237.0,6.25,30.46875,7.967,-2.9441970937399127,,,,,
250,174.21875,32.03125,1.6761113657154807,2.269,-0.353,7.345,291,178.90625,37.5,7.202,0.8621700546672264,232.0,181.25,29.6875,7.411,-0.3217505543966422,201.0,175.0,25.0,7.074,-1.460139105621001,275.0,167.1875,35.15625,7.694,2.723368324010564,218.0,168.75,28.125,6.72,-2.5213431676069717,302.0,172.65625,39.84375,7.967,1.7681918866447774
251,241.40625,32.03125,1.6858636265670432,-0.188,-0.438,7.153,279,247.65625,35.9375,7.37,0.5585993153435624,203.0,242.1875,25.0,7.074,-1.460139105621001,297.0,240.625,39.0625,7.074,1.6814535479687922,277.0,235.15625,35.15625,6.987,2.677945044588987,227.0,248.4375,28.90625,7.694,-0.4182243295792291,219.0,235.9375,28.125,6.72,-2.5213431676069717
252,291.40625,32.03125,1.2547417103075325,-2.354,0.367,7.389,242,298.4375,30.46875,7.202,-0.21866894587394195,298.0,292.96875,39.0625,7.202,1.3521273809209546,205.0,291.40625,25.0,7.031,-1.5707963267948966,286.0,285.15625,36.71875,7.812,2.498091544796509,236.0,285.15625,29.6875,6.675,-2.782821983319221,197.0,288.28125,24.21875,8.414,-1.9513027039072615
253,21.875,32.8125,1.6778374539025906,2.271,0.207,7.432,213,26.5625,27.34375,7.202,-0.8621700546672264,294.0,17.1875,38.28125,7.202,2.279422598922567,207.0,18.75,25.78125,7.694,-1.9890206563741257,264.0,28.125,35.15625,6.675,0.35877067027057225,249.0,14.0625,32.03125,7.851,-3.0419240010986313,304.0,23.4375,40.625,7.967,1.373400766945016
254,154.6875,32.8125,1.6933527541721176,-0.188,-0.293,7.211,301,153.125,39.84375,7.202,1.7894652726688385,290.0,160.15625,37.5,7.202,0.7086262721276703,208.0,157.03125,25.78125,7.411,-1.2490457723982544,239.0,161.71875,30.46875,7.411,-0.3217505543966422,274.0,147.65625,35.15625,7.411,2.819842099193151,217.0,150.0,28.125,6.629,-2.356194490192345
255,253.90625,32.8125,1.6596414638599177,-1.416,-0.452,7.211,284,260.15625,36.71875,7.37,0.5585993153435624,209.0,254.6875,25.78125,7.074,-1.460139105621001,303.0,253.125,39.84375,7.074,1.6814535479687922,279.0,247.65625,35.9375,6.987,2.677945044588987,227.0,248.4375,28.90625,6.72,-2.5213431676069717,228.0,260.9375,28.90625,8.043,-0.507098504392337
256,266.40625,32.8125,1.6998728915346462,0.183,-0.464,7.244,210,267.96875,25.78125,7.202,-1.3521273809209546,284.0,260.15625,36.71875,7.37,2.5829933382462307,285.0,272.65625,36.71875,7.37,0.5585993153435624,235.0,272.65625,29.6875,6.987,-0.4636476090008061,228.0,260.9375,28.90625,6.72,-2.5213431676069717,309.0,266.40625,40.625,7.812,1.5707963267948966
257,116.40625,33.59375,1.6601650741541627,2.093,-0.091,7.214,216,111.71875,28.125,7.202,-2.279422598922567,299.0,120.3125,39.84375,7.37,1.0121970114513341,263.0,109.375,34.375,7.074,3.0309354324158977,211.0,119.53125,26.5625,7.694,-1.1525719972156676,307.0,113.28125,40.625,7.694,1.9890206563741257,258.0,122.65625,33.59375,6.25,0.0
258,122.65625,33.59375,1.6227234615585617,0.05,-0.009,7.212,259,129.6875,33.59375,7.031,0.0,211.0,119.53125,26.5625,7.694,-1.9890206563741257,215.0,127.34375,27.34375,7.812,-0.9272952180016122,300.0,127.34375,39.84375,7.812,0.9272952180016122,299.0,120.3125,39.84375,6.675,1.9295669970654687,257.0,116.40625,33.59375,6.25,3.141592653589793
259,129.6875,33.59375,1.6494827536253982,1.845,-0.143,6.851,296,134.375,39.0625,7.202,0.8621700546672264,258.0,122.65625,33.59375,7.031,3.141592653589793,244.0,135.9375,31.25,6.675,-0.35877067027057225,215.0,127.34375,27.34375,6.675,-1.9295669970654687,300.0,127.34375,39.84375,6.675,1.9295669970654687,,,,,
260,278.90625,33.59375,1.7076217108794367,-1.571,-0.524,7.129,235,272.65625,29.6875,7.37,-2.5829933382462307,236.0,285.15625,29.6875,7.37,-0.5585993153435624,212.0,278.90625,26.5625,7.031,-1.5707963267948966,310.0,278.90625,40.625,7.031,1.5707963267948966,285.0,272.65625,36.71875,6.987,2.677945044588987,286.0,285.15625,36.71875,6.987,0.4636476090008061
261,0.0,34.375,1.4467856637771364,0.512,-0.027,6.9,237,6.25,30.46875,7.37,-0.5585993153435624,311.0,0.0,41.40625,7.031,1.5707963267948966,288.0,5.46875,37.5,6.298,0.5191461142465229,,,,,,,,,,,,,,,
262,11.71875,34.375,1.4390969149161954,2.677,0.479,7.21,312,11.71875,41.40625,7.031,1.5707963267948966,288.0,5.46875,37.5,6.987,2.677945044588987,294.0,17.1875,38.28125,6.72,0.6202494859828215,237.0,6.25,30.46875,6.72,-2.5213431676069717,206.0,11.71875,25.78125,8.593,-1.5707963267948966,,,,,
263,109.375,34.375,1.6494751980401234,3.037,-0.105,7.24,226,104.6875,28.90625,7.202,-2.279422598922567,307.0,113.28125,40.625,7.37,1.0121970114513341,273.0,102.34375,35.15625,7.074,3.0309354324158977,257.0,116.40625,33.59375,7.074,-0.11065722117389565,216.0,111.71875,28.125,6.675,-1.2120256565243244,319.0,105.46875,41.40625,8.043,2.0778948311872334
264,28.125,35.15625,1.6941213887937547,-2.035,0.291,7.281,230,32.8125,29.6875,7.202,-0.8621700546672264,304.0,23.4375,40.625,7.202,2.279422598922567,289.0,34.375,37.5,6.675,0.35877067027057225,253.0,21.875,32.8125,6.675,-2.782821983319221,213.0,26.5625,27.34375,7.967,-1.7681918866447774,323.0,29.6875,42.96875,7.967,1.373400766945016
265,46.09375,35.15625,1.5630425499451412,0.25,0.026,6.339,243,40.625,31.25,6.72,-2.5213431676069717,220.0,48.4375,28.90625,6.675,-1.2120256565243244,266.0,52.34375,35.15625,6.25,0.0,295.0,41.40625,39.0625,6.101,2.44685437739309,305.0,48.4375,40.625,5.949,1.1659045405098132,,,,,
266,52.34375,35.15625,1.6936330816381207,-2.985,0.009,6.891,220,48.4375,28.90625,7.37,-2.129395642138459,267.0,59.375,35.15625,7.031,0.0,221.0,55.46875,28.90625,6.987,-1.1071487177940904,313.0,55.46875,41.40625,6.987,1.1071487177940904,305.0,48.4375,40.625,6.72,2.191045812777718,265.0,46.09375,35.15625,6.25,3.141592653589793
267,59.375,35.15625,1.6979547809925375,3.141,-0.001,7.129,221,55.46875,28.90625,7.37,-2.129395642138459,313.0,55.46875,41.40625,7.37,2.129395642138459,268.0,66.40625,35.15625,7.031,0.0,266.0,52.34375,35.15625,7.031,3.141592653589793,222.0,62.5,28.90625,6.987,-1.1071487177940904,314.0,62.5,41.40625,6.987,1.1071487177940904
268,66.40625,35.15625,1.6835868340291125,3.141,-0.001,7.129,222,62.5,28.90625,7.37,-2.129395642138459,314.0,62.5,41.40625,7.37,2.129395642138459,269.0,73.4375,35.15625,7.031,0.0,267.0,59.375,35.15625,7.031,3.141592653589793,223.0,69.53125,28.90625,6.987,-1.1071487177940904,315.0,69.53125,41.40625,6.987,1.1071487177940904
269,73.4375,35.15625,1.6736630446820502,2.602,0.006,7.078,223,69.53125,28.90625,7.37,-2.129395642138459,224.0,77.34375,28.90625,7.37,-1.0121970114513341,315.0,69.53125,41.40625,7.37,2.129395642138459,268.0,66.40625,35.15625,7.031,3.141592653589793,270.0,80.46875,35.15625,7.031,0.0,306.0,76.5625,40.625,6.298,1.0516502125483738
270,80.46875,35.15625,1.6638203944502097,-1.199,0.025,7.085,225,84.375,28.90625,7.37,-1.0121970114513341,316.0,84.375,41.40625,7.37,1.0121970114513341,271.0,87.5,35.15625,7.031,0.0,269.0,73.4375,35.15625,7.031,3.141592653589793,224.0,77.34375,28.90625,6.987,-2.0344439357957027,306.0,76.5625,40.625,6.72,2.191045812777718
271,87.5,35.15625,1.6640522484138958,1.976,-0.009,7.081,317,91.40625,41.40625,7.37,1.0121970114513341,270.0,80.46875,35.15625,7.031,3.141592653589793,272.0,94.53125,35.15625,7.031,0.0,225.0,84.375,28.90625,6.987,-2.0344439357957027,316.0,84.375,41.40625,6.987,2.0344439357957027,,,,,
272,94.53125,35.15625,1.672332051174895,0.037,0.045,7.243,318,98.4375,41.40625,7.37,1.0121970114513341,271.0,87.5,35.15625,7.031,3.141592653589793,317.0,91.40625,41.40625,6.987,2.0344439357957027,273.0,102.34375,35.15625,7.812,0.0,214.0,92.1875,27.34375,8.156,-1.8622531212727638,238.0,98.4375,30.46875,6.101,-0.8760580505981934
273,102.34375,35.15625,1.6060540692452354,-2.952,-0.059,7.003,318,98.4375,41.40625,7.37,2.129395642138459,263.0,109.375,34.375,7.074,-0.11065722117389565,319.0,105.46875,41.40625,6.987,1.1071487177940904,272.0,94.53125,35.15625,7.812,3.141592653589793,226.0,104.6875,28.90625,6.675,-1.2120256565243244,238.0,98.4375,30.46875,6.101,-2.2655346029916
274,147.65625,35.15625,1.6603535056034546,-0.693,-0.267,7.145,231,142.96875,29.6875,7.202,-2.279422598922567,301.0,153.125,39.84375,7.202,0.7086262721276703,320.0,146.09375,42.1875,7.202,1.7894652726688385,217.0,150.0,28.125,7.411,-1.2490457723982544,254.0,154.6875,32.8125,7.411,-0.3217505543966422,280.0,141.40625,36.71875,6.442,2.896613990462929
275,167.1875,35.15625,1.701926800515776,-1.941,-0.338,7.319,218,168.75,28.125,7.202,-1.3521273809209546,239.0,161.71875,30.46875,7.202,-2.432966381462123,321.0,165.625,42.1875,7.202,1.7894652726688385,302.0,172.65625,39.84375,7.202,0.7086262721276703,290.0,160.15625,37.5,7.411,2.819842099193151,250.0,174.21875,32.03125,7.694,-0.4182243295792291
276,185.9375,35.15625,1.6620492536263083,1.19,-0.108,7.219,232,181.25,29.6875,7.202,-2.279422598922567,291.0,178.90625,37.5,7.411,2.819842099193151,322.0,183.59375,42.1875,7.411,1.892546881191539,233.0,189.84375,29.6875,6.72,-0.9505468408120752,308.0,189.84375,40.625,6.72,0.9505468408120752,278.0,193.75,35.9375,7.851,0.09966865249116202
277,235.15625,35.15625,1.690086858114671,-2.797,-0.414,7.132,247,228.90625,31.25,7.37,-2.5829933382462307,219.0,235.9375,28.125,7.074,-1.460139105621001,251.0,241.40625,32.03125,6.987,-0.4636476090008061,297.0,240.625,39.0625,6.72,0.6202494859828215,293.0,228.90625,37.5,6.675,2.782821983319221,328.0,233.59375,42.96875,7.967,1.7681918866447774
278,193.75,35.9375,1.6166223328862113,-3.14,0.086,7.003,233,189.84375,29.6875,7.37,-2.129395642138459,324.0,196.09375,42.96875,7.411,1.2490457723982544,234.0,196.875,29.6875,6.987,-1.1071487177940904,276.0,185.9375,35.15625,7.851,-3.0419240010986313,281.0,200.0,36.71875,6.298,0.12435499454676144,308.0,189.84375,40.625,6.101,2.2655346029916
279,247.65625,35.9375,1.6779934007616462,2.954,-0.438,7.153,251,241.40625,32.03125,7.37,-2.5829933382462307,227.0,248.4375,28.90625,7.074,-1.460139105621001,329.0,246.875,42.96875,7.074,1.6814535479687922,255.0,253.90625,32.8125,6.987,-0.4636476090008061,297.0,240.625,39.0625,7.694,2.723368324010564,303.0,253.125,39.84375,6.72,0.6202494859828215
280,141.40625,36.71875,1.6084375091351173,2.345,-0.259,7.358,231,142.96875,29.6875,7.202,-1.3521273809209546,320.0,146.09375,42.1875,7.202,0.8621700546672264,296.0,134.375,39.0625,7.411,2.819842099193151,244.0,135.9375,31.25,7.733,-2.356194490192345,274.0,147.65625,35.15625,6.442,-0.24497866312686414,336.0,139.0625,44.53125,8.156,1.8622531212727638
281,200.0,36.71875,1.6215407871217875,-1.243,0.059,7.125,240,203.90625,30.46875,7.37,-1.0121970114513341,324.0,196.09375,42.96875,7.37,2.129395642138459,282.0,207.03125,36.71875,7.031,0.0,325.0,203.125,42.96875,6.987,1.1071487177940904,234.0,196.875,29.6875,7.694,-1.9890206563741257,278.0,193.75,35.9375,6.298,-3.017237659043032
282,207.03125,36.71875,1.6563107436394502,0.01,0.029,7.397,326,210.9375,42.96875,7.37,1.0121970114513341,325.0,203.125,42.96875,7.37,2.129395642138459,281.0,200.0,36.71875,7.031,3.141592653589793,240.0,203.90625,30.46875,6.987,-2.0344439357957027,283.0,214.84375,36.71875,7.812,0.0,241.0,211.71875,30.46875,7.812,-0.9272952180016122
283,214.84375,36.71875,1.6688046239571728,1.268,0.06,7.158,326,210.9375,42.96875,7.37,2.129395642138459,292.0,221.875,37.5,7.074,0.11065722117389565,327.0,217.96875,42.96875,6.987,1.1071487177940904,241.0,211.71875,30.46875,6.987,-2.0344439357957027,245.0,218.75,31.25,6.72,-0.9505468408120752,282.0,207.03125,36.71875,7.812,3.141592653589793
284,260.15625,36.71875,1.7028623331612642,-2.122,-0.465,7.455,255,253.90625,32.8125,7.37,-2.5829933382462307,256.0,266.40625,32.8125,7.37,-0.5585993153435624,309.0,266.40625,40.625,7.37,0.5585993153435624,332.0,259.375,43.75,7.074,1.6814535479687922,303.0,253.125,39.84375,7.694,2.723368324010564,228.0,260.9375,28.90625,7.851,-1.4711276743037347
285,272.65625,36.71875,1.6494884293497338,1.059,-0.508,7.323,256,266.40625,32.8125,7.37,-2.5829933382462307,309.0,266.40625,40.625,7.37,2.5829933382462307,310.0,278.90625,40.625,7.37,0.5585993153435624,235.0,272.65625,29.6875,7.031,-1.5707963267948966,260.0,278.90625,33.59375,6.987,-0.4636476090008061,339.0,272.65625,44.53125,7.812,1.5707963267948966
286,285.15625,36.71875,1.6535912914808129,-1.081,0.432,7.405,310,278.90625,40.625,7.37,2.5829933382462307,333.0,285.9375,43.75,7.074,1.460139105621001,236.0,285.15625,29.6875,7.031,-1.5707963267948966,260.0,278.90625,33.59375,6.987,-2.677945044588987,252.0,291.40625,32.03125,7.812,-0.6435011087932844,298.0,292.96875,39.0625,8.156,0.2914567944778671
287,299.21875,36.71875,1.6471869499095173,-2.872,0.375,6.486,248,295.3125,31.25,6.72,-2.191045812777718,298.0,292.96875,39.0625,6.675,2.782821983319221,242.0,298.4375,30.46875,6.298,-1.695151321341658,330.0,299.21875,42.96875,6.25,1.5707963267948966,,,,,,,,,,
288,5.46875,37.5,1.6965112234712543,0.794,-0.506,7.044,312,11.71875,41.40625,7.37,0.5585993153435624,237.0,6.25,30.46875,7.074,-1.460139105621001,262.0,11.71875,34.375,6.987,-0.4636476090008061,311.0,0.0,41.40625,6.72,2.5213431676069717,340.0,5.46875,45.3125,7.812,1.5707963267948966,261.0,0.0,34.375,6.298,-2.62244653934327
289,34.375,37.5,1.630604731601608,2.262,0.308,7.291,323,29.6875,42.96875,7.202,2.279422598922567,295.0,41.40625,39.0625,7.202,0.21866894587394195,335.0,36.71875,44.53125,7.411,1.2490457723982544,264.0,28.125,35.15625,6.675,-2.782821983319221,230.0,32.8125,29.6875,7.967,-1.7681918866447774,,,,,
290,160.15625,37.5,1.7056073555280942,1.951,-0.322,7.272,239,161.71875,30.46875,7.202,-1.3521273809209546,254.0,154.6875,32.8125,7.202,-2.432966381462123,337.0,158.59375,44.53125,7.202,1.7894652726688385,321.0,165.625,42.1875,7.202,0.7086262721276703,301.0,153.125,39.84375,7.411,2.819842099193151,275.0,167.1875,35.15625,7.411,-0.3217505543966422
291,178.90625,37.5,1.639875906126407,0.007,-0.278,7.212,250,174.21875,32.03125,7.202,-2.279422598922567,338.0,177.34375,44.53125,7.202,1.7894652726688385,276.0,185.9375,35.15625,7.411,-0.3217505543966422,302.0,172.65625,39.84375,6.675,2.782821983319221,322.0,183.59375,42.1875,6.629,0.7853981633974483,232.0,181.25,29.6875,8.156,-1.2793395323170296
292,221.875,37.5,1.6812324948611133,-1.874,0.06,7.028,246,225.78125,31.25,7.37,-1.0121970114513341,283.0,214.84375,36.71875,7.074,-3.0309354324158977,293.0,228.90625,37.5,7.031,0.0,245.0,218.75,31.25,6.987,-2.0344439357957027,331.0,225.0,43.75,6.987,1.1071487177940904,327.0,217.96875,42.96875,6.72,2.191045812777718
293,228.90625,37.5,1.6898090071765872,-2.12,-0.096,6.919,328,233.59375,42.96875,7.202,0.8621700546672264,331.0,225.0,43.75,7.37,2.129395642138459,292.0,221.875,37.5,7.031,3.141592653589793,246.0,225.78125,31.25,6.987,-2.0344439357957027,277.0,235.15625,35.15625,6.675,-0.35877067027057225,247.0,228.90625,31.25,6.25,-1.5707963267948966
294,17.1875,38.28125,1.686127497440053,-2.385,0.373,6.697,253,21.875,32.8125,7.202,-0.8621700546672264,249.0,14.0625,32.03125,6.987,-2.0344439357957027,262.0,11.71875,34.375,6.72,-2.5213431676069717,304.0,23.4375,40.625,6.675,0.35877067027057225,312.0,11.71875,41.40625,6.298,2.62244653934327,334.0,17.96875,44.53125,6.298,1.446441332248135
295,41.40625,39.0625,1.6546372302886019,0.214,0.262,7.162,305,48.4375,40.625,7.202,0.21866894587394195,289.0,34.375,37.5,7.202,-2.922923707715851,335.0,36.71875,44.53125,7.202,2.279422598922567,342.0,43.75,46.09375,7.411,1.2490457723982544,243.0,40.625,31.25,7.851,-1.6704649792860586,265.0,46.09375,35.15625,6.101,-0.6947382761967031
296,134.375,39.0625,1.6906256847265984,-2.364,-0.198,7.307,259,129.6875,33.59375,7.202,-2.279422598922567,336.0,139.0625,44.53125,7.202,0.8621700546672264,280.0,141.40625,36.71875,7.411,-0.3217505543966422,300.0,127.34375,39.84375,7.074,3.0309354324158977,341.0,131.25,45.3125,6.987,2.0344439357957027,244.0,135.9375,31.25,7.967,-1.373400766945016
297,240.625,39.0625,1.6619129633067,0.184,-0.463,7.322,329,246.875,42.96875,7.37,0.5585993153435624,251.0,241.40625,32.03125,7.074,-1.460139105621001,345.0,240.625,46.09375,7.031,1.5707963267948966,279.0,247.65625,35.9375,7.694,-0.4182243295792291,277.0,235.15625,35.15625,6.72,-2.5213431676069717,328.0,233.59375,42.96875,8.043,2.6344941491974563
298,292.96875,39.0625,1.6302891289375585,-0.861,-0.519,7.562,252,291.40625,32.03125,7.202,-1.7894652726688385,330.0,299.21875,42.96875,7.37,0.5585993153435624,354.0,292.96875,46.875,7.812,1.5707963267948966,287.0,299.21875,36.71875,6.675,-0.35877067027057225,286.0,285.15625,36.71875,8.156,-2.8501358591119264,248.0,295.3125,31.25,8.156,-1.2793395323170296
299,120.3125,39.84375,1.641520848255514,2.078,-0.075,7.202,257,116.40625,33.59375,7.37,-2.129395642138459,343.0,124.21875,46.09375,7.37,1.0121970114513341,307.0,113.28125,40.625,7.074,3.0309354324158977,300.0,127.34375,39.84375,7.031,0.0,351.0,117.1875,46.875,7.694,1.9890206563741257,258.0,122.65625,33.59375,6.675,-1.2120256565243244
300,127.34375,39.84375,1.6705900059849228,-2.289,-0.093,7.05,296,134.375,39.0625,7.074,-0.11065722117389565,299.0,120.3125,39.84375,7.031,3.141592653589793,343.0,124.21875,46.09375,6.987,2.0344439357957027,341.0,131.25,45.3125,6.72,0.9505468408120752,258.0,122.65625,33.59375,7.812,-2.214297435588181,259.0,129.6875,33.59375,6.675,-1.2120256565243244
301,153.125,39.84375,1.6689515000529231,-2.91,-0.318,7.145,254,154.6875,32.8125,7.202,-1.3521273809209546,274.0,147.65625,35.15625,7.202,-2.432966381462123,337.0,158.59375,44.53125,7.202,0.7086262721276703,290.0,160.15625,37.5,7.411,-0.3217505543966422,320.0,146.09375,42.1875,7.411,2.819842099193151,344.0,151.5625,46.09375,6.442,1.8157749899217608
302,172.65625,39.84375,1.6366078248416962,-3.085,-0.303,7.216,275,167.1875,35.15625,7.202,-2.432966381462123,321.0,165.625,42.1875,7.411,2.819842099193151,352.0,170.3125,46.875,7.411,1.892546881191539,291.0,178.90625,37.5,6.675,-0.35877067027057225,338.0,177.34375,44.53125,6.629,0.7853981633974483,250.0,174.21875,32.03125,7.967,-1.373400766945016
303,253.125,39.84375,1.6274173399845624,-0.025,-0.456,7.146,332,259.375,43.75,7.37,0.5585993153435624,255.0,253.90625,32.8125,7.074,-1.460139105621001,353.0,253.125,46.875,7.031,1.5707963267948966,329.0,246.875,42.96875,6.987,2.677945044588987,284.0,260.15625,36.71875,7.694,-0.4182243295792291,279.0,247.65625,35.9375,6.72,-2.5213431676069717
304,23.4375,40.625,1.693717169331045,-2.233,0.328,7.073,264,28.125,35.15625,7.202,-0.8621700546672264,355.0,25.0,47.65625,7.202,1.3521273809209546,334.0,17.96875,44.53125,6.72,2.5213431676069717,294.0,17.1875,38.28125,6.675,-2.782821983319221,323.0,29.6875,42.96875,6.675,0.35877067027057225,253.0,21.875,32.8125,7.967,-1.7681918866447774
305,48.4375,40.625,1.7002480413121628,-1.564,0.131,6.856,295,41.40625,39.0625,7.202,-2.922923707715851,342.0,43.75,46.09375,7.202,2.279422598922567,313.0,55.46875,41.40625,7.074,0.11065722117389565,346.0,51.5625,46.875,6.987,1.1071487177940904,266.0,52.34375,35.15625,6.72,-0.9505468408120752,265.0,46.09375,35.15625,5.949,-1.97568811307998
306,76.5625,40.625,1.6279330360661415,1.012,-0.002,7.05,348,80.46875,46.875,7.37,1.0121970114513341,315.0,69.53125,41.40625,7.074,3.0309354324158977,347.0,73.4375,46.875,6.987,2.0344439357957027,270.0,80.46875,35.15625,6.72,-0.9505468408120752,316.0,84.375,41.40625,7.851,0.09966865249116202,269.0,73.4375,35.15625,6.298,-2.0899424410414196
307,113.28125,40.625,1.6777053386707483,-2.592,-0.059,7.455,263,109.375,34.375,7.37,-2.129395642138459,350.0,109.375,46.875,7.37,2.129395642138459,351.0,117.1875,46.875,7.37,1.0121970114513341,299.0,120.3125,39.84375,7.074,-0.11065722117389565,257.0,116.40625,33.59375,7.694,-1.1525719972156676,319.0,105.46875,41.40625,7.851,3.0419240010986313
308,189.84375,40.625,1.6085108722758081,0.435,0.427,6.594,360,189.84375,47.65625,7.031,1.5707963267948966,276.0,185.9375,35.15625,6.72,-2.191045812777718,324.0,196.09375,42.96875,6.675,0.35877067027057225,322.0,183.59375,42.1875,6.442,2.896613990462929,278.0,193.75,35.9375,6.101,-0.8760580505981934,,,,,
309,266.40625,40.625,1.6752196174687881,-2.507,-0.482,7.448,284,260.15625,36.71875,7.37,-2.5829933382462307,285.0,272.65625,36.71875,7.37,-0.5585993153435624,339.0,272.65625,44.53125,7.37,0.5585993153435624,361.0,265.625,47.65625,7.074,1.6814535479687922,332.0,259.375,43.75,7.694,2.723368324010564,256.0,266.40625,32.8125,7.812,-1.5707963267948966
310,278.90625,40.625,1.6680102532477332,-1.083,0.5,7.311,285,272.65625,36.71875,7.37,-2.5829933382462307,286.0,285.15625,36.71875,7.37,-0.5585993153435624,339.0,272.65625,44.53125,7.37,2.5829933382462307,260.0,278.90625,33.59375,7.031,-1.5707963267948966,362.0,278.90625,47.65625,7.031,1.5707963267948966,333.0,285.9375,43.75,7.694,0.4182243295792291
311,0.0,41.40625,1.660034902222251,0.0,-0.262,6.875,261,0.0,34.375,7.031,-1.5707963267948966,363.0,0.0,48.4375,7.031,1.5707963267948966,288.0,5.46875,37.5,6.72,-0.6202494859828215,340.0,5.46875,45.3125,6.72,0.6202494859828215,,,,,,,,,,
312,11.71875,41.40625,1.702488763681169,-0.634,0.514,7.014,288,5.46875,37.5,7.37,-2.5829933382462307,340.0,5.46875,45.3125,7.37,2.5829933382462307,364.0,11.71875,48.4375,7.031,1.5707963267948966,262.0,11.71875,34.375,7.031,-1.5707963267948966,334.0,17.96875,44.53125,6.987,0.4636476090008061,294.0,17.1875,38.28125,6.298,-0.5191461142465229
313,55.46875,41.40625,1.7001705513680354,-1.874,0.06,7.028,267,59.375,35.15625,7.37,-1.0121970114513341,305.0,48.4375,40.625,7.074,-3.0309354324158977,314.0,62.5,41.40625,7.031,0.0,266.0,52.34375,35.15625,6.987,-2.0344439357957027,356.0,58.59375,47.65625,6.987,1.1071487177940904,346.0,51.5625,46.875,6.72,2.191045812777718
314,62.5,41.40625,1.7111921649040738,1.107,0.031,7.129,268,66.40625,35.15625,7.37,-1.0121970114513341,356.0,58.59375,47.65625,7.37,2.129395642138459,315.0,69.53125,41.40625,7.031,0.0,313.0,55.46875,41.40625,7.031,3.141592653589793,267.0,59.375,35.15625,6.987,-2.0344439357957027,357.0,65.625,47.65625,6.987,1.1071487177940904
315,69.53125,41.40625,1.6832156691203592,-0.982,-0.012,7.092,269,73.4375,35.15625,7.37,-1.0121970114513341,357.0,65.625,47.65625,7.37,2.129395642138459,306.0,76.5625,40.625,7.074,-0.11065722117389565,314.0,62.5,41.40625,7.031,3.141592653589793,268.0,66.40625,35.15625,6.987,-2.0344439357957027,347.0,73.4375,46.875,6.72,0.9505468408120752
316,84.375,41.40625,1.618788828663862,-2.366,0.017,7.043,270,80.46875,35.15625,7.37,-2.129395642138459,317.0,91.40625,41.40625,7.031,0.0,271.0,87.5,35.15625,6.987,-1.1071487177940904,348.0,80.46875,46.875,6.72,2.191045812777718,306.0,76.5625,40.625,7.851,-3.0419240010986313,349.0,87.5,46.875,6.298,1.0516502125483738
317,91.40625,41.40625,1.6861585848107414,-2.6,-0.007,7.085,271,87.5,35.15625,7.37,-2.129395642138459,358.0,95.3125,47.65625,7.37,1.0121970114513341,318.0,98.4375,41.40625,7.031,0.0,316.0,84.375,41.40625,7.031,3.141592653589793,272.0,94.53125,35.15625,6.987,-1.1071487177940904,349.0,87.5,46.875,6.72,2.191045812777718
318,98.4375,41.40625,1.7068637058229026,0.511,-0.016,7.193,272,94.53125,35.15625,7.37,-2.129395642138459,273.0,102.34375,35.15625,7.37,-1.0121970114513341,359.0,102.34375,47.65625,7.37,1.0121970114513341,317.0,91.40625,41.40625,7.031,3.141592653589793,319.0,105.46875,41.40625,7.031,0.0,358.0,95.3125,47.65625,6.987,2.0344439357957027
319,105.46875,41.40625,1.6456448103268944,-0.763,-0.036,7.27,318,98.4375,41.40625,7.031,3.141592653589793,273.0,102.34375,35.15625,6.987,-2.0344439357957027,359.0,102.34375,47.65625,6.987,2.0344439357957027,350.0,109.375,46.875,6.72,0.9505468408120752,307.0,113.28125,40.625,7.851,-0.09966865249116202,263.0,109.375,34.375,8.043,-1.0636978224025597
320,146.09375,42.1875,1.6620229454594715,-1.131,-0.299,7.35,274,147.65625,35.15625,7.202,-1.3521273809209546,280.0,141.40625,36.71875,7.202,-2.279422598922567,301.0,153.125,39.84375,7.411,-0.3217505543966422,336.0,139.0625,44.53125,7.411,2.819842099193151,344.0,151.5625,46.09375,6.72,0.6202494859828215,371.0,143.75,50.0,8.156,1.8622531212727638
321,165.625,42.1875,1.6893783685522032,2.953,-0.293,7.211,275,167.1875,35.15625,7.202,-1.3521273809209546,290.0,160.15625,37.5,7.202,-2.432966381462123,302.0,172.65625,39.84375,7.411,-0.3217505543966422,337.0,158.59375,44.53125,7.411,2.819842099193151,366.0,163.28125,49.21875,7.411,1.892546881191539,352.0,170.3125,46.875,6.629,0.7853981633974483
322,183.59375,42.1875,1.6631950332069747,0.353,-0.302,7.089,276,185.9375,35.15625,7.411,-1.2490457723982544,367.0,182.8125,49.21875,7.074,1.6814535479687922,338.0,177.34375,44.53125,6.675,2.782821983319221,291.0,178.90625,37.5,6.629,-2.356194490192345,308.0,189.84375,40.625,6.442,-0.24497866312686414,360.0,189.84375,47.65625,8.304,0.7188299996216245
323,29.6875,42.96875,1.6672723909000695,-1.659,0.279,7.274,289,34.375,37.5,7.202,-0.8621700546672264,335.0,36.71875,44.53125,7.202,0.21866894587394195,304.0,23.4375,40.625,6.675,-2.782821983319221,355.0,25.0,47.65625,6.629,2.356194490192345,264.0,28.125,35.15625,7.967,-1.7681918866447774,376.0,31.25,50.78125,7.967,1.373400766945016
324,196.09375,42.96875,1.6289359233560479,-1.492,0.14,7.17,281,200.0,36.71875,7.37,-1.0121970114513341,278.0,193.75,35.9375,7.411,-1.892546881191539,325.0,203.125,42.96875,7.031,0.0,365.0,200.0,48.4375,6.72,0.9505468408120752,360.0,189.84375,47.65625,7.812,2.498091544796509,308.0,189.84375,40.625,6.675,-2.782821983319221
325,203.125,42.96875,1.6332514952660786,-0.221,0.009,7.145,282,207.03125,36.71875,7.37,-1.0121970114513341,368.0,207.03125,49.21875,7.37,1.0121970114513341,324.0,196.09375,42.96875,7.031,3.141592653589793,281.0,200.0,36.71875,6.987,-2.0344439357957027,326.0,210.9375,42.96875,7.812,0.0,365.0,200.0,48.4375,6.298,2.0899424410414196
326,210.9375,42.96875,1.6790165307210405,2.63,0.015,7.323,282,207.03125,36.71875,7.37,-2.129395642138459,283.0,214.84375,36.71875,7.37,-1.0121970114513341,368.0,207.03125,49.21875,7.37,2.129395642138459,327.0,217.96875,42.96875,7.031,0.0,369.0,214.0625,49.21875,6.987,1.1071487177940904,325.0,203.125,42.96875,7.812,3.141592653589793
327,217.96875,42.96875,1.6561096612737698,1.268,0.06,7.028,369,214.0625,49.21875,7.37,2.129395642138459,331.0,225.0,43.75,7.074,0.11065722117389565,326.0,210.9375,42.96875,7.031,3.141592653589793,283.0,214.84375,36.71875,6.987,-2.0344439357957027,370.0,221.09375,49.21875,6.987,1.1071487177940904,292.0,221.875,37.5,6.72,-0.9505468408120752
328,233.59375,42.96875,1.6181850846326742,-0.012,0.521,7.76,293,228.90625,37.5,7.202,-2.279422598922567,373.0,235.15625,50.0,7.202,1.3521273809209546,345.0,240.625,46.09375,7.694,0.4182243295792291,277.0,235.15625,35.15625,7.967,-1.373400766945016,297.0,240.625,39.0625,8.043,-0.507098504392337,372.0,228.90625,50.0,8.45,2.158798930342464
329,246.875,42.96875,1.6430397867653388,-2.988,-0.442,7.292,297,240.625,39.0625,7.37,-2.5829933382462307,353.0,253.125,46.875,7.37,0.5585993153435624,279.0,247.65625,35.9375,7.074,-1.460139105621001,303.0,253.125,39.84375,6.987,-0.4636476090008061,345.0,240.625,46.09375,6.987,2.677945044588987,378.0,245.3125,50.78125,7.967,1.7681918866447774
330,299.21875,42.96875,1.6244041494993509,3.141,-0.262,7.005,298,292.96875,39.0625,7.37,-2.5829933382462307,354.0,292.96875,46.875,7.37,2.5829933382462307,375.0,299.21875,50.0,7.031,1.5707963267948966,287.0,299.21875,36.71875,6.25,-1.5707963267948966,,,,,,,,,,
331,225.0,43.75,1.6651370227605433,-1.453,0.03,7.358,293,228.90625,37.5,7.37,-1.0121970114513341,372.0,228.90625,50.0,7.37,1.0121970114513341,327.0,217.96875,42.96875,7.074,-3.0309354324158977,292.0,221.875,37.5,6.987,-2.0344439357957027,370.0,221.09375,49.21875,6.72,2.191045812777718,328.0,233.59375,42.96875,8.629,-0.09065988720074511
332,259.375,43.75,1.667908584833666,1.129,-0.448,7.261,303,253.125,39.84375,7.37,-2.5829933382462307,361.0,265.625,47.65625,7.37,0.5585993153435624,379.0,258.59375,50.78125,7.074,1.6814535479687922,284.0,260.15625,36.71875,7.074,-1.460139105621001,353.0,253.125,46.875,6.987,2.677945044588987,309.0,266.40625,40.625,7.694,-0.4182243295792291
333,285.9375,43.75,1.6153707863625082,-1.955,0.44,7.542,286,285.15625,36.71875,7.074,-1.6814535479687922,310.0,278.90625,40.625,7.694,-2.723368324010564,354.0,292.96875,46.875,7.694,0.4182243295792291,362.0,278.90625,47.65625,8.043,2.6344941491974563,374.0,286.71875,50.0,6.298,1.446441332248135,298.0,292.96875,39.0625,8.45,-0.5880026035475675
334,17.96875,44.53125,1.6682903942964171,-2.595,0.453,7.147,364,11.71875,48.4375,7.37,2.5829933382462307,312.0,11.71875,41.40625,6.987,-2.677945044588987,355.0,25.0,47.65625,7.694,0.4182243295792291,304.0,23.4375,40.625,6.72,-0.6202494859828215,385.0,17.96875,52.34375,7.812,1.5707963267948966,294.0,17.1875,38.28125,6.298,-1.695151321341658
335,36.71875,44.53125,1.6968386019431738,-0.469,0.187,7.503,295,41.40625,39.0625,7.202,-0.8621700546672264,323.0,29.6875,42.96875,7.202,-2.922923707715851,342.0,43.75,46.09375,7.202,0.21866894587394195,289.0,34.375,37.5,7.411,-1.892546881191539,380.0,39.84375,51.5625,7.694,1.1525719972156676,376.0,31.25,50.78125,8.304,2.289626326416521
336,139.0625,44.53125,1.6902131971442402,-2.136,-0.187,7.586,296,134.375,39.0625,7.202,-2.279422598922567,371.0,143.75,50.0,7.202,0.8621700546672264,320.0,146.09375,42.1875,7.411,-0.3217505543966422,381.0,135.9375,51.5625,7.694,1.9890206563741257,341.0,131.25,45.3125,7.851,3.0419240010986313,280.0,141.40625,36.71875,8.156,-1.2793395323170296
337,158.59375,44.53125,1.668037595691789,-2.706,-0.288,7.015,290,160.15625,37.5,7.202,-1.3521273809209546,301.0,153.125,39.84375,7.202,-2.432966381462123,344.0,151.5625,46.09375,7.202,2.922923707715851,321.0,165.625,42.1875,7.411,-0.3217505543966422,366.0,163.28125,49.21875,6.629,0.7853981633974483,377.0,157.03125,50.78125,6.442,1.8157749899217608
338,177.34375,44.53125,1.704293600517915,-1.16,-0.316,7.054,291,178.90625,37.5,7.202,-1.3521273809209546,367.0,182.8125,49.21875,7.202,0.7086262721276703,382.0,175.78125,51.5625,7.202,1.7894652726688385,352.0,170.3125,46.875,7.411,2.819842099193151,322.0,183.59375,42.1875,6.675,-0.35877067027057225,302.0,172.65625,39.84375,6.629,-2.356194490192345
339,272.65625,44.53125,1.654678052085236,-2.119,-0.498,7.384,309,266.40625,40.625,7.37,-2.5829933382462307,310.0,278.90625,40.625,7.37,-0.5585993153435624,383.0,271.875,51.5625,7.074,1.6814535479687922,362.0,278.90625,47.65625,6.987,0.4636476090008061,361.0,265.625,47.65625,7.694,2.723368324010564,285.0,272.65625,36.71875,7.812,-1.5707963267948966
340,5.46875,45.3125,1.6906631860320425,-1.226,-0.524,7.036,312,11.71875,41.40625,7.37,-0.5585993153435624,384.0,5.46875,52.34375,7.031,1.5707963267948966,364.0,11.71875,48.4375,6.987,0.4636476090008061,311.0,0.0,41.40625,6.72,-2.5213431676069717,288.0,5.46875,37.5,7.812,-1.5707963267948966,363.0,0.0,48.4375,6.298,2.62244653934327
341,131.25,45.3125,1.6326835293461035,0.265,-0.099,7.356,343,124.21875,46.09375,7.074,3.0309354324158977,296.0,134.375,39.0625,6.987,-1.1071487177940904,388.0,128.125,52.34375,7.694,1.9890206563741257,300.0,127.34375,39.84375,6.72,-2.191045812777718,381.0,135.9375,51.5625,7.812,0.9272952180016122,336.0,139.0625,44.53125,7.851,-0.09966865249116202
342,43.75,46.09375,1.7027005250901734,-0.491,0.143,7.229,305,48.4375,40.625,7.202,-0.8621700546672264,335.0,36.71875,44.53125,7.202,-2.922923707715851,295.0,41.40625,39.0625,7.411,-1.892546881191539,386.0,46.875,52.34375,6.987,1.1071487177940904,380.0,39.84375,51.5625,6.72,2.191045812777718,346.0,51.5625,46.875,7.851,0.09966865249116202
343,124.21875,46.09375,1.6899833850853336,-0.786,-0.069,7.144,299,120.3125,39.84375,7.37,-2.129395642138459,388.0,128.125,52.34375,7.37,1.0121970114513341,351.0,117.1875,46.875,7.074,3.0309354324158977,341.0,131.25,45.3125,7.074,-0.11065722117389565,300.0,127.34375,39.84375,6.987,-1.1071487177940904,387.0,121.09375,52.34375,6.987,2.0344439357957027
344,151.5625,46.09375,1.6784071354590409,-0.159,-0.369,6.802,377,157.03125,50.78125,7.202,0.7086262721276703,337.0,158.59375,44.53125,7.202,-0.21866894587394195,320.0,146.09375,42.1875,6.72,-2.5213431676069717,301.0,153.125,39.84375,6.442,-1.3258176636680326,389.0,150.0,52.34375,6.442,1.8157749899217608,,,,,
345,240.625,46.09375,1.5894230696041005,-1.791,0.43,7.012,297,240.625,39.0625,7.031,-1.5707963267948966,329.0,246.875,42.96875,6.987,-0.4636476090008061,328.0,233.59375,42.96875,7.694,-2.723368324010564,373.0,235.15625,50.0,6.72,2.5213431676069717,378.0,245.3125,50.78125,6.629,0.7853981633974483,,,,,
346,51.5625,46.875,1.6888664384866061,-2.59,0.101,7.137,386,46.875,52.34375,7.202,2.279422598922567,356.0,58.59375,47.65625,7.074,0.11065722117389565,391.0,54.6875,53.125,6.987,1.1071487177940904,305.0,48.4375,40.625,6.987,-2.0344439357957027,313.0,55.46875,41.40625,6.72,-0.9505468408120752,342.0,43.75,46.09375,7.851,-3.0419240010986313
347,73.4375,46.875,1.6366508287157369,2.546,-0.043,7.221,393,77.34375,53.125,7.37,1.0121970114513341,392.0,69.53125,53.125,7.37,2.129395642138459,348.0,80.46875,46.875,7.031,0.0,306.0,76.5625,40.625,6.987,-1.1071487177940904,315.0,69.53125,41.40625,6.72,-2.191045812777718,357.0,65.625,47.65625,7.851,3.0419240010986313
348,80.46875,46.875,1.6956344116944368,0.541,-0.007,7.085,306,76.5625,40.625,7.37,-2.129395642138459,394.0,84.375,53.125,7.37,1.0121970114513341,349.0,87.5,46.875,7.031,0.0,347.0,73.4375,46.875,7.031,3.141592653589793,393.0,77.34375,53.125,6.987,2.0344439357957027,316.0,84.375,41.40625,6.72,-0.9505468408120752
349,87.5,46.875,1.645130838741283,0.776,0.017,7.043,395,91.40625,53.125,7.37,1.0121970114513341,348.0,80.46875,46.875,7.031,3.141592653589793,394.0,84.375,53.125,6.987,2.0344439357957027,317.0,91.40625,41.40625,6.72,-0.9505468408120752,358.0,95.3125,47.65625,7.851,0.09966865249116202,316.0,84.375,41.40625,6.298,-2.0899424410414196
350,109.375,46.875,1.6623861201211825,1.376,-0.045,7.222,307,113.28125,40.625,7.37,-1.0121970114513341,398.0,113.28125,53.125,7.37,1.0121970114513341,359.0,102.34375,47.65625,7.074,3.0309354324158977,397.0,106.25,53.125,6.987,2.0344439357957027,319.0,105.46875,41.40625,6.72,-2.191045812777718,351.0,117.1875,46.875,7.812,0.0
351,117.1875,46.875,1.6456313777456615,-1.929,-0.053,7.34,307,113.28125,40.625,7.37,-2.129395642138459,398.0,113.28125,53.125,7.37,2.129395642138459,343.0,124.21875,46.09375,7.074,-0.11065722117389565,299.0,120.3125,39.84375,7.694,-1.1525719972156676,387.0,121.09375,52.34375,6.72,0.9505468408120752,350.0,109.375,46.875,7.812,3.141592653589793
352,170.3125,46.875,1.689785203120796,-0.188,-0.293,7.211,399,168.75,53.90625,7.202,1.7894652726688385,382.0,175.78125,51.5625,7.202,0.7086262721276703,302.0,172.65625,39.84375,7.411,-1.2490457723982544,338.0,177.34375,44.53125,7.411,-0.3217505543966422,366.0,163.28125,49.21875,7.411,2.819842099193151,321.0,165.625,42.1875,6.629,-2.356194490192345
353,253.125,46.875,1.6347818753005587,-0.493,0.491,7.036,329,246.875,42.96875,7.37,-2.5829933382462307,401.0,252.34375,53.90625,7.074,1.6814535479687922,303.0,253.125,39.84375,7.031,-1.5707963267948966,332.0,259.375,43.75,6.987,-0.4636476090008061,379.0,258.59375,50.78125,6.72,0.6202494859828215,,,,,
354,292.96875,46.875,1.6235820411051896,-2.577,0.5,7.313,330,299.21875,42.96875,7.37,-0.5585993153435624,402.0,292.96875,53.90625,7.031,1.5707963267948966,375.0,299.21875,50.0,6.987,0.4636476090008061,374.0,286.71875,50.0,6.987,2.677945044588987,333.0,285.9375,43.75,7.694,-2.723368324010564,298.0,292.96875,39.0625,7.812,-1.5707963267948966
355,25.0,47.65625,1.6239679113503593,-2.944,0.418,7.469,304,23.4375,40.625,7.202,-1.7894652726688385,376.0,31.25,50.78125,6.987,0.4636476090008061,334.0,17.96875,44.53125,7.694,-2.723368324010564,407.0,24.21875,55.46875,7.851,1.6704649792860586,323.0,29.6875,42.96875,6.629,-0.7853981633974483,385.0,17.96875,52.34375,8.45,2.5535900500422257
356,58.59375,47.65625,1.6997590116752377,-2.174,0.068,7.146,314,62.5,41.40625,7.37,-1.0121970114513341,346.0,51.5625,46.875,7.074,-3.0309354324158977,357.0,65.625,47.65625,7.031,0.0,313.0,55.46875,41.40625,6.987,-2.0344439357957027,403.0,61.71875,54.6875,7.694,1.1525719972156676,391.0,54.6875,53.125,6.72,2.191045812777718
357,65.625,47.65625,1.6881311839021302,-0.727,-0.02,7.334,315,69.53125,41.40625,7.37,-1.0121970114513341,356.0,58.59375,47.65625,7.031,3.141592653589793,314.0,62.5,41.40625,6.987,-2.0344439357957027,392.0,69.53125,53.125,6.72,0.9505468408120752,347.0,73.4375,46.875,7.851,-0.09966865249116202,403.0,61.71875,54.6875,8.043,2.0778948311872334
358,95.3125,47.65625,1.6466560418120153,-1.919,0.0,7.113,317,91.40625,41.40625,7.37,-2.129395642138459,359.0,102.34375,47.65625,7.031,0.0,318.0,98.4375,41.40625,6.987,-1.1071487177940904,395.0,91.40625,53.125,6.72,2.191045812777718,396.0,99.21875,53.125,6.72,0.9505468408120752,349.0,87.5,46.875,7.851,-3.0419240010986313
359,102.34375,47.65625,1.6734386688154286,-1.594,-0.052,6.913,318,98.4375,41.40625,7.37,-2.129395642138459,350.0,109.375,46.875,7.074,-0.11065722117389565,358.0,95.3125,47.65625,7.031,3.141592653589793,319.0,105.46875,41.40625,6.987,-1.1071487177940904,397.0,106.25,53.125,6.72,0.9505468408120752,396.0,99.21875,53.125,6.298,2.0899424410414196
360,189.84375,47.65625,1.5866097677645121,-2.477,-0.354,7.237,367,182.8125,49.21875,7.202,2.922923707715851,308.0,189.84375,40.625,7.031,-1.5707963267948966,324.0,196.09375,42.96875,7.812,-0.6435011087932844,390.0,194.53125,52.34375,6.629,0.7853981633974483,400.0,188.28125,53.90625,6.442,1.8157749899217608,322.0,183.59375,42.1875,8.304,-2.4227626539681686
361,265.625,47.65625,1.6662838492012455,0.165,-0.44,7.379,332,259.375,43.75,7.37,-2.5829933382462307,383.0,271.875,51.5625,7.37,0.5585993153435624,404.0,264.84375,54.6875,7.074,1.6814535479687922,309.0,266.40625,40.625,7.074,-1.460139105621001,379.0,258.59375,50.78125,7.694,2.723368324010564,339.0,272.65625,44.53125,7.694,-0.4182243295792291
362,278.90625,47.65625,1.6236537311611012,-1.194,0.487,7.548,310,278.90625,40.625,7.031,-1.5707963267948966,405.0,278.90625,54.6875,7.031,1.5707963267948966,339.0,272.65625,44.53125,6.987,-2.677945044588987,333.0,285.9375,43.75,8.043,-0.507098504392337,383.0,271.875,51.5625,8.043,2.6344941491974563,374.0,286.71875,50.0,8.156,0.2914567944778671
363,0.0,48.4375,1.636104917470147,0.05,0.298,6.965,311,0.0,41.40625,7.031,-1.5707963267948966,384.0,5.46875,52.34375,6.72,0.6202494859828215,412.0,0.0,56.25,7.812,1.5707963267948966,340.0,5.46875,45.3125,6.298,-0.5191461142465229,,,,,,,,,,
364,11.71875,48.4375,1.688748972717021,2.081,0.507,7.193,334,17.96875,44.53125,7.37,-0.5585993153435624,384.0,5.46875,52.34375,7.37,2.5829933382462307,385.0,17.96875,52.34375,7.37,0.5585993153435624,312.0,11.71875,41.40625,7.031,-1.5707963267948966,406.0,11.71875,55.46875,7.031,1.5707963267948966,340.0,5.46875,45.3125,6.987,-2.677945044588987
365,200.0,48.4375,1.5999882010186495,-0.046,0.158,6.803,408,201.5625,55.46875,7.202,1.3521273809209546,368.0,207.03125,49.21875,7.074,0.11065722117389565,390.0,194.53125,52.34375,6.72,2.5213431676069717,324.0,196.09375,42.96875,6.72,-2.191045812777718,325.0,203.125,42.96875,6.298,-1.0516502125483738,,,,,
366,163.28125,49.21875,1.6470826753726149,-0.668,-0.28,7.05,414,161.71875,56.25,7.202,1.7894652726688385,399.0,168.75,53.90625,7.202,0.7086262721276703,321.0,165.625,42.1875,7.411,-1.2490457723982544,352.0,170.3125,46.875,7.411,-0.3217505543966422,337.0,158.59375,44.53125,6.629,-2.356194490192345,377.0,157.03125,50.78125,6.442,2.896613990462929
367,182.8125,49.21875,1.6612722396255404,2.339,-0.323,7.216,338,177.34375,44.53125,7.202,-2.432966381462123,360.0,189.84375,47.65625,7.202,-0.21866894587394195,415.0,181.25,56.25,7.202,1.7894652726688385,400.0,188.28125,53.90625,7.202,0.7086262721276703,382.0,175.78125,51.5625,7.411,2.819842099193151,322.0,183.59375,42.1875,7.074,-1.460139105621001
368,207.03125,49.21875,1.660765682794665,-2.77,0.078,7.304,325,203.125,42.96875,7.37,-2.129395642138459,326.0,210.9375,42.96875,7.37,-1.0121970114513341,365.0,200.0,48.4375,7.074,-3.0309354324158977,369.0,214.0625,49.21875,7.031,0.0,409.0,209.375,55.46875,6.675,1.2120256565243244,408.0,201.5625,55.46875,8.304,2.289626326416521
369,214.0625,49.21875,1.6792156812646506,-2.541,0.045,7.203,327,217.96875,42.96875,7.37,-1.0121970114513341,368.0,207.03125,49.21875,7.031,3.141592653589793,370.0,221.09375,49.21875,7.031,0.0,326.0,210.9375,42.96875,6.987,-2.0344439357957027,410.0,217.1875,55.46875,6.987,1.1071487177940904,409.0,209.375,55.46875,7.812,2.214297435588181
370,221.09375,49.21875,1.6607692384534167,1.237,0.058,7.158,410,217.1875,55.46875,7.37,2.129395642138459,369.0,214.0625,49.21875,7.031,3.141592653589793,411.0,224.21875,55.46875,6.987,1.1071487177940904,327.0,217.96875,42.96875,6.987,-2.0344439357957027,331.0,225.0,43.75,6.72,-0.9505468408120752,372.0,228.90625,50.0,7.851,0.09966865249116202
371,143.75,50.0,1.5423041404785207,-2.088,-0.202,7.631,336,139.0625,44.53125,7.202,-2.279422598922567,389.0,150.0,52.34375,6.675,0.35877067027057225,381.0,135.9375,51.5625,7.967,2.9441970937399127,320.0,146.09375,42.1875,8.156,-1.2793395323170296,422.0,146.09375,57.8125,8.156,1.2793395323170296,,,,,
372,228.90625,50.0,1.6070159579988714,-2.516,0.061,7.352,411,224.21875,55.46875,7.202,2.279422598922567,331.0,225.0,43.75,7.37,-2.129395642138459,416.0,232.03125,56.25,6.987,1.1071487177940904,370.0,221.09375,49.21875,7.851,-3.0419240010986313,373.0,235.15625,50.0,6.25,0.0,328.0,233.59375,42.96875,8.45,-0.982793723247329
373,235.15625,50.0,1.5643693208045164,2.617,0.096,6.906,328,233.59375,42.96875,7.202,-1.7894652726688385,417.0,239.0625,56.25,7.37,1.0121970114513341,416.0,232.03125,56.25,6.987,2.0344439357957027,345.0,240.625,46.09375,6.72,-0.6202494859828215,372.0,228.90625,50.0,6.25,3.141592653589793,,,,,
374,286.71875,50.0,1.6092797651774284,-0.29,-0.476,7.168,402,292.96875,53.90625,7.37,0.5585993153435624,418.0,286.71875,57.03125,7.031,1.5707963267948966,354.0,292.96875,46.875,6.987,-0.4636476090008061,362.0,278.90625,47.65625,8.156,-2.8501358591119264,333.0,285.9375,43.75,6.298,-1.695151321341658,,,,,
375,299.21875,50.0,1.635773540515012,3.094,-0.298,7.105,402,292.96875,53.90625,7.37,2.5829933382462307,330.0,299.21875,42.96875,7.031,-1.5707963267948966,419.0,299.21875,57.03125,7.031,1.5707963267948966,354.0,292.96875,46.875,6.987,-2.677945044588987,,,,,,,,,,
376,31.25,50.78125,1.6189189575523626,-1.113,0.302,7.923,413,35.9375,56.25,7.202,0.8621700546672264,355.0,25.0,47.65625,6.987,-2.677945044588987,323.0,29.6875,42.96875,7.967,-1.7681918866447774,335.0,36.71875,44.53125,8.304,-0.8519663271732721,407.0,24.21875,55.46875,8.45,2.5535900500422257,380.0,39.84375,51.5625,8.629,0.09065988720074511
377,157.03125,50.78125,1.6622159273401405,3.046,-0.23,7.031,344,151.5625,46.09375,7.202,-2.432966381462123,389.0,150.0,52.34375,7.202,2.922923707715851,414.0,161.71875,56.25,7.202,0.8621700546672264,423.0,153.90625,57.8125,7.694,1.9890206563741257,366.0,163.28125,49.21875,6.442,-0.24497866312686414,337.0,158.59375,44.53125,6.442,-1.3258176636680326
378,245.3125,50.78125,1.5743984508409177,2.143,-0.436,7.534,425,246.09375,57.8125,7.074,1.460139105621001,401.0,252.34375,53.90625,7.694,0.4182243295792291,345.0,240.625,46.09375,6.629,-2.356194490192345,329.0,246.875,42.96875,7.967,-1.373400766945016,417.0,239.0625,56.25,8.304,2.4227626539681686,,,,,
379,258.59375,50.78125,1.6235175114397709,-0.188,-0.438,7.153,404,264.84375,54.6875,7.37,0.5585993153435624,332.0,259.375,43.75,7.074,-1.460139105621001,426.0,257.8125,57.8125,7.074,1.6814535479687922,401.0,252.34375,53.90625,6.987,2.677945044588987,361.0,265.625,47.65625,7.694,-0.4182243295792291,353.0,253.125,46.875,6.72,-2.5213431676069717
380,39.84375,51.5625,1.5988811130825322,-2.744,0.113,7.319,386,46.875,52.34375,7.074,0.11065722117389565,335.0,36.71875,44.53125,7.694,-1.9890206563741257,427.0,42.96875,58.59375,7.694,1.1525719972156676,342.0,43.75,46.09375,6.72,-0.9505468408120752,413.0,35.9375,56.25,6.101,2.2655346029916,376.0,31.25,50.78125,8.629,-3.050932766389048
381,135.9375,51.5625,1.6532052671267872,-2.913,-0.073,7.613,420,132.03125,57.8125,7.37,2.129395642138459,421.0,139.0625,57.8125,6.987,1.1071487177940904,336.0,139.0625,44.53125,7.694,-1.1525719972156676,341.0,131.25,45.3125,7.812,-2.214297435588181,388.0,128.125,52.34375,7.851,3.0419240010986313,371.0,143.75,50.0,7.967,-0.19739555984988075
382,175.78125,51.5625,1.6975839283919139,-2.91,-0.318,7.145,338,177.34375,44.53125,7.202,-1.3521273809209546,352.0,170.3125,46.875,7.202,-2.432966381462123,415.0,181.25,56.25,7.202,0.7086262721276703,367.0,182.8125,49.21875,7.411,-0.3217505543966422,399.0,168.75,53.90625,7.411,2.819842099193151,424.0,174.21875,57.8125,6.442,1.8157749899217608
383,271.875,51.5625,1.6231319541012217,-1.443,-0.476,7.491,361,265.625,47.65625,7.37,-2.5829933382462307,339.0,272.65625,44.53125,7.074,-1.460139105621001,432.0,271.09375,58.59375,7.074,1.6814535479687922,404.0,264.84375,54.6875,7.694,2.723368324010564,405.0,278.90625,54.6875,7.694,0.4182243295792291,362.0,278.90625,47.65625,8.043,-0.507098504392337
384,5.46875,52.34375,1.6843302499295567,-0.625,0.506,6.976,364,11.71875,48.4375,7.37,-0.5585993153435624,340.0,5.46875,45.3125,7.031,-1.5707963267948966,433.0,5.46875,59.375,7.031,1.5707963267948966,406.0,11.71875,55.46875,6.987,0.4636476090008061,363.0,0.0,48.4375,6.72,-2.5213431676069717,412.0,0.0,56.25,6.72,2.5213431676069717
385,17.96875,52.34375,1.6326536497602127,-1.655,0.518,7.439,364,11.71875,48.4375,7.37,-2.5829933382462307,434.0,17.96875,59.375,7.031,1.5707963267948966,407.0,24.21875,55.46875,6.987,0.4636476090008061,406.0,11.71875,55.46875,6.987,2.677945044588987,334.0,17.96875,44.53125,7.812,-1.5707963267948966,355.0,25.0,47.65625,8.45,-0.5880026035475675
386,46.875,52.34375,1.677530168219089,1.358,0.109,7.193,346,51.5625,46.875,7.202,-0.8621700546672264,427.0,42.96875,58.59375,7.37,2.129395642138459,380.0,39.84375,51.5625,7.074,-3.0309354324158977,342.0,43.75,46.09375,6.987,-2.0344439357957027,428.0,49.21875,58.59375,6.675,1.2120256565243244,391.0,54.6875,53.125,7.851,0.09966865249116202
387,121.09375,52.34375,1.6342460571623112,2.211,-0.052,7.334,430,125.0,58.59375,7.37,1.0121970114513341,388.0,128.125,52.34375,7.031,0.0,343.0,124.21875,46.09375,6.987,-1.1071487177940904,351.0,117.1875,46.875,6.72,-2.191045812777718,398.0,113.28125,53.125,7.851,3.0419240010986313,440.0,117.1875,59.375,8.043,2.0778948311872334
388,128.125,52.34375,1.674760488045711,-1.537,-0.067,7.275,343,124.21875,46.09375,7.37,-2.129395642138459,387.0,121.09375,52.34375,7.031,3.141592653589793,430.0,125.0,58.59375,6.987,2.0344439357957027,341.0,131.25,45.3125,7.694,-1.1525719972156676,420.0,132.03125,57.8125,6.72,0.9505468408120752,381.0,135.9375,51.5625,7.851,-0.09966865249116202
389,150.0,52.34375,1.6748980093091206,0.306,-0.145,6.752,377,157.03125,50.78125,7.202,-0.21866894587394195,422.0,146.09375,57.8125,6.72,2.191045812777718,423.0,153.90625,57.8125,6.72,0.9505468408120752,371.0,143.75,50.0,6.675,-2.782821983319221,344.0,151.5625,46.09375,6.442,-1.3258176636680326,,,,,
390,194.53125,52.34375,1.6194546644998873,1.776,-0.51,6.757,408,201.5625,55.46875,7.694,0.4182243295792291,365.0,200.0,48.4375,6.72,-0.6202494859828215,360.0,189.84375,47.65625,6.629,-2.356194490192345,400.0,188.28125,53.90625,6.442,2.896613990462929,431.0,193.75,58.59375,6.298,1.695151321341658,,,,,
391,54.6875,53.125,1.6436702979018016,2.916,0.183,7.261,403,61.71875,54.6875,7.202,0.21866894587394195,441.0,55.46875,60.15625,7.074,1.460139105621001,346.0,51.5625,46.875,6.987,-2.0344439357957027,428.0,49.21875,58.59375,7.733,2.356194490192345,356.0,58.59375,47.65625,6.72,-0.9505468408120752,386.0,46.875,52.34375,7.851,-3.0419240010986313
392,69.53125,53.125,1.664283082639815,0.904,-0.094,7.333,347,73.4375,46.875,7.37,-1.0121970114513341,442.0,67.1875,60.15625,7.411,1.892546881191539,429.0,73.4375,58.59375,6.72,0.9505468408120752,357.0,65.625,47.65625,6.72,-2.191045812777718,393.0,77.34375,53.125,7.812,0.0,403.0,61.71875,54.6875,7.967,2.9441970937399127
393,77.34375,53.125,1.6760245632348016,-3.084,0.017,7.269,347,73.4375,46.875,7.37,-2.129395642138459,394.0,84.375,53.125,7.031,0.0,348.0,80.46875,46.875,6.987,-1.1071487177940904,443.0,80.46875,60.15625,7.694,1.1525719972156676,429.0,73.4375,58.59375,6.72,2.191045812777718,392.0,69.53125,53.125,7.812,3.141592653589793
394,84.375,53.125,1.6733696936904547,-2.657,-0.025,7.305,348,80.46875,46.875,7.37,-2.129395642138459,436.0,88.28125,59.375,7.37,1.0121970114513341,395.0,91.40625,53.125,7.031,0.0,393.0,77.34375,53.125,7.031,3.141592653589793,349.0,87.5,46.875,6.987,-1.1071487177940904,443.0,80.46875,60.15625,8.043,2.0778948311872334
395,91.40625,53.125,1.6981658245827413,0.541,-0.007,7.215,349,87.5,46.875,7.37,-2.129395642138459,437.0,95.3125,59.375,7.37,1.0121970114513341,394.0,84.375,53.125,7.031,3.141592653589793,436.0,88.28125,59.375,6.987,2.0344439357957027,358.0,95.3125,47.65625,6.72,-0.9505468408120752,396.0,99.21875,53.125,7.812,0.0
396,99.21875,53.125,1.633012610226571,2.978,-0.017,7.1,438,103.125,59.375,7.37,1.0121970114513341,437.0,95.3125,59.375,7.37,2.129395642138459,397.0,106.25,53.125,7.031,0.0,358.0,95.3125,47.65625,6.72,-2.191045812777718,395.0,91.40625,53.125,7.812,3.141592653589793,359.0,102.34375,47.65625,6.298,-1.0516502125483738
397,106.25,53.125,1.6849549013382807,2.552,-0.042,7.021,439,110.15625,59.375,7.37,1.0121970114513341,398.0,113.28125,53.125,7.031,0.0,396.0,99.21875,53.125,7.031,3.141592653589793,350.0,109.375,46.875,6.987,-1.1071487177940904,438.0,103.125,59.375,6.987,2.0344439357957027,359.0,102.34375,47.65625,6.72,-2.191045812777718
398,113.28125,53.125,1.693863688156343,-0.599,-0.033,7.33,350,109.375,46.875,7.37,-2.129395642138459,351.0,117.1875,46.875,7.37,-1.0121970114513341,440.0,117.1875,59.375,7.37,1.0121970114513341,397.0,106.25,53.125,7.031,3.141592653589793,439.0,110.15625,59.375,6.987,2.0344439357957027,387.0,121.09375,52.34375,7.851,-0.09966865249116202
399,168.75,53.90625,1.6701677234268284,-1.751,-0.325,7.35,352,170.3125,46.875,7.202,-1.3521273809209546,366.0,163.28125,49.21875,7.202,-2.432966381462123,382.0,175.78125,51.5625,7.411,-0.3217505543966422,414.0,161.71875,56.25,7.411,2.819842099193151,424.0,174.21875,57.8125,6.72,0.6202494859828215,448.0,166.40625,61.71875,8.156,1.8622531212727638
400,188.28125,53.90625,1.6543190710181177,1.037,-0.305,6.984,367,182.8125,49.21875,7.202,-2.432966381462123,431.0,193.75,58.59375,7.202,0.7086262721276703,444.0,186.71875,60.9375,7.202,1.7894652726688385,415.0,181.25,56.25,7.411,2.819842099193151,390.0,194.53125,52.34375,6.442,-0.24497866312686414,360.0,189.84375,47.65625,6.442,-1.3258176636680326
401,252.34375,53.90625,1.6182107527346121,-1.494,0.451,7.169,425,246.09375,57.8125,7.37,2.5829933382462307,353.0,253.125,46.875,7.074,-1.460139105621001,379.0,258.59375,50.78125,6.987,-0.4636476090008061,378.0,245.3125,50.78125,7.694,-2.723368324010564,426.0,257.8125,57.8125,6.72,0.6202494859828215,,,,,
402,292.96875,53.90625,1.6223683533595927,-1.0,0.505,7.136,374,286.71875,50.0,7.37,-2.5829933382462307,375.0,299.21875,50.0,7.37,-0.5585993153435624,447.0,293.75,60.9375,7.074,1.460139105621001,354.0,292.96875,46.875,7.031,-1.5707963267948966,418.0,286.71875,57.03125,6.987,2.677945044588987,419.0,299.21875,57.03125,6.987,0.4636476090008061
403,61.71875,54.6875,1.6273589018596981,-1.525,0.036,7.824,391,54.6875,53.125,7.202,-2.922923707715851,356.0,58.59375,47.65625,7.694,-1.9890206563741257,442.0,67.1875,60.15625,7.733,0.7853981633974483,392.0,69.53125,53.125,7.967,-0.19739555984988075,357.0,65.625,47.65625,8.043,-1.0636978224025597,441.0,55.46875,60.15625,8.304,2.4227626539681686
404,264.84375,54.6875,1.6340432809750456,-2.988,-0.426,7.528,379,258.59375,50.78125,7.37,-2.5829933382462307,432.0,271.09375,58.59375,7.37,0.5585993153435624,361.0,265.625,47.65625,7.074,-1.460139105621001,383.0,271.875,51.5625,7.694,-0.4182243295792291,426.0,257.8125,57.8125,7.694,2.723368324010564,453.0,263.28125,62.5,7.967,1.7681918866447774
405,278.90625,54.6875,1.5112718136605636,-0.433,-0.521,7.389,362,278.90625,47.65625,7.031,-1.5707963267948966,383.0,271.875,51.5625,7.694,-2.723368324010564,446.0,281.25,60.9375,6.675,1.2120256565243244,418.0,286.71875,57.03125,8.156,0.2914567944778671,,,,,,,,,,
406,11.71875,55.46875,1.6413169187899124,1.57,-0.524,7.259,433,5.46875,59.375,7.37,2.5829933382462307,434.0,17.96875,59.375,7.37,0.5585993153435624,364.0,11.71875,48.4375,7.031,-1.5707963267948966,384.0,5.46875,52.34375,6.987,-2.677945044588987,385.0,17.96875,52.34375,6.987,-0.4636476090008061,455.0,11.71875,63.28125,7.812,1.5707963267948966
407,24.21875,55.46875,1.6595960230550146,1.038,0.518,7.64,434,17.96875,59.375,7.37,2.5829933382462307,435.0,30.46875,59.375,7.37,0.5585993153435624,385.0,17.96875,52.34375,6.987,-2.677945044588987,456.0,24.21875,63.28125,7.812,1.5707963267948966,355.0,25.0,47.65625,7.851,-1.4711276743037347,376.0,31.25,50.78125,8.45,-0.5880026035475675
408,201.5625,55.46875,1.5648584080750798,-0.422,0.097,7.83,365,200.0,48.4375,7.202,-1.7894652726688385,390.0,194.53125,52.34375,7.694,-2.723368324010564,409.0,209.375,55.46875,7.812,0.0,449.0,206.25,61.71875,7.812,0.9272952180016122,463.0,199.21875,63.28125,8.156,1.8622531212727638,368.0,207.03125,49.21875,8.304,-0.8519663271732721
409,209.375,55.46875,1.6475992045563186,-0.074,0.019,7.303,449,206.25,61.71875,6.987,2.0344439357957027,445.0,213.28125,60.9375,6.72,0.9505468408120752,369.0,214.0625,49.21875,7.812,-0.9272952180016122,408.0,201.5625,55.46875,7.812,3.141592653589793,410.0,217.1875,55.46875,7.812,0.0,368.0,207.03125,49.21875,6.675,-1.9295669970654687
410,217.1875,55.46875,1.688414578209585,-1.199,0.025,7.215,370,221.09375,49.21875,7.37,-1.0121970114513341,450.0,221.09375,61.71875,7.37,1.0121970114513341,411.0,224.21875,55.46875,7.031,0.0,369.0,214.0625,49.21875,6.987,-2.0344439357957027,445.0,213.28125,60.9375,6.72,2.191045812777718,409.0,209.375,55.46875,7.812,3.141592653589793
411,224.21875,55.46875,1.6115864632046533,0.735,0.049,7.35,372,228.90625,50.0,7.202,-0.8621700546672264,410.0,217.1875,55.46875,7.031,3.141592653589793,370.0,221.09375,49.21875,6.987,-2.0344439357957027,450.0,221.09375,61.71875,6.987,2.0344439357957027,416.0,232.03125,56.25,7.851,0.09966865249116202,451.0,228.125,62.5,8.043,1.0636978224025597
412,0.0,56.25,1.6254505552443779,-0.051,-0.299,6.965,454,0.0,63.28125,7.031,1.5707963267948966,384.0,5.46875,52.34375,6.72,-0.6202494859828215,363.0,0.0,48.4375,7.812,-1.5707963267948966,433.0,5.46875,59.375,6.298,0.5191461142465229,,,,,,,,,,
413,35.9375,56.25,1.6819767045229268,0.996,0.448,6.817,376,31.25,50.78125,7.202,-2.279422598922567,427.0,42.96875,58.59375,7.411,0.3217505543966422,457.0,36.71875,63.28125,7.074,1.460139105621001,435.0,30.46875,59.375,6.298,2.62244653934327,380.0,39.84375,51.5625,6.101,-0.8760580505981934,,,,,
414,161.71875,56.25,1.6854314901717566,-2.452,-0.217,7.446,366,163.28125,49.21875,7.202,-1.3521273809209546,377.0,157.03125,50.78125,7.202,-2.279422598922567,448.0,166.40625,61.71875,7.202,0.8621700546672264,399.0,168.75,53.90625,7.411,-0.3217505543966422,461.0,158.59375,63.28125,7.694,1.9890206563741257,423.0,153.90625,57.8125,7.967,2.9441970937399127
415,181.25,56.25,1.6971346501612035,-1.842,-0.306,7.237,367,182.8125,49.21875,7.202,-1.3521273809209546,382.0,175.78125,51.5625,7.202,-2.432966381462123,424.0,174.21875,57.8125,7.202,2.922923707715851,444.0,186.71875,60.9375,7.202,0.7086262721276703,462.0,179.6875,63.28125,7.202,1.7894652726688385,400.0,188.28125,53.90625,7.411,-0.3217505543966422
416,232.03125,56.25,1.672903299900327,-2.061,0.032,7.202,451,228.125,62.5,7.37,2.129395642138459,417.0,239.0625,56.25,7.031,0.0,373.0,235.15625,50.0,6.987,-1.1071487177940904,372.0,228.90625,50.0,6.987,-2.0344439357957027,452.0,235.15625,62.5,6.987,1.1071487177940904,411.0,224.21875,55.46875,7.851,-3.0419240010986313
417,239.0625,56.25,1.6241743600815688,1.413,0.099,7.495,425,246.09375,57.8125,7.202,0.21866894587394195,373.0,235.15625,50.0,7.37,-2.129395642138459,452.0,235.15625,62.5,7.37,2.129395642138459,416.0,232.03125,56.25,7.031,3.141592653589793,464.0,242.1875,63.28125,7.694,1.1525719972156676,378.0,245.3125,50.78125,8.304,-0.7188299996216245
418,286.71875,57.03125,1.61525610622326,1.252,0.46,7.335,470,287.5,64.0625,7.074,1.460139105621001,374.0,286.71875,50.0,7.031,-1.5707963267948966,402.0,292.96875,53.90625,6.987,-0.4636476090008061,446.0,281.25,60.9375,6.72,2.5213431676069717,447.0,293.75,60.9375,8.043,0.507098504392337,405.0,278.90625,54.6875,8.156,-2.8501358591119264
419,299.21875,57.03125,1.615941364883828,3.063,-0.321,6.942,375,299.21875,50.0,7.031,-1.5707963267948966,471.0,299.21875,64.0625,7.031,1.5707963267948966,402.0,292.96875,53.90625,6.987,-2.677945044588987,447.0,293.75,60.9375,6.72,2.5213431676069717,,,,,,,,,,
420,132.03125,57.8125,1.6909725450368909,1.575,-0.038,7.268,381,135.9375,51.5625,7.37,-1.0121970114513341,466.0,135.9375,64.0625,7.37,1.0121970114513341,430.0,125.0,58.59375,7.074,3.0309354324158977,421.0,139.0625,57.8125,7.031,0.0,388.0,128.125,52.34375,6.72,-2.191045812777718,476.0,128.125,64.84375,8.043,2.0778948311872334
421,139.0625,57.8125,1.6491198055625094,1.976,-0.009,7.081,467,142.96875,64.0625,7.37,1.0121970114513341,420.0,132.03125,57.8125,7.031,3.141592653589793,422.0,146.09375,57.8125,7.031,0.0,381.0,135.9375,51.5625,6.987,-2.0344439357957027,466.0,135.9375,64.0625,6.987,2.0344439357957027,,,,,
422,146.09375,57.8125,1.6431783051705384,-0.233,0.01,7.318,460,150.78125,63.28125,7.202,0.8621700546672264,421.0,139.0625,57.8125,7.031,3.141592653589793,467.0,142.96875,64.0625,6.987,2.0344439357957027,389.0,150.0,52.34375,6.72,-0.9505468408120752,423.0,153.90625,57.8125,7.812,0.0,371.0,143.75,50.0,8.156,-1.8622531212727638
423,153.90625,57.8125,1.644539232572396,-1.705,-0.099,7.282,461,158.59375,63.28125,7.202,0.8621700546672264,377.0,157.03125,50.78125,7.694,-1.1525719972156676,389.0,150.0,52.34375,6.72,-2.191045812777718,422.0,146.09375,57.8125,7.812,3.141592653589793,414.0,161.71875,56.25,7.967,-0.19739555984988075,460.0,150.78125,63.28125,6.298,2.0899424410414196
424,174.21875,57.8125,1.6301680905464104,-0.105,-0.349,6.908,415,181.25,56.25,7.202,-0.21866894587394195,462.0,179.6875,63.28125,7.733,0.7853981633974483,399.0,168.75,53.90625,6.72,-2.5213431676069717,382.0,175.78125,51.5625,6.442,-1.3258176636680326,468.0,172.65625,64.0625,6.442,1.8157749899217608,,,,,
425,246.09375,57.8125,1.6294284673701618,-2.699,0.295,7.017,417,239.0625,56.25,7.202,-2.922923707715851,401.0,252.34375,53.90625,7.37,-0.5585993153435624,378.0,245.3125,50.78125,7.074,-1.6814535479687922,464.0,242.1875,63.28125,6.72,2.191045812777718,465.0,250.0,63.28125,6.72,0.9505468408120752,,,,,
426,257.8125,57.8125,1.6051804596034402,-0.374,-0.483,7.153,453,263.28125,62.5,7.202,0.7086262721276703,379.0,258.59375,50.78125,7.074,-1.460139105621001,477.0,257.03125,64.84375,7.074,1.6814535479687922,404.0,264.84375,54.6875,7.694,-0.4182243295792291,401.0,252.34375,53.90625,6.72,-2.5213431676069717,,,,,
427,42.96875,58.59375,1.6256240521449437,2.994,0.353,7.652,386,46.875,52.34375,7.37,-1.0121970114513341,413.0,35.9375,56.25,7.411,-2.819842099193151,380.0,39.84375,51.5625,7.694,-1.9890206563741257,457.0,36.71875,63.28125,7.812,2.498091544796509,482.0,42.96875,66.40625,7.812,1.5707963267948966,458.0,49.21875,63.28125,7.812,0.6435011087932844
428,49.21875,58.59375,1.4550514055355896,-1.343,0.26,6.775,391,54.6875,53.125,7.733,-0.7853981633974483,386.0,46.875,52.34375,6.675,-1.9295669970654687,441.0,55.46875,60.15625,6.442,0.24497866312686414,427.0,42.96875,58.59375,6.25,3.141592653589793,,,,,,,,,,
429,73.4375,58.59375,1.5596725154593007,-1.535,-0.006,6.667,443,80.46875,60.15625,7.202,0.21866894587394195,392.0,69.53125,53.125,6.72,-2.191045812777718,393.0,77.34375,53.125,6.72,-0.9505468408120752,442.0,67.1875,60.15625,6.442,2.896613990462929,472.0,73.4375,64.84375,6.25,1.5707963267948966,,,,,
430,125.0,58.59375,1.665635595451839,-3.077,-0.036,7.273,387,121.09375,52.34375,7.37,-2.129395642138459,475.0,121.09375,64.84375,7.37,2.129395642138459,420.0,132.03125,57.8125,7.074,-0.11065722117389565,388.0,128.125,52.34375,6.987,-1.1071487177940904,476.0,128.125,64.84375,6.987,1.1071487177940904,440.0,117.1875,59.375,7.851,3.0419240010986313
431,193.75,58.59375,1.6222777382977913,-2.688,-0.336,7.447,400,188.28125,53.90625,7.202,-2.432966381462123,463.0,199.21875,63.28125,7.202,0.7086262721276703,444.0,186.71875,60.9375,7.411,2.819842099193151,485.0,191.40625,66.40625,8.156,1.8622531212727638,390.0,194.53125,52.34375,6.298,-1.446441332248135,408.0,201.5625,55.46875,8.414,-0.3805063771123649
432,271.09375,58.59375,1.5749521056849385,2.632,-0.47,7.33,404,264.84375,54.6875,7.37,-2.5829933382462307,383.0,271.875,51.5625,7.074,-1.460139105621001,469.0,275.0,64.0625,6.72,0.9505468408120752,486.0,268.75,66.40625,8.156,1.8622531212727638,,,,,,,,,,
433,5.46875,59.375,1.673143536562755,1.407,0.507,6.97,406,11.71875,55.46875,7.37,-0.5585993153435624,455.0,11.71875,63.28125,7.37,0.5585993153435624,479.0,5.46875,66.40625,7.031,1.5707963267948966,384.0,5.46875,52.34375,7.031,-1.5707963267948966,454.0,0.0,63.28125,6.72,2.5213431676069717,412.0,0.0,56.25,6.298,-2.62244653934327
434,17.96875,59.375,1.6920610985491957,0.0,-0.524,7.257,406,11.71875,55.46875,7.37,-2.5829933382462307,407.0,24.21875,55.46875,7.37,-0.5585993153435624,455.0,11.71875,63.28125,7.37,2.5829933382462307,456.0,24.21875,63.28125,7.37,0.5585993153435624,385.0,17.96875,52.34375,7.031,-1.5707963267948966,480.0,17.96875,66.40625,7.031,1.5707963267948966
435,30.46875,59.375,1.6580217505617625,0.33,-0.503,7.344,407,24.21875,55.46875,7.37,-2.5829933382462307,456.0,24.21875,63.28125,7.37,2.5829933382462307,457.0,36.71875,63.28125,7.37,0.5585993153435624,481.0,30.46875,66.40625,7.031,1.5707963267948966,413.0,35.9375,56.25,6.298,-0.5191461142465229,376.0,31.25,50.78125,8.629,-1.4801364395941514
436,88.28125,59.375,1.6544793034162295,2.296,-0.031,7.263,394,84.375,53.125,7.37,-2.129395642138459,437.0,95.3125,59.375,7.031,0.0,395.0,91.40625,53.125,6.987,-1.1071487177940904,443.0,80.46875,60.15625,7.851,3.0419240010986313,483.0,92.1875,66.40625,8.043,1.0636978224025597,473.0,85.15625,64.84375,6.298,2.0899424410414196
437,95.3125,59.375,1.684078727953389,0.763,-0.017,7.262,395,91.40625,53.125,7.37,-2.129395642138459,396.0,99.21875,53.125,7.37,-1.0121970114513341,436.0,88.28125,59.375,7.031,3.141592653589793,483.0,92.1875,66.40625,7.694,1.9890206563741257,438.0,103.125,59.375,7.812,0.0,474.0,98.4375,64.84375,6.298,1.0516502125483738
438,103.125,59.375,1.6463927831580314,-3.06,0.043,7.302,474,98.4375,64.84375,7.202,2.279422598922567,396.0,99.21875,53.125,7.37,-2.129395642138459,484.0,105.46875,66.40625,7.411,1.2490457723982544,439.0,110.15625,59.375,7.031,0.0,397.0,106.25,53.125,6.987,-1.1071487177940904,437.0,95.3125,59.375,7.812,3.141592653589793
439,110.15625,59.375,1.6779264607454119,-2.616,-0.012,7.373,397,106.25,53.125,7.37,-2.129395642138459,478.0,114.0625,65.625,7.37,1.0121970114513341,440.0,117.1875,59.375,7.031,0.0,438.0,103.125,59.375,7.031,3.141592653589793,398.0,113.28125,53.125,6.987,-1.1071487177940904,484.0,105.46875,66.40625,8.45,2.158798930342464
440,117.1875,59.375,1.671604936003378,-0.93,-0.052,7.334,398,113.28125,53.125,7.37,-2.129395642138459,439.0,110.15625,59.375,7.031,3.141592653589793,478.0,114.0625,65.625,6.987,2.0344439357957027,475.0,121.09375,64.84375,6.72,0.9505468408120752,430.0,125.0,58.59375,7.851,-0.09966865249116202,387.0,121.09375,52.34375,8.043,-1.0636978224025597
441,55.46875,60.15625,1.6609748025874216,-3.127,0.444,7.145,391,54.6875,53.125,7.074,-1.6814535479687922,487.0,54.6875,67.1875,7.074,1.6814535479687922,459.0,61.71875,63.28125,6.987,0.4636476090008061,458.0,49.21875,63.28125,6.987,2.677945044588987,428.0,49.21875,58.59375,6.442,-2.896613990462929,403.0,61.71875,54.6875,8.304,-0.7188299996216245
442,67.1875,60.15625,1.6949586084987633,0.369,-0.357,7.121,392,69.53125,53.125,7.411,-1.2490457723982544,488.0,67.1875,67.1875,7.031,1.5707963267948966,403.0,61.71875,54.6875,7.733,-2.356194490192345,472.0,73.4375,64.84375,7.812,0.6435011087932844,429.0,73.4375,58.59375,6.442,-0.24497866312686414,459.0,61.71875,63.28125,6.298,2.62244653934327
443,80.46875,60.15625,1.6603846188486382,-0.518,-0.053,7.545,429,73.4375,58.59375,7.202,-2.922923707715851,393.0,77.34375,53.125,7.694,-1.9890206563741257,436.0,88.28125,59.375,7.851,-0.09966865249116202,490.0,79.6875,67.96875,7.851,1.6704649792860586,473.0,85.15625,64.84375,6.629,0.7853981633974483,394.0,84.375,53.125,8.043,-1.0636978224025597
444,186.71875,60.9375,1.6498041381076247,2.674,-0.285,7.431,400,188.28125,53.90625,7.202,-1.3521273809209546,415.0,181.25,56.25,7.202,-2.432966381462123,485.0,191.40625,66.40625,7.202,0.8621700546672264,431.0,193.75,58.59375,7.411,-0.3217505543966422,462.0,179.6875,63.28125,7.411,2.819842099193151,496.0,184.375,68.75,8.156,1.8622531212727638
445,213.28125,60.9375,1.6333599679459156,1.055,-0.043,7.191,489,217.1875,67.1875,7.37,1.0121970114513341,491.0,210.9375,67.96875,7.411,1.892546881191539,449.0,206.25,61.71875,7.074,3.0309354324158977,409.0,209.375,55.46875,6.72,-2.191045812777718,410.0,217.1875,55.46875,6.72,-0.9505468408120752,450.0,221.09375,61.71875,7.851,0.09966865249116202
446,281.25,60.9375,1.6507248538950674,0.683,-0.502,6.88,493,281.25,67.96875,7.031,1.5707963267948966,470.0,287.5,64.0625,6.987,0.4636476090008061,469.0,275.0,64.0625,6.987,2.677945044588987,418.0,286.71875,57.03125,6.72,-0.6202494859828215,405.0,278.90625,54.6875,6.675,-1.9295669970654687,,,,,
447,293.75,60.9375,1.6180280992839484,-2.605,0.495,7.026,402,292.96875,53.90625,7.074,-1.6814535479687922,494.0,293.75,67.96875,7.031,1.5707963267948966,470.0,287.5,64.0625,6.987,2.677945044588987,419.0,299.21875,57.03125,6.72,-0.6202494859828215,418.0,286.71875,57.03125,8.043,-2.6344941491974563,471.0,299.21875,64.0625,6.298,0.5191461142465229
448,166.40625,61.71875,1.5993192594843644,2.26,-0.094,7.743,414,161.71875,56.25,7.202,-2.279422598922567,468.0,172.65625,64.0625,6.675,0.35877067027057225,461.0,158.59375,63.28125,7.967,2.9441970937399127,495.0,162.5,68.75,8.043,2.0778948311872334,399.0,168.75,53.90625,8.156,-1.2793395323170296,502.0,169.53125,69.53125,8.414,1.1902899496825317
449,206.25,61.71875,1.663793857612741,0.824,-0.139,7.383,463,199.21875,63.28125,7.202,2.922923707715851,497.0,203.90625,68.75,7.411,1.892546881191539,445.0,213.28125,60.9375,7.074,-0.11065722117389565,409.0,209.375,55.46875,6.987,-1.1071487177940904,408.0,201.5625,55.46875,7.812,-2.214297435588181,491.0,210.9375,67.96875,7.812,0.9272952180016122
450,221.09375,61.71875,1.6241684512260472,3.082,0.064,7.113,410,217.1875,55.46875,7.37,-2.129395642138459,451.0,228.125,62.5,7.074,0.11065722117389565,411.0,224.21875,55.46875,6.987,-1.1071487177940904,489.0,217.1875,67.1875,6.72,2.191045812777718,492.0,223.4375,67.96875,6.675,1.2120256565243244,445.0,213.28125,60.9375,7.851,-3.0419240010986313
451,228.125,62.5,1.5968569378724673,-2.639,0.084,7.232,492,223.4375,67.96875,7.202,2.279422598922567,416.0,232.03125,56.25,7.37,-1.0121970114513341,450.0,221.09375,61.71875,7.074,-3.0309354324158977,452.0,235.15625,62.5,7.031,0.0,498.0,230.46875,68.75,6.675,1.2120256565243244,411.0,224.21875,55.46875,8.043,-2.0778948311872334
452,235.15625,62.5,1.6387349837114495,2.454,0.064,7.21,417,239.0625,56.25,7.37,-1.0121970114513341,464.0,242.1875,63.28125,7.074,0.11065722117389565,451.0,228.125,62.5,7.031,3.141592653589793,416.0,232.03125,56.25,6.987,-2.0344439357957027,499.0,238.28125,68.75,6.987,1.1071487177940904,498.0,230.46875,68.75,7.812,2.214297435588181
453,263.28125,62.5,1.5427666103987931,2.832,-0.426,7.306,426,257.8125,57.8125,7.202,-2.432966381462123,486.0,268.75,66.40625,6.72,0.6202494859828215,477.0,257.03125,64.84375,6.675,2.782821983319221,404.0,264.84375,54.6875,7.967,-1.373400766945016,514.0,261.71875,70.3125,7.967,1.7681918866447774,,,,,
454,0.0,63.28125,1.654574798766636,-0.051,-0.299,6.77,412,0.0,56.25,7.031,-1.5707963267948966,506.0,0.0,70.3125,7.031,1.5707963267948966,433.0,5.46875,59.375,6.72,-0.6202494859828215,479.0,5.46875,66.40625,6.298,0.5191461142465229,,,,,,,,,,
455,11.71875,63.28125,1.6724931191960661,-1.571,-0.524,7.259,433,5.46875,59.375,7.37,-2.5829933382462307,434.0,17.96875,59.375,7.37,-0.5585993153435624,507.0,11.71875,70.3125,7.031,1.5707963267948966,479.0,5.46875,66.40625,6.987,2.677945044588987,480.0,17.96875,66.40625,6.987,0.4636476090008061,406.0,11.71875,55.46875,7.812,-1.5707963267948966
456,24.21875,63.28125,1.6747397492290377,-1.571,-0.524,7.259,434,17.96875,59.375,7.37,-2.5829933382462307,435.0,30.46875,59.375,7.37,-0.5585993153435624,508.0,24.21875,70.3125,7.031,1.5707963267948966,480.0,17.96875,66.40625,6.987,2.677945044588987,481.0,30.46875,66.40625,6.987,0.4636476090008061,407.0,24.21875,55.46875,7.812,-1.5707963267948966
457,36.71875,63.28125,1.6934962305609111,-2.176,0.491,7.21,435,30.46875,59.375,7.37,-2.5829933382462307,413.0,35.9375,56.25,7.074,-1.6814535479687922,509.0,36.71875,70.3125,7.031,1.5707963267948966,481.0,30.46875,66.40625,6.987,2.677945044588987,482.0,42.96875,66.40625,6.987,0.4636476090008061,427.0,42.96875,58.59375,7.812,-0.6435011087932844
458,49.21875,63.28125,1.4868501956184295,1.669,-0.521,7.116,510,48.4375,70.3125,7.074,1.6814535479687922,441.0,55.46875,60.15625,6.987,-0.4636476090008061,482.0,42.96875,66.40625,6.987,2.677945044588987,487.0,54.6875,67.1875,6.72,0.6202494859828215,427.0,42.96875,58.59375,7.812,-2.498091544796509,,,,,
459,61.71875,63.28125,1.6175523687653026,2.574,-0.498,7.415,441,55.46875,60.15625,6.987,-2.677945044588987,488.0,67.1875,67.1875,6.72,0.6202494859828215,515.0,60.9375,71.09375,7.851,1.6704649792860586,487.0,54.6875,67.1875,8.043,2.6344941491974563,442.0,67.1875,60.15625,6.298,-0.5191461142465229,403.0,61.71875,54.6875,8.593,-1.5707963267948966
460,150.78125,63.28125,1.6506893621102205,2.298,-0.047,7.317,422,146.09375,57.8125,7.202,-2.279422598922567,500.0,146.875,69.53125,7.37,2.129395642138459,501.0,154.6875,69.53125,7.37,1.0121970114513341,461.0,158.59375,63.28125,7.812,0.0,467.0,142.96875,64.0625,7.851,3.0419240010986313,423.0,153.90625,57.8125,6.298,-1.0516502125483738
461,158.59375,63.28125,1.6518260704412069,-2.369,-0.093,7.461,423,153.90625,57.8125,7.202,-2.279422598922567,501.0,154.6875,69.53125,7.37,2.129395642138459,414.0,161.71875,56.25,7.694,-1.1525719972156676,495.0,162.5,68.75,6.72,0.9505468408120752,460.0,150.78125,63.28125,7.812,3.141592653589793,448.0,166.40625,61.71875,7.967,-0.19739555984988075
462,179.6875,63.28125,1.6716514254328214,-2.455,-0.226,7.216,415,181.25,56.25,7.202,-1.3521273809209546,496.0,184.375,68.75,7.202,0.8621700546672264,444.0,186.71875,60.9375,7.411,-0.3217505543966422,468.0,172.65625,64.0625,7.074,3.0309354324158977,424.0,174.21875,57.8125,7.733,-2.356194490192345,503.0,177.34375,69.53125,6.675,1.9295669970654687
463,199.21875,63.28125,1.6543894981681542,1.91,-0.258,7.598,431,193.75,58.59375,7.202,-2.432966381462123,449.0,206.25,61.71875,7.202,-0.21866894587394195,497.0,203.90625,68.75,7.202,0.8621700546672264,513.0,196.875,70.3125,7.411,1.892546881191539,408.0,201.5625,55.46875,8.156,-1.2793395323170296,485.0,191.40625,66.40625,8.414,2.761086276477428
464,242.1875,63.28125,1.6592682906315113,-1.223,0.078,7.168,452,235.15625,62.5,7.074,-3.0309354324158977,504.0,245.3125,69.53125,6.987,1.1071487177940904,417.0,239.0625,56.25,7.694,-1.9890206563741257,425.0,246.09375,57.8125,6.72,-0.9505468408120752,499.0,238.28125,68.75,6.72,2.191045812777718,465.0,250.0,63.28125,7.812,0.0
465,250.0,63.28125,1.497845562604544,2.213,0.102,7.244,477,257.03125,64.84375,7.202,0.21866894587394195,425.0,246.09375,57.8125,6.72,-2.191045812777718,464.0,242.1875,63.28125,7.812,3.141592653589793,504.0,245.3125,69.53125,7.812,2.214297435588181,505.0,252.34375,69.53125,6.675,1.2120256565243244,,,,,
466,135.9375,64.0625,1.6937853305811619,1.52,-0.049,7.266,420,132.03125,57.8125,7.37,-2.129395642138459,512.0,139.84375,70.3125,7.37,1.0121970114513341,467.0,142.96875,64.0625,7.031,0.0,421.0,139.0625,57.8125,6.987,-1.1071487177940904,511.0,132.8125,70.3125,6.987,2.0344439357957027,476.0,128.125,64.84375,7.851,3.0419240010986313
467,142.96875,64.0625,1.6583560285266032,-1.238,-0.059,7.158,421,139.0625,57.8125,7.37,-2.129395642138459,466.0,135.9375,64.0625,7.031,3.141592653589793,422.0,146.09375,57.8125,6.987,-1.1071487177940904,512.0,139.84375,70.3125,6.987,2.0344439357957027,500.0,146.875,69.53125,6.72,0.9505468408120752,460.0,150.78125,63.28125,7.851,-0.09966865249116202
468,172.65625,64.0625,1.598988332344265,0.406,-0.165,6.738,503,177.34375,69.53125,7.202,0.8621700546672264,462.0,179.6875,63.28125,7.074,-0.11065722117389565,448.0,166.40625,61.71875,6.675,-2.782821983319221,424.0,174.21875,57.8125,6.442,-1.3258176636680326,502.0,169.53125,69.53125,6.298,2.0899424410414196,,,,,
469,275.0,64.0625,1.6041713370511748,1.386,-0.466,6.965,493,281.25,67.96875,7.37,0.5585993153435624,521.0,274.21875,71.09375,7.074,1.6814535479687922,446.0,281.25,60.9375,6.987,-0.4636476090008061,432.0,271.09375,58.59375,6.72,-2.191045812777718,486.0,268.75,66.40625,6.675,2.782821983319221,,,,,
470,287.5,64.0625,1.593963067771783,2.142,0.505,7.267,493,281.25,67.96875,7.37,2.5829933382462307,494.0,293.75,67.96875,7.37,0.5585993153435624,418.0,286.71875,57.03125,7.074,-1.6814535479687922,446.0,281.25,60.9375,6.987,-2.677945044588987,447.0,293.75,60.9375,6.987,-0.4636476090008061,522.0,287.5,71.875,7.812,1.5707963267948966
471,299.21875,64.0625,1.5679866468918713,3.091,-0.299,6.965,419,299.21875,57.03125,7.031,-1.5707963267948966,494.0,293.75,67.96875,6.72,2.5213431676069717,523.0,299.21875,71.875,7.812,1.5707963267948966,447.0,293.75,60.9375,6.298,-2.62244653934327,,,,,,,,,,
472,73.4375,64.84375,1.6244263101229257,-1.599,-0.5,7.07,490,79.6875,67.96875,6.987,0.4636476090008061,442.0,67.1875,60.15625,7.812,-2.498091544796509,488.0,67.1875,67.1875,6.675,2.782821983319221,429.0,73.4375,58.59375,6.25,-1.5707963267948966,516.0,73.4375,71.09375,6.25,1.5707963267948966,443.0,80.46875,60.15625,8.45,-0.5880026035475675
473,85.15625,64.84375,1.6634815736792548,1.41,0.45,6.545,483,92.1875,66.40625,7.202,0.21866894587394195,443.0,80.46875,60.15625,6.629,-2.356194490192345,436.0,88.28125,59.375,6.298,-1.0516502125483738,490.0,79.6875,67.96875,6.298,2.62244653934327,517.0,85.9375,71.09375,6.298,1.446441332248135,,,,,
474,98.4375,64.84375,1.6216600382134898,-0.808,0.168,6.679,438,103.125,59.375,7.202,-0.8621700546672264,484.0,105.46875,66.40625,7.202,0.21866894587394195,483.0,92.1875,66.40625,6.442,2.896613990462929,437.0,95.3125,59.375,6.298,-2.0899424410414196,518.0,98.4375,71.09375,6.25,1.5707963267948966,,,,,
475,121.09375,64.84375,1.6722198191838669,-0.968,-0.05,7.113,430,125.0,58.59375,7.37,-1.0121970114513341,520.0,125.0,71.09375,7.37,1.0121970114513341,478.0,114.0625,65.625,7.074,3.0309354324158977,476.0,128.125,64.84375,7.031,0.0,440.0,117.1875,59.375,6.72,-2.191045812777718,,,,,
476,128.125,64.84375,1.6173559137001396,-0.736,-0.05,7.35,511,132.8125,70.3125,7.202,0.8621700546672264,475.0,121.09375,64.84375,7.031,3.141592653589793,520.0,125.0,71.09375,6.987,2.0344439357957027,430.0,125.0,58.59375,6.987,-2.0344439357957027,466.0,135.9375,64.0625,7.851,-0.09966865249116202,420.0,132.03125,57.8125,8.043,-1.0636978224025597
477,257.03125,64.84375,1.649626509313627,-1.423,-0.521,6.956,465,250.0,63.28125,7.202,-2.922923707715851,514.0,261.71875,70.3125,7.202,0.8621700546672264,426.0,257.8125,57.8125,7.074,-1.460139105621001,453.0,263.28125,62.5,6.675,-0.35877067027057225,505.0,252.34375,69.53125,6.629,2.356194490192345,,,,,
478,114.0625,65.625,1.6631682494567037,3.029,-0.035,7.342,439,110.15625,59.375,7.37,-2.129395642138459,475.0,121.09375,64.84375,7.074,-0.11065722117389565,440.0,117.1875,59.375,6.987,-1.1071487177940904,524.0,117.1875,72.65625,7.694,1.1525719972156676,519.0,110.9375,71.09375,6.298,2.0899424410414196,484.0,105.46875,66.40625,8.629,3.050932766389048
479,5.46875,66.40625,1.6425731284197223,1.225,0.523,7.036,507,11.71875,70.3125,7.37,0.5585993153435624,433.0,5.46875,59.375,7.031,-1.5707963267948966,455.0,11.71875,63.28125,6.987,-0.4636476090008061,506.0,0.0,70.3125,6.72,2.5213431676069717,525.0,5.46875,74.21875,7.812,1.5707963267948966,454.0,0.0,63.28125,6.298,-2.62244653934327
480,17.96875,66.40625,1.6942813109339612,1.57,-0.524,7.259,507,11.71875,70.3125,7.37,2.5829933382462307,508.0,24.21875,70.3125,7.37,0.5585993153435624,434.0,17.96875,59.375,7.031,-1.5707963267948966,455.0,11.71875,63.28125,6.987,-2.677945044588987,456.0,24.21875,63.28125,6.987,-0.4636476090008061,526.0,17.96875,74.21875,7.812,1.5707963267948966
481,30.46875,66.40625,1.6651266338103863,1.57,-0.524,7.259,508,24.21875,70.3125,7.37,2.5829933382462307,509.0,36.71875,70.3125,7.37,0.5585993153435624,435.0,30.46875,59.375,7.031,-1.5707963267948966,456.0,24.21875,63.28125,6.987,-2.677945044588987,457.0,36.71875,63.28125,6.987,-0.4636476090008061,527.0,30.46875,74.21875,7.812,1.5707963267948966
482,42.96875,66.40625,1.6757926985667007,2.134,-0.497,7.288,509,36.71875,70.3125,7.37,2.5829933382462307,457.0,36.71875,63.28125,6.987,-2.677945044588987,458.0,49.21875,63.28125,6.987,-0.4636476090008061,510.0,48.4375,70.3125,6.72,0.6202494859828215,427.0,42.96875,58.59375,7.812,-1.5707963267948966,528.0,42.1875,74.21875,7.851,1.6704649792860586
483,92.1875,66.40625,1.6258423859118574,-1.653,-0.112,7.501,473,85.15625,64.84375,7.202,-2.922923707715851,437.0,95.3125,59.375,7.694,-1.1525719972156676,518.0,98.4375,71.09375,7.812,0.6435011087932844,517.0,85.9375,71.09375,7.812,2.498091544796509,436.0,88.28125,59.375,8.043,-2.0778948311872334,474.0,98.4375,64.84375,6.442,-0.24497866312686414
484,105.46875,66.40625,1.5931873084386428,2.922,0.346,7.761,474,98.4375,64.84375,7.202,-2.922923707715851,519.0,110.9375,71.09375,7.202,0.7086262721276703,438.0,103.125,59.375,7.411,-1.892546881191539,530.0,104.6875,74.21875,7.851,1.6704649792860586,518.0,98.4375,71.09375,8.45,2.5535900500422257,439.0,110.15625,59.375,8.45,-0.982793723247329
485,191.40625,66.40625,1.5942324806290797,-1.022,-0.296,7.677,444,186.71875,60.9375,7.202,-2.279422598922567,496.0,184.375,68.75,7.411,2.819842099193151,513.0,196.875,70.3125,6.72,0.6202494859828215,431.0,193.75,58.59375,8.156,-1.2793395323170296,531.0,189.0625,74.21875,8.156,1.8622531212727638,463.0,199.21875,63.28125,8.414,-0.3805063771123649
486,268.75,66.40625,1.5960172160538961,0.889,-0.383,7.441,521,274.21875,71.09375,7.202,0.7086262721276703,453.0,263.28125,62.5,6.72,-2.5213431676069717,469.0,275.0,64.0625,6.675,-0.35877067027057225,534.0,267.96875,74.21875,7.851,1.6704649792860586,514.0,261.71875,70.3125,8.043,2.6344941491974563,432.0,271.09375,58.59375,8.156,-1.2793395323170296
487,54.6875,67.1875,1.6535190329659408,-0.592,-0.471,7.204,515,60.9375,71.09375,7.37,0.5585993153435624,441.0,55.46875,60.15625,7.074,-1.460139105621001,529.0,54.6875,74.21875,7.031,1.5707963267948966,510.0,48.4375,70.3125,6.987,2.677945044588987,458.0,49.21875,63.28125,6.72,-2.5213431676069717,459.0,61.71875,63.28125,8.043,-0.507098504392337
488,67.1875,67.1875,1.6671002068648735,0.805,-0.482,7.163,515,60.9375,71.09375,7.37,2.5829933382462307,516.0,73.4375,71.09375,7.37,0.5585993153435624,442.0,67.1875,60.15625,7.031,-1.5707963267948966,459.0,61.71875,63.28125,6.72,-2.5213431676069717,535.0,67.1875,75.0,7.812,1.5707963267948966,472.0,73.4375,64.84375,6.675,-0.35877067027057225
489,217.1875,67.1875,1.6288061564538039,-1.204,0.073,6.752,445,213.28125,60.9375,7.37,-2.129395642138459,533.0,217.96875,74.21875,7.074,1.460139105621001,450.0,221.09375,61.71875,6.72,-0.9505468408120752,491.0,210.9375,67.96875,6.298,3.017237659043032,492.0,223.4375,67.96875,6.298,0.12435499454676144,,,,,
490,79.6875,67.96875,1.686032718819114,-0.541,-0.517,7.024,536,79.6875,75.0,7.031,1.5707963267948966,472.0,73.4375,64.84375,6.987,-2.677945044588987,517.0,85.9375,71.09375,6.987,0.4636476090008061,516.0,73.4375,71.09375,6.987,2.677945044588987,443.0,80.46875,60.15625,7.851,-1.4711276743037347,473.0,85.15625,64.84375,6.298,-0.5191461142465229
491,210.9375,67.96875,1.5637423946863418,-2.159,-0.199,7.007,445,213.28125,60.9375,7.411,-1.2490457723982544,497.0,203.90625,68.75,7.074,3.0309354324158977,449.0,206.25,61.71875,7.812,-2.214297435588181,532.0,209.375,74.21875,6.442,1.8157749899217608,489.0,217.1875,67.1875,6.298,-0.12435499454676144,,,,,
492,223.4375,67.96875,1.623742613567827,-2.951,0.163,7.161,451,228.125,62.5,7.202,-0.8621700546672264,542.0,225.78125,75.0,7.411,1.2490457723982544,498.0,230.46875,68.75,7.074,0.11065722117389565,450.0,221.09375,61.71875,6.675,-1.9295669970654687,489.0,217.1875,67.1875,6.298,-3.017237659043032,533.0,217.96875,74.21875,8.304,2.289626326416521
493,281.25,67.96875,1.6423226179199584,-2.507,-0.482,7.318,469,275.0,64.0625,7.37,-2.5829933382462307,470.0,287.5,64.0625,7.37,-0.5585993153435624,522.0,287.5,71.875,7.37,0.5585993153435624,544.0,280.46875,75.0,7.074,1.6814535479687922,446.0,281.25,60.9375,7.031,-1.5707963267948966,521.0,274.21875,71.09375,7.694,2.723368324010564
494,293.75,67.96875,1.6169486620980975,3.141,-0.524,7.04,470,287.5,64.0625,7.37,-2.5829933382462307,522.0,287.5,71.875,7.37,2.5829933382462307,447.0,293.75,60.9375,7.031,-1.5707963267948966,545.0,293.75,75.0,7.031,1.5707963267948966,471.0,299.21875,64.0625,6.72,-0.6202494859828215,523.0,299.21875,71.875,6.72,0.6202494859828215
495,162.5,68.75,1.607797350130992,2.167,-0.002,7.341,538,158.59375,75.0,7.37,2.129395642138459,502.0,169.53125,69.53125,7.074,0.11065722117389565,539.0,165.625,75.0,6.987,1.1071487177940904,461.0,158.59375,63.28125,6.72,-2.191045812777718,501.0,154.6875,69.53125,7.851,3.0419240010986313,448.0,166.40625,61.71875,8.043,-1.0636978224025597
496,184.375,68.75,1.6394269230443117,-2.222,-0.182,7.339,462,179.6875,63.28125,7.202,-2.279422598922567,531.0,189.0625,74.21875,7.202,0.8621700546672264,485.0,191.40625,66.40625,7.411,-0.3217505543966422,503.0,177.34375,69.53125,7.074,3.0309354324158977,541.0,181.25,75.0,6.987,2.0344439357957027,444.0,186.71875,60.9375,8.156,-1.2793395323170296
497,203.90625,68.75,1.6647088101164835,0.441,-0.215,7.304,463,199.21875,63.28125,7.202,-2.279422598922567,513.0,196.875,70.3125,7.202,2.922923707715851,548.0,202.34375,75.78125,7.202,1.7894652726688385,449.0,206.25,61.71875,7.411,-1.2490457723982544,491.0,210.9375,67.96875,7.074,-0.11065722117389565,532.0,209.375,74.21875,7.733,0.7853981633974483
498,230.46875,68.75,1.654993832547831,-0.98,0.096,7.362,492,223.4375,67.96875,7.074,-3.0309354324158977,543.0,233.59375,75.0,6.987,1.1071487177940904,499.0,238.28125,68.75,7.812,0.0,452.0,235.15625,62.5,7.812,-0.9272952180016122,542.0,225.78125,75.0,7.812,2.214297435588181,451.0,228.125,62.5,6.675,-1.9295669970654687
499,238.28125,68.75,1.585434498420033,2.372,0.098,7.303,549,240.625,75.78125,7.411,1.2490457723982544,504.0,245.3125,69.53125,7.074,0.11065722117389565,452.0,235.15625,62.5,6.987,-2.0344439357957027,464.0,242.1875,63.28125,6.72,-0.9505468408120752,498.0,230.46875,68.75,7.812,3.141592653589793,543.0,233.59375,75.0,7.812,2.214297435588181
500,146.875,69.53125,1.6687430605028766,1.376,-0.045,7.222,460,150.78125,63.28125,7.37,-1.0121970114513341,547.0,150.78125,75.78125,7.37,1.0121970114513341,512.0,139.84375,70.3125,7.074,3.0309354324158977,546.0,143.75,75.78125,6.987,2.0344439357957027,467.0,142.96875,64.0625,6.72,-2.191045812777718,501.0,154.6875,69.53125,7.812,0.0
501,154.6875,69.53125,1.6724727993815194,-1.238,-0.027,7.415,460,150.78125,63.28125,7.37,-2.129395642138459,461.0,158.59375,63.28125,7.37,-1.0121970114513341,547.0,150.78125,75.78125,7.37,2.129395642138459,538.0,158.59375,75.0,6.72,0.9505468408120752,500.0,146.875,69.53125,7.812,3.141592653589793,495.0,162.5,68.75,7.851,-0.09966865249116202
502,169.53125,69.53125,1.6350111166399433,-1.134,0.042,7.173,495,162.5,68.75,7.074,-3.0309354324158977,539.0,165.625,75.0,6.72,2.191045812777718,540.0,173.4375,75.0,6.72,0.9505468408120752,503.0,177.34375,69.53125,7.812,0.0,468.0,172.65625,64.0625,6.298,-1.0516502125483738,448.0,166.40625,61.71875,8.414,-1.9513027039072615
503,177.34375,69.53125,1.6714496430460584,-2.614,-0.081,7.034,468,172.65625,64.0625,7.202,-2.279422598922567,496.0,184.375,68.75,7.074,-0.11065722117389565,541.0,181.25,75.0,6.72,0.9505468408120752,540.0,173.4375,75.0,6.72,2.191045812777718,502.0,169.53125,69.53125,7.812,3.141592653589793,462.0,179.6875,63.28125,6.675,-1.2120256565243244
504,245.3125,69.53125,1.6459695693299694,-1.516,0.078,7.284,499,238.28125,68.75,7.074,-3.0309354324158977,505.0,252.34375,69.53125,7.031,0.0,464.0,242.1875,63.28125,6.987,-2.0344439357957027,550.0,248.4375,75.78125,6.987,1.1071487177940904,465.0,250.0,63.28125,7.812,-0.9272952180016122,549.0,240.625,75.78125,7.812,2.214297435588181
505,252.34375,69.53125,1.5589932921107923,2.988,0.133,7.08,550,248.4375,75.78125,7.37,2.129395642138459,504.0,245.3125,69.53125,7.031,3.141592653589793,553.0,255.46875,76.5625,7.694,1.1525719972156676,465.0,250.0,63.28125,6.675,-1.9295669970654687,477.0,257.03125,64.84375,6.629,-0.7853981633974483,,,,,
506,0.0,70.3125,1.6594927103702508,0.0,-0.262,6.875,454,0.0,63.28125,7.031,-1.5707963267948966,554.0,0.0,77.34375,7.031,1.5707963267948966,479.0,5.46875,66.40625,6.72,-0.6202494859828215,525.0,5.46875,74.21875,6.72,0.6202494859828215,,,,,,,,,,
507,11.71875,70.3125,1.7008564127643926,0.0,-0.524,7.257,479,5.46875,66.40625,7.37,-2.5829933382462307,480.0,17.96875,66.40625,7.37,-0.5585993153435624,525.0,5.46875,74.21875,7.37,2.5829933382462307,526.0,17.96875,74.21875,7.37,0.5585993153435624,455.0,11.71875,63.28125,7.031,-1.5707963267948966,555.0,11.71875,77.34375,7.031,1.5707963267948966
508,24.21875,70.3125,1.7150573664091793,0.0,-0.524,7.257,480,17.96875,66.40625,7.37,-2.5829933382462307,481.0,30.46875,66.40625,7.37,-0.5585993153435624,526.0,17.96875,74.21875,7.37,2.5829933382462307,527.0,30.46875,74.21875,7.37,0.5585993153435624,456.0,24.21875,63.28125,7.031,-1.5707963267948966,556.0,24.21875,77.34375,7.031,1.5707963267948966
509,36.71875,70.3125,1.6982362242465308,2.16,-0.514,7.148,481,30.46875,66.40625,7.37,-2.5829933382462307,482.0,42.96875,66.40625,7.37,-0.5585993153435624,527.0,30.46875,74.21875,7.37,2.5829933382462307,457.0,36.71875,63.28125,7.031,-1.5707963267948966,557.0,36.71875,77.34375,7.031,1.5707963267948966,528.0,42.1875,74.21875,6.72,0.6202494859828215
510,48.4375,70.3125,1.665953695415547,0.194,-0.479,7.222,528,42.1875,74.21875,7.37,2.5829933382462307,529.0,54.6875,74.21875,7.37,0.5585993153435624,458.0,49.21875,63.28125,7.074,-1.460139105621001,487.0,54.6875,67.1875,6.987,-0.4636476090008061,482.0,42.96875,66.40625,6.72,-2.5213431676069717,561.0,48.4375,78.125,7.812,1.5707963267948966
511,132.8125,70.3125,1.6414039085513847,2.406,-0.05,7.35,476,128.125,64.84375,7.202,-2.279422598922567,512.0,139.84375,70.3125,7.031,0.0,466.0,135.9375,64.0625,6.987,-1.1071487177940904,551.0,135.9375,76.5625,6.987,1.1071487177940904,520.0,125.0,71.09375,7.851,3.0419240010986313,559.0,128.90625,77.34375,8.043,2.0778948311872334
512,139.84375,70.3125,1.6685600436348962,-1.766,-0.045,7.092,466,135.9375,64.0625,7.37,-2.129395642138459,551.0,135.9375,76.5625,7.37,2.129395642138459,500.0,146.875,69.53125,7.074,-0.11065722117389565,511.0,132.8125,70.3125,7.031,3.141592653589793,467.0,142.96875,64.0625,6.987,-1.1071487177940904,546.0,143.75,75.78125,6.72,0.9505468408120752
513,196.875,70.3125,1.6406645437119793,-0.074,-0.329,7.102,497,203.90625,68.75,7.202,-0.21866894587394195,463.0,199.21875,63.28125,7.411,-1.2490457723982544,548.0,202.34375,75.78125,7.733,0.7853981633974483,485.0,191.40625,66.40625,6.72,-2.5213431676069717,552.0,195.3125,76.5625,6.442,1.8157749899217608,,,,,
514,261.71875,70.3125,1.5305104308397923,-0.471,0.521,7.531,477,257.03125,64.84375,7.202,-2.279422598922567,534.0,267.96875,74.21875,7.37,0.5585993153435624,560.0,262.5,77.34375,7.074,1.460139105621001,453.0,263.28125,62.5,7.967,-1.373400766945016,486.0,268.75,66.40625,8.043,-0.507098504392337,,,,,
515,60.9375,71.09375,1.692067420989043,-0.973,-0.492,7.33,487,54.6875,67.1875,7.37,-2.5829933382462307,488.0,67.1875,67.1875,7.37,-0.5585993153435624,535.0,67.1875,75.0,7.37,0.5585993153435624,562.0,60.9375,78.125,7.031,1.5707963267948966,529.0,54.6875,74.21875,6.987,2.677945044588987,459.0,61.71875,63.28125,7.851,-1.4711276743037347
516,73.4375,71.09375,1.6864060728659236,1.059,-0.508,7.063,488,67.1875,67.1875,7.37,-2.5829933382462307,535.0,67.1875,75.0,7.37,2.5829933382462307,536.0,79.6875,75.0,7.37,0.5585993153435624,563.0,73.4375,78.125,7.031,1.5707963267948966,490.0,79.6875,67.96875,6.987,-0.4636476090008061,472.0,73.4375,64.84375,6.25,-1.5707963267948966
517,85.9375,71.09375,1.6594367022526115,3.047,0.472,7.145,536,79.6875,75.0,7.37,2.5829933382462307,537.0,92.1875,75.0,7.37,0.5585993153435624,564.0,85.9375,78.125,7.031,1.5707963267948966,490.0,79.6875,67.96875,6.987,-2.677945044588987,483.0,92.1875,66.40625,7.812,-0.6435011087932844,473.0,85.15625,64.84375,6.298,-1.695151321341658
518,98.4375,71.09375,1.6672663309437843,-1.155,0.515,7.317,537,92.1875,75.0,7.37,2.5829933382462307,565.0,98.4375,78.125,7.031,1.5707963267948966,530.0,104.6875,74.21875,6.987,0.4636476090008061,483.0,92.1875,66.40625,7.812,-2.498091544796509,474.0,98.4375,64.84375,6.25,-1.5707963267948966,484.0,105.46875,66.40625,8.45,-0.5880026035475675
519,110.9375,71.09375,1.661933662396113,2.402,0.461,6.792,484,105.46875,66.40625,7.202,-2.432966381462123,566.0,110.9375,78.125,7.031,1.5707963267948966,530.0,104.6875,74.21875,6.987,2.677945044588987,524.0,117.1875,72.65625,6.442,0.24497866312686414,478.0,114.0625,65.625,6.298,-1.0516502125483738,,,,,
520,125.0,71.09375,1.6880398678989328,0.897,-0.098,7.37,475,121.09375,64.84375,7.37,-2.129395642138459,559.0,128.90625,77.34375,7.37,1.0121970114513341,476.0,128.125,64.84375,6.987,-1.1071487177940904,558.0,122.65625,77.34375,6.675,1.9295669970654687,511.0,132.8125,70.3125,7.851,-0.09966865249116202,524.0,117.1875,72.65625,7.967,2.9441970937399127
521,274.21875,71.09375,1.5975065638675165,-0.325,-0.442,7.226,486,268.75,66.40625,7.202,-2.432966381462123,544.0,280.46875,75.0,7.37,0.5585993153435624,469.0,275.0,64.0625,7.074,-1.460139105621001,567.0,274.21875,78.125,7.031,1.5707963267948966,534.0,267.96875,74.21875,6.987,2.677945044588987,493.0,281.25,67.96875,7.694,-0.4182243295792291
522,287.5,71.875,1.566044589428199,-2.119,-0.498,7.384,493,281.25,67.96875,7.37,-2.5829933382462307,494.0,293.75,67.96875,7.37,-0.5585993153435624,568.0,286.71875,78.90625,7.074,1.6814535479687922,545.0,293.75,75.0,6.987,0.4636476090008061,544.0,280.46875,75.0,7.694,2.723368324010564,470.0,287.5,64.0625,7.812,-1.5707963267948966
523,299.21875,71.875,1.5466629368441691,-3.092,0.298,6.965,569,299.21875,78.90625,7.031,1.5707963267948966,494.0,293.75,67.96875,6.72,-2.5213431676069717,471.0,299.21875,64.0625,7.812,-1.5707963267948966,545.0,293.75,75.0,6.298,2.62244653934327,,,,,,,,,,
524,117.1875,72.65625,1.55603683132829,1.956,0.374,7.7,558,122.65625,77.34375,7.202,0.7086262721276703,478.0,114.0625,65.625,7.694,-1.9890206563741257,520.0,125.0,71.09375,7.967,-0.19739555984988075,519.0,110.9375,71.09375,6.442,-2.896613990462929,566.0,110.9375,78.125,8.304,2.4227626539681686,577.0,117.1875,81.25,8.593,1.5707963267948966
525,5.46875,74.21875,1.6686196448017252,-1.226,-0.524,7.036,507,11.71875,70.3125,7.37,-0.5585993153435624,572.0,5.46875,81.25,7.031,1.5707963267948966,555.0,11.71875,77.34375,6.987,0.4636476090008061,506.0,0.0,70.3125,6.72,-2.5213431676069717,479.0,5.46875,66.40625,7.812,-1.5707963267948966,554.0,0.0,77.34375,6.298,2.62244653934327
526,17.96875,74.21875,1.6938448470821441,-1.571,-0.524,7.259,507,11.71875,70.3125,7.37,-2.5829933382462307,508.0,24.21875,70.3125,7.37,-0.5585993153435624,573.0,17.96875,81.25,7.031,1.5707963267948966,555.0,11.71875,77.34375,6.987,2.677945044588987,556.0,24.21875,77.34375,6.987,0.4636476090008061,480.0,17.96875,66.40625,7.812,-1.5707963267948966
527,30.46875,74.21875,1.6835702520377966,-1.571,-0.524,7.259,508,24.21875,70.3125,7.37,-2.5829933382462307,509.0,36.71875,70.3125,7.37,-0.5585993153435624,574.0,30.46875,81.25,7.031,1.5707963267948966,556.0,24.21875,77.34375,6.987,2.677945044588987,557.0,36.71875,77.34375,6.987,0.4636476090008061,481.0,30.46875,66.40625,7.812,-1.5707963267948966
528,42.1875,74.21875,1.6373258026645228,-0.615,-0.491,7.107,510,48.4375,70.3125,7.37,-0.5585993153435624,561.0,48.4375,78.125,7.37,0.5585993153435624,575.0,42.1875,81.25,7.031,1.5707963267948966,509.0,36.71875,70.3125,6.72,-2.5213431676069717,482.0,42.96875,66.40625,7.851,-1.4711276743037347,557.0,36.71875,77.34375,6.298,2.62244653934327
529,54.6875,74.21875,1.7046451176460053,1.059,-0.508,7.193,510,48.4375,70.3125,7.37,-2.5829933382462307,561.0,48.4375,78.125,7.37,2.5829933382462307,562.0,60.9375,78.125,7.37,0.5585993153435624,487.0,54.6875,67.1875,7.031,-1.5707963267948966,576.0,54.6875,81.25,7.031,1.5707963267948966,515.0,60.9375,71.09375,6.987,-0.4636476090008061
530,104.6875,74.21875,1.656556879056739,1.042,-0.508,7.396,565,98.4375,78.125,7.37,2.5829933382462307,566.0,110.9375,78.125,7.37,0.5585993153435624,519.0,110.9375,71.09375,6.987,-0.4636476090008061,518.0,98.4375,71.09375,6.987,-2.677945044588987,590.0,104.6875,82.03125,7.812,1.5707963267948966,484.0,105.46875,66.40625,7.851,-1.4711276743037347
531,189.0625,74.21875,1.5747949446639604,2.48,-0.023,7.624,496,184.375,68.75,7.202,-2.279422598922567,583.0,191.40625,81.25,7.411,1.2490457723982544,552.0,195.3125,76.5625,6.675,0.35877067027057225,541.0,181.25,75.0,7.851,3.0419240010986313,485.0,191.40625,66.40625,8.156,-1.2793395323170296,582.0,184.375,81.25,8.45,2.158798930342464
532,209.375,74.21875,1.6060907841583039,2.069,-0.186,7.532,548,202.34375,75.78125,7.202,2.922923707715851,584.0,207.03125,81.25,7.411,1.892546881191539,497.0,203.90625,68.75,7.733,-2.356194490192345,570.0,214.0625,80.46875,7.812,0.9272952180016122,491.0,210.9375,67.96875,6.442,-1.3258176636680326,533.0,217.96875,74.21875,8.593,0.0
533,217.96875,74.21875,1.5406882746994017,0.09,0.092,7.76,571,221.875,80.46875,7.37,1.0121970114513341,570.0,214.0625,80.46875,7.37,2.129395642138459,489.0,217.1875,67.1875,7.074,-1.6814535479687922,542.0,225.78125,75.0,7.851,0.09966865249116202,492.0,223.4375,67.96875,8.304,-0.8519663271732721,532.0,209.375,74.21875,8.593,3.141592653589793
534,267.96875,74.21875,1.5548372656887683,1.079,-0.468,7.288,514,261.71875,70.3125,7.37,-2.5829933382462307,567.0,274.21875,78.125,7.37,0.5585993153435624,521.0,274.21875,71.09375,6.987,-0.4636476090008061,486.0,268.75,66.40625,7.851,-1.4711276743037347,595.0,267.1875,82.03125,7.851,1.6704649792860586,560.0,262.5,77.34375,6.298,2.62244653934327
535,67.1875,75.0,1.675394805528278,-1.571,-0.524,7.259,515,60.9375,71.09375,7.37,-2.5829933382462307,516.0,73.4375,71.09375,7.37,-0.5585993153435624,587.0,67.1875,82.03125,7.031,1.5707963267948966,562.0,60.9375,78.125,6.987,2.677945044588987,563.0,73.4375,78.125,6.987,0.4636476090008061,488.0,67.1875,67.1875,7.812,-1.5707963267948966
536,79.6875,75.0,1.7047781820897585,-1.571,-0.524,7.129,516,73.4375,71.09375,7.37,-2.5829933382462307,517.0,85.9375,71.09375,7.37,-0.5585993153435624,490.0,79.6875,67.96875,7.031,-1.5707963267948966,588.0,79.6875,82.03125,7.031,1.5707963267948966,563.0,73.4375,78.125,6.987,2.677945044588987,564.0,85.9375,78.125,6.987,0.4636476090008061
537,92.1875,75.0,1.666771148892962,-1.571,-0.524,7.39,517,85.9375,71.09375,7.37,-2.5829933382462307,518.0,98.4375,71.09375,7.37,-0.5585993153435624,589.0,92.1875,82.03125,7.031,1.5707963267948966,564.0,85.9375,78.125,6.987,2.677945044588987,565.0,98.4375,78.125,6.987,0.4636476090008061,483.0,92.1875,66.40625,8.593,-1.5707963267948966
538,158.59375,75.0,1.6607778048335016,1.903,-0.027,7.285,495,162.5,68.75,7.37,-1.0121970114513341,578.0,154.6875,81.25,7.37,2.129395642138459,579.0,162.5,81.25,7.37,1.0121970114513341,539.0,165.625,75.0,7.031,0.0,501.0,154.6875,69.53125,6.72,-2.191045812777718,547.0,150.78125,75.78125,7.851,3.0419240010986313
539,165.625,75.0,1.655502919704745,0.156,0.009,7.151,580,169.53125,81.25,7.37,1.0121970114513341,538.0,158.59375,75.0,7.031,3.141592653589793,579.0,162.5,81.25,6.987,2.0344439357957027,495.0,162.5,68.75,6.987,-2.0344439357957027,502.0,169.53125,69.53125,6.72,-0.9505468408120752,540.0,173.4375,75.0,7.812,0.0
540,173.4375,75.0,1.6344222505759611,1.57,-0.001,7.301,581,177.34375,81.25,7.37,1.0121970114513341,580.0,169.53125,81.25,7.37,2.129395642138459,502.0,169.53125,69.53125,6.72,-2.191045812777718,503.0,177.34375,69.53125,6.72,-0.9505468408120752,541.0,181.25,75.0,7.812,0.0,539.0,165.625,75.0,7.812,3.141592653589793
541,181.25,75.0,1.675770583324942,-2.856,-0.028,7.288,581,177.34375,81.25,7.37,2.129395642138459,496.0,184.375,68.75,6.987,-1.1071487177940904,582.0,184.375,81.25,6.987,1.1071487177940904,503.0,177.34375,69.53125,6.72,-2.191045812777718,540.0,173.4375,75.0,7.812,3.141592653589793,531.0,189.0625,74.21875,7.851,-0.09966865249116202
542,225.78125,75.0,1.5655229050144297,-0.736,0.096,7.432,492,223.4375,67.96875,7.411,-1.892546881191539,585.0,228.90625,81.25,6.987,1.1071487177940904,571.0,221.875,80.46875,6.72,2.191045812777718,498.0,230.46875,68.75,7.812,-0.9272952180016122,543.0,233.59375,75.0,7.812,0.0,533.0,217.96875,74.21875,7.851,-3.0419240010986313
543,233.59375,75.0,1.6559558276820139,1.626,0.078,7.414,549,240.625,75.78125,7.074,0.11065722117389565,498.0,230.46875,68.75,6.987,-2.0344439357957027,586.0,236.71875,81.25,6.987,1.1071487177940904,499.0,238.28125,68.75,7.812,-0.9272952180016122,542.0,225.78125,75.0,7.812,3.141592653589793,585.0,228.90625,81.25,7.812,2.214297435588181
544,280.46875,75.0,1.6028469256743187,0.348,-0.466,7.254,521,274.21875,71.09375,7.37,-2.5829933382462307,568.0,286.71875,78.90625,7.37,0.5585993153435624,493.0,281.25,67.96875,7.074,-1.460139105621001,596.0,280.46875,82.03125,7.031,1.5707963267948966,567.0,274.21875,78.125,6.987,2.677945044588987,522.0,287.5,71.875,7.694,-0.4182243295792291
545,293.75,75.0,1.580419969678139,2.604,-0.496,7.026,597,292.96875,82.03125,7.074,1.6814535479687922,494.0,293.75,67.96875,7.031,-1.5707963267948966,522.0,287.5,71.875,6.987,-2.677945044588987,569.0,299.21875,78.90625,6.72,0.6202494859828215,568.0,286.71875,78.90625,8.043,2.6344941491974563,523.0,299.21875,71.875,6.298,-0.5191461142465229
546,143.75,75.78125,1.6793406763935566,2.211,-0.052,7.334,591,147.65625,82.03125,7.37,1.0121970114513341,547.0,150.78125,75.78125,7.031,0.0,500.0,146.875,69.53125,6.987,-1.1071487177940904,512.0,139.84375,70.3125,6.72,-2.191045812777718,551.0,135.9375,76.5625,7.851,3.0419240010986313,599.0,139.84375,82.8125,8.043,2.0778948311872334
547,150.78125,75.78125,1.6507287341782024,-0.595,-0.043,7.221,500,146.875,69.53125,7.37,-2.129395642138459,501.0,154.6875,69.53125,7.37,-1.0121970114513341,546.0,143.75,75.78125,7.031,3.141592653589793,591.0,147.65625,82.03125,6.987,2.0344439357957027,578.0,154.6875,81.25,6.72,0.9505468408120752,538.0,158.59375,75.0,7.851,-0.09966865249116202
548,202.34375,75.78125,1.626894068690385,-2.721,-0.192,7.234,497,203.90625,68.75,7.202,-1.3521273809209546,532.0,209.375,74.21875,7.202,-0.21866894587394195,584.0,207.03125,81.25,7.202,0.8621700546672264,552.0,195.3125,76.5625,7.074,3.0309354324158977,592.0,199.21875,82.03125,6.987,2.0344439357957027,513.0,196.875,70.3125,7.733,-2.356194490192345
549,240.625,75.78125,1.5492462624565713,-0.692,0.082,7.366,593,244.53125,82.03125,7.37,1.0121970114513341,499.0,238.28125,68.75,7.411,-1.892546881191539,543.0,233.59375,75.0,7.074,-3.0309354324158977,586.0,236.71875,81.25,6.72,2.191045812777718,550.0,248.4375,75.78125,7.812,0.0,504.0,245.3125,69.53125,7.812,-0.9272952180016122
550,248.4375,75.78125,1.6487309595868853,1.626,0.05,7.267,505,252.34375,69.53125,7.37,-1.0121970114513341,593.0,244.53125,82.03125,7.37,2.129395642138459,553.0,255.46875,76.5625,7.074,0.11065722117389565,504.0,245.3125,69.53125,6.987,-2.0344439357957027,594.0,251.5625,82.03125,6.987,1.1071487177940904,549.0,240.625,75.78125,7.812,3.141592653589793
551,135.9375,76.5625,1.6472043579059243,0.065,-0.036,7.273,512,139.84375,70.3125,7.37,-1.0121970114513341,599.0,139.84375,82.8125,7.37,1.0121970114513341,559.0,128.90625,77.34375,7.074,3.0309354324158977,511.0,132.8125,70.3125,6.987,-2.0344439357957027,598.0,132.8125,82.8125,6.987,2.0344439357957027,546.0,143.75,75.78125,7.851,-0.09966865249116202
552,195.3125,76.5625,1.626848393540347,0.557,-0.061,6.602,548,202.34375,75.78125,7.074,-0.11065722117389565,592.0,199.21875,82.03125,6.72,0.9505468408120752,531.0,189.0625,74.21875,6.675,-2.782821983319221,513.0,196.875,70.3125,6.442,-1.3258176636680326,583.0,191.40625,81.25,6.101,2.2655346029916,,,,,
553,255.46875,76.5625,1.5706630017303165,2.167,0.116,7.11,550,248.4375,75.78125,7.074,-3.0309354324158977,560.0,262.5,77.34375,7.074,0.11065722117389565,600.0,258.59375,82.8125,6.987,1.1071487177940904,505.0,252.34375,69.53125,7.694,-1.9890206563741257,594.0,251.5625,82.03125,6.72,2.191045812777718,,,,,
554,0.0,77.34375,1.6232921157326667,0.05,0.298,6.965,506,0.0,70.3125,7.031,-1.5707963267948966,572.0,5.46875,81.25,6.72,0.6202494859828215,602.0,0.0,85.15625,7.812,1.5707963267948966,525.0,5.46875,74.21875,6.298,-0.5191461142465229,,,,,,,,,,
555,11.71875,77.34375,1.6734208665182024,1.57,-0.524,7.259,572,5.46875,81.25,7.37,2.5829933382462307,573.0,17.96875,81.25,7.37,0.5585993153435624,507.0,11.71875,70.3125,7.031,-1.5707963267948966,525.0,5.46875,74.21875,6.987,-2.677945044588987,526.0,17.96875,74.21875,6.987,-0.4636476090008061,603.0,11.71875,85.15625,7.812,1.5707963267948966
556,24.21875,77.34375,1.683297510532985,1.57,-0.524,7.259,573,17.96875,81.25,7.37,2.5829933382462307,574.0,30.46875,81.25,7.37,0.5585993153435624,508.0,24.21875,70.3125,7.031,-1.5707963267948966,526.0,17.96875,74.21875,6.987,-2.677945044588987,527.0,30.46875,74.21875,6.987,-0.4636476090008061,604.0,24.21875,85.15625,7.812,1.5707963267948966
557,36.71875,77.34375,1.653076355637065,1.916,-0.524,7.036,574,30.46875,81.25,7.37,2.5829933382462307,509.0,36.71875,70.3125,7.031,-1.5707963267948966,527.0,30.46875,74.21875,6.987,-2.677945044588987,575.0,42.1875,81.25,6.72,0.6202494859828215,605.0,36.71875,85.15625,7.812,1.5707963267948966,528.0,42.1875,74.21875,6.298,-0.5191461142465229
558,122.65625,77.34375,1.6763731945777365,-1.736,-0.303,6.81,524,117.1875,72.65625,7.202,-2.432966381462123,601.0,124.21875,84.375,7.202,1.3521273809209546,577.0,117.1875,81.25,6.72,2.5213431676069717,520.0,125.0,71.09375,6.675,-1.2120256565243244,559.0,128.90625,77.34375,6.25,0.0,,,,,
559,128.90625,77.34375,1.6177179792231386,-1.699,-0.033,7.318,520,125.0,71.09375,7.37,-2.129395642138459,551.0,135.9375,76.5625,7.074,-0.11065722117389565,598.0,132.8125,82.8125,6.72,0.9505468408120752,511.0,132.8125,70.3125,8.043,-1.0636978224025597,558.0,122.65625,77.34375,6.25,3.141592653589793,601.0,124.21875,84.375,8.45,2.158798930342464
560,262.5,77.34375,1.5915125237708498,-2.516,0.356,6.759,514,261.71875,70.3125,7.074,-1.6814535479687922,553.0,255.46875,76.5625,7.074,-3.0309354324158977,600.0,258.59375,82.8125,6.72,2.191045812777718,595.0,267.1875,82.03125,6.629,0.7853981633974483,534.0,267.96875,74.21875,6.298,-0.5191461142465229,,,,,
561,48.4375,78.125,1.648661590685892,-1.571,-0.524,7.259,528,42.1875,74.21875,7.37,-2.5829933382462307,529.0,54.6875,74.21875,7.37,-0.5585993153435624,606.0,48.4375,85.15625,7.031,1.5707963267948966,575.0,42.1875,81.25,6.987,2.677945044588987,576.0,54.6875,81.25,6.987,0.4636476090008061,510.0,48.4375,70.3125,7.812,-1.5707963267948966
562,60.9375,78.125,1.7121788922297545,0.244,-0.492,7.129,529,54.6875,74.21875,7.37,-2.5829933382462307,587.0,67.1875,82.03125,7.37,0.5585993153435624,607.0,60.9375,85.15625,7.031,1.5707963267948966,515.0,60.9375,71.09375,7.031,-1.5707963267948966,576.0,54.6875,81.25,6.987,2.677945044588987,535.0,67.1875,75.0,6.987,-0.4636476090008061
563,73.4375,78.125,1.6807070471023244,1.57,-0.524,7.129,587,67.1875,82.03125,7.37,2.5829933382462307,588.0,79.6875,82.03125,7.37,0.5585993153435624,608.0,73.4375,85.15625,7.031,1.5707963267948966,516.0,73.4375,71.09375,7.031,-1.5707963267948966,536.0,79.6875,75.0,6.987,-0.4636476090008061,535.0,67.1875,75.0,6.987,-2.677945044588987
564,85.9375,78.125,1.6790800160291148,1.57,-0.524,7.129,588,79.6875,82.03125,7.37,2.5829933382462307,589.0,92.1875,82.03125,7.37,0.5585993153435624,609.0,85.9375,85.15625,7.031,1.5707963267948966,517.0,85.9375,71.09375,7.031,-1.5707963267948966,537.0,92.1875,75.0,6.987,-0.4636476090008061,536.0,79.6875,75.0,6.987,-2.677945044588987
565,98.4375,78.125,1.703849149180297,2.081,0.507,7.193,530,104.6875,74.21875,7.37,-0.5585993153435624,589.0,92.1875,82.03125,7.37,2.5829933382462307,590.0,104.6875,82.03125,7.37,0.5585993153435624,518.0,98.4375,71.09375,7.031,-1.5707963267948966,610.0,98.4375,85.15625,7.031,1.5707963267948966,537.0,92.1875,75.0,6.987,-2.677945044588987
566,110.9375,78.125,1.6802041277936832,-1.799,0.484,7.349,530,104.6875,74.21875,7.37,-2.5829933382462307,590.0,104.6875,82.03125,7.37,2.5829933382462307,611.0,110.9375,85.15625,7.031,1.5707963267948966,519.0,110.9375,71.09375,7.031,-1.5707963267948966,577.0,117.1875,81.25,6.987,0.4636476090008061,524.0,117.1875,72.65625,8.304,-0.7188299996216245
567,274.21875,78.125,1.601969287456761,1.085,-0.5,7.305,534,267.96875,74.21875,7.37,-2.5829933382462307,596.0,280.46875,82.03125,7.37,0.5585993153435624,612.0,274.21875,85.15625,7.031,1.5707963267948966,521.0,274.21875,71.09375,7.031,-1.5707963267948966,544.0,280.46875,75.0,6.987,-0.4636476090008061,595.0,267.1875,82.03125,8.043,2.6344941491974563
568,286.71875,78.90625,1.5545182612912187,-0.701,-0.497,7.249,544,280.46875,75.0,7.37,-2.5829933382462307,522.0,287.5,71.875,7.074,-1.460139105621001,613.0,286.71875,85.9375,7.031,1.5707963267948966,596.0,280.46875,82.03125,6.987,2.677945044588987,597.0,292.96875,82.03125,6.987,0.4636476090008061,545.0,293.75,75.0,8.043,-0.507098504392337
569,299.21875,78.90625,1.5465320827690106,-3.064,0.32,6.942,523,299.21875,71.875,7.031,-1.5707963267948966,614.0,299.21875,85.9375,7.031,1.5707963267948966,597.0,292.96875,82.03125,6.987,2.677945044588987,545.0,293.75,75.0,6.72,-2.5213431676069717,,,,,,,,,,
570,214.0625,80.46875,1.6528097329060583,1.478,-0.049,7.404,533,217.96875,74.21875,7.37,-1.0121970114513341,616.0,217.96875,86.71875,7.37,1.0121970114513341,584.0,207.03125,81.25,7.074,3.0309354324158977,615.0,210.9375,86.71875,6.987,2.0344439357957027,571.0,221.875,80.46875,7.812,0.0,532.0,209.375,74.21875,7.812,-2.214297435588181
571,221.875,80.46875,1.6285399697771863,1.765,0.044,7.222,533,217.96875,74.21875,7.37,-2.129395642138459,616.0,217.96875,86.71875,7.37,2.129395642138459,585.0,228.90625,81.25,7.074,0.11065722117389565,617.0,225.0,86.71875,6.987,1.1071487177940904,542.0,225.78125,75.0,6.72,-0.9505468408120752,570.0,214.0625,80.46875,7.812,3.141592653589793
572,5.46875,81.25,1.6860564351613838,0.0,-0.524,7.04,555,11.71875,77.34375,7.37,-0.5585993153435624,603.0,11.71875,85.15625,7.37,0.5585993153435624,629.0,5.46875,88.28125,7.031,1.5707963267948966,525.0,5.46875,74.21875,7.031,-1.5707963267948966,602.0,0.0,85.15625,6.72,2.5213431676069717,554.0,0.0,77.34375,6.72,-2.5213431676069717
573,17.96875,81.25,1.7150161347281165,0.0,-0.524,7.257,555,11.71875,77.34375,7.37,-2.5829933382462307,556.0,24.21875,77.34375,7.37,-0.5585993153435624,603.0,11.71875,85.15625,7.37,2.5829933382462307,604.0,24.21875,85.15625,7.37,0.5585993153435624,526.0,17.96875,74.21875,7.031,-1.5707963267948966,630.0,17.96875,88.28125,7.031,1.5707963267948966
574,30.46875,81.25,1.6985306216193643,0.0,-0.524,7.257,556,24.21875,77.34375,7.37,-2.5829933382462307,557.0,36.71875,77.34375,7.37,-0.5585993153435624,604.0,24.21875,85.15625,7.37,2.5829933382462307,605.0,36.71875,85.15625,7.37,0.5585993153435624,527.0,30.46875,74.21875,7.031,-1.5707963267948966,631.0,30.46875,88.28125,7.031,1.5707963267948966
575,42.1875,81.25,1.6753935223401466,0.624,-0.507,6.976,606,48.4375,85.15625,7.37,0.5585993153435624,528.0,42.1875,74.21875,7.031,-1.5707963267948966,632.0,42.1875,88.28125,7.031,1.5707963267948966,561.0,48.4375,78.125,6.987,-0.4636476090008061,605.0,36.71875,85.15625,6.72,2.5213431676069717,557.0,36.71875,77.34375,6.72,-2.5213431676069717
576,54.6875,81.25,1.6838554813162117,1.57,-0.524,7.259,606,48.4375,85.15625,7.37,2.5829933382462307,607.0,60.9375,85.15625,7.37,0.5585993153435624,529.0,54.6875,74.21875,7.031,-1.5707963267948966,561.0,48.4375,78.125,6.987,-2.677945044588987,562.0,60.9375,78.125,6.987,-0.4636476090008061,637.0,54.6875,89.0625,7.812,1.5707963267948966
577,117.1875,81.25,1.6546377720057146,-0.801,0.455,7.406,611,110.9375,85.15625,7.37,2.5829933382462307,633.0,117.96875,88.28125,7.074,1.460139105621001,566.0,110.9375,78.125,6.987,-2.677945044588987,601.0,124.21875,84.375,7.694,0.4182243295792291,558.0,122.65625,77.34375,6.72,-0.6202494859828215,524.0,117.1875,72.65625,8.593,-1.5707963267948966
578,154.6875,81.25,1.6549648450751513,1.376,-0.045,7.222,538,158.59375,75.0,7.37,-1.0121970114513341,619.0,158.59375,87.5,7.37,1.0121970114513341,591.0,147.65625,82.03125,7.074,3.0309354324158977,618.0,151.5625,87.5,6.987,2.0344439357957027,547.0,150.78125,75.78125,6.72,-2.191045812777718,579.0,162.5,81.25,7.812,0.0
579,162.5,81.25,1.6891384011446076,-2.631,-0.016,7.323,538,158.59375,75.0,7.37,-2.129395642138459,619.0,158.59375,87.5,7.37,2.129395642138459,620.0,166.40625,87.5,7.37,1.0121970114513341,580.0,169.53125,81.25,7.031,0.0,539.0,165.625,75.0,6.987,-1.1071487177940904,578.0,154.6875,81.25,7.812,3.141592653589793
580,169.53125,81.25,1.6589087705212289,0.511,-0.016,7.323,539,165.625,75.0,7.37,-2.129395642138459,540.0,173.4375,75.0,7.37,-1.0121970114513341,621.0,173.4375,87.5,7.37,1.0121970114513341,579.0,162.5,81.25,7.031,3.141592653589793,620.0,166.40625,87.5,6.987,2.0344439357957027,581.0,177.34375,81.25,7.812,0.0
581,177.34375,81.25,1.6859725877806189,0.051,-0.001,7.387,540,173.4375,75.0,7.37,-2.129395642138459,541.0,181.25,75.0,7.37,-1.0121970114513341,622.0,181.25,87.5,7.37,1.0121970114513341,621.0,173.4375,87.5,7.37,2.129395642138459,582.0,184.375,81.25,7.031,0.0,580.0,169.53125,81.25,7.812,3.141592653589793
582,184.375,81.25,1.6402312613860484,0.083,0.004,7.309,623,188.28125,87.5,7.37,1.0121970114513341,583.0,191.40625,81.25,7.031,0.0,581.0,177.34375,81.25,7.031,3.141592653589793,541.0,181.25,75.0,6.987,-2.0344439357957027,622.0,181.25,87.5,6.987,2.0344439357957027,531.0,189.0625,74.21875,8.45,-0.982793723247329
583,191.40625,81.25,1.579821440174051,0.301,0.061,7.125,624,195.3125,87.5,7.37,1.0121970114513341,531.0,189.0625,74.21875,7.411,-1.892546881191539,582.0,184.375,81.25,7.031,3.141592653589793,623.0,188.28125,87.5,6.987,2.0344439357957027,592.0,199.21875,82.03125,7.851,0.09966865249116202,552.0,195.3125,76.5625,6.101,-0.8760580505981934
584,207.03125,81.25,1.6171538441256113,-2.944,-0.112,7.271,548,202.34375,75.78125,7.202,-2.279422598922567,625.0,203.125,87.5,7.37,2.129395642138459,532.0,209.375,74.21875,7.411,-1.2490457723982544,570.0,214.0625,80.46875,7.074,-0.11065722117389565,615.0,210.9375,86.71875,6.72,0.9505468408120752,592.0,199.21875,82.03125,7.851,3.0419240010986313
585,228.90625,81.25,1.575392455163652,-0.926,0.059,7.296,626,232.8125,87.5,7.37,1.0121970114513341,571.0,221.875,80.46875,7.074,-3.0309354324158977,542.0,225.78125,75.0,6.987,-2.0344439357957027,617.0,225.0,86.71875,6.72,2.191045812777718,586.0,236.71875,81.25,7.812,0.0,543.0,233.59375,75.0,7.812,-0.9272952180016122
586,236.71875,81.25,1.647831036678319,1.237,0.058,7.288,626,232.8125,87.5,7.37,2.129395642138459,543.0,233.59375,75.0,6.987,-2.0344439357957027,627.0,239.84375,87.5,6.987,1.1071487177940904,549.0,240.625,75.78125,6.72,-0.9505468408120752,585.0,228.90625,81.25,7.812,3.141592653589793,593.0,244.53125,82.03125,7.851,0.09966865249116202
587,67.1875,82.03125,1.6924593696307915,-1.571,-0.524,7.129,562,60.9375,78.125,7.37,-2.5829933382462307,563.0,73.4375,78.125,7.37,-0.5585993153435624,535.0,67.1875,75.0,7.031,-1.5707963267948966,638.0,67.1875,89.0625,7.031,1.5707963267948966,607.0,60.9375,85.15625,6.987,2.677945044588987,608.0,73.4375,85.15625,6.987,0.4636476090008061
588,79.6875,82.03125,1.7075524876134716,-1.571,-0.524,7.129,563,73.4375,78.125,7.37,-2.5829933382462307,564.0,85.9375,78.125,7.37,-0.5585993153435624,536.0,79.6875,75.0,7.031,-1.5707963267948966,639.0,79.6875,89.0625,7.031,1.5707963267948966,608.0,73.4375,85.15625,6.987,2.677945044588987,609.0,85.9375,85.15625,6.987,0.4636476090008061
589,92.1875,82.03125,1.694197722759816,-1.571,-0.524,7.129,564,85.9375,78.125,7.37,-2.5829933382462307,565.0,98.4375,78.125,7.37,-0.5585993153435624,537.0,92.1875,75.0,7.031,-1.5707963267948966,640.0,92.1875,89.0625,7.031,1.5707963267948966,609.0,85.9375,85.15625,6.987,2.677945044588987,610.0,98.4375,85.15625,6.987,0.4636476090008061
590,104.6875,82.03125,1.6673343039642894,-1.571,-0.524,7.259,565,98.4375,78.125,7.37,-2.5829933382462307,566.0,110.9375,78.125,7.37,-0.5585993153435624,641.0,104.6875,89.0625,7.031,1.5707963267948966,610.0,98.4375,85.15625,6.987,2.677945044588987,611.0,110.9375,85.15625,6.987,0.4636476090008061,530.0,104.6875,74.21875,7.812,-1.5707963267948966
591,147.65625,82.03125,1.6692313679734458,-1.914,-0.062,7.229,546,143.75,75.78125,7.37,-2.129395642138459,634.0,143.75,88.28125,7.37,2.129395642138459,578.0,154.6875,81.25,7.074,-0.11065722117389565,547.0,150.78125,75.78125,6.987,-1.1071487177940904,618.0,151.5625,87.5,6.72,0.9505468408120752,599.0,139.84375,82.8125,7.851,3.0419240010986313
592,199.21875,82.03125,1.6621323505956291,-2.018,-0.03,7.142,548,202.34375,75.78125,6.987,-1.1071487177940904,552.0,195.3125,76.5625,6.72,-2.191045812777718,625.0,203.125,87.5,6.72,0.9505468408120752,624.0,195.3125,87.5,6.72,2.191045812777718,584.0,207.03125,81.25,7.851,-0.09966865249116202,583.0,191.40625,81.25,7.851,-3.0419240010986313
593,244.53125,82.03125,1.5426019288578965,-2.299,0.046,7.187,627,239.84375,87.5,7.202,2.279422598922567,549.0,240.625,75.78125,7.37,-2.129395642138459,550.0,248.4375,75.78125,7.37,-1.0121970114513341,594.0,251.5625,82.03125,7.031,0.0,586.0,236.71875,81.25,7.851,-3.0419240010986313,628.0,247.65625,87.5,6.298,1.0516502125483738
594,251.5625,82.03125,1.6291980657183422,1.626,0.07,6.92,600,258.59375,82.8125,7.074,0.11065722117389565,593.0,244.53125,82.03125,7.031,3.141592653589793,550.0,248.4375,75.78125,6.987,-2.0344439357957027,635.0,254.6875,88.28125,6.987,1.1071487177940904,553.0,255.46875,76.5625,6.72,-0.9505468408120752,628.0,247.65625,87.5,6.72,2.191045812777718
595,267.1875,82.03125,1.5446561747178906,-0.007,0.481,7.538,643,268.75,89.0625,7.202,1.3521273809209546,612.0,274.21875,85.15625,7.694,0.4182243295792291,636.0,262.5,88.28125,7.812,2.214297435588181,534.0,267.96875,74.21875,7.851,-1.4711276743037347,560.0,262.5,77.34375,6.629,-2.356194490192345,567.0,274.21875,78.125,8.043,-0.507098504392337
596,280.46875,82.03125,1.6048214456313028,0.244,-0.492,7.129,567,274.21875,78.125,7.37,-2.5829933382462307,613.0,286.71875,85.9375,7.37,0.5585993153435624,644.0,280.46875,89.0625,7.031,1.5707963267948966,544.0,280.46875,75.0,7.031,-1.5707963267948966,612.0,274.21875,85.15625,6.987,2.677945044588987,568.0,286.71875,78.90625,6.987,-0.4636476090008061
597,292.96875,82.03125,1.5707184503896776,0.999,-0.506,7.136,613,286.71875,85.9375,7.37,2.5829933382462307,614.0,299.21875,85.9375,7.37,0.5585993153435624,545.0,293.75,75.0,7.074,-1.460139105621001,645.0,292.96875,89.0625,7.031,1.5707963267948966,569.0,299.21875,78.90625,6.987,-0.4636476090008061,568.0,286.71875,78.90625,6.987,-2.677945044588987
598,132.8125,82.8125,1.6579875907445314,0.066,-0.049,7.154,599,139.84375,82.8125,7.031,0.0,551.0,135.9375,76.5625,6.987,-1.1071487177940904,642.0,129.6875,89.0625,6.987,2.0344439357957027,559.0,128.90625,77.34375,6.72,-2.191045812777718,646.0,136.71875,89.84375,8.043,1.0636978224025597,,,,,
599,139.84375,82.8125,1.5949554171105382,-0.643,-0.059,7.451,551,135.9375,76.5625,7.37,-2.129395642138459,598.0,132.8125,82.8125,7.031,3.141592653589793,646.0,136.71875,89.84375,7.694,1.9890206563741257,634.0,143.75,88.28125,6.72,0.9505468408120752,591.0,147.65625,82.03125,7.851,-0.09966865249116202,546.0,143.75,75.78125,8.043,-1.0636978224025597
600,258.59375,82.8125,1.557055334634553,-1.121,0.032,7.142,594,251.5625,82.03125,7.074,-3.0309354324158977,553.0,255.46875,76.5625,6.987,-2.0344439357957027,560.0,262.5,77.34375,6.72,-0.9505468408120752,635.0,254.6875,88.28125,6.72,2.191045812777718,636.0,262.5,88.28125,6.72,0.9505468408120752,595.0,267.1875,82.03125,8.629,-0.09065988720074511
601,124.21875,84.375,1.5757483064811224,-3.092,0.477,7.628,558,122.65625,77.34375,7.202,-1.7894652726688385,642.0,129.6875,89.0625,7.202,0.7086262721276703,633.0,117.96875,88.28125,7.37,2.5829933382462307,577.0,117.1875,81.25,7.694,-2.723368324010564,657.0,123.4375,92.1875,7.851,1.6704649792860586,559.0,128.90625,77.34375,8.45,-0.982793723247329
602,0.0,85.15625,1.6456151008772402,-0.051,-0.299,6.965,647,0.0,92.1875,7.031,1.5707963267948966,572.0,5.46875,81.25,6.72,-0.6202494859828215,554.0,0.0,77.34375,7.812,-1.5707963267948966,629.0,5.46875,88.28125,6.298,0.5191461142465229,,,,,,,,,,
603,11.71875,85.15625,1.6941057489216582,-1.571,-0.524,7.259,572,5.46875,81.25,7.37,-2.5829933382462307,573.0,17.96875,81.25,7.37,-0.5585993153435624,648.0,11.71875,92.1875,7.031,1.5707963267948966,629.0,5.46875,88.28125,6.987,2.677945044588987,630.0,17.96875,88.28125,6.987,0.4636476090008061,555.0,11.71875,77.34375,7.812,-1.5707963267948966
604,24.21875,85.15625,1.6966354754883377,-1.571,-0.524,7.259,573,17.96875,81.25,7.37,-2.5829933382462307,574.0,30.46875,81.25,7.37,-0.5585993153435624,649.0,24.21875,92.1875,7.031,1.5707963267948966,630.0,17.96875,88.28125,6.987,2.677945044588987,631.0,30.46875,88.28125,6.987,0.4636476090008061,556.0,24.21875,77.34375,7.812,-1.5707963267948966
605,36.71875,85.15625,1.6492747985598275,-2.348,-0.506,7.044,574,30.46875,81.25,7.37,-2.5829933382462307,650.0,35.9375,92.1875,7.074,1.6814535479687922,631.0,30.46875,88.28125,6.987,2.677945044588987,575.0,42.1875,81.25,6.72,-0.6202494859828215,557.0,36.71875,77.34375,7.812,-1.5707963267948966,632.0,42.1875,88.28125,6.298,0.5191461142465229
606,48.4375,85.15625,1.700783480188765,-2.082,-0.508,7.193,575,42.1875,81.25,7.37,-2.5829933382462307,576.0,54.6875,81.25,7.37,-0.5585993153435624,637.0,54.6875,89.0625,7.37,0.5585993153435624,561.0,48.4375,78.125,7.031,-1.5707963267948966,651.0,48.4375,92.1875,7.031,1.5707963267948966,632.0,42.1875,88.28125,6.987,2.677945044588987
607,60.9375,85.15625,1.7085170304079882,1.059,-0.508,7.193,576,54.6875,81.25,7.37,-2.5829933382462307,637.0,54.6875,89.0625,7.37,2.5829933382462307,638.0,67.1875,89.0625,7.37,0.5585993153435624,562.0,60.9375,78.125,7.031,-1.5707963267948966,652.0,60.9375,92.1875,7.031,1.5707963267948966,587.0,67.1875,82.03125,6.987,-0.4636476090008061
608,73.4375,85.15625,1.6749669621372454,1.57,-0.524,7.129,638,67.1875,89.0625,7.37,2.5829933382462307,639.0,79.6875,89.0625,7.37,0.5585993153435624,653.0,73.4375,92.1875,7.031,1.5707963267948966,563.0,73.4375,78.125,7.031,-1.5707963267948966,588.0,79.6875,82.03125,6.987,-0.4636476090008061,587.0,67.1875,82.03125,6.987,-2.677945044588987
609,85.9375,85.15625,1.665747324467097,1.57,-0.524,7.129,639,79.6875,89.0625,7.37,2.5829933382462307,640.0,92.1875,89.0625,7.37,0.5585993153435624,654.0,85.9375,92.1875,7.031,1.5707963267948966,564.0,85.9375,78.125,7.031,-1.5707963267948966,589.0,92.1875,82.03125,6.987,-0.4636476090008061,588.0,79.6875,82.03125,6.987,-2.677945044588987
610,98.4375,85.15625,1.6760059256850504,1.57,-0.524,7.129,640,92.1875,89.0625,7.37,2.5829933382462307,641.0,104.6875,89.0625,7.37,0.5585993153435624,655.0,98.4375,92.1875,7.031,1.5707963267948966,565.0,98.4375,78.125,7.031,-1.5707963267948966,590.0,104.6875,82.03125,6.987,-0.4636476090008061,589.0,92.1875,82.03125,6.987,-2.677945044588987
611,110.9375,85.15625,1.6739159184393098,-1.13,0.484,7.247,577,117.1875,81.25,7.37,-0.5585993153435624,641.0,104.6875,89.0625,7.37,2.5829933382462307,656.0,110.9375,92.1875,7.031,1.5707963267948966,566.0,110.9375,78.125,7.031,-1.5707963267948966,590.0,104.6875,82.03125,6.987,-2.677945044588987,633.0,117.96875,88.28125,7.694,0.4182243295792291
612,274.21875,85.15625,1.561343800378086,1.513,0.506,7.269,644,280.46875,89.0625,7.37,0.5585993153435624,567.0,274.21875,78.125,7.031,-1.5707963267948966,596.0,280.46875,82.03125,6.987,-0.4636476090008061,595.0,267.1875,82.03125,7.694,-2.723368324010564,643.0,268.75,89.0625,6.72,2.5213431676069717,661.0,274.21875,92.96875,7.812,1.5707963267948966
613,286.71875,85.9375,1.5377495728227204,-1.571,-0.524,7.129,596,280.46875,82.03125,7.37,-2.5829933382462307,597.0,292.96875,82.03125,7.37,-0.5585993153435624,568.0,286.71875,78.90625,7.031,-1.5707963267948966,662.0,286.71875,92.96875,7.031,1.5707963267948966,644.0,280.46875,89.0625,6.987,2.677945044588987,645.0,292.96875,89.0625,6.987,0.4636476090008061
614,299.21875,85.9375,1.5327225335332917,-3.095,0.297,7.105,597,292.96875,82.03125,7.37,-2.5829933382462307,569.0,299.21875,78.90625,7.031,-1.5707963267948966,663.0,299.21875,92.96875,7.031,1.5707963267948966,645.0,292.96875,89.0625,6.987,2.677945044588987,,,,,,,,,,
615,210.9375,86.71875,1.6153237135334777,2.379,-0.036,7.27,616,217.96875,86.71875,7.031,0.0,570.0,214.0625,80.46875,6.987,-1.1071487177940904,658.0,214.0625,92.96875,6.987,1.1071487177940904,584.0,207.03125,81.25,6.72,-2.191045812777718,625.0,203.125,87.5,7.851,3.0419240010986313,672.0,207.03125,93.75,8.043,2.0778948311872334
616,217.96875,86.71875,1.659592358368752,0.051,-0.001,7.257,570,214.0625,80.46875,7.37,-2.129395642138459,571.0,221.875,80.46875,7.37,-1.0121970114513341,659.0,221.875,92.96875,7.37,1.0121970114513341,658.0,214.0625,92.96875,7.37,2.129395642138459,617.0,225.0,86.71875,7.031,0.0,615.0,210.9375,86.71875,7.031,3.141592653589793
617,225.0,86.71875,1.635129546971286,0.563,0.027,7.158,660,228.90625,92.96875,7.37,1.0121970114513341,616.0,217.96875,86.71875,7.031,3.141592653589793,659.0,221.875,92.96875,6.987,2.0344439357957027,571.0,221.875,80.46875,6.987,-2.0344439357957027,585.0,228.90625,81.25,6.72,-0.9505468408120752,626.0,232.8125,87.5,7.851,0.09966865249116202
618,151.5625,87.5,1.692247302317138,1.903,-0.059,7.158,665,155.46875,93.75,7.37,1.0121970114513341,619.0,158.59375,87.5,7.031,0.0,664.0,148.4375,93.75,6.987,2.0344439357957027,578.0,154.6875,81.25,6.987,-1.1071487177940904,591.0,147.65625,82.03125,6.72,-2.191045812777718,634.0,143.75,88.28125,7.851,3.0419240010986313
619,158.59375,87.5,1.6462498660198521,0.511,-0.016,7.323,578,154.6875,81.25,7.37,-2.129395642138459,579.0,162.5,81.25,7.37,-1.0121970114513341,666.0,162.5,93.75,7.37,1.0121970114513341,618.0,151.5625,87.5,7.031,3.141592653589793,665.0,155.46875,93.75,6.987,2.0344439357957027,620.0,166.40625,87.5,7.812,0.0
620,166.40625,87.5,1.676877162948425,-2.631,-0.016,7.323,579,162.5,81.25,7.37,-2.129395642138459,666.0,162.5,93.75,7.37,2.129395642138459,667.0,170.3125,93.75,7.37,1.0121970114513341,621.0,173.4375,87.5,7.031,0.0,580.0,169.53125,81.25,6.987,-1.1071487177940904,619.0,158.59375,87.5,7.812,3.141592653589793
621,173.4375,87.5,1.667430715172526,0.511,-0.016,7.323,580,169.53125,81.25,7.37,-2.129395642138459,581.0,177.34375,81.25,7.37,-1.0121970114513341,668.0,177.34375,93.75,7.37,1.0121970114513341,620.0,166.40625,87.5,7.031,3.141592653589793,667.0,170.3125,93.75,6.987,2.0344439357957027,622.0,181.25,87.5,7.812,0.0
622,181.25,87.5,1.6408887323091306,3.141,-0.001,7.259,581,177.34375,81.25,7.37,-2.129395642138459,668.0,177.34375,93.75,7.37,2.129395642138459,623.0,188.28125,87.5,7.031,0.0,582.0,184.375,81.25,6.987,-1.1071487177940904,669.0,184.375,93.75,6.987,1.1071487177940904,621.0,173.4375,87.5,7.812,3.141592653589793
623,188.28125,87.5,1.683651530106131,-2.631,-0.016,7.193,582,184.375,81.25,7.37,-2.129395642138459,669.0,184.375,93.75,7.37,2.129395642138459,670.0,192.1875,93.75,7.37,1.0121970114513341,622.0,181.25,87.5,7.031,3.141592653589793,624.0,195.3125,87.5,7.031,0.0,583.0,191.40625,81.25,6.987,-1.1071487177940904
624,195.3125,87.5,1.6100620224730944,0.541,-0.007,7.215,583,191.40625,81.25,7.37,-2.129395642138459,671.0,199.21875,93.75,7.37,1.0121970114513341,623.0,188.28125,87.5,7.031,3.141592653589793,670.0,192.1875,93.75,6.987,2.0344439357957027,592.0,199.21875,82.03125,6.72,-0.9505468408120752,625.0,203.125,87.5,7.812,0.0
625,203.125,87.5,1.668050553086675,-2.282,-0.027,7.415,584,207.03125,81.25,7.37,-1.0121970114513341,671.0,199.21875,93.75,7.37,2.129395642138459,672.0,207.03125,93.75,7.37,1.0121970114513341,592.0,199.21875,82.03125,6.72,-2.191045812777718,624.0,195.3125,87.5,7.812,3.141592653589793,615.0,210.9375,86.71875,7.851,-0.09966865249116202
626,232.8125,87.5,1.6000479503577123,-2.547,0.042,7.221,585,228.90625,81.25,7.37,-2.129395642138459,586.0,236.71875,81.25,7.37,-1.0121970114513341,627.0,239.84375,87.5,7.031,0.0,673.0,235.9375,93.75,6.987,1.1071487177940904,660.0,228.90625,92.96875,6.72,2.191045812777718,617.0,225.0,86.71875,7.851,-3.0419240010986313
627,239.84375,87.5,1.6329372833427584,0.204,0.038,7.295,593,244.53125,82.03125,7.202,-0.8621700546672264,673.0,235.9375,93.75,7.37,2.129395642138459,674.0,243.75,93.75,7.37,1.0121970114513341,626.0,232.8125,87.5,7.031,3.141592653589793,586.0,236.71875,81.25,6.987,-2.0344439357957027,628.0,247.65625,87.5,7.812,0.0
628,247.65625,87.5,1.5582589882783955,1.593,0.051,7.044,674,243.75,93.75,7.37,2.129395642138459,635.0,254.6875,88.28125,7.074,0.11065722117389565,675.0,250.78125,93.75,6.987,1.1071487177940904,594.0,251.5625,82.03125,6.72,-0.9505468408120752,627.0,239.84375,87.5,7.812,3.141592653589793,593.0,244.53125,82.03125,6.298,-2.0899424410414196
629,5.46875,88.28125,1.6460380016397698,1.225,0.523,7.036,648,11.71875,92.1875,7.37,0.5585993153435624,572.0,5.46875,81.25,7.031,-1.5707963267948966,603.0,11.71875,85.15625,6.987,-0.4636476090008061,647.0,0.0,92.1875,6.72,2.5213431676069717,679.0,5.46875,96.09375,7.812,1.5707963267948966,602.0,0.0,85.15625,6.298,-2.62244653934327
630,17.96875,88.28125,1.6748787544103372,1.57,-0.524,7.259,648,11.71875,92.1875,7.37,2.5829933382462307,649.0,24.21875,92.1875,7.37,0.5585993153435624,573.0,17.96875,81.25,7.031,-1.5707963267948966,603.0,11.71875,85.15625,6.987,-2.677945044588987,604.0,24.21875,85.15625,6.987,-0.4636476090008061,680.0,17.96875,96.09375,7.812,1.5707963267948966
631,30.46875,88.28125,1.6540600116787743,1.727,-0.514,7.151,649,24.21875,92.1875,7.37,2.5829933382462307,574.0,30.46875,81.25,7.031,-1.5707963267948966,604.0,24.21875,85.15625,6.987,-2.677945044588987,605.0,36.71875,85.15625,6.987,-0.4636476090008061,650.0,35.9375,92.1875,6.72,0.6202494859828215,681.0,30.46875,96.09375,7.812,1.5707963267948966
632,42.1875,88.28125,1.639196820457248,1.349,-0.515,7.145,650,35.9375,92.1875,7.37,2.5829933382462307,651.0,48.4375,92.1875,7.37,0.5585993153435624,575.0,42.1875,81.25,7.031,-1.5707963267948966,606.0,48.4375,85.15625,6.987,-0.4636476090008061,682.0,42.1875,96.09375,7.812,1.5707963267948966,605.0,36.71875,85.15625,6.298,-2.62244653934327
633,117.96875,88.28125,1.6033402310779143,2.617,0.5,7.452,601,124.21875,84.375,7.37,-0.5585993153435624,577.0,117.1875,81.25,7.074,-1.6814535479687922,611.0,110.9375,85.15625,7.694,-2.723368324010564,657.0,123.4375,92.1875,6.72,0.6202494859828215,688.0,117.96875,96.09375,7.812,1.5707963267948966,656.0,110.9375,92.1875,8.043,2.6344941491974563
634,143.75,88.28125,1.6733619609038028,0.496,-0.132,7.293,646,136.71875,89.84375,7.202,2.922923707715851,664.0,148.4375,93.75,7.202,0.8621700546672264,591.0,147.65625,82.03125,7.37,-1.0121970114513341,677.0,141.40625,95.3125,7.411,1.892546881191539,599.0,139.84375,82.8125,6.72,-2.191045812777718,618.0,151.5625,87.5,7.851,-0.09966865249116202
635,254.6875,88.28125,1.5844469983492784,-0.939,0.047,7.006,628,247.65625,87.5,7.074,-3.0309354324158977,594.0,251.5625,82.03125,6.987,-2.0344439357957027,600.0,258.59375,82.8125,6.72,-0.9505468408120752,675.0,250.78125,93.75,6.72,2.191045812777718,676.0,258.59375,93.75,6.72,0.9505468408120752,636.0,262.5,88.28125,7.812,0.0
636,262.5,88.28125,1.5147835115740866,1.669,0.031,7.302,600,258.59375,82.8125,6.72,-2.191045812777718,676.0,258.59375,93.75,6.72,2.191045812777718,635.0,254.6875,88.28125,7.812,3.141592653589793,595.0,267.1875,82.03125,7.812,-0.9272952180016122,643.0,268.75,89.0625,6.298,0.12435499454676144,678.0,267.1875,95.3125,8.45,0.982793723247329
637,54.6875,89.0625,1.6800349444364684,-1.571,-0.524,7.259,606,48.4375,85.15625,7.37,-2.5829933382462307,607.0,60.9375,85.15625,7.37,-0.5585993153435624,683.0,54.6875,96.09375,7.031,1.5707963267948966,651.0,48.4375,92.1875,6.987,2.677945044588987,652.0,60.9375,92.1875,6.987,0.4636476090008061,576.0,54.6875,81.25,7.812,-1.5707963267948966
638,67.1875,89.0625,1.7033270523905721,-1.571,-0.524,7.129,607,60.9375,85.15625,7.37,-2.5829933382462307,608.0,73.4375,85.15625,7.37,-0.5585993153435624,587.0,67.1875,82.03125,7.031,-1.5707963267948966,684.0,67.1875,96.09375,7.031,1.5707963267948966,652.0,60.9375,92.1875,6.987,2.677945044588987,653.0,73.4375,92.1875,6.987,0.4636476090008061
639,79.6875,89.0625,1.7078615489758013,-1.571,-0.524,7.129,608,73.4375,85.15625,7.37,-2.5829933382462307,609.0,85.9375,85.15625,7.37,-0.5585993153435624,588.0,79.6875,82.03125,7.031,-1.5707963267948966,685.0,79.6875,96.09375,7.031,1.5707963267948966,653.0,73.4375,92.1875,6.987,2.677945044588987,654.0,85.9375,92.1875,6.987,0.4636476090008061
640,92.1875,89.0625,1.6961345592122437,-1.571,-0.524,7.129,609,85.9375,85.15625,7.37,-2.5829933382462307,610.0,98.4375,85.15625,7.37,-0.5585993153435624,589.0,92.1875,82.03125,7.031,-1.5707963267948966,686.0,92.1875,96.09375,7.031,1.5707963267948966,654.0,85.9375,92.1875,6.987,2.677945044588987,655.0,98.4375,92.1875,6.987,0.4636476090008061
641,104.6875,89.0625,1.6643851738825783,-1.571,-0.524,7.129,610,98.4375,85.15625,7.37,-2.5829933382462307,611.0,110.9375,85.15625,7.37,-0.5585993153435624,590.0,104.6875,82.03125,7.031,-1.5707963267948966,687.0,104.6875,96.09375,7.031,1.5707963267948966,655.0,98.4375,92.1875,6.987,2.677945044588987,656.0,110.9375,92.1875,6.987,0.4636476090008061
642,129.6875,89.0625,1.693449365045206,3.083,-0.432,7.056,601,124.21875,84.375,7.202,-2.432966381462123,646.0,136.71875,89.84375,7.074,0.11065722117389565,689.0,129.6875,96.09375,7.031,1.5707963267948966,598.0,132.8125,82.8125,6.987,-1.1071487177940904,657.0,123.4375,92.1875,6.987,2.677945044588987,,,,,
643,268.75,89.0625,1.5395749688333837,-0.638,-0.512,6.676,595,267.1875,82.03125,7.202,-1.7894652726688385,612.0,274.21875,85.15625,6.72,-0.6202494859828215,661.0,274.21875,92.96875,6.72,0.6202494859828215,678.0,267.1875,95.3125,6.442,1.8157749899217608,636.0,262.5,88.28125,6.298,-3.017237659043032,,,,,
644,280.46875,89.0625,1.5732463588077843,1.059,-0.508,7.193,612,274.21875,85.15625,7.37,-2.5829933382462307,661.0,274.21875,92.96875,7.37,2.5829933382462307,662.0,286.71875,92.96875,7.37,0.5585993153435624,596.0,280.46875,82.03125,7.031,-1.5707963267948966,690.0,280.46875,96.09375,7.031,1.5707963267948966,613.0,286.71875,85.9375,6.987,-0.4636476090008061
645,292.96875,89.0625,1.5646534452336371,1.57,-0.524,7.129,662,286.71875,92.96875,7.37,2.5829933382462307,663.0,299.21875,92.96875,7.37,0.5585993153435624,691.0,292.96875,96.09375,7.031,1.5707963267948966,597.0,292.96875,82.03125,7.031,-1.5707963267948966,614.0,299.21875,85.9375,6.987,-0.4636476090008061,613.0,286.71875,85.9375,6.987,-2.677945044588987
646,136.71875,89.84375,1.4535162420474665,-1.184,-0.098,7.443,634,143.75,88.28125,7.202,-0.21866894587394195,677.0,141.40625,95.3125,7.202,0.8621700546672264,642.0,129.6875,89.0625,7.074,-3.0309354324158977,599.0,139.84375,82.8125,7.694,-1.1525719972156676,598.0,132.8125,82.8125,8.043,-2.0778948311872334,,,,,
647,0.0,92.1875,1.6543349081000058,0.0,-0.262,6.875,602,0.0,85.15625,7.031,-1.5707963267948966,692.0,0.0,99.21875,7.031,1.5707963267948966,629.0,5.46875,88.28125,6.72,-0.6202494859828215,679.0,5.46875,96.09375,6.72,0.6202494859828215,,,,,,,,,,
648,11.71875,92.1875,1.7049029092899533,0.0,-0.524,7.257,629,5.46875,88.28125,7.37,-2.5829933382462307,630.0,17.96875,88.28125,7.37,-0.5585993153435624,679.0,5.46875,96.09375,7.37,2.5829933382462307,680.0,17.96875,96.09375,7.37,0.5585993153435624,603.0,11.71875,85.15625,7.031,-1.5707963267948966,693.0,11.71875,99.21875,7.031,1.5707963267948966
649,24.21875,92.1875,1.7073084998572134,0.0,-0.524,7.257,630,17.96875,88.28125,7.37,-2.5829933382462307,631.0,30.46875,88.28125,7.37,-0.5585993153435624,680.0,17.96875,96.09375,7.37,2.5829933382462307,681.0,30.46875,96.09375,7.37,0.5585993153435624,604.0,24.21875,85.15625,7.031,-1.5707963267948966,694.0,24.21875,99.21875,7.031,1.5707963267948966
650,35.9375,92.1875,1.653187484160653,0.034,-0.505,7.047,632,42.1875,88.28125,7.37,-0.5585993153435624,682.0,42.1875,96.09375,7.37,0.5585993153435624,605.0,36.71875,85.15625,7.074,-1.460139105621001,695.0,35.9375,99.21875,7.031,1.5707963267948966,681.0,30.46875,96.09375,6.72,2.5213431676069717,631.0,30.46875,88.28125,6.72,-2.5213431676069717
651,48.4375,92.1875,1.6996741985657813,1.059,-0.508,7.193,632,42.1875,88.28125,7.37,-2.5829933382462307,682.0,42.1875,96.09375,7.37,2.5829933382462307,683.0,54.6875,96.09375,7.37,0.5585993153435624,606.0,48.4375,85.15625,7.031,-1.5707963267948966,696.0,48.4375,99.21875,7.031,1.5707963267948966,637.0,54.6875,89.0625,6.987,-0.4636476090008061
652,60.9375,92.1875,1.688777981788446,1.57,-0.524,7.129,683,54.6875,96.09375,7.37,2.5829933382462307,684.0,67.1875,96.09375,7.37,0.5585993153435624,697.0,60.9375,99.21875,7.031,1.5707963267948966,607.0,60.9375,85.15625,7.031,-1.5707963267948966,638.0,67.1875,89.0625,6.987,-0.4636476090008061,637.0,54.6875,89.0625,6.987,-2.677945044588987
653,73.4375,92.1875,1.664679708598283,1.57,-0.524,7.129,684,67.1875,96.09375,7.37,2.5829933382462307,685.0,79.6875,96.09375,7.37,0.5585993153435624,698.0,73.4375,99.21875,7.031,1.5707963267948966,608.0,73.4375,85.15625,7.031,-1.5707963267948966,639.0,79.6875,89.0625,6.987,-0.4636476090008061,638.0,67.1875,89.0625,6.987,-2.677945044588987
654,85.9375,92.1875,1.654344195301003,1.57,-0.524,7.129,685,79.6875,96.09375,7.37,2.5829933382462307,686.0,92.1875,96.09375,7.37,0.5585993153435624,699.0,85.9375,99.21875,7.031,1.5707963267948966,609.0,85.9375,85.15625,7.031,-1.5707963267948966,640.0,92.1875,89.0625,6.987,-0.4636476090008061,639.0,79.6875,89.0625,6.987,-2.677945044588987
655,98.4375,92.1875,1.6457391470196638,1.57,-0.524,7.129,686,92.1875,96.09375,7.37,2.5829933382462307,687.0,104.6875,96.09375,7.37,0.5585993153435624,700.0,98.4375,99.21875,7.031,1.5707963267948966,610.0,98.4375,85.15625,7.031,-1.5707963267948966,641.0,104.6875,89.0625,6.987,-0.4636476090008061,640.0,92.1875,89.0625,6.987,-2.677945044588987
656,110.9375,92.1875,1.6360909690367786,0.582,0.489,7.425,687,104.6875,96.09375,7.37,2.5829933382462307,701.0,111.71875,99.21875,7.074,1.460139105621001,611.0,110.9375,85.15625,7.031,-1.5707963267948966,641.0,104.6875,89.0625,6.987,-2.677945044588987,633.0,117.96875,88.28125,8.043,-0.507098504392337,688.0,117.96875,96.09375,8.043,0.507098504392337
657,123.4375,92.1875,1.6534320845102526,0.388,-0.49,7.113,689,129.6875,96.09375,7.37,0.5585993153435624,702.0,123.4375,99.21875,7.031,1.5707963267948966,642.0,129.6875,89.0625,6.987,-0.4636476090008061,633.0,117.96875,88.28125,6.72,-2.5213431676069717,688.0,117.96875,96.09375,6.72,2.5213431676069717,601.0,124.21875,84.375,7.851,-1.4711276743037347
658,214.0625,92.96875,1.614036541036005,0.571,-0.019,7.267,616,217.96875,86.71875,7.37,-1.0121970114513341,714.0,217.96875,99.21875,7.37,1.0121970114513341,672.0,207.03125,93.75,7.074,3.0309354324158977,615.0,210.9375,86.71875,6.987,-2.0344439357957027,713.0,210.9375,99.21875,6.987,2.0344439357957027,659.0,221.875,92.96875,7.812,0.0
659,221.875,92.96875,1.5868284877369598,3.141,-0.001,7.259,616,217.96875,86.71875,7.37,-2.129395642138459,714.0,217.96875,99.21875,7.37,2.129395642138459,660.0,228.90625,92.96875,7.031,0.0,617.0,225.0,86.71875,6.987,-1.1071487177940904,715.0,225.0,99.21875,6.987,1.1071487177940904,658.0,214.0625,92.96875,7.812,3.141592653589793
660,228.90625,92.96875,1.593478301369209,1.765,0.044,7.092,617,225.0,86.71875,7.37,-2.129395642138459,715.0,225.0,99.21875,7.37,2.129395642138459,673.0,235.9375,93.75,7.074,0.11065722117389565,659.0,221.875,92.96875,7.031,3.141592653589793,716.0,232.03125,99.21875,6.987,1.1071487177940904,626.0,232.8125,87.5,6.72,-0.9505468408120752
661,274.21875,92.96875,1.528502310860912,-1.629,-0.494,7.092,644,280.46875,89.0625,7.37,-0.5585993153435624,678.0,267.1875,95.3125,7.411,2.819842099193151,690.0,280.46875,96.09375,6.987,0.4636476090008061,643.0,268.75,89.0625,6.72,-2.5213431676069717,612.0,274.21875,85.15625,7.812,-1.5707963267948966,721.0,274.21875,99.21875,6.25,1.5707963267948966
662,286.71875,92.96875,1.521753061123871,-1.571,-0.524,6.999,644,280.46875,89.0625,7.37,-2.5829933382462307,645.0,292.96875,89.0625,7.37,-0.5585993153435624,613.0,286.71875,85.9375,7.031,-1.5707963267948966,690.0,280.46875,96.09375,6.987,2.677945044588987,691.0,292.96875,96.09375,6.987,0.4636476090008061,722.0,286.71875,99.21875,6.25,1.5707963267948966
663,299.21875,92.96875,1.5135188036529796,-3.095,0.297,6.909,645,292.96875,89.0625,7.37,-2.5829933382462307,614.0,299.21875,85.9375,7.031,-1.5707963267948966,691.0,292.96875,96.09375,6.987,2.677945044588987,723.0,299.21875,99.21875,6.25,1.5707963267948966,,,,,,,,,,
664,148.4375,93.75,1.6350996124935737,-1.063,-0.109,6.944,634,143.75,88.28125,7.202,-2.279422598922567,677.0,141.40625,95.3125,7.202,2.922923707715851,665.0,155.46875,93.75,7.031,0.0,618.0,151.5625,87.5,6.987,-1.1071487177940904,705.0,151.5625,99.21875,6.298,1.0516502125483738,,,,,
665,155.46875,93.75,1.6770569512196971,-2.195,-0.017,6.976,618,151.5625,87.5,7.37,-2.129395642138459,664.0,148.4375,93.75,7.031,3.141592653589793,666.0,162.5,93.75,7.031,0.0,619.0,158.59375,87.5,6.987,-1.1071487177940904,705.0,151.5625,99.21875,6.72,2.191045812777718,706.0,159.375,99.21875,6.72,0.9505468408120752
666,162.5,93.75,1.6478860785016336,-0.164,-0.017,7.1,619,158.59375,87.5,7.37,-2.129395642138459,620.0,166.40625,87.5,7.37,-1.0121970114513341,665.0,155.46875,93.75,7.031,3.141592653589793,707.0,166.40625,99.21875,6.72,0.9505468408120752,667.0,170.3125,93.75,7.812,0.0,706.0,159.375,99.21875,6.298,2.0899424410414196
667,170.3125,93.75,1.620191268490269,-2.796,0.0,7.036,620,166.40625,87.5,7.37,-2.129395642138459,668.0,177.34375,93.75,7.031,0.0,621.0,173.4375,87.5,6.987,-1.1071487177940904,707.0,166.40625,99.21875,6.72,2.191045812777718,666.0,162.5,93.75,7.812,3.141592653589793,708.0,173.4375,99.21875,6.298,1.0516502125483738
668,177.34375,93.75,1.6579359758353234,-1.571,-0.001,7.04,621,173.4375,87.5,7.37,-2.129395642138459,622.0,181.25,87.5,7.37,-1.0121970114513341,667.0,170.3125,93.75,7.031,3.141592653589793,669.0,184.375,93.75,7.031,0.0,708.0,173.4375,99.21875,6.72,2.191045812777718,709.0,181.25,99.21875,6.72,0.9505468408120752
669,184.375,93.75,1.6454794602265201,-0.346,-0.001,7.036,623,188.28125,87.5,7.37,-1.0121970114513341,668.0,177.34375,93.75,7.031,3.141592653589793,622.0,181.25,87.5,6.987,-2.0344439357957027,710.0,188.28125,99.21875,6.72,0.9505468408120752,670.0,192.1875,93.75,7.812,0.0,709.0,181.25,99.21875,6.298,2.0899424410414196
670,192.1875,93.75,1.6648476978910831,-2.195,-0.017,7.107,623,188.28125,87.5,7.37,-2.129395642138459,671.0,199.21875,93.75,7.031,0.0,624.0,195.3125,87.5,6.987,-1.1071487177940904,710.0,188.28125,99.21875,6.72,2.191045812777718,711.0,196.09375,99.21875,6.72,0.9505468408120752,669.0,184.375,93.75,7.812,3.141592653589793
671,199.21875,93.75,1.6202493078321578,-0.164,-0.017,7.1,624,195.3125,87.5,7.37,-2.129395642138459,625.0,203.125,87.5,7.37,-1.0121970114513341,670.0,192.1875,93.75,7.031,3.141592653589793,712.0,203.125,99.21875,6.72,0.9505468408120752,672.0,207.03125,93.75,7.812,0.0,711.0,196.09375,99.21875,6.298,2.0899424410414196
672,207.03125,93.75,1.632395287657127,-1.813,-0.029,7.29,625,203.125,87.5,7.37,-2.129395642138459,658.0,214.0625,92.96875,7.074,-0.11065722117389565,713.0,210.9375,99.21875,6.72,0.9505468408120752,712.0,203.125,99.21875,6.72,2.191045812777718,671.0,199.21875,93.75,7.812,3.141592653589793,615.0,210.9375,86.71875,8.043,-1.0636978224025597
673,235.9375,93.75,1.6138037572792105,-1.196,0.035,7.114,627,239.84375,87.5,7.37,-1.0121970114513341,660.0,228.90625,92.96875,7.074,-3.0309354324158977,626.0,232.8125,87.5,6.987,-2.0344439357957027,716.0,232.03125,99.21875,6.72,2.191045812777718,717.0,239.84375,99.21875,6.72,0.9505468408120752,674.0,243.75,93.75,7.812,0.0
674,243.75,93.75,1.5854068865533302,-2.979,0.016,7.1,627,239.84375,87.5,7.37,-2.129395642138459,628.0,247.65625,87.5,7.37,-1.0121970114513341,675.0,250.78125,93.75,7.031,0.0,717.0,239.84375,99.21875,6.72,2.191045812777718,673.0,235.9375,93.75,7.812,3.141592653589793,718.0,246.875,99.21875,6.298,1.0516502125483738
675,250.78125,93.75,1.6117774414394401,-0.542,0.027,6.998,674,243.75,93.75,7.031,3.141592653589793,628.0,247.65625,87.5,6.987,-2.0344439357957027,635.0,254.6875,88.28125,6.72,-0.9505468408120752,718.0,246.875,99.21875,6.72,2.191045812777718,719.0,254.6875,99.21875,6.72,0.9505468408120752,676.0,258.59375,93.75,7.812,0.0
676,258.59375,93.75,1.4752249170191303,3.091,0.025,6.854,635,254.6875,88.28125,6.72,-2.191045812777718,636.0,262.5,88.28125,6.72,-0.9505468408120752,719.0,254.6875,99.21875,6.72,2.191045812777718,675.0,250.78125,93.75,7.812,3.141592653589793,720.0,261.71875,99.21875,6.298,1.0516502125483738,,,,,
677,141.40625,95.3125,1.614365030961444,-0.878,-0.375,7.181,646,136.71875,89.84375,7.202,-2.279422598922567,664.0,148.4375,93.75,7.202,-0.21866894587394195,704.0,147.65625,99.21875,7.37,0.5585993153435624,634.0,143.75,88.28125,7.411,-1.2490457723982544,703.0,135.9375,99.21875,6.72,2.5213431676069717,,,,,
678,267.1875,95.3125,1.4419642387119238,-0.986,-0.452,7.413,661,274.21875,92.96875,7.411,-0.3217505543966422,720.0,261.71875,99.21875,6.72,2.5213431676069717,721.0,274.21875,99.21875,8.043,0.507098504392337,643.0,268.75,89.0625,6.442,-1.3258176636680326,636.0,262.5,88.28125,8.45,-2.158798930342464,,,,,
679,5.46875,96.09375,1.6813059028353083,-1.52,0.419,7.037,648,11.71875,92.1875,7.37,-0.5585993153435624,693.0,11.71875,99.21875,6.987,0.4636476090008061,647.0,0.0,92.1875,6.72,-2.5213431676069717,629.0,5.46875,88.28125,7.812,-1.5707963267948966,692.0,0.0,99.21875,6.298,2.62244653934327,,,,,
680,17.96875,96.09375,1.7077323113739011,-1.571,-0.419,7.305,648,11.71875,92.1875,7.37,-2.5829933382462307,649.0,24.21875,92.1875,7.37,-0.5585993153435624,693.0,11.71875,99.21875,6.987,2.677945044588987,694.0,24.21875,99.21875,6.987,0.4636476090008061,630.0,17.96875,88.28125,7.812,-1.5707963267948966,,,,,
681,30.46875,96.09375,1.6806238339756965,-1.623,-0.42,7.037,649,24.21875,92.1875,7.37,-2.5829933382462307,694.0,24.21875,99.21875,6.987,2.677945044588987,650.0,35.9375,92.1875,6.72,-0.6202494859828215,631.0,30.46875,88.28125,7.812,-1.5707963267948966,695.0,35.9375,99.21875,6.298,0.5191461142465229,,,,,
682,42.1875,96.09375,1.6843425788881674,-1.571,-0.419,7.305,650,35.9375,92.1875,7.37,-2.5829933382462307,651.0,48.4375,92.1875,7.37,-0.5585993153435624,695.0,35.9375,99.21875,6.987,2.677945044588987,696.0,48.4375,99.21875,6.987,0.4636476090008061,632.0,42.1875,88.28125,7.812,-1.5707963267948966,,,,,
683,54.6875,96.09375,1.7095021971525015,-1.571,-0.419,7.149,651,48.4375,92.1875,7.37,-2.5829933382462307,652.0,60.9375,92.1875,7.37,-0.5585993153435624,637.0,54.6875,89.0625,7.031,-1.5707963267948966,696.0,48.4375,99.21875,6.987,2.677945044588987,697.0,60.9375,99.21875,6.987,0.4636476090008061,,,,,
684,67.1875,96.09375,1.7093415396735423,-1.571,-0.419,7.149,652,60.9375,92.1875,7.37,-2.5829933382462307,653.0,73.4375,92.1875,7.37,-0.5585993153435624,638.0,67.1875,89.0625,7.031,-1.5707963267948966,697.0,60.9375,99.21875,6.987,2.677945044588987,698.0,73.4375,99.21875,6.987,0.4636476090008061,,,,,
685,79.6875,96.09375,1.7083821519710878,-1.571,-0.419,7.149,653,73.4375,92.1875,7.37,-2.5829933382462307,654.0,85.9375,92.1875,7.37,-0.5585993153435624,639.0,79.6875,89.0625,7.031,-1.5707963267948966,698.0,73.4375,99.21875,6.987,2.677945044588987,699.0,85.9375,99.21875,6.987,0.4636476090008061,,,,,
686,92.1875,96.09375,1.6953408186229246,-1.571,-0.419,7.149,654,85.9375,92.1875,7.37,-2.5829933382462307,655.0,98.4375,92.1875,7.37,-0.5585993153435624,640.0,92.1875,89.0625,7.031,-1.5707963267948966,699.0,85.9375,99.21875,6.987,2.677945044588987,700.0,98.4375,99.21875,6.987,0.4636476090008061,,,,,
687,104.6875,96.09375,1.6639059975547505,-1.555,-0.43,7.29,655,98.4375,92.1875,7.37,-2.5829933382462307,656.0,110.9375,92.1875,7.37,-0.5585993153435624,641.0,104.6875,89.0625,7.031,-1.5707963267948966,700.0,98.4375,99.21875,6.987,2.677945044588987,701.0,111.71875,99.21875,7.694,0.4182243295792291,,,,,
688,117.96875,96.09375,1.6354416905551603,-1.648,-0.433,7.172,701,111.71875,99.21875,6.987,2.677945044588987,657.0,123.4375,92.1875,6.72,-0.6202494859828215,633.0,117.96875,88.28125,7.812,-1.5707963267948966,656.0,110.9375,92.1875,8.043,-2.6344941491974563,702.0,123.4375,99.21875,6.298,0.5191461142465229,,,,,
689,129.6875,96.09375,1.6603978045684442,-2.499,0.275,7.094,657,123.4375,92.1875,7.37,-2.5829933382462307,642.0,129.6875,89.0625,7.031,-1.5707963267948966,702.0,123.4375,99.21875,6.987,2.677945044588987,703.0,135.9375,99.21875,6.987,0.4636476090008061,,,,,,,,,,
690,280.46875,96.09375,1.5808417547454903,-1.571,0.418,6.996,644,280.46875,89.0625,7.031,-1.5707963267948966,661.0,274.21875,92.96875,6.987,-2.677945044588987,662.0,286.71875,92.96875,6.987,-0.4636476090008061,721.0,274.21875,99.21875,6.987,2.677945044588987,722.0,286.71875,99.21875,6.987,0.4636476090008061,,,,,
691,292.96875,96.09375,1.5635191390322132,-1.571,0.418,6.996,645,292.96875,89.0625,7.031,-1.5707963267948966,662.0,286.71875,92.96875,6.987,-2.677945044588987,663.0,299.21875,92.96875,6.987,-0.4636476090008061,722.0,286.71875,99.21875,6.987,2.677945044588987,723.0,299.21875,99.21875,6.987,0.4636476090008061,,,,,
692,0.0,99.21875,1.6031087777114872,-1.045,-0.517,6.664,647,0.0,92.1875,7.031,-1.5707963267948966,679.0,5.46875,96.09375,6.298,-0.5191461142465229,,,,,,,,,,,,,,,,,,,,
693,11.71875,99.21875,1.6537531292811252,-1.571,0.0,7.002,648,11.71875,92.1875,7.031,-1.5707963267948966,679.0,5.46875,96.09375,6.987,-2.677945044588987,680.0,17.96875,96.09375,6.987,-0.4636476090008061,,,,,,,,,,,,,,,
694,24.21875,99.21875,1.6548145875321332,-1.571,0.0,7.002,649,24.21875,92.1875,7.031,-1.5707963267948966,680.0,17.96875,96.09375,6.987,-2.677945044588987,681.0,30.46875,96.09375,6.987,-0.4636476090008061,,,,,,,,,,,,,,,
695,35.9375,99.21875,1.6046186473491624,-1.558,0.036,6.772,650,35.9375,92.1875,7.031,-1.5707963267948966,682.0,42.1875,96.09375,6.987,-0.4636476090008061,681.0,30.46875,96.09375,6.298,-2.62244653934327,,,,,,,,,,,,,,,
696,48.4375,99.21875,1.652380776403485,-1.571,0.0,7.002,651,48.4375,92.1875,7.031,-1.5707963267948966,682.0,42.1875,96.09375,6.987,-2.677945044588987,683.0,54.6875,96.09375,6.987,-0.4636476090008061,,,,,,,,,,,,,,,
697,60.9375,99.21875,1.6540033375216547,-1.571,0.0,7.002,652,60.9375,92.1875,7.031,-1.5707963267948966,683.0,54.6875,96.09375,6.987,-2.677945044588987,684.0,67.1875,96.09375,6.987,-0.4636476090008061,,,,,,,,,,,,,,,
698,73.4375,99.21875,1.6497213740221797,-1.571,0.0,7.002,653,73.4375,92.1875,7.031,-1.5707963267948966,684.0,67.1875,96.09375,6.987,-2.677945044588987,685.0,79.6875,96.09375,6.987,-0.4636476090008061,,,,,,,,,,,,,,,
699,85.9375,99.21875,1.6438207463664132,-1.571,0.0,7.002,654,85.9375,92.1875,7.031,-1.5707963267948966,685.0,79.6875,96.09375,6.987,-2.677945044588987,686.0,92.1875,96.09375,6.987,-0.4636476090008061,,,,,,,,,,,,,,,
700,98.4375,99.21875,1.6215208610121983,-1.571,0.0,7.002,655,98.4375,92.1875,7.031,-1.5707963267948966,686.0,92.1875,96.09375,6.987,-2.677945044588987,687.0,104.6875,96.09375,6.987,-0.4636476090008061,,,,,,,,,,,,,,,
701,111.71875,99.21875,1.591844608859087,-1.641,-0.109,7.252,656,110.9375,92.1875,7.074,-1.6814535479687922,688.0,117.96875,96.09375,6.987,-0.4636476090008061,687.0,104.6875,96.09375,7.694,-2.723368324010564,,,,,,,,,,,,,,,
702,123.4375,99.21875,1.6099134744721801,-1.558,0.036,6.772,657,123.4375,92.1875,7.031,-1.5707963267948966,689.0,129.6875,96.09375,6.987,-0.4636476090008061,688.0,117.96875,96.09375,6.298,-2.62244653934327,,,,,,,,,,,,,,,
703,135.9375,99.21875,1.6284969116705568,-1.65,0.288,6.854,689,129.6875,96.09375,6.987,-2.677945044588987,677.0,141.40625,95.3125,6.72,-0.6202494859828215,,,,,,,,,,,,,,,,,,,,
704,147.65625,99.21875,1.2622950626686031,-2.583,-1.885,7.37,677,141.40625,95.3125,7.37,-2.5829933382462307,,,,,,,,,,,,,,,,,,,,,,,,,
705,151.5625,99.21875,1.4030054984490823,-0.998,0.066,6.943,665,155.46875,93.75,6.72,-0.9505468408120752,706.0,159.375,99.21875,7.812,0.0,664.0,148.4375,93.75,6.298,-2.0899424410414196,,,,,,,,,,,,,,,
706,159.375,99.21875,1.619017937974507,-1.622,-0.038,6.965,707,166.40625,99.21875,7.031,0.0,665.0,155.46875,93.75,6.72,-2.191045812777718,705.0,151.5625,99.21875,7.812,3.141592653589793,666.0,162.5,93.75,6.298,-1.0516502125483738,,,,,,,,,,
707,166.40625,99.21875,1.6337446641741549,-1.571,-0.001,6.875,708,173.4375,99.21875,7.031,0.0,706.0,159.375,99.21875,7.031,3.141592653589793,667.0,170.3125,93.75,6.72,-0.9505468408120752,666.0,162.5,93.75,6.72,-2.191045812777718,,,,,,,,,,
708,173.4375,99.21875,1.614919687914615,-1.521,0.037,6.965,707,166.40625,99.21875,7.031,3.141592653589793,668.0,177.34375,93.75,6.72,-0.9505468408120752,709.0,181.25,99.21875,7.812,0.0,667.0,170.3125,93.75,6.298,-2.0899424410414196,,,,,,,,,,
709,181.25,99.21875,1.5934697410803622,-1.622,-0.038,6.965,710,188.28125,99.21875,7.031,0.0,668.0,177.34375,93.75,6.72,-2.191045812777718,708.0,173.4375,99.21875,7.812,3.141592653589793,669.0,184.375,93.75,6.298,-1.0516502125483738,,,,,,,,,,
710,188.28125,99.21875,1.6200662031785937,-1.571,-0.001,7.071,709,181.25,99.21875,7.031,3.141592653589793,669.0,184.375,93.75,6.72,-2.191045812777718,670.0,192.1875,93.75,6.72,-0.9505468408120752,711.0,196.09375,99.21875,7.812,0.0,,,,,,,,,,
711,196.09375,99.21875,1.589862165442989,-1.622,-0.038,6.965,712,203.125,99.21875,7.031,0.0,670.0,192.1875,93.75,6.72,-2.191045812777718,710.0,188.28125,99.21875,7.812,3.141592653589793,671.0,199.21875,93.75,6.298,-1.0516502125483738,,,,,,,,,,
712,203.125,99.21875,1.5922063934835586,-1.571,-0.001,7.071,711,196.09375,99.21875,7.031,3.141592653589793,671.0,199.21875,93.75,6.72,-2.191045812777718,672.0,207.03125,93.75,6.72,-0.9505468408120752,713.0,210.9375,99.21875,7.812,0.0,,,,,,,,,,
713,210.9375,99.21875,1.5941638930204567,-1.65,-0.059,7.138,714,217.96875,99.21875,7.031,0.0,658.0,214.0625,92.96875,6.987,-1.1071487177940904,672.0,207.03125,93.75,6.72,-2.191045812777718,712.0,203.125,99.21875,7.812,3.141592653589793,,,,,,,,,,
714,217.96875,99.21875,1.6047057140374403,-1.571,-0.001,7.2,658,214.0625,92.96875,7.37,-2.129395642138459,659.0,221.875,92.96875,7.37,-1.0121970114513341,713.0,210.9375,99.21875,7.031,3.141592653589793,715.0,225.0,99.21875,7.031,0.0,,,,,,,,,,
715,225.0,99.21875,1.5967344198111406,-1.524,0.035,7.105,660,228.90625,92.96875,7.37,-1.0121970114513341,714.0,217.96875,99.21875,7.031,3.141592653589793,716.0,232.03125,99.21875,7.031,0.0,659.0,221.875,92.96875,6.987,-2.0344439357957027,,,,,,,,,,
716,232.03125,99.21875,1.5639741932897093,-1.493,0.058,7.138,715,225.0,99.21875,7.031,3.141592653589793,660.0,228.90625,92.96875,6.987,-2.0344439357957027,673.0,235.9375,93.75,6.72,-0.9505468408120752,717.0,239.84375,99.21875,7.812,0.0,,,,,,,,,,
717,239.84375,99.21875,1.5539084799543947,-1.571,-0.001,7.071,718,246.875,99.21875,7.031,0.0,673.0,235.9375,93.75,6.72,-2.191045812777718,674.0,243.75,93.75,6.72,-0.9505468408120752,716.0,232.03125,99.21875,7.812,3.141592653589793,,,,,,,,,,
718,246.875,99.21875,1.5501732783910496,-1.521,0.037,6.965,717,239.84375,99.21875,7.031,3.141592653589793,675.0,250.78125,93.75,6.72,-0.9505468408120752,719.0,254.6875,99.21875,7.812,0.0,674.0,243.75,93.75,6.298,-2.0899424410414196,,,,,,,,,,
719,254.6875,99.21875,1.509147312582436,-1.571,-0.001,7.071,720,261.71875,99.21875,7.031,0.0,675.0,250.78125,93.75,6.72,-2.191045812777718,676.0,258.59375,93.75,6.72,-0.9505468408120752,718.0,246.875,99.21875,7.812,3.141592653589793,,,,,,,,,,
720,261.71875,99.21875,1.407639323018459,-2.011,0.152,6.683,719,254.6875,99.21875,7.031,3.141592653589793,678.0,267.1875,95.3125,6.72,-0.6202494859828215,676.0,258.59375,93.75,6.298,-2.0899424410414196,,,,,,,,,,,,,,,
721,274.21875,99.21875,1.505895675281211,-1.561,0.028,7.093,690,280.46875,96.09375,6.987,-0.4636476090008061,678.0,267.1875,95.3125,8.043,-2.6344941491974563,661.0,274.21875,92.96875,6.25,-1.5707963267948966,,,,,,,,,,,,,,,
722,286.71875,99.21875,1.5077576336288363,-1.571,0.0,6.741,690,280.46875,96.09375,6.987,-2.677945044588987,691.0,292.96875,96.09375,6.987,-0.4636476090008061,662.0,286.71875,92.96875,6.25,-1.5707963267948966,,,,,,,,,,,,,,,
723,299.21875,99.21875,1.4915475098702307,-2.125,0.433,6.618,691,292.96875,96.09375,6.987,-2.677945044588987,663.0,299.21875,92.96875,6.25,-1.5707963267948966,,,,,,,,,,,,,,,,,,,,
