id,x,y,psi,avg_angle,phi6,avg_dist,nbr1_id,nbr1_x,nbr1_y,nbr1_dist,nbr1_angle,nbr2_id,nbr2_x,nbr2_y,nbr2_dist,nbr2_angle,nbr3_id,nbr3_x,nbr3_y,nbr3_dist,nbr3_angle,nbr4_id,nbr4_x,nbr4_y,nbr4_dist,nbr4_angle,nbr5_id,nbr5_x,nbr5_y,nbr5_dist,nbr5_angle,nbr6_id,nbr6_x,nbr6_y,nbr6_dist,nbr6_angle
1,0.0,0.0,1.5974718176975313,0.525,0.006,6.664,2,7.03125,0.0,7.031,0.0,48,3.125,5.46875,6.298,1.0516502125483738,,,,,,,,,,,,,,,,,,,,
2,7.03125,0.0,1.6216864206862478,1.649,0.058,7.138,1,0.0,0.0,7.031,3.141592653589793,51,10.15625,6.25,6.987,1.1071487177940904,48.0,3.125,5.46875,6.72,2.191045812777718,3.0,14.84375,0.0,7.812,0.0,,,,,,,,,,
3,14.84375,0.0,1.5913931559193228,1.747,0.265,7.614,2,7.03125,0.0,7.812,3.141592653589793,51,10.15625,6.25,7.812,2.214297435588181,27.0,21.09375,2.34375,6.675,0.35877067027057225,69.0,17.1875,7.8125,8.156,1.2793395323170296,,,,,,,,,,
4,39.0625,0.0,1.5659526181941004,1.323,-0.351,7.494,5,46.09375,0.0,7.031,0.0,28,32.8125,2.34375,6.675,2.782821983319221,70.0,37.5,7.8125,7.967,1.7681918866447774,52.0,44.53125,6.25,8.304,0.8519663271732721,,,,,,,,,,
5,46.09375,0.0,1.5686237199921065,1.82,0.489,6.59,4,39.0625,0.0,7.031,3.141592653589793,52,44.53125,6.25,6.442,1.8157749899217608,32.0,51.5625,3.125,6.298,0.5191461142465229,,,,,,,,,,,,,,,
6,57.03125,0.0,1.6373148814997918,1.57,-0.001,6.803,71,57.03125,7.8125,7.812,1.5707963267948966,32,51.5625,3.125,6.298,2.62244653934327,33.0,62.5,3.125,6.298,0.5191461142465229,,,,,,,,,,,,,,,
7,67.96875,0.0,1.642282021962252,1.441,-0.264,6.346,26,74.21875,1.5625,6.442,0.24497866312686414,33,62.5,3.125,6.298,2.62244653934327,53.0,68.75,6.25,6.298,1.446441332248135,,,,,,,,,,,,,,,
8,93.75,0.0,1.5453509283530678,1.315,-0.385,7.572,9,100.78125,0.0,7.031,0.0,35,87.5,3.125,6.987,2.677945044588987,72.0,92.1875,7.8125,7.967,1.7681918866447774,54.0,99.21875,6.25,8.304,0.8519663271732721,,,,,,,,,,
9,100.78125,0.0,1.5998694025159361,1.84,-0.511,6.731,8,93.75,0.0,7.031,3.141592653589793,46,106.25,3.90625,6.72,0.6202494859828215,54.0,99.21875,6.25,6.442,1.8157749899217608,,,,,,,,,,,,,,,
10,112.5,0.0,1.6209074610446244,1.547,-0.064,7.129,46,106.25,3.90625,7.37,2.5829933382462307,60,112.5,7.03125,7.031,1.5707963267948966,36.0,118.75,3.125,6.987,0.4636476090008061,,,,,,,,,,,,,,,
11,125.0,0.0,1.623150131769614,1.57,-0.001,7.002,61,125.0,7.03125,7.031,1.5707963267948966,36,118.75,3.125,6.987,2.677945044588987,37.0,131.25,3.125,6.987,0.4636476090008061,,,,,,,,,,,,,,,
12,137.5,0.0,1.6459365063525475,1.594,0.063,6.869,47,143.75,3.90625,7.37,0.5585993153435624,37,131.25,3.125,6.987,2.677945044588987,55.0,137.5,6.25,6.25,1.5707963267948966,,,,,,,,,,,,,,,
13,156.25,0.0,1.6180191073250332,1.584,0.037,6.656,62,156.25,7.03125,7.031,1.5707963267948966,38,162.5,3.125,6.987,0.4636476090008061,29.0,150.78125,2.34375,5.949,2.7367008673047097,,,,,,,,,,,,,,,
14,168.75,0.0,1.6407402684120302,1.57,-0.001,7.002,63,168.75,7.03125,7.031,1.5707963267948966,38,162.5,3.125,6.987,2.677945044588987,39.0,175.0,3.125,6.987,0.4636476090008061,,,,,,,,,,,,,,,
15,181.25,0.0,1.6337890043113956,1.584,0.036,6.772,64,181.25,7.03125,7.031,1.5707963267948966,39,175.0,3.125,6.987,2.677945044588987,40.0,186.71875,3.125,6.298,0.5191461142465229,,,,,,,,,,,,,,,
16,194.53125,0.0,1.5294481139773446,1.346,-0.329,7.663,49,199.21875,5.46875,7.202,0.8621700546672264,56,192.96875,6.25,6.442,1.8157749899217608,40.0,186.71875,3.125,8.414,2.761086276477428,17.0,203.125,0.0,8.593,0.0,,,,,,,,,,
17,203.125,0.0,1.6271556942261416,1.649,0.058,7.528,57,206.25,6.25,6.987,1.1071487177940904,49,199.21875,5.46875,6.72,2.191045812777718,18.0,210.9375,0.0,7.812,0.0,16.0,194.53125,0.0,8.593,3.141592653589793,,,,,,,,,,
18,210.9375,0.0,1.57590485985629,1.736,0.254,7.862,65,213.28125,7.03125,7.411,1.2490457723982544,17,203.125,0.0,7.812,3.141592653589793,57.0,206.25,6.25,7.812,2.214297435588181,41.0,218.75,3.125,8.414,0.3805063771123649,,,,,,,,,,
19,225.0,0.0,1.5898925209919557,1.5,-0.109,7.252,66,225.78125,7.03125,7.074,1.460139105621001,41,218.75,3.125,6.987,2.677945044588987,42.0,232.03125,3.125,7.694,0.4182243295792291,,,,,,,,,,,,,,,
20,237.5,0.0,1.6297346593317512,1.557,-0.037,6.772,67,237.5,7.03125,7.031,1.5707963267948966,43,243.75,3.125,6.987,0.4636476090008061,42.0,232.03125,3.125,6.298,2.62244653934327,,,,,,,,,,,,,,,
21,250.78125,0.0,1.5971280228196396,1.648,0.118,6.993,44,257.03125,3.125,6.987,0.4636476090008061,43,243.75,3.125,7.694,2.723368324010564,58.0,250.0,6.25,6.298,1.695151321341658,,,,,,,,,,,,,,,
22,264.0625,0.0,1.6091085056716743,1.35,-0.329,7.626,23,271.09375,0.0,7.031,0.0,44,257.03125,3.125,7.694,2.723368324010564,59.0,268.75,6.25,7.812,0.9272952180016122,73.0,262.5,7.8125,7.967,1.7681918866447774,,,,,,,,,,
23,271.09375,0.0,1.6349596877249377,1.395,-0.132,6.985,50,275.78125,5.46875,7.202,0.8621700546672264,22,264.0625,0.0,7.031,3.141592653589793,24.0,278.125,0.0,7.031,0.0,59.0,268.75,6.25,6.675,1.9295669970654687,,,,,,,,,,
24,278.125,0.0,1.596409006485919,1.926,-0.231,6.426,23,271.09375,0.0,7.031,3.141592653589793,45,283.59375,3.125,6.298,0.5191461142465229,50.0,275.78125,5.46875,5.949,1.97568811307998,,,,,,,,,,,,,,,
25,296.09375,0.0,1.6210834045758906,2.232,-0.111,6.874,68,295.3125,7.03125,7.074,1.6814535479687922,30,289.84375,2.34375,6.675,2.782821983319221,,,,,,,,,,,,,,,,,,,,
26,74.21875,1.5625,1.412588763086188,1.892,0.424,6.822,75,75.78125,8.59375,7.202,1.3521273809209546,53,68.75,6.25,7.202,2.432966381462123,34.0,80.46875,3.125,6.442,0.24497866312686414,7.0,67.96875,0.0,6.442,-2.896613990462929,,,,,,,,,,
27,21.09375,2.34375,1.5849445218048135,1.622,0.215,6.864,31,28.125,3.125,7.074,0.11065722117389565,74,24.21875,8.59375,6.987,1.1071487177940904,69.0,17.1875,7.8125,6.72,2.191045812777718,3.0,14.84375,0.0,6.675,-2.782821983319221,,,,,,,,,,
28,32.8125,2.34375,1.4377911324442298,0.79,0.479,7.026,70,37.5,7.8125,7.202,0.8621700546672264,77,31.25,9.375,7.202,1.7894652726688385,4.0,39.0625,0.0,6.675,-0.35877067027057225,,,,,,,,,,,,,,,
29,150.78125,2.34375,1.4578232537205789,1.247,-0.476,6.889,47,143.75,3.90625,7.202,2.922923707715851,62,156.25,7.03125,7.202,0.7086262721276703,79.0,149.21875,9.375,7.202,1.7894652726688385,13.0,156.25,0.0,5.949,-0.40489178628508343,,,,,,,,,,
30,289.84375,2.34375,1.5079002185567543,1.251,-0.42,6.654,68,295.3125,7.03125,7.202,0.7086262721276703,25,296.09375,0.0,6.675,-0.35877067027057225,76.0,288.28125,8.59375,6.442,1.8157749899217608,45.0,283.59375,3.125,6.298,3.017237659043032,,,,,,,,,,
31,28.125,3.125,1.45995191588803,2.185,0.178,6.927,27,21.09375,2.34375,7.074,-3.0309354324158977,77,31.25,9.375,6.987,1.1071487177940904,74.0,24.21875,8.59375,6.72,2.191045812777718,,,,,,,,,,,,,,,
32,51.5625,3.125,1.6068289166925396,1.913,-0.507,6.939,71,57.03125,7.8125,7.202,0.7086262721276703,82,50.0,10.15625,7.202,1.7894652726688385,52.0,44.53125,6.25,7.694,2.723368324010564,6.0,57.03125,0.0,6.298,-0.5191461142465229,5.0,46.09375,0.0,6.298,-2.62244653934327,,,,,
33,62.5,3.125,1.665975883491269,1.36,-0.501,6.927,71,57.03125,7.8125,7.202,2.432966381462123,53,68.75,6.25,6.987,0.4636476090008061,89.0,63.28125,10.9375,7.851,1.4711276743037347,7.0,67.96875,0.0,6.298,-0.5191461142465229,6.0,57.03125,0.0,6.298,-2.62244653934327,,,,,
34,80.46875,3.125,1.6416375411440722,1.637,0.147,7.011,75,75.78125,8.59375,7.202,2.279422598922567,78,84.375,9.375,7.37,1.0121970114513341,35.0,87.5,3.125,7.031,0.0,26.0,74.21875,1.5625,6.442,-2.896613990462929,,,,,,,,,,
35,87.5,3.125,1.664968987485371,1.437,-0.261,6.908,34,80.46875,3.125,7.031,3.141592653589793,8,93.75,0.0,6.987,-0.4636476090008061,78.0,84.375,9.375,6.987,2.0344439357957027,72.0,92.1875,7.8125,6.629,0.7853981633974483,,,,,,,,,,
36,118.75,3.125,1.6880839535419303,1.57,0.418,7.149,61,125.0,7.03125,7.37,0.5585993153435624,60,112.5,7.03125,7.37,2.5829933382462307,83.0,118.75,10.15625,7.031,1.5707963267948966,11.0,125.0,0.0,6.987,-0.4636476090008061,10.0,112.5,0.0,6.987,-2.677945044588987,,,,,
37,131.25,3.125,1.684897712756724,1.63,0.421,7.081,61,125.0,7.03125,7.37,2.5829933382462307,84,130.46875,10.15625,7.074,1.6814535479687922,12.0,137.5,0.0,6.987,-0.4636476090008061,11.0,125.0,0.0,6.987,-2.677945044588987,55.0,137.5,6.25,6.987,0.4636476090008061,,,,,
38,162.5,3.125,1.6579509814128128,1.656,0.442,7.313,63,168.75,7.03125,7.37,0.5585993153435624,62,156.25,7.03125,7.37,2.5829933382462307,14.0,168.75,0.0,6.987,-0.4636476090008061,13.0,156.25,0.0,6.987,-2.677945044588987,92.0,161.71875,10.9375,7.851,1.6704649792860586,,,,,
39,175.0,3.125,1.7061402880476597,1.57,0.418,7.149,64,181.25,7.03125,7.37,0.5585993153435624,63,168.75,7.03125,7.37,2.5829933382462307,85.0,175.0,10.15625,7.031,1.5707963267948966,15.0,181.25,0.0,6.987,-0.4636476090008061,14.0,168.75,0.0,6.987,-2.677945044588987,,,,,
40,186.71875,3.125,1.652918397588763,1.356,-0.456,7.099,86,187.5,10.15625,7.074,1.460139105621001,56,192.96875,6.25,6.987,0.4636476090008061,64.0,181.25,7.03125,6.72,2.5213431676069717,15.0,181.25,0.0,6.298,-2.62244653934327,16.0,194.53125,0.0,8.414,-0.3805063771123649,,,,,
41,218.75,3.125,1.6399859800736458,1.45,-0.498,7.292,19,225.0,0.0,6.987,-0.4636476090008061,65,213.28125,7.03125,6.72,2.5213431676069717,66.0,225.78125,7.03125,8.043,0.507098504392337,80.0,219.53125,9.375,6.298,1.446441332248135,18.0,210.9375,0.0,8.414,-2.761086276477428,,,,,
42,232.03125,3.125,1.6623690119462091,1.636,-0.429,7.023,66,225.78125,7.03125,7.37,2.5829933382462307,87,232.03125,10.15625,7.031,1.5707963267948966,19.0,225.0,0.0,7.694,-2.723368324010564,67.0,237.5,7.03125,6.72,0.6202494859828215,20.0,237.5,0.0,6.298,-0.5191461142465229,,,,,
43,243.75,3.125,1.6962769501449417,1.512,-0.433,7.214,67,237.5,7.03125,7.37,2.5829933382462307,88,243.75,10.15625,7.031,1.5707963267948966,58.0,250.0,6.25,6.987,0.4636476090008061,20.0,237.5,0.0,6.987,-2.677945044588987,21.0,250.78125,0.0,7.694,-0.4182243295792291,,,,,
44,257.03125,3.125,1.6881291231616218,1.784,-0.514,7.175,73,262.5,7.8125,7.202,0.7086262721276703,21,250.78125,0.0,6.987,-2.677945044588987,22.0,264.0625,0.0,7.694,-0.4182243295792291,58.0,250.0,6.25,7.694,2.723368324010564,81.0,256.25,9.375,6.298,1.695151321341658,,,,,
45,283.59375,3.125,1.6327645770544765,1.898,-0.304,7.222,76,288.28125,8.59375,7.202,0.8621700546672264,50,275.78125,5.46875,8.156,2.8501358591119264,93.0,281.25,10.9375,8.156,1.8622531212727638,30.0,289.84375,2.34375,6.298,-0.12435499454676144,24.0,278.125,0.0,6.298,-2.62244653934327,,,,,
46,106.25,3.90625,1.648088625616389,1.931,0.521,7.138,90,104.6875,10.9375,7.202,1.7894652726688385,10,112.5,0.0,7.37,-0.5585993153435624,54.0,99.21875,6.25,7.411,2.819842099193151,60.0,112.5,7.03125,6.987,0.4636476090008061,9.0,100.78125,0.0,6.72,-2.5213431676069717,,,,,
47,143.75,3.90625,1.64874113221504,1.812,-0.388,7.236,29,150.78125,2.34375,7.202,-0.21866894587394195,91,142.1875,10.9375,7.202,1.7894652726688385,12.0,137.5,0.0,7.37,-2.5829933382462307,79.0,149.21875,9.375,7.733,0.7853981633974483,55.0,137.5,6.25,6.675,2.782821983319221,,,,,
48,3.125,5.46875,1.6733074425046748,0.174,0.04,7.024,51,10.15625,6.25,7.074,0.11065722117389565,94,0.0,11.71875,6.987,2.0344439357957027,2.0,7.03125,0.0,6.72,-0.9505468408120752,97.0,7.03125,12.5,8.043,1.0636978224025597,1.0,0.0,0.0,6.298,-2.0899424410414196,,,,,
49,199.21875,5.46875,1.6793651053652856,2.176,0.036,7.193,16,194.53125,0.0,7.202,-2.279422598922567,100,201.5625,12.5,7.411,1.2490457723982544,57.0,206.25,6.25,7.074,0.11065722117389565,17.0,203.125,0.0,6.72,-0.9505468408120752,56.0,192.96875,6.25,6.298,3.017237659043032,99.0,194.53125,12.5,8.45,2.158798930342464
50,275.78125,5.46875,1.6921738593696962,-1.282,-0.189,7.132,23,271.09375,0.0,7.202,-2.279422598922567,59,268.75,6.25,7.074,3.0309354324158977,93.0,281.25,10.9375,7.733,0.7853981633974483,95.0,273.4375,11.71875,6.675,1.9295669970654687,45.0,283.59375,3.125,8.156,-0.2914567944778671,24.0,278.125,0.0,5.949,-1.1659045405098132
51,10.15625,6.25,1.6403337892888912,1.167,0.094,7.293,69,17.1875,7.8125,7.202,0.21866894587394195,48,3.125,5.46875,7.074,-3.0309354324158977,2.0,7.03125,0.0,6.987,-2.0344439357957027,97.0,7.03125,12.5,6.987,2.0344439357957027,101.0,13.28125,13.28125,7.694,1.1525719972156676,3.0,14.84375,0.0,7.812,-0.9272952180016122
52,44.53125,6.25,1.6429967248887558,-1.319,-0.301,7.134,70,37.5,7.8125,7.202,2.922923707715851,32,51.5625,3.125,7.694,-0.4182243295792291,82.0,50.0,10.15625,6.72,0.6202494859828215,5.0,46.09375,0.0,6.442,-1.3258176636680326,98.0,42.96875,12.5,6.442,1.8157749899217608,4.0,39.0625,0.0,8.304,-2.289626326416521
53,68.75,6.25,1.627620338855251,-0.847,0.363,7.178,26,74.21875,1.5625,7.202,-0.7086262721276703,89,63.28125,10.9375,7.202,2.432966381462123,75.0,75.78125,8.59375,7.411,0.3217505543966422,33.0,62.5,3.125,6.987,-2.677945044588987,107.0,70.3125,14.0625,7.967,1.373400766945016,7.0,67.96875,0.0,6.298,-1.695151321341658
54,99.21875,6.25,1.6885644030373284,-1.573,-0.259,7.329,72,92.1875,7.8125,7.202,2.922923707715851,90,104.6875,10.9375,7.202,0.7086262721276703,102.0,96.875,13.28125,7.411,1.892546881191539,46.0,106.25,3.90625,7.411,-0.3217505543966422,9.0,100.78125,0.0,6.442,-1.3258176636680326,8.0,93.75,0.0,8.304,-2.289626326416521
55,137.5,6.25,1.6643024263572237,2.116,-0.445,6.943,103,136.71875,13.28125,7.074,1.6814535479687922,37,131.25,3.125,6.987,-2.677945044588987,47.0,143.75,3.90625,6.675,-0.35877067027057225,91.0,142.1875,10.9375,6.629,0.7853981633974483,84.0,130.46875,10.15625,8.043,2.6344941491974563,12.0,137.5,0.0,6.25,-1.5707963267948966
56,192.96875,6.25,1.6298895493828902,3.098,-0.455,6.578,40,186.71875,3.125,6.987,-2.677945044588987,86,187.5,10.15625,6.72,2.5213431676069717,16.0,194.53125,0.0,6.442,-1.3258176636680326,99.0,194.53125,12.5,6.442,1.3258176636680326,49.0,199.21875,5.46875,6.298,-0.12435499454676144,,,,,
57,206.25,6.25,1.6712600960196244,2.748,0.12,7.362,104,208.59375,13.28125,7.411,1.2490457723982544,65,213.28125,7.03125,7.074,0.11065722117389565,49.0,199.21875,5.46875,7.074,-3.0309354324158977,17.0,203.125,0.0,6.987,-2.0344439357957027,18.0,210.9375,0.0,7.812,-0.9272952180016122,100.0,201.5625,12.5,7.812,2.214297435588181
58,250.0,6.25,1.6990211957045491,0.606,-0.513,7.061,88,243.75,10.15625,7.37,2.5829933382462307,105,250.0,13.28125,7.031,1.5707963267948966,43.0,243.75,3.125,6.987,-2.677945044588987,81.0,256.25,9.375,6.987,0.4636476090008061,44.0,257.03125,3.125,7.694,-0.4182243295792291,21.0,250.78125,0.0,6.298,-1.446441332248135
59,268.75,6.25,1.6892843296685414,0.758,-0.172,7.103,95,273.4375,11.71875,7.202,0.8621700546672264,106,266.40625,13.28125,7.411,1.892546881191539,50.0,275.78125,5.46875,7.074,-0.11065722117389565,22.0,264.0625,0.0,7.812,-2.214297435588181,23.0,271.09375,0.0,6.675,-1.2120256565243244,73.0,262.5,7.8125,6.442,2.896613990462929
60,112.5,7.03125,1.677493553110238,-0.511,-0.483,7.09,36,118.75,3.125,7.37,-0.5585993153435624,108,113.28125,14.0625,7.074,1.460139105621001,10.0,112.5,0.0,7.031,-1.5707963267948966,46.0,106.25,3.90625,6.987,-2.677945044588987,83.0,118.75,10.15625,6.987,0.4636476090008061,,,,,
61,125.0,7.03125,1.6399399755772228,-1.792,-0.515,7.014,36,118.75,3.125,7.37,-2.5829933382462307,37,131.25,3.125,7.37,-0.5585993153435624,11.0,125.0,0.0,7.031,-1.5707963267948966,109.0,125.0,14.0625,7.031,1.5707963267948966,83.0,118.75,10.15625,6.987,2.677945044588987,84.0,130.46875,10.15625,6.298,0.5191461142465229
62,156.25,7.03125,1.6854810754750535,-2.397,-0.397,7.191,29,150.78125,2.34375,7.202,-2.432966381462123,38,162.5,3.125,7.37,-0.5585993153435624,79.0,149.21875,9.375,7.411,2.819842099193151,110.0,153.90625,14.0625,7.411,1.892546881191539,13.0,156.25,0.0,7.031,-1.5707963267948966,92.0,161.71875,10.9375,6.72,0.6202494859828215
63,168.75,7.03125,1.6768794975734471,-0.796,0.498,7.312,38,162.5,3.125,7.37,-2.5829933382462307,39,175.0,3.125,7.37,-0.5585993153435624,111.0,169.53125,14.0625,7.074,1.460139105621001,14.0,168.75,0.0,7.031,-1.5707963267948966,85.0,175.0,10.15625,6.987,0.4636476090008061,92.0,161.71875,10.9375,8.043,2.6344941491974563
64,181.25,7.03125,1.6921598986116468,-1.242,0.494,7.028,39,175.0,3.125,7.37,-2.5829933382462307,112,182.03125,14.0625,7.074,1.460139105621001,15.0,181.25,0.0,7.031,-1.5707963267948966,85.0,175.0,10.15625,6.987,2.677945044588987,86.0,187.5,10.15625,6.987,0.4636476090008061,40.0,186.71875,3.125,6.72,-0.6202494859828215
65,213.28125,7.03125,1.7037249841132893,1.243,0.23,7.184,18,210.9375,0.0,7.411,-1.892546881191539,113,215.625,14.0625,7.411,1.2490457723982544,57.0,206.25,6.25,7.074,-3.0309354324158977,41.0,218.75,3.125,6.72,-0.6202494859828215,104.0,208.59375,13.28125,7.812,2.214297435588181,80.0,219.53125,9.375,6.675,0.35877067027057225
66,225.78125,7.03125,1.6581469202864878,-2.497,-0.518,7.204,42,232.03125,3.125,7.37,-0.5585993153435624,19,225.0,0.0,7.074,-1.6814535479687922,114.0,225.0,14.0625,7.074,1.6814535479687922,87.0,232.03125,10.15625,6.987,0.4636476090008061,80.0,219.53125,9.375,6.675,2.782821983319221,41.0,218.75,3.125,8.043,-2.6344941491974563
67,237.5,7.03125,1.6399370090893184,-0.795,0.505,6.913,43,243.75,3.125,7.37,-0.5585993153435624,115,238.28125,14.0625,7.074,1.460139105621001,20.0,237.5,0.0,7.031,-1.5707963267948966,88.0,243.75,10.15625,6.987,0.4636476090008061,42.0,232.03125,3.125,6.72,-2.5213431676069717,87.0,232.03125,10.15625,6.298,2.62244653934327
68,295.3125,7.03125,1.6006395071539572,2.922,-0.32,6.998,30,289.84375,2.34375,7.202,-2.432966381462123,76,288.28125,8.59375,7.202,2.922923707715851,116.0,292.96875,14.0625,7.411,1.892546881191539,25.0,296.09375,0.0,7.074,-1.460139105621001,96.0,299.21875,11.71875,6.101,0.8760580505981934,,,,,
69,17.1875,7.8125,1.6776088481996543,-0.835,0.142,7.261,51,10.15625,6.25,7.202,-2.922923707715851,74,24.21875,8.59375,7.074,0.11065722117389565,117.0,20.3125,14.84375,7.694,1.1525719972156676,27.0,21.09375,2.34375,6.72,-0.9505468408120752,101.0,13.28125,13.28125,6.72,2.191045812777718,3.0,14.84375,0.0,8.156,-1.8622531212727638
70,37.5,7.8125,1.6249758411335626,-1.62,-0.252,7.238,28,32.8125,2.34375,7.202,-2.279422598922567,52,44.53125,6.25,7.202,-0.21866894587394195,98.0,42.96875,12.5,7.202,0.7086262721276703,118.0,35.15625,14.84375,7.411,1.892546881191539,4.0,39.0625,0.0,7.967,-1.373400766945016,77.0,31.25,9.375,6.442,2.896613990462929
71,57.03125,7.8125,1.6346847525817427,-1.847,-0.478,7.411,32,51.5625,3.125,7.202,-2.432966381462123,33,62.5,3.125,7.202,-0.7086262721276703,82.0,50.0,10.15625,7.411,2.819842099193151,89.0,63.28125,10.9375,6.987,0.4636476090008061,6.0,57.03125,0.0,7.812,-1.5707963267948966,121.0,56.25,15.625,7.851,1.6704649792860586
72,92.1875,7.8125,1.6851050329587276,-3.139,-0.232,7.396,54,99.21875,6.25,7.202,-0.21866894587394195,102,96.875,13.28125,7.202,0.8621700546672264,119.0,89.84375,14.84375,7.411,1.892546881191539,35.0,87.5,3.125,6.629,-2.356194490192345,78.0,84.375,9.375,7.967,2.9441970937399127,8.0,93.75,0.0,7.967,-1.373400766945016
73,262.5,7.8125,1.639359941840656,-1.549,-0.305,6.955,44,257.03125,3.125,7.202,-2.432966381462123,106,266.40625,13.28125,6.72,0.9505468408120752,22.0,264.0625,0.0,7.967,-1.373400766945016,59.0,268.75,6.25,6.442,-0.24497866312686414,81.0,256.25,9.375,6.442,2.896613990462929,,,,,
74,24.21875,8.59375,1.6889701650108997,0.154,0.071,7.211,117,20.3125,14.84375,7.37,2.129395642138459,77,31.25,9.375,7.074,0.11065722117389565,69.0,17.1875,7.8125,7.074,-3.0309354324158977,27.0,21.09375,2.34375,6.987,-2.0344439357957027,31.0,28.125,3.125,6.72,-0.9505468408120752,120.0,28.125,15.625,8.043,1.0636978224025597
75,75.78125,8.59375,1.6498851848415792,-1.604,0.248,7.563,26,74.21875,1.5625,7.202,-1.7894652726688385,34,80.46875,3.125,7.202,-0.8621700546672264,122.0,77.34375,15.625,7.202,1.3521273809209546,53.0,68.75,6.25,7.411,-2.819842099193151,107.0,70.3125,14.0625,7.733,2.356194490192345,78.0,84.375,9.375,8.629,0.09065988720074511
76,288.28125,8.59375,1.6404628717963845,2.106,-0.232,7.145,45,283.59375,3.125,7.202,-2.279422598922567,68,295.3125,7.03125,7.202,-0.21866894587394195,116.0,292.96875,14.0625,7.202,0.8621700546672264,93.0,281.25,10.9375,7.411,2.819842099193151,124.0,285.9375,15.625,7.411,1.892546881191539,30.0,289.84375,2.34375,6.442,-1.3258176636680326
77,31.25,9.375,1.7143365628361373,-1.8,-0.086,6.902,28,32.8125,2.34375,7.202,-1.3521273809209546,74,24.21875,8.59375,7.074,-3.0309354324158977,31.0,28.125,3.125,6.987,-2.0344439357957027,120.0,28.125,15.625,6.987,2.0344439357957027,118.0,35.15625,14.84375,6.72,0.9505468408120752,70.0,37.5,7.8125,6.442,-0.24497866312686414
78,84.375,9.375,1.5771120982066085,-0.583,-0.139,7.627,34,80.46875,3.125,7.37,-2.129395642138459,125,83.59375,16.40625,7.074,1.6814535479687922,35.0,87.5,3.125,6.987,-1.1071487177940904,119.0,89.84375,14.84375,7.733,0.7853981633974483,72.0,92.1875,7.8125,7.967,-0.19739555984988075,75.0,75.78125,8.59375,8.629,-3.050932766389048
79,149.21875,9.375,1.6732831810947715,-2.357,-0.262,7.265,29,150.78125,2.34375,7.202,-1.3521273809209546,91,142.1875,10.9375,7.202,2.922923707715851,62.0,156.25,7.03125,7.411,-0.3217505543966422,126.0,146.875,16.40625,7.411,1.892546881191539,47.0,143.75,3.90625,7.733,-2.356194490192345,110.0,153.90625,14.0625,6.629,0.7853981633974483
80,219.53125,9.375,1.6297017331298047,-1.589,-0.489,6.59,114,225.0,14.0625,7.202,0.7086262721276703,65,213.28125,7.03125,6.675,-2.782821983319221,66.0,225.78125,7.03125,6.675,-0.35877067027057225,41.0,218.75,3.125,6.298,-1.695151321341658,113.0,215.625,14.0625,6.101,2.2655346029916,,,,,
81,256.25,9.375,1.6123668663828101,-2.514,0.446,6.754,105,250.0,13.28125,7.37,2.5829933382462307,58,250.0,6.25,6.987,-2.677945044588987,123.0,258.59375,15.625,6.675,1.2120256565243244,73.0,262.5,7.8125,6.442,-0.24497866312686414,44.0,257.03125,3.125,6.298,-1.446441332248135,,,,,
82,50.0,10.15625,1.6334213480602133,2.24,-0.335,7.375,32,51.5625,3.125,7.202,-1.3521273809209546,127,48.4375,17.1875,7.202,1.7894652726688385,98.0,42.96875,12.5,7.411,2.819842099193151,71.0,57.03125,7.8125,7.411,-0.3217505543966422,52.0,44.53125,6.25,6.72,-2.5213431676069717,121.0,56.25,15.625,8.304,0.7188299996216245
83,118.75,10.15625,1.6887145121990725,1.007,0.496,7.158,109,125.0,14.0625,7.37,0.5585993153435624,36,118.75,3.125,7.031,-1.5707963267948966,61.0,125.0,7.03125,6.987,-0.4636476090008061,60.0,112.5,7.03125,6.987,-2.677945044588987,108.0,113.28125,14.0625,6.72,2.5213431676069717,138.0,119.53125,17.96875,7.851,1.4711276743037347
84,130.46875,10.15625,1.690698815938798,0.15,0.497,7.033,37,131.25,3.125,7.074,-1.460139105621001,130,131.25,17.1875,7.074,1.460139105621001,103.0,136.71875,13.28125,6.987,0.4636476090008061,109.0,125.0,14.0625,6.72,2.5213431676069717,55.0,137.5,6.25,8.043,-0.507098504392337,61.0,125.0,7.03125,6.298,-2.62244653934327
85,175.0,10.15625,1.6946431648733957,0.772,0.485,7.14,132,175.78125,17.1875,7.074,1.460139105621001,39,175.0,3.125,7.031,-1.5707963267948966,64.0,181.25,7.03125,6.987,-0.4636476090008061,63.0,168.75,7.03125,6.987,-2.677945044588987,111.0,169.53125,14.0625,6.72,2.5213431676069717,112.0,182.03125,14.0625,8.043,0.507098504392337
86,187.5,10.15625,1.6838559212157722,-0.801,0.396,7.147,99,194.53125,12.5,7.411,0.3217505543966422,40,186.71875,3.125,7.074,-1.6814535479687922,64.0,181.25,7.03125,6.987,-2.677945044588987,56.0,192.96875,6.25,6.72,-0.6202494859828215,112.0,182.03125,14.0625,6.72,2.5213431676069717,139.0,189.0625,17.96875,7.967,1.373400766945016
87,232.03125,10.15625,1.6417386634912097,2.197,0.523,7.127,115,238.28125,14.0625,7.37,0.5585993153435624,42,232.03125,3.125,7.031,-1.5707963267948966,133.0,232.03125,17.1875,7.031,1.5707963267948966,66.0,225.78125,7.03125,6.987,-2.677945044588987,114.0,225.0,14.0625,8.043,2.6344941491974563,67.0,237.5,7.03125,6.298,-0.5191461142465229
88,243.75,10.15625,1.6873463972223102,0.302,0.463,7.028,58,250.0,6.25,7.37,-0.5585993153435624,134,244.53125,17.1875,7.074,1.460139105621001,43.0,243.75,3.125,7.031,-1.5707963267948966,67.0,237.5,7.03125,6.987,-2.677945044588987,105.0,250.0,13.28125,6.987,0.4636476090008061,115.0,238.28125,14.0625,6.72,2.5213431676069717
89,63.28125,10.9375,1.638204373833086,-1.775,0.417,7.414,53,68.75,6.25,7.202,-0.7086262721276703,71,57.03125,7.8125,6.987,-2.677945044588987,107.0,70.3125,14.0625,7.694,0.4182243295792291,33.0,62.5,3.125,7.851,-1.6704649792860586,128.0,64.0625,17.1875,6.298,1.446441332248135,121.0,56.25,15.625,8.45,2.5535900500422257
90,104.6875,10.9375,1.584799555151222,2.83,-0.26,7.448,46,106.25,3.90625,7.202,-1.3521273809209546,54,99.21875,6.25,7.202,-2.432966381462123,129.0,107.8125,17.1875,6.987,1.1071487177940904,137.0,101.5625,17.96875,7.694,1.9890206563741257,102.0,96.875,13.28125,8.156,2.8501358591119264,,,,,
91,142.1875,10.9375,1.6166460114787042,1.89,-0.266,7.057,47,143.75,3.90625,7.202,-1.3521273809209546,79,149.21875,9.375,7.202,-0.21866894587394195,126.0,146.875,16.40625,7.202,0.8621700546672264,55.0,137.5,6.25,6.629,-2.356194490192345,142.0,139.84375,18.75,8.156,1.8622531212727638,103.0,136.71875,13.28125,5.949,2.7367008673047097
92,161.71875,10.9375,1.6098699596601282,-0.643,-0.506,7.686,62,156.25,7.03125,6.72,-2.5213431676069717,131,164.0625,17.1875,6.675,1.2120256565243244,38.0,162.5,3.125,7.851,-1.4711276743037347,63.0,168.75,7.03125,8.043,-0.507098504392337,110.0,153.90625,14.0625,8.414,2.761086276477428,111.0,169.53125,14.0625,8.414,0.3805063771123649
93,281.25,10.9375,1.633334065076214,-2.004,-0.225,7.409,76,288.28125,8.59375,7.411,-0.3217505543966422,50,275.78125,5.46875,7.733,-2.356194490192345,135.0,278.90625,17.1875,6.675,1.9295669970654687,95.0,273.4375,11.71875,7.851,3.0419240010986313,124.0,285.9375,15.625,6.629,0.7853981633974483,45.0,283.59375,3.125,8.156,-1.2793395323170296
94,0.0,11.71875,1.6587734720735594,0.058,0.075,7.016,97,7.03125,12.5,7.074,0.11065722117389565,48,3.125,5.46875,6.987,-1.1071487177940904,136.0,3.125,17.96875,6.987,1.1071487177940904,,,,,,,,,,,,,,,
95,273.4375,11.71875,1.6516982917423968,0.614,-0.189,7.346,59,268.75,6.25,7.202,-2.279422598922567,106,266.40625,13.28125,7.202,2.922923707715851,144.0,271.09375,18.75,7.411,1.892546881191539,135.0,278.90625,17.1875,7.733,0.7853981633974483,50.0,275.78125,5.46875,6.675,-1.2120256565243244,93.0,281.25,10.9375,7.851,-0.09966865249116202
96,299.21875,11.71875,1.651593897785169,2.787,0.34,6.342,116,292.96875,14.0625,6.675,2.782821983319221,141,299.21875,17.96875,6.25,1.5707963267948966,68.0,295.3125,7.03125,6.101,-2.2655346029916,,,,,,,,,,,,,,,
97,7.03125,12.5,1.6343753128655987,3.117,0.083,7.089,145,9.375,19.53125,7.411,1.2490457723982544,94,0.0,11.71875,7.074,-3.0309354324158977,51.0,10.15625,6.25,6.987,-1.1071487177940904,136.0,3.125,17.96875,6.72,2.191045812777718,48.0,3.125,5.46875,8.043,-2.0778948311872334,101.0,13.28125,13.28125,6.298,0.12435499454676144
98,42.96875,12.5,1.6822721192548156,-2.596,-0.296,7.304,70,37.5,7.8125,7.202,-2.432966381462123,127,48.4375,17.1875,7.202,0.7086262721276703,146.0,40.625,19.53125,7.411,1.892546881191539,82.0,50.0,10.15625,7.411,-0.3217505543966422,52.0,44.53125,6.25,6.442,-1.3258176636680326,118.0,35.15625,14.84375,8.156,2.8501358591119264
99,194.53125,12.5,1.6656594769088073,-1.298,0.155,7.228,86,187.5,10.15625,7.411,-2.819842099193151,100,201.5625,12.5,7.031,0.0,139.0,189.0625,17.96875,7.733,2.356194490192345,56.0,192.96875,6.25,6.442,-1.8157749899217608,140.0,197.65625,17.96875,6.298,1.0516502125483738,49.0,199.21875,5.46875,8.45,-0.982793723247329
100,201.5625,12.5,1.6573456281809233,0.452,0.098,7.173,49,199.21875,5.46875,7.411,-1.892546881191539,104,208.59375,13.28125,7.074,0.11065722117389565,99.0,194.53125,12.5,7.031,3.141592653589793,143.0,204.6875,18.75,6.987,1.1071487177940904,140.0,197.65625,17.96875,6.72,2.191045812777718,57.0,206.25,6.25,7.812,-0.9272952180016122
101,13.28125,13.28125,1.651453179753144,1.301,0.113,7.163,117,20.3125,14.84375,7.202,0.21866894587394195,145,9.375,19.53125,7.37,2.129395642138459,150.0,16.40625,20.3125,7.694,1.1525719972156676,51.0,10.15625,6.25,7.694,-1.9890206563741257,69.0,17.1875,7.8125,6.72,-0.9505468408120752,97.0,7.03125,12.5,6.298,-3.017237659043032
102,96.875,13.28125,1.6509478477007453,-1.271,-0.227,7.335,72,92.1875,7.8125,7.202,-2.279422598922567,119,89.84375,14.84375,7.202,2.922923707715851,54.0,99.21875,6.25,7.411,-1.2490457723982544,151.0,94.53125,20.3125,7.411,1.892546881191539,137.0,101.5625,17.96875,6.629,0.7853981633974483,90.0,104.6875,10.9375,8.156,-0.2914567944778671
103,136.71875,13.28125,1.6156746124409667,-2.013,0.448,6.606,55,137.5,6.25,7.074,-1.460139105621001,84,130.46875,10.15625,6.987,-2.677945044588987,130.0,131.25,17.1875,6.72,2.5213431676069717,142.0,139.84375,18.75,6.298,1.0516502125483738,91.0,142.1875,10.9375,5.949,-0.40489178628508343,,,,,
104,208.59375,13.28125,1.631190750818236,-0.265,0.116,7.18,57,206.25,6.25,7.411,-1.892546881191539,100,201.5625,12.5,7.074,-3.0309354324158977,113.0,215.625,14.0625,7.074,0.11065722117389565,148.0,211.71875,19.53125,6.987,1.1071487177940904,143.0,204.6875,18.75,6.72,2.191045812777718,65.0,213.28125,7.03125,7.812,-0.9272952180016122
105,250.0,13.28125,1.639686669671623,-2.65,-0.492,7.036,81,256.25,9.375,7.37,-0.5585993153435624,153,250.78125,20.3125,7.074,1.460139105621001,58.0,250.0,6.25,7.031,-1.5707963267948966,88.0,243.75,10.15625,6.987,-2.677945044588987,134.0,244.53125,17.1875,6.72,2.5213431676069717,,,,,
106,266.40625,13.28125,1.6900257137574584,0.179,-0.2,7.35,95,273.4375,11.71875,7.202,-0.21866894587394195,144,271.09375,18.75,7.202,0.8621700546672264,154.0,264.0625,20.3125,7.411,1.892546881191539,59.0,268.75,6.25,7.411,-1.2490457723982544,73.0,262.5,7.8125,6.72,-2.191045812777718,123.0,258.59375,15.625,8.156,2.8501358591119264
107,70.3125,14.0625,1.6423621590030903,-1.471,0.312,7.666,122,77.34375,15.625,7.202,0.21866894587394195,128,64.0625,17.1875,6.987,2.677945044588987,89.0,63.28125,10.9375,7.694,-2.723368324010564,75.0,75.78125,8.59375,7.733,-0.7853981633974483,53.0,68.75,6.25,7.967,-1.7681918866447774,163.0,73.4375,21.875,8.414,1.1902899496825317
108,113.28125,14.0625,1.6723497522716746,0.583,-0.459,6.899,138,119.53125,17.96875,7.37,0.5585993153435624,60,112.5,7.03125,7.074,-1.6814535479687922,157.0,113.28125,21.09375,7.031,1.5707963267948966,83.0,118.75,10.15625,6.72,-0.6202494859828215,129.0,107.8125,17.1875,6.298,2.62244653934327,,,,,
109,125.0,14.0625,1.7085015611223877,-0.542,0.47,7.113,83,118.75,10.15625,7.37,-2.5829933382462307,61,125.0,7.03125,7.031,-1.5707963267948966,130.0,131.25,17.1875,6.987,0.4636476090008061,84.0,130.46875,10.15625,6.72,-0.6202494859828215,138.0,119.53125,17.96875,6.72,2.5213431676069717,165.0,125.78125,21.875,7.851,1.4711276743037347
110,153.90625,14.0625,1.6759934257030542,-3.103,-0.258,7.413,147,158.59375,19.53125,7.202,0.8621700546672264,62,156.25,7.03125,7.411,-1.2490457723982544,158.0,151.5625,21.09375,7.411,1.892546881191539,126.0,146.875,16.40625,7.411,2.819842099193151,79.0,149.21875,9.375,6.629,-2.356194490192345,92.0,161.71875,10.9375,8.414,-0.3805063771123649
111,169.53125,14.0625,1.645117649532364,-3.126,0.455,7.087,63,168.75,7.03125,7.074,-1.6814535479687922,159,169.53125,21.09375,7.031,1.5707963267948966,132.0,175.78125,17.1875,6.987,0.4636476090008061,85.0,175.0,10.15625,6.72,-0.6202494859828215,131.0,164.0625,17.1875,6.298,2.62244653934327,92.0,161.71875,10.9375,8.414,-2.761086276477428
112,182.03125,14.0625,1.6603920679562503,-2.724,0.511,7.324,64,181.25,7.03125,7.074,-1.6814535479687922,160,181.25,21.09375,7.074,1.6814535479687922,132.0,175.78125,17.1875,6.987,2.677945044588987,86.0,187.5,10.15625,6.72,-0.6202494859828215,85.0,175.0,10.15625,8.043,-2.6344941491974563,139.0,189.0625,17.96875,8.043,0.507098504392337
113,215.625,14.0625,1.6775068256823769,-2.852,0.125,6.805,65,213.28125,7.03125,7.411,-1.892546881191539,104,208.59375,13.28125,7.074,-3.0309354324158977,148.0,211.71875,19.53125,6.72,2.191045812777718,149.0,219.53125,19.53125,6.72,0.9505468408120752,80.0,219.53125,9.375,6.101,-0.8760580505981934,,,,,
114,225.0,14.0625,1.6331566468193934,-0.045,0.494,7.341,80,219.53125,9.375,7.202,-2.432966381462123,66,225.78125,7.03125,7.074,-1.460139105621001,133.0,232.03125,17.1875,7.694,0.4182243295792291,149.0,219.53125,19.53125,7.733,2.356194490192345,87.0,232.03125,10.15625,8.043,-0.507098504392337,152.0,225.78125,20.3125,6.298,1.446441332248135
115,238.28125,14.0625,1.6632265855400294,-2.173,0.494,7.028,87,232.03125,10.15625,7.37,-2.5829933382462307,67,237.5,7.03125,7.074,-1.6814535479687922,161.0,238.28125,21.09375,7.031,1.5707963267948966,133.0,232.03125,17.1875,6.987,2.677945044588987,134.0,244.53125,17.1875,6.987,0.4636476090008061,88.0,243.75,10.15625,6.72,-0.6202494859828215
116,292.96875,14.0625,1.6623923157251717,-1.256,-0.26,7.089,76,288.28125,8.59375,7.202,-2.279422598922567,124,285.9375,15.625,7.202,2.922923707715851,141.0,299.21875,17.96875,7.37,0.5585993153435624,68.0,295.3125,7.03125,7.411,-1.2490457723982544,96.0,299.21875,11.71875,6.675,-0.35877067027057225,155.0,290.625,20.3125,6.675,1.9295669970654687
117,20.3125,14.84375,1.6419935179516891,-1.173,0.086,7.368,101,13.28125,13.28125,7.202,-2.922923707715851,74,24.21875,8.59375,7.37,-1.0121970114513341,156.0,24.21875,21.09375,7.37,1.0121970114513341,69.0,17.1875,7.8125,7.694,-1.9890206563741257,150.0,16.40625,20.3125,6.72,2.191045812777718,120.0,28.125,15.625,7.851,0.09966865249116202
118,35.15625,14.84375,1.6823524765955356,-1.176,-0.207,7.329,146,40.625,19.53125,7.202,0.7086262721276703,70,37.5,7.8125,7.411,-1.2490457723982544,162.0,32.8125,21.875,7.411,1.892546881191539,120.0,28.125,15.625,7.074,3.0309354324158977,77.0,31.25,9.375,6.72,-2.191045812777718,98.0,42.96875,12.5,8.156,-0.2914567944778671
119,89.84375,14.84375,1.6880380701260393,2.144,-0.219,7.234,102,96.875,13.28125,7.202,-0.21866894587394195,151,94.53125,20.3125,7.202,0.8621700546672264,164.0,87.5,21.875,7.411,1.892546881191539,72.0,92.1875,7.8125,7.411,-1.2490457723982544,78.0,84.375,9.375,7.733,-2.356194490192345,125.0,83.59375,16.40625,6.442,2.896613990462929
120,28.125,15.625,1.6554292549562626,-1.628,-0.014,7.415,118,35.15625,14.84375,7.074,-0.11065722117389565,77,31.25,9.375,6.987,-1.1071487177940904,156.0,24.21875,21.09375,6.72,2.191045812777718,162.0,32.8125,21.875,7.812,0.9272952180016122,117.0,20.3125,14.84375,7.851,-3.0419240010986313,74.0,24.21875,8.59375,8.043,-2.0778948311872334
121,56.25,15.625,1.6146836537544187,2.518,-0.107,7.971,167,59.375,22.65625,7.694,1.1525719972156676,71,57.03125,7.8125,7.851,-1.4711276743037347,128.0,64.0625,17.1875,7.967,0.19739555984988075,127.0,48.4375,17.1875,7.967,2.9441970937399127,166.0,52.34375,22.65625,8.043,2.0778948311872334,82.0,50.0,10.15625,8.304,-2.4227626539681686
122,77.34375,15.625,1.6553556229139026,2.009,0.186,7.153,75,75.78125,8.59375,7.202,-1.7894652726688385,107,70.3125,14.0625,7.202,-2.922923707715851,163.0,73.4375,21.875,7.37,2.129395642138459,168.0,80.46875,22.65625,7.694,1.1525719972156676,125.0,83.59375,16.40625,6.298,0.12435499454676144,,,,,
123,258.59375,15.625,1.5266375188669097,0.335,-0.449,7.5,154,264.0625,20.3125,7.202,0.7086262721276703,81,256.25,9.375,6.675,-1.9295669970654687,173.0,257.03125,23.4375,7.967,1.7681918866447774,106.0,266.40625,13.28125,8.156,-0.2914567944778671,,,,,,,,,,
124,285.9375,15.625,1.7017123409280872,0.259,-0.248,7.173,135,278.90625,17.1875,7.202,2.922923707715851,116,292.96875,14.0625,7.202,-0.21866894587394195,76.0,288.28125,8.59375,7.411,-1.2490457723982544,93.0,281.25,10.9375,6.629,-2.356194490192345,155.0,290.625,20.3125,6.629,0.7853981633974483,174.0,284.375,23.4375,7.967,1.7681918866447774
125,83.59375,16.40625,1.6618575900841843,1.001,-0.158,6.704,78,84.375,9.375,7.074,-1.460139105621001,168,80.46875,22.65625,6.987,2.0344439357957027,164.0,87.5,21.875,6.72,0.9505468408120752,119.0,89.84375,14.84375,6.442,-0.24497866312686414,122.0,77.34375,15.625,6.298,-3.017237659043032,,,,,
126,146.875,16.40625,1.6723148434454502,-0.158,-0.267,7.211,91,142.1875,10.9375,7.202,-2.279422598922567,172,145.3125,23.4375,7.202,1.7894652726688385,110.0,153.90625,14.0625,7.411,-0.3217505543966422,79.0,149.21875,9.375,7.411,-1.2490457723982544,142.0,139.84375,18.75,7.411,2.819842099193151,158.0,151.5625,21.09375,6.629,0.7853981633974483
127,48.4375,17.1875,1.6478902434981921,2.504,-0.234,7.32,82,50.0,10.15625,7.202,-1.3521273809209546,98,42.96875,12.5,7.202,-2.432966381462123,166.0,52.34375,22.65625,6.72,0.9505468408120752,169.0,46.09375,23.4375,6.675,1.9295669970654687,121.0,56.25,15.625,7.967,-0.19739555984988075,146.0,40.625,19.53125,8.156,2.8501358591119264
128,64.0625,17.1875,1.6530614736866596,3.024,0.334,7.026,167,59.375,22.65625,7.202,2.279422598922567,107,70.3125,14.0625,6.987,-0.4636476090008061,170.0,66.40625,23.4375,6.675,1.2120256565243244,121.0,56.25,15.625,7.967,-2.9441970937399127,89.0,63.28125,10.9375,6.298,-1.695151321341658,,,,,
129,107.8125,17.1875,1.6628859769958788,1.57,-0.343,6.549,90,104.6875,10.9375,6.987,-2.0344439357957027,157,113.28125,21.09375,6.72,0.6202494859828215,171.0,106.25,23.4375,6.442,1.8157749899217608,108.0,113.28125,14.0625,6.298,-0.5191461142465229,137.0,101.5625,17.96875,6.298,3.017237659043032,,,,,
130,131.25,17.1875,1.695903416795435,-2.648,0.467,7.037,165,125.78125,21.875,7.202,2.432966381462123,175,132.8125,24.21875,7.202,1.3521273809209546,84.0,130.46875,10.15625,7.074,-1.6814535479687922,109.0,125.0,14.0625,6.987,-2.677945044588987,103.0,136.71875,13.28125,6.72,-0.6202494859828215,,,,,
131,164.0625,17.1875,1.6186263796061342,1.059,0.487,6.543,176,163.28125,24.21875,7.074,1.6814535479687922,159,169.53125,21.09375,6.72,0.6202494859828215,92.0,161.71875,10.9375,6.675,-1.9295669970654687,111.0,169.53125,14.0625,6.298,-0.5191461142465229,147.0,158.59375,19.53125,5.949,2.7367008673047097,,,,,
132,175.78125,17.1875,1.6813769347790586,2.146,0.515,7.158,159,169.53125,21.09375,7.37,2.5829933382462307,85,175.0,10.15625,7.074,-1.6814535479687922,111.0,169.53125,14.0625,6.987,-2.677945044588987,112.0,182.03125,14.0625,6.987,-0.4636476090008061,160.0,181.25,21.09375,6.72,0.6202494859828215,184.0,175.78125,25.0,7.812,1.5707963267948966
133,232.03125,17.1875,1.6638446272650216,2.518,-0.497,7.32,161,238.28125,21.09375,7.37,0.5585993153435624,87,232.03125,10.15625,7.031,-1.5707963267948966,152.0,225.78125,20.3125,6.987,2.677945044588987,115.0,238.28125,14.0625,6.987,-0.4636476090008061,114.0,225.0,14.0625,7.694,-2.723368324010564,187.0,231.25,25.0,7.851,1.6704649792860586
134,244.53125,17.1875,1.710002673177174,-2.84,0.463,7.028,161,238.28125,21.09375,7.37,2.5829933382462307,88,243.75,10.15625,7.074,-1.6814535479687922,179.0,244.53125,24.21875,7.031,1.5707963267948966,115.0,238.28125,14.0625,6.987,-2.677945044588987,153.0,250.78125,20.3125,6.987,0.4636476090008061,105.0,250.0,13.28125,6.72,-0.6202494859828215
135,278.90625,17.1875,1.684313144542229,2.025,-0.207,7.549,124,285.9375,15.625,7.202,-0.21866894587394195,180,276.5625,24.21875,7.411,1.892546881191539,95.0,273.4375,11.71875,7.733,-2.356194490192345,93.0,281.25,10.9375,6.675,-1.2120256565243244,144.0,271.09375,18.75,7.967,2.9441970937399127,174.0,284.375,23.4375,8.304,0.8519663271732721
136,3.125,17.96875,1.638905048847142,-0.371,0.29,6.806,182,3.90625,25.0,7.074,1.460139105621001,94,0.0,11.71875,6.987,-2.0344439357957027,97.0,7.03125,12.5,6.72,-0.9505468408120752,145.0,9.375,19.53125,6.442,0.24497866312686414,,,,,,,,,,
137,101.5625,17.96875,1.6738797154734366,1.301,-0.2,7.108,171,106.25,23.4375,7.202,0.8621700546672264,151,94.53125,20.3125,7.411,2.819842099193151,183.0,99.21875,25.0,7.411,1.892546881191539,90.0,104.6875,10.9375,7.694,-1.1525719972156676,102.0,96.875,13.28125,6.629,-2.356194490192345,129.0,107.8125,17.1875,6.298,-0.12435499454676144
138,119.53125,17.96875,1.6748649945674825,-2.521,0.513,7.352,108,113.28125,14.0625,7.37,-2.5829933382462307,165,125.78125,21.875,7.37,0.5585993153435624,157.0,113.28125,21.09375,6.987,2.677945044588987,109.0,125.0,14.0625,6.72,-0.6202494859828215,189.0,119.53125,25.78125,7.812,1.5707963267948966,83.0,118.75,10.15625,7.851,-1.6704649792860586
139,189.0625,17.96875,1.6027027064303367,-3.079,-0.474,7.774,99,194.53125,12.5,7.733,-0.7853981633974483,178,193.75,24.21875,7.812,0.9272952180016122,177.0,186.71875,24.21875,6.675,1.9295669970654687,86.0,187.5,10.15625,7.967,-1.7681918866447774,112.0,182.03125,14.0625,8.043,-2.6344941491974563,160.0,181.25,21.09375,8.414,2.761086276477428
140,197.65625,17.96875,1.6371597987213395,1.802,0.058,7.292,178,193.75,24.21875,7.37,2.129395642138459,143,204.6875,18.75,7.074,0.11065722117389565,185.0,200.78125,25.0,7.694,1.1525719972156676,100.0,201.5625,12.5,6.72,-0.9505468408120752,99.0,194.53125,12.5,6.298,-2.0899424410414196,139.0,189.0625,17.96875,8.593,3.141592653589793
141,299.21875,17.96875,1.4898708887207215,-2.686,0.164,6.869,116,292.96875,14.0625,7.37,-2.5829933382462307,181,296.09375,24.21875,6.987,2.0344439357957027,96.0,299.21875,11.71875,6.25,-1.5707963267948966,,,,,,,,,,,,,,,
142,139.84375,18.75,1.610269424952137,-0.345,-0.338,7.228,172,145.3125,23.4375,7.202,0.7086262721276703,126,146.875,16.40625,7.411,-0.3217505543966422,190.0,139.0625,25.78125,7.074,1.6814535479687922,91.0,142.1875,10.9375,8.156,-1.2793395323170296,103.0,136.71875,13.28125,6.298,-2.0899424410414196,,,,,
143,204.6875,18.75,1.7063712635088906,0.589,0.078,7.035,185,200.78125,25.0,7.37,2.129395642138459,148,211.71875,19.53125,7.074,0.11065722117389565,140.0,197.65625,17.96875,7.074,-3.0309354324158977,100.0,201.5625,12.5,6.987,-2.0344439357957027,186.0,207.8125,25.0,6.987,1.1071487177940904,104.0,208.59375,13.28125,6.72,-0.9505468408120752
144,271.09375,18.75,1.6520396814137874,-0.074,-0.224,7.326,106,266.40625,13.28125,7.202,-2.279422598922567,154,264.0625,20.3125,7.202,2.922923707715851,95.0,273.4375,11.71875,7.411,-1.2490457723982544,180.0,276.5625,24.21875,7.733,0.7853981633974483,135.0,278.90625,17.1875,7.967,-0.19739555984988075,188.0,269.53125,25.0,6.442,1.8157749899217608
145,9.375,19.53125,1.7045455462119838,-2.083,0.178,7.24,101,13.28125,13.28125,7.37,-1.0121970114513341,97,7.03125,12.5,7.411,-1.892546881191539,193.0,11.71875,26.5625,7.411,1.2490457723982544,150.0,16.40625,20.3125,7.074,0.11065722117389565,182.0,3.90625,25.0,7.733,2.356194490192345,136.0,3.125,17.96875,6.442,-2.896613990462929
146,40.625,19.53125,1.6317045927358242,-0.094,-0.328,7.453,118,35.15625,14.84375,7.202,-2.432966381462123,98,42.96875,12.5,7.411,-1.2490457723982544,195.0,39.84375,26.5625,7.074,1.6814535479687922,169.0,46.09375,23.4375,6.72,0.6202494859828215,162.0,32.8125,21.875,8.156,2.8501358591119264,127.0,48.4375,17.1875,8.156,-0.2914567944778671
147,158.59375,19.53125,1.6226638967756573,1.854,-0.329,6.837,110,153.90625,14.0625,7.202,-2.279422598922567,158,151.5625,21.09375,7.202,2.922923707715851,196.0,157.03125,26.5625,7.202,1.7894652726688385,176.0,163.28125,24.21875,6.629,0.7853981633974483,131.0,164.0625,17.1875,5.949,-0.40489178628508343,,,,,
148,211.71875,19.53125,1.695875003198833,-1.056,0.055,7.114,191,215.625,25.78125,7.37,1.0121970114513341,143,204.6875,18.75,7.074,-3.0309354324158977,104.0,208.59375,13.28125,6.987,-2.0344439357957027,113.0,215.625,14.0625,6.72,-0.9505468408120752,186.0,207.8125,25.0,6.72,2.191045812777718,149.0,219.53125,19.53125,7.812,0.0
149,219.53125,19.53125,1.6511886559711013,1.468,0.06,7.153,191,215.625,25.78125,7.37,2.129395642138459,192,222.65625,25.78125,6.987,1.1071487177940904,114.0,225.0,14.0625,7.733,-0.7853981633974483,113.0,215.625,14.0625,6.72,-2.191045812777718,148.0,211.71875,19.53125,7.812,3.141592653589793,152.0,225.78125,20.3125,6.298,0.12435499454676144
150,16.40625,20.3125,1.701637901258811,-0.706,0.084,7.42,194,20.3125,26.5625,7.37,1.0121970114513341,145,9.375,19.53125,7.074,-3.0309354324158977,101.0,13.28125,13.28125,7.694,-1.9890206563741257,117.0,20.3125,14.84375,6.72,-0.9505468408120752,193.0,11.71875,26.5625,7.812,2.214297435588181,156.0,24.21875,21.09375,7.851,0.09966865249116202
151,94.53125,20.3125,1.6708121037709354,-1.186,-0.237,7.335,119,89.84375,14.84375,7.202,-2.279422598922567,164,87.5,21.875,7.202,2.922923707715851,102.0,96.875,13.28125,7.411,-1.2490457723982544,137.0,101.5625,17.96875,7.411,-0.3217505543966422,183.0,99.21875,25.0,6.629,0.7853981633974483,202.0,92.1875,28.125,8.156,1.8622531212727638
152,225.78125,20.3125,1.6220655273916271,-0.824,-0.462,6.617,187,231.25,25.0,7.202,0.7086262721276703,133,232.03125,17.1875,6.987,-0.4636476090008061,114.0,225.0,14.0625,6.298,-1.695151321341658,149.0,219.53125,19.53125,6.298,-3.017237659043032,192.0,222.65625,25.78125,6.298,2.0899424410414196,,,,,
153,250.78125,20.3125,1.6992345719796744,2.582,-0.51,7.098,179,244.53125,24.21875,7.37,2.5829933382462307,105,250.0,13.28125,7.074,-1.6814535479687922,199.0,251.5625,27.34375,7.074,1.460139105621001,134.0,244.53125,17.1875,6.987,-2.677945044588987,173.0,257.03125,23.4375,6.987,0.4636476090008061,,,,,
154,264.0625,20.3125,1.6715789688998743,0.74,-0.321,7.168,123,258.59375,15.625,7.202,-2.432966381462123,144,271.09375,18.75,7.202,-0.21866894587394195,188.0,269.53125,25.0,7.202,0.7086262721276703,106.0,266.40625,13.28125,7.411,-1.2490457723982544,173.0,257.03125,23.4375,7.694,2.723368324010564,197.0,263.28125,26.5625,6.298,1.695151321341658
155,290.625,20.3125,1.6584643370206378,2.418,-0.451,6.808,200,290.625,27.34375,7.031,1.5707963267948966,174,284.375,23.4375,6.987,2.677945044588987,181.0,296.09375,24.21875,6.72,0.6202494859828215,116.0,292.96875,14.0625,6.675,-1.2120256565243244,124.0,285.9375,15.625,6.629,-2.356194490192345,,,,,
156,24.21875,21.09375,1.669636343963532,2.712,0.069,7.379,117,20.3125,14.84375,7.37,-2.129395642138459,198,27.34375,27.34375,6.987,1.1071487177940904,194.0,20.3125,26.5625,6.72,2.191045812777718,120.0,28.125,15.625,6.72,-0.9505468408120752,150.0,16.40625,20.3125,7.851,-3.0419240010986313,162.0,32.8125,21.875,8.629,0.09065988720074511
157,113.28125,21.09375,1.7010964279337006,-2.697,-0.408,7.194,203,111.71875,28.125,7.202,1.7894652726688385,171,106.25,23.4375,7.411,2.819842099193151,108.0,113.28125,14.0625,7.031,-1.5707963267948966,138.0,119.53125,17.96875,6.987,-0.4636476090008061,129.0,107.8125,17.1875,6.72,-2.5213431676069717,189.0,119.53125,25.78125,7.812,0.6435011087932844
158,151.5625,21.09375,1.6499021479411402,0.804,-0.272,7.269,147,158.59375,19.53125,7.202,-0.21866894587394195,110,153.90625,14.0625,7.411,-1.2490457723982544,196.0,157.03125,26.5625,7.733,0.7853981633974483,172.0,145.3125,23.4375,6.675,2.782821983319221,126.0,146.875,16.40625,6.629,-2.356194490192345,211.0,150.0,28.90625,7.967,1.7681918866447774
159,169.53125,21.09375,1.683977863439695,-2.29,-0.479,7.092,132,175.78125,17.1875,7.37,-0.5585993153435624,184,175.78125,25.0,7.37,0.5585993153435624,204.0,168.75,28.125,7.074,1.6814535479687922,111.0,169.53125,14.0625,7.031,-1.5707963267948966,176.0,163.28125,24.21875,6.987,2.677945044588987,131.0,164.0625,17.1875,6.72,-2.5213431676069717
160,181.25,21.09375,1.6528117667882634,0.329,-0.497,7.309,112,182.03125,14.0625,7.074,-1.460139105621001,132,175.78125,17.1875,6.72,-2.5213431676069717,184.0,175.78125,25.0,6.72,2.5213431676069717,177.0,186.71875,24.21875,6.298,0.5191461142465229,139.0,189.0625,17.96875,8.414,-0.3805063771123649,216.0,182.03125,29.6875,8.629,1.4801364395941514
161,238.28125,21.09375,1.6894443478703007,-0.796,0.498,7.312,133,232.03125,17.1875,7.37,-2.5829933382462307,134,244.53125,17.1875,7.37,-0.5585993153435624,205.0,239.0625,28.125,7.074,1.460139105621001,115.0,238.28125,14.0625,7.031,-1.5707963267948966,179.0,244.53125,24.21875,6.987,0.4636476090008061,187.0,231.25,25.0,8.043,2.6344941491974563
162,32.8125,21.875,1.6335698023378131,0.204,-0.321,7.922,118,35.15625,14.84375,7.411,-1.2490457723982544,198,27.34375,27.34375,7.733,2.356194490192345,120.0,28.125,15.625,7.812,-2.214297435588181,214.0,34.375,29.6875,7.967,1.373400766945016,146.0,40.625,19.53125,8.156,-0.2914567944778671,195.0,39.84375,26.5625,8.45,0.5880026035475675
163,73.4375,21.875,1.5629327202824859,0.924,0.004,7.633,170,66.40625,23.4375,7.202,2.922923707715851,122,77.34375,15.625,7.37,-1.0121970114513341,168.0,80.46875,22.65625,7.074,0.11065722117389565,207.0,70.3125,28.90625,7.694,1.9890206563741257,208.0,77.34375,28.90625,8.043,1.0636978224025597,107.0,70.3125,14.0625,8.414,-1.9513027039072615
164,87.5,21.875,1.6291404590120375,-2.091,-0.142,7.319,151,94.53125,20.3125,7.202,-0.21866894587394195,119,89.84375,14.84375,7.411,-1.2490457723982544,168.0,80.46875,22.65625,7.074,3.0309354324158977,209.0,84.375,28.90625,7.694,1.9890206563741257,125.0,83.59375,16.40625,6.72,-2.191045812777718,202.0,92.1875,28.125,7.812,0.9272952180016122
165,125.78125,21.875,1.6878019110137603,-1.031,0.39,7.436,130,131.25,17.1875,7.202,-0.7086262721276703,138,119.53125,17.96875,7.37,-2.5829933382462307,189.0,119.53125,25.78125,7.37,2.5829933382462307,175.0,132.8125,24.21875,7.411,0.3217505543966422,210.0,128.125,28.90625,7.411,1.2490457723982544,109.0,125.0,14.0625,7.851,-1.6704649792860586
166,52.34375,22.65625,1.6410652252324256,2.391,-0.028,7.14,167,59.375,22.65625,7.031,0.0,127,48.4375,17.1875,6.72,-2.191045812777718,121.0,56.25,15.625,8.043,-1.0636978224025597,169.0,46.09375,23.4375,6.298,3.017237659043032,201.0,55.46875,28.125,6.298,1.0516502125483738,215.0,47.65625,29.6875,8.45,2.158798930342464
167,59.375,22.65625,1.6749763235101611,0.486,0.077,7.182,128,64.0625,17.1875,7.202,-0.8621700546672264,206,63.28125,28.90625,7.37,1.0121970114513341,170.0,66.40625,23.4375,7.074,0.11065722117389565,166.0,52.34375,22.65625,7.031,3.141592653589793,121.0,56.25,15.625,7.694,-1.9890206563741257,201.0,55.46875,28.125,6.72,2.191045812777718
168,80.46875,22.65625,1.6932766359485765,-1.163,-0.011,7.198,209,84.375,28.90625,7.37,1.0121970114513341,164,87.5,21.875,7.074,-0.11065722117389565,163.0,73.4375,21.875,7.074,-3.0309354324158977,125.0,83.59375,16.40625,6.987,-1.1071487177940904,208.0,77.34375,28.90625,6.987,2.0344439357957027,122.0,77.34375,15.625,7.694,-1.9890206563741257
169,46.09375,23.4375,1.612767406980457,-2.07,-0.393,6.624,195,39.84375,26.5625,6.987,2.677945044588987,146,40.625,19.53125,6.72,-2.5213431676069717,127.0,48.4375,17.1875,6.675,-1.2120256565243244,215.0,47.65625,29.6875,6.442,1.3258176636680326,166.0,52.34375,22.65625,6.298,-0.12435499454676144,,,,,
170,66.40625,23.4375,1.6534299870550917,2.166,-0.006,6.794,163,73.4375,21.875,7.202,-0.21866894587394195,167,59.375,22.65625,7.074,-3.0309354324158977,207.0,70.3125,28.90625,6.72,0.9505468408120752,128.0,64.0625,17.1875,6.675,-1.9295669970654687,206.0,63.28125,28.90625,6.298,2.0899424410414196,,,,,
171,106.25,23.4375,1.695933121932671,-0.713,-0.293,7.089,137,101.5625,17.96875,7.202,-2.279422598922567,183,99.21875,25.0,7.202,2.922923707715851,203.0,111.71875,28.125,7.202,0.7086262721276703,157.0,113.28125,21.09375,7.411,-0.3217505543966422,217.0,105.46875,30.46875,7.074,1.6814535479687922,129.0,107.8125,17.1875,6.442,-1.3258176636680326
172,145.3125,23.4375,1.7007667152157218,2.674,-0.298,7.185,126,146.875,16.40625,7.202,-1.3521273809209546,142,139.84375,18.75,7.202,-2.432966381462123,211.0,150.0,28.90625,7.202,0.8621700546672264,158.0,151.5625,21.09375,6.675,-0.35877067027057225,190.0,139.0625,25.78125,6.675,2.782821983319221,226.0,142.96875,31.25,8.156,1.8622531212727638
173,257.03125,23.4375,1.6386134609710006,0.433,0.511,7.238,220,257.8125,30.46875,7.074,1.460139105621001,153,250.78125,20.3125,6.987,-2.677945044588987,197.0,263.28125,26.5625,6.987,0.4636476090008061,154.0,264.0625,20.3125,7.694,-0.4182243295792291,199.0,251.5625,27.34375,6.72,2.5213431676069717,123.0,258.59375,15.625,7.967,-1.373400766945016
174,284.375,23.4375,1.6012326700258308,-1.953,-0.279,7.533,200,290.625,27.34375,7.37,0.5585993153435624,155,290.625,20.3125,6.987,-0.4636476090008061,212.0,280.46875,28.90625,6.72,2.191045812777718,180.0,276.5625,24.21875,7.851,3.0419240010986313,124.0,285.9375,15.625,7.967,-1.373400766945016,135.0,278.90625,17.1875,8.304,-2.289626326416521
175,132.8125,24.21875,1.6589330185750863,2.339,0.32,7.019,130,131.25,17.1875,7.202,-1.7894652726688385,165,125.78125,21.875,7.411,-2.819842099193151,225.0,135.15625,31.25,7.411,1.2490457723982544,210.0,128.125,28.90625,6.629,2.356194490192345,190.0,139.0625,25.78125,6.442,0.24497866312686414,,,,,
176,163.28125,24.21875,1.7092330932024808,-1.288,-0.392,6.86,131,164.0625,17.1875,7.074,-1.460139105621001,227,162.5,31.25,7.074,1.6814535479687922,159.0,169.53125,21.09375,6.987,-0.4636476090008061,204.0,168.75,28.125,6.72,0.6202494859828215,196.0,157.03125,26.5625,6.675,2.782821983319221,147.0,158.59375,19.53125,6.629,-2.356194490192345
177,186.71875,24.21875,1.6607858979430867,0.962,0.107,6.776,216,182.03125,29.6875,7.202,2.279422598922567,178,193.75,24.21875,7.031,0.0,139.0,189.0625,17.96875,6.675,-1.2120256565243244,218.0,189.0625,30.46875,6.675,1.2120256565243244,160.0,181.25,21.09375,6.298,-2.62244653934327,,,,,
178,193.75,24.21875,1.6681188273293142,2.54,0.037,7.348,140,197.65625,17.96875,7.37,-1.0121970114513341,185,200.78125,25.0,7.074,0.11065722117389565,177.0,186.71875,24.21875,7.031,3.141592653589793,219.0,196.875,30.46875,6.987,1.1071487177940904,139.0,189.0625,17.96875,7.812,-2.214297435588181,218.0,189.0625,30.46875,7.812,2.214297435588181
179,244.53125,24.21875,1.6845006777399625,0.024,0.455,7.146,153,250.78125,20.3125,7.37,-0.5585993153435624,232,245.3125,31.25,7.074,1.460139105621001,134.0,244.53125,17.1875,7.031,-1.5707963267948966,161.0,238.28125,21.09375,6.987,-2.677945044588987,199.0,251.5625,27.34375,7.694,0.4182243295792291,205.0,239.0625,28.125,6.72,2.5213431676069717
180,276.5625,24.21875,1.6112261250614972,3.051,-0.151,7.193,135,278.90625,17.1875,7.411,-1.2490457723982544,188,269.53125,25.0,7.074,3.0309354324158977,221.0,273.4375,30.46875,6.987,2.0344439357957027,144.0,271.09375,18.75,7.733,-2.356194490192345,174.0,284.375,23.4375,7.851,-0.09966865249116202,212.0,280.46875,28.90625,6.101,0.8760580505981934
181,296.09375,24.21875,1.6008148950846417,-3.034,-0.378,6.748,141,299.21875,17.96875,6.987,-1.1071487177940904,222,299.21875,30.46875,6.987,1.1071487177940904,155.0,290.625,20.3125,6.72,-2.5213431676069717,200.0,290.625,27.34375,6.298,2.62244653934327,,,,,,,,,,
182,3.90625,25.0,1.6079353274629913,0.204,0.32,7.216,233,5.46875,32.03125,7.202,1.3521273809209546,136,3.125,17.96875,7.074,-1.6814535479687922,145.0,9.375,19.53125,7.733,-0.7853981633974483,193.0,11.71875,26.5625,7.967,0.19739555984988075,213.0,0.0,29.6875,6.101,2.2655346029916,,,,,
183,99.21875,25.0,1.663743291495447,0.55,-0.305,7.256,171,106.25,23.4375,7.202,-0.21866894587394195,137,101.5625,17.96875,7.411,-1.2490457723982544,202.0,92.1875,28.125,7.694,2.723368324010564,151.0,94.53125,20.3125,6.629,-2.356194490192345,224.0,98.4375,31.25,6.298,1.695151321341658,217.0,105.46875,30.46875,8.304,0.7188299996216245
184,175.78125,25.0,1.6808909538335841,-2.749,-0.474,7.284,159,169.53125,21.09375,7.37,-2.5829933382462307,204,168.75,28.125,7.694,2.723368324010564,160.0,181.25,21.09375,6.72,-0.6202494859828215,132.0,175.78125,17.1875,7.812,-1.5707963267948966,216.0,182.03125,29.6875,7.812,0.6435011087932844,228.0,175.0,31.25,6.298,1.695151321341658
185,200.78125,25.0,1.6760548330813425,-1.596,0.068,7.146,143,204.6875,18.75,7.37,-1.0121970114513341,178,193.75,24.21875,7.074,-3.0309354324158977,186.0,207.8125,25.0,7.031,0.0,229.0,203.90625,31.25,6.987,1.1071487177940904,140.0,197.65625,17.96875,7.694,-1.9890206563741257,219.0,196.875,30.46875,6.72,2.191045812777718
186,207.8125,25.0,1.6877000052122442,1.237,0.058,7.158,229,203.90625,31.25,7.37,2.129395642138459,185,200.78125,25.0,7.031,3.141592653589793,230.0,210.9375,31.25,6.987,1.1071487177940904,143.0,204.6875,18.75,6.987,-2.0344439357957027,148.0,211.71875,19.53125,6.72,-0.9505468408120752,191.0,215.625,25.78125,7.851,0.09966865249116202
187,231.25,25.0,1.596815377115675,0.05,0.479,7.734,152,225.78125,20.3125,7.202,-2.432966381462123,133,232.03125,17.1875,7.851,-1.4711276743037347,161.0,238.28125,21.09375,8.043,-0.507098504392337,231.0,232.8125,31.25,6.442,1.3258176636680326,205.0,239.0625,28.125,8.414,0.3805063771123649,236.0,226.5625,32.03125,8.45,2.158798930342464
188,269.53125,25.0,1.628659878983608,-1.441,-0.258,6.776,154,264.0625,20.3125,7.202,-2.432966381462123,180,276.5625,24.21875,7.074,-0.11065722117389565,221.0,273.4375,30.46875,6.72,0.9505468408120752,144.0,271.09375,18.75,6.442,-1.3258176636680326,197.0,263.28125,26.5625,6.442,2.896613990462929,,,,,
189,119.53125,25.78125,1.6236037507708794,-2.532,-0.482,7.627,165,125.78125,21.875,7.37,-0.5585993153435624,234,116.40625,32.03125,6.987,2.0344439357957027,157.0,113.28125,21.09375,7.812,-2.498091544796509,138.0,119.53125,17.96875,7.812,-1.5707963267948966,203.0,111.71875,28.125,8.156,2.8501358591119264,,,,,
190,139.0625,25.78125,1.686949774970013,0.48,-0.162,6.726,142,139.84375,18.75,7.074,-1.460139105621001,225,135.15625,31.25,6.72,2.191045812777718,226.0,142.96875,31.25,6.72,0.9505468408120752,172.0,145.3125,23.4375,6.675,-0.35877067027057225,175.0,132.8125,24.21875,6.442,-2.896613990462929,,,,,
191,215.625,25.78125,1.6719438810631735,-2.522,0.056,7.302,230,210.9375,31.25,7.202,2.279422598922567,148,211.71875,19.53125,7.37,-2.129395642138459,149.0,219.53125,19.53125,7.37,-1.0121970114513341,192.0,222.65625,25.78125,7.031,0.0,235.0,218.75,32.03125,6.987,1.1071487177940904,186.0,207.8125,25.0,7.851,-3.0419240010986313
192,222.65625,25.78125,1.6423272322814393,-1.294,-0.006,7.281,236,226.5625,32.03125,7.37,1.0121970114513341,235,218.75,32.03125,7.37,2.129395642138459,191.0,215.625,25.78125,7.031,3.141592653589793,149.0,219.53125,19.53125,6.987,-2.0344439357957027,152.0,225.78125,20.3125,6.298,-1.0516502125483738,187.0,231.25,25.0,8.629,-0.09065988720074511
193,11.71875,26.5625,1.6334714804019295,-1.153,0.143,7.786,145,9.375,19.53125,7.411,-1.892546881191539,150,16.40625,20.3125,7.812,-0.9272952180016122,223.0,16.40625,31.25,6.629,0.7853981633974483,182.0,3.90625,25.0,7.967,-2.9441970937399127,233.0,5.46875,32.03125,8.304,2.4227626539681686,194.0,20.3125,26.5625,8.593,0.0
194,20.3125,26.5625,1.6131209773149648,2.58,0.085,7.089,150,16.40625,20.3125,7.37,-2.129395642138459,198,27.34375,27.34375,7.074,0.11065722117389565,156.0,24.21875,21.09375,6.72,-0.9505468408120752,238.0,22.65625,32.8125,6.675,1.2120256565243244,223.0,16.40625,31.25,6.101,2.2655346029916,193.0,11.71875,26.5625,8.593,3.141592653589793
195,39.84375,26.5625,1.6077585865431734,-0.326,0.51,7.404,240,41.40625,33.59375,7.202,1.3521273809209546,146,40.625,19.53125,7.074,-1.460139105621001,169.0,46.09375,23.4375,6.987,-0.4636476090008061,214.0,34.375,29.6875,6.298,2.62244653934327,215.0,47.65625,29.6875,8.414,0.3805063771123649,162.0,32.8125,21.875,8.45,-2.5535900500422257
196,157.03125,26.5625,1.703319240659187,-1.16,-0.316,7.238,147,158.59375,19.53125,7.202,-1.3521273809209546,227,162.5,31.25,7.202,0.7086262721276703,242.0,155.46875,33.59375,7.202,1.7894652726688385,211.0,150.0,28.90625,7.411,2.819842099193151,158.0,151.5625,21.09375,7.733,-2.356194490192345,176.0,163.28125,24.21875,6.675,-0.35877067027057225
197,263.28125,26.5625,1.6217137595165594,-2.583,-0.426,6.624,173,257.03125,23.4375,6.987,-2.677945044588987,220,257.8125,30.46875,6.72,2.5213431676069717,239.0,265.625,32.8125,6.675,1.2120256565243244,188.0,269.53125,25.0,6.442,-0.24497866312686414,154.0,264.0625,20.3125,6.298,-1.446441332248135,,,,,
198,27.34375,27.34375,1.688822202084192,2.143,0.209,7.268,243,28.90625,34.375,7.202,1.3521273809209546,238,22.65625,32.8125,7.202,2.279422598922567,214.0,34.375,29.6875,7.411,0.3217505543966422,194.0,20.3125,26.5625,7.074,-3.0309354324158977,156.0,24.21875,21.09375,6.987,-2.0344439357957027,162.0,32.8125,21.875,7.733,-0.7853981633974483
199,251.5625,27.34375,1.6723316162989983,-3.117,0.455,7.146,232,245.3125,31.25,7.37,2.5829933382462307,153,250.78125,20.3125,7.074,-1.6814535479687922,245.0,251.5625,34.375,7.031,1.5707963267948966,220.0,257.8125,30.46875,6.987,0.4636476090008061,179.0,244.53125,24.21875,7.694,-2.723368324010564,173.0,257.03125,23.4375,6.72,-0.6202494859828215
200,290.625,27.34375,1.6514507162635874,-2.357,0.513,6.948,174,284.375,23.4375,7.37,-2.5829933382462307,246,292.96875,34.375,7.411,1.2490457723982544,155.0,290.625,20.3125,7.031,-1.5707963267948966,237.0,285.9375,32.03125,6.629,2.356194490192345,181.0,296.09375,24.21875,6.298,-0.5191461142465229,,,,,
201,55.46875,28.125,1.6103855118047616,1.066,-0.02,7.259,167,59.375,22.65625,6.72,-0.9505468408120752,244,53.125,34.375,6.675,1.9295669970654687,206.0,63.28125,28.90625,7.851,0.09966865249116202,215.0,47.65625,29.6875,7.967,2.9441970937399127,247.0,59.375,35.15625,8.043,1.0636978224025597,166.0,52.34375,22.65625,6.298,-2.0899424410414196
202,92.1875,28.125,1.6217080680156857,-1.551,-0.199,7.757,224,98.4375,31.25,6.987,0.4636476090008061,183,99.21875,25.0,7.694,-0.4182243295792291,164.0,87.5,21.875,7.812,-2.214297435588181,209.0,84.375,28.90625,7.851,3.0419240010986313,251.0,88.28125,35.15625,8.043,2.0778948311872334,151.0,94.53125,20.3125,8.156,-1.2793395323170296
203,111.71875,28.125,1.6791217009558868,0.843,-0.329,7.217,157,113.28125,21.09375,7.202,-1.3521273809209546,171,106.25,23.4375,7.202,-2.432966381462123,217.0,105.46875,30.46875,6.675,2.782821983319221,254.0,110.15625,35.9375,7.967,1.7681918866447774,189.0,119.53125,25.78125,8.156,-0.2914567944778671,234.0,116.40625,32.03125,6.101,0.6947382761967031
204,168.75,28.125,1.644289874333647,-0.288,-0.486,7.219,159,169.53125,21.09375,7.074,-1.460139105621001,227,162.5,31.25,6.987,2.677945044588987,228.0,175.0,31.25,6.987,0.4636476090008061,184.0,175.78125,25.0,7.694,-0.4182243295792291,176.0,163.28125,24.21875,6.72,-2.5213431676069717,257.0,169.53125,35.9375,7.851,1.4711276743037347
205,239.0625,28.125,1.66762849785725,-2.915,0.464,7.202,161,238.28125,21.09375,7.074,-1.6814535479687922,252,239.0625,35.15625,7.031,1.5707963267948966,232.0,245.3125,31.25,6.987,0.4636476090008061,231.0,232.8125,31.25,6.987,2.677945044588987,179.0,244.53125,24.21875,6.72,-0.6202494859828215,187.0,231.25,25.0,8.414,-2.761086276477428
206,63.28125,28.90625,1.6503643348207697,-2.561,0.025,7.151,167,59.375,22.65625,7.37,-2.129395642138459,247,59.375,35.15625,7.37,2.129395642138459,207.0,70.3125,28.90625,7.031,0.0,248.0,66.40625,35.15625,6.987,1.1071487177940904,201.0,55.46875,28.125,7.851,-3.0419240010986313,170.0,66.40625,23.4375,6.298,-1.0516502125483738
207,70.3125,28.90625,1.690636046330069,3.083,-0.018,7.139,248,66.40625,35.15625,7.37,2.129395642138459,208,77.34375,28.90625,7.031,0.0,206.0,63.28125,28.90625,7.031,3.141592653589793,249.0,73.4375,35.15625,6.987,1.1071487177940904,163.0,73.4375,21.875,7.694,-1.1525719972156676,170.0,66.40625,23.4375,6.72,-2.191045812777718
208,77.34375,28.90625,1.6798429870910847,-2.058,-0.008,7.305,250,81.25,35.15625,7.37,1.0121970114513341,249,73.4375,35.15625,7.37,2.129395642138459,209.0,84.375,28.90625,7.031,0.0,207.0,70.3125,28.90625,7.031,3.141592653589793,168.0,80.46875,22.65625,6.987,-1.1071487177940904,163.0,73.4375,21.875,8.043,-2.0778948311872334
209,84.375,28.90625,1.6503367471281989,-1.941,-0.056,7.384,168,80.46875,22.65625,7.37,-2.129395642138459,251,88.28125,35.15625,7.37,1.0121970114513341,208.0,77.34375,28.90625,7.031,3.141592653589793,250.0,81.25,35.15625,6.987,2.0344439357957027,164.0,87.5,21.875,7.694,-1.1525719972156676,202.0,92.1875,28.125,7.851,-0.09966865249116202
210,128.125,28.90625,1.6077577810076709,0.321,0.299,7.098,165,125.78125,21.875,7.411,-1.892546881191539,225,135.15625,31.25,7.411,0.3217505543966422,255.0,130.46875,35.9375,7.411,1.2490457723982544,175.0,132.8125,24.21875,6.629,-0.7853981633974483,241.0,123.4375,33.59375,6.629,2.356194490192345,,,,,
211,150.0,28.90625,1.6614473251833786,-0.911,-0.302,7.399,172,145.3125,23.4375,7.202,-2.279422598922567,242,155.46875,33.59375,7.202,0.7086262721276703,256.0,148.4375,35.9375,7.202,1.7894652726688385,196.0,157.03125,26.5625,7.411,-0.3217505543966422,226.0,142.96875,31.25,7.411,2.819842099193151,158.0,151.5625,21.09375,7.967,-1.373400766945016
212,280.46875,28.90625,1.6848713065222845,2.475,-0.375,6.67,221,273.4375,30.46875,7.202,2.922923707715851,258,280.46875,35.9375,7.031,1.5707963267948966,174.0,284.375,23.4375,6.72,-0.9505468408120752,237.0,285.9375,32.03125,6.298,0.5191461142465229,180.0,276.5625,24.21875,6.101,-2.2655346029916,,,,,
213,0.0,29.6875,1.6306220034397219,0.381,-0.295,6.36,259,0.0,36.71875,7.031,1.5707963267948966,182,3.90625,25.0,6.101,-0.8760580505981934,233.0,5.46875,32.03125,5.949,0.40489178628508343,,,,,,,,,,,,,,,
214,34.375,29.6875,1.6932183076788436,1.752,0.406,7.462,243,28.90625,34.375,7.202,2.432966381462123,198,27.34375,27.34375,7.411,-2.819842099193151,268.0,35.15625,37.5,7.851,1.4711276743037347,162.0,32.8125,21.875,7.967,-1.7681918866447774,240.0,41.40625,33.59375,8.043,0.507098504392337,195.0,39.84375,26.5625,6.298,-0.5191461142465229
215,47.65625,29.6875,1.6483552278687175,2.119,-0.494,7.411,244,53.125,34.375,7.202,0.7086262721276703,240,41.40625,33.59375,7.37,2.5829933382462307,260.0,46.875,36.71875,7.074,1.6814535479687922,201.0,55.46875,28.125,7.967,-0.19739555984988075,169.0,46.09375,23.4375,6.442,-1.8157749899217608,195.0,39.84375,26.5625,8.414,-2.761086276477428
216,182.03125,29.6875,1.610043034853397,1.842,0.024,7.505,177,186.71875,24.21875,7.202,-0.8621700546672264,228,175.0,31.25,7.202,2.922923707715851,218.0,189.0625,30.46875,7.074,0.11065722117389565,264.0,185.15625,36.71875,7.694,1.1525719972156676,184.0,175.78125,25.0,7.812,-2.498091544796509,263.0,178.125,36.71875,8.043,2.0778948311872334
217,105.46875,30.46875,1.6427475149197963,-2.693,-0.245,7.219,254,110.15625,35.9375,7.202,0.8621700546672264,171,106.25,23.4375,7.074,-1.460139105621001,224.0,98.4375,31.25,7.074,3.0309354324158977,262.0,102.34375,36.71875,6.987,2.0344439357957027,203.0,111.71875,28.125,6.675,-0.35877067027057225,183.0,99.21875,25.0,8.304,-2.4227626539681686
218,189.0625,30.46875,1.6815324897431765,-0.534,0.066,7.352,265,192.96875,36.71875,7.37,1.0121970114513341,264,185.15625,36.71875,7.37,2.129395642138459,216.0,182.03125,29.6875,7.074,-3.0309354324158977,178.0,193.75,24.21875,7.812,-0.9272952180016122,219.0,196.875,30.46875,7.812,0.0,177.0,186.71875,24.21875,6.675,-1.9295669970654687
219,196.875,30.46875,1.6708195033898716,1.268,0.06,7.158,265,192.96875,36.71875,7.37,2.129395642138459,229,203.90625,31.25,7.074,0.11065722117389565,266.0,200.0,36.71875,6.987,1.1071487177940904,178.0,193.75,24.21875,6.987,-2.0344439357957027,185.0,200.78125,25.0,6.72,-0.9505468408120752,218.0,189.0625,30.46875,7.812,3.141592653589793
220,257.8125,30.46875,1.6851876569223379,-1.434,0.417,7.23,245,251.5625,34.375,7.37,2.5829933382462307,173,257.03125,23.4375,7.074,-1.6814535479687922,275.0,258.59375,37.5,7.074,1.460139105621001,199.0,251.5625,27.34375,6.987,-2.677945044588987,197.0,263.28125,26.5625,6.72,-0.6202494859828215,239.0,265.625,32.8125,8.156,0.2914567944778671
221,273.4375,30.46875,1.616870646359185,-2.158,-0.199,7.148,212,280.46875,28.90625,7.202,-0.21866894587394195,180,276.5625,24.21875,6.987,-1.1071487177940904,188.0,269.53125,25.0,6.72,-2.191045812777718,267.0,271.09375,36.71875,6.675,1.9295669970654687,239.0,265.625,32.8125,8.156,2.8501358591119264,,,,,
222,299.21875,30.46875,1.6125407819695108,2.685,-0.165,7.129,246,292.96875,34.375,7.37,2.5829933382462307,276,299.21875,37.5,7.031,1.5707963267948966,181.0,296.09375,24.21875,6.987,-2.0344439357957027,,,,,,,,,,,,,,,
223,16.40625,31.25,1.6059390141032734,0.829,0.32,6.715,253,10.9375,35.9375,7.202,2.432966381462123,277,17.96875,38.28125,7.202,1.3521273809209546,193.0,11.71875,26.5625,6.629,-2.356194490192345,238.0,22.65625,32.8125,6.442,0.24497866312686414,194.0,20.3125,26.5625,6.101,-0.8760580505981934,,,,,
224,98.4375,31.25,1.6723711979566942,0.333,-0.175,6.76,217,105.46875,30.46875,7.074,-0.11065722117389565,202,92.1875,28.125,6.987,-2.677945044588987,261.0,94.53125,36.71875,6.72,2.191045812777718,262.0,102.34375,36.71875,6.72,0.9505468408120752,183.0,99.21875,25.0,6.298,-1.446441332248135,,,,,
225,135.15625,31.25,1.6566883854079357,-1.662,0.176,7.11,175,132.8125,24.21875,7.411,-1.892546881191539,210,128.125,28.90625,7.411,-2.819842099193151,190.0,139.0625,25.78125,6.72,-0.9505468408120752,226.0,142.96875,31.25,7.812,0.0,269.0,137.5,37.5,6.675,1.2120256565243244,255.0,130.46875,35.9375,6.629,2.356194490192345
226,142.96875,31.25,1.6788635302884827,-1.219,-0.221,7.291,256,148.4375,35.9375,7.202,0.7086262721276703,211,150.0,28.90625,7.411,-0.3217505543966422,190.0,139.0625,25.78125,6.72,-2.191045812777718,225.0,135.15625,31.25,7.812,3.141592653589793,270.0,141.40625,37.5,6.442,1.8157749899217608,172.0,145.3125,23.4375,8.156,-1.2793395323170296
227,162.5,31.25,1.6995361118510182,-1.49,-0.402,7.366,196,157.03125,26.5625,7.202,-2.432966381462123,242,155.46875,33.59375,7.411,2.819842099193151,176.0,163.28125,24.21875,7.074,-1.460139105621001,279.0,161.71875,38.28125,7.074,1.6814535479687922,204.0,168.75,28.125,6.987,-0.4636476090008061,257.0,169.53125,35.9375,8.45,0.5880026035475675
228,175.0,31.25,1.6530597459655618,-1.967,0.5,6.798,257,169.53125,35.9375,7.202,2.432966381462123,216,182.03125,29.6875,7.202,-0.21866894587394195,204.0,168.75,28.125,6.987,-2.677945044588987,184.0,175.78125,25.0,6.298,-1.446441332248135,263.0,178.125,36.71875,6.298,1.0516502125483738,,,,,
229,203.90625,31.25,1.6987219315433186,-1.874,0.06,7.028,186,207.8125,25.0,7.37,-1.0121970114513341,219,196.875,30.46875,7.074,-3.0309354324158977,230.0,210.9375,31.25,7.031,0.0,185.0,200.78125,25.0,6.987,-2.0344439357957027,271.0,207.03125,37.5,6.987,1.1071487177940904,266.0,200.0,36.71875,6.72,2.191045812777718
230,210.9375,31.25,1.6514523550265163,0.62,0.056,7.302,191,215.625,25.78125,7.202,-0.8621700546672264,271,207.03125,37.5,7.37,2.129395642138459,272.0,214.84375,37.5,7.37,1.0121970114513341,229.0,203.90625,31.25,7.031,3.141592653589793,186.0,207.8125,25.0,6.987,-2.0344439357957027,235.0,218.75,32.03125,7.851,0.09966865249116202
231,232.8125,31.25,1.6219366024464947,0.835,-0.434,6.754,252,239.0625,35.15625,7.37,0.5585993153435624,205,239.0625,28.125,6.987,-0.4636476090008061,274.0,230.46875,37.5,6.675,1.9295669970654687,187.0,231.25,25.0,6.442,-1.8157749899217608,236.0,226.5625,32.03125,6.298,3.017237659043032,,,,,
232,245.3125,31.25,1.7007065585680525,3.086,0.473,7.136,199,251.5625,27.34375,7.37,-0.5585993153435624,252,239.0625,35.15625,7.37,2.5829933382462307,179.0,244.53125,24.21875,7.074,-1.6814535479687922,280.0,245.3125,38.28125,7.031,1.5707963267948966,245.0,251.5625,34.375,6.987,0.4636476090008061,205.0,239.0625,28.125,6.987,-2.677945044588987
233,5.46875,32.03125,1.607055554284993,2.587,0.412,7.329,182,3.90625,25.0,7.202,-1.7894652726688385,259,0.0,36.71875,7.202,2.432966381462123,253.0,10.9375,35.9375,6.72,0.6202494859828215,193.0,11.71875,26.5625,8.304,-0.7188299996216245,213.0,0.0,29.6875,5.949,-2.7367008673047097,284.0,5.46875,40.625,8.593,1.5707963267948966
234,116.40625,32.03125,1.6672685850451758,1.304,0.393,6.82,241,123.4375,33.59375,7.202,0.21866894587394195,254,110.15625,35.9375,7.37,2.5829933382462307,189.0,119.53125,25.78125,6.987,-1.1071487177940904,278.0,117.96875,38.28125,6.442,1.3258176636680326,203.0,111.71875,28.125,6.101,-2.44685437739309,,,,,
235,218.75,32.03125,1.70115907920191,-1.555,0.049,7.173,192,222.65625,25.78125,7.37,-1.0121970114513341,191,215.625,25.78125,6.987,-2.0344439357957027,272.0,214.84375,37.5,6.72,2.191045812777718,236.0,226.5625,32.03125,7.812,0.0,230.0,210.9375,31.25,7.851,-3.0419240010986313,273.0,221.875,37.5,6.298,1.0516502125483738
236,226.5625,32.03125,1.6738677592985638,-1.795,-0.006,7.309,273,221.875,37.5,7.202,2.279422598922567,192,222.65625,25.78125,7.37,-2.129395642138459,274.0,230.46875,37.5,6.72,0.9505468408120752,235.0,218.75,32.03125,7.812,3.141592653589793,231.0,232.8125,31.25,6.298,-0.12435499454676144,187.0,231.25,25.0,8.45,-0.982793723247329
237,285.9375,32.03125,1.6493153688281708,1.293,0.436,6.852,281,287.5,39.0625,7.202,1.3521273809209546,246,292.96875,34.375,7.411,0.3217505543966422,258.0,280.46875,35.9375,6.72,2.5213431676069717,200.0,290.625,27.34375,6.629,-0.7853981633974483,212.0,280.46875,28.90625,6.298,-2.62244653934327,,,,,
238,22.65625,32.8125,1.7038321913086982,2.852,0.221,6.861,198,27.34375,27.34375,7.202,-0.8621700546672264,277,17.96875,38.28125,7.202,2.279422598922567,282.0,24.21875,39.84375,7.202,1.3521273809209546,194.0,20.3125,26.5625,6.675,-1.9295669970654687,243.0,28.90625,34.375,6.442,0.24497866312686414,223.0,16.40625,31.25,6.442,-2.896613990462929
239,265.625,32.8125,1.5868247485346392,2.218,0.516,7.668,267,271.09375,36.71875,6.72,0.6202494859828215,197,263.28125,26.5625,6.675,-1.9295669970654687,288.0,264.84375,40.625,7.851,1.6704649792860586,220.0,257.8125,30.46875,8.156,-2.8501358591119264,221.0,273.4375,30.46875,8.156,-0.2914567944778671,275.0,258.59375,37.5,8.45,2.5535900500422257
240,41.40625,33.59375,1.6120347886169952,2.988,0.476,7.219,195,39.84375,26.5625,7.202,-1.7894652726688385,215,47.65625,29.6875,7.37,-0.5585993153435624,268.0,35.15625,37.5,7.37,2.5829933382462307,285.0,41.40625,40.625,7.031,1.5707963267948966,214.0,34.375,29.6875,8.043,-2.6344941491974563,260.0,46.875,36.71875,6.298,0.5191461142465229
241,123.4375,33.59375,1.6434566578985588,1.436,0.347,7.129,234,116.40625,32.03125,7.202,-2.922923707715851,278,117.96875,38.28125,7.202,2.432966381462123,287.0,125.0,40.625,7.202,1.3521273809209546,255.0,130.46875,35.9375,7.411,0.3217505543966422,210.0,128.125,28.90625,6.629,-0.7853981633974483,,,,,
242,155.46875,33.59375,1.6796723499108452,-1.311,-0.328,7.247,196,157.03125,26.5625,7.202,-1.3521273809209546,211,150.0,28.90625,7.202,-2.432966381462123,227.0,162.5,31.25,7.411,-0.3217505543966422,256.0,148.4375,35.9375,7.411,2.819842099193151,279.0,161.71875,38.28125,7.812,0.6435011087932844,283.0,153.90625,39.84375,6.442,1.8157749899217608
243,28.90625,34.375,1.6953768655547246,1.466,0.305,7.04,198,27.34375,27.34375,7.202,-1.7894652726688385,214,34.375,29.6875,7.202,-0.7086262721276703,289.0,30.46875,41.40625,7.202,1.3521273809209546,282.0,24.21875,39.84375,7.202,2.279422598922567,268.0,35.15625,37.5,6.987,0.4636476090008061,238.0,22.65625,32.8125,6.442,-2.896613990462929
244,53.125,34.375,1.618277503925103,-2.229,-0.273,6.658,215,47.65625,29.6875,7.202,-2.432966381462123,201,55.46875,28.125,6.675,-1.2120256565243244,260.0,46.875,36.71875,6.675,2.782821983319221,286.0,54.6875,40.625,6.442,1.3258176636680326,247.0,59.375,35.15625,6.298,0.12435499454676144,,,,,
245,251.5625,34.375,1.6983058553532684,-0.349,0.465,7.254,220,257.8125,30.46875,7.37,-0.5585993153435624,280,245.3125,38.28125,7.37,2.5829933382462307,294.0,252.34375,41.40625,7.074,1.460139105621001,199.0,251.5625,27.34375,7.031,-1.5707963267948966,232.0,245.3125,31.25,6.987,-2.677945044588987,275.0,258.59375,37.5,7.694,0.4182243295792291
246,292.96875,34.375,1.692785519252392,2.094,0.374,7.243,281,287.5,39.0625,7.202,2.432966381462123,222,299.21875,30.46875,7.37,-0.5585993153435624,237.0,285.9375,32.03125,7.411,-2.819842099193151,200.0,290.625,27.34375,7.411,-1.892546881191539,296.0,293.75,41.40625,7.074,1.460139105621001,276.0,299.21875,37.5,6.987,0.4636476090008061
247,59.375,35.15625,1.6994939549718193,-2.238,0.068,7.155,286,54.6875,40.625,7.202,2.279422598922567,206,63.28125,28.90625,7.37,-1.0121970114513341,248.0,66.40625,35.15625,7.031,0.0,290.0,62.5,41.40625,6.987,1.1071487177940904,201.0,55.46875,28.125,8.043,-2.0778948311872334,244.0,53.125,34.375,6.298,-3.017237659043032
248,66.40625,35.15625,1.7024055009306478,-0.512,0.015,7.193,207,70.3125,28.90625,7.37,-1.0121970114513341,290,62.5,41.40625,7.37,2.129395642138459,291.0,70.3125,41.40625,7.37,1.0121970114513341,247.0,59.375,35.15625,7.031,3.141592653589793,249.0,73.4375,35.15625,7.031,0.0,206.0,63.28125,28.90625,6.987,-2.0344439357957027
249,73.4375,35.15625,1.660897907883325,0.0,-0.001,7.259,208,77.34375,28.90625,7.37,-1.0121970114513341,292,77.34375,41.40625,7.37,1.0121970114513341,248.0,66.40625,35.15625,7.031,3.141592653589793,207.0,70.3125,28.90625,6.987,-2.0344439357957027,291.0,70.3125,41.40625,6.987,2.0344439357957027,250.0,81.25,35.15625,7.812,0.0
250,81.25,35.15625,1.655564893919978,3.141,-0.001,7.259,208,77.34375,28.90625,7.37,-2.129395642138459,292,77.34375,41.40625,7.37,2.129395642138459,251.0,88.28125,35.15625,7.031,0.0,209.0,84.375,28.90625,6.987,-1.1071487177940904,293.0,84.375,41.40625,6.987,1.1071487177940904,249.0,73.4375,35.15625,7.812,3.141592653589793
251,88.28125,35.15625,1.6477988928438516,2.182,0.049,7.325,209,84.375,28.90625,7.37,-2.129395642138459,293,84.375,41.40625,7.37,2.129395642138459,250.0,81.25,35.15625,7.031,3.141592653589793,297.0,91.40625,42.1875,7.694,1.1525719972156676,202.0,92.1875,28.125,8.043,-1.0636978224025597,261.0,94.53125,36.71875,6.442,0.24497866312686414
252,239.0625,35.15625,1.707736667152651,-0.669,0.43,7.166,231,232.8125,31.25,7.37,-2.5829933382462307,232,245.3125,31.25,7.37,-0.5585993153435624,299.0,238.28125,42.1875,7.074,1.6814535479687922,205.0,239.0625,28.125,7.031,-1.5707963267948966,280.0,245.3125,38.28125,6.987,0.4636476090008061,,,,,
253,10.9375,35.9375,1.6381659374095812,1.111,0.441,7.148,223,16.40625,31.25,7.202,-0.7086262721276703,284,5.46875,40.625,7.202,2.432966381462123,300.0,12.5,42.96875,7.202,1.3521273809209546,277.0,17.96875,38.28125,7.411,0.3217505543966422,233.0,5.46875,32.03125,6.72,-2.5213431676069717,,,,,
254,110.15625,35.9375,1.6525485603820171,-1.699,-0.176,7.765,217,105.46875,30.46875,7.202,-2.279422598922567,234,116.40625,32.03125,7.37,-0.5585993153435624,262.0,102.34375,36.71875,7.851,3.0419240010986313,203.0,111.71875,28.125,7.967,-1.373400766945016,302.0,106.25,42.96875,8.043,2.0778948311872334,278.0,117.96875,38.28125,8.156,0.2914567944778671
255,130.46875,35.9375,1.6285460857290923,-1.728,0.256,7.211,269,137.5,37.5,7.202,0.21866894587394195,287,125.0,40.625,7.202,2.432966381462123,241.0,123.4375,33.59375,7.411,-2.819842099193151,210.0,128.125,28.90625,7.411,-1.892546881191539,303.0,132.8125,42.96875,7.411,1.2490457723982544,225.0,135.15625,31.25,6.629,-0.7853981633974483
256,148.4375,35.9375,1.6426625773987769,-1.563,-0.315,7.03,211,150.0,28.90625,7.202,-1.3521273809209546,226,142.96875,31.25,7.202,-2.432966381462123,270.0,141.40625,37.5,7.202,2.922923707715851,242.0,155.46875,33.59375,7.411,-0.3217505543966422,283.0,153.90625,39.84375,6.72,0.6202494859828215,298.0,146.875,42.1875,6.442,1.8157749899217608
257,169.53125,35.9375,1.577576286643214,-2.995,-0.385,7.92,228,175.0,31.25,7.202,-0.7086262721276703,304,167.1875,42.96875,7.411,1.892546881191539,204.0,168.75,28.125,7.851,-1.6704649792860586,279.0,161.71875,38.28125,8.156,2.8501358591119264,305.0,174.21875,42.96875,8.45,0.982793723247329,227.0,162.5,31.25,8.45,-2.5535900500422257
258,280.46875,35.9375,1.6166635487024437,0.408,0.451,7.17,295,275.78125,41.40625,7.202,2.279422598922567,310,282.03125,42.96875,7.202,1.3521273809209546,212.0,280.46875,28.90625,7.031,-1.5707963267948966,281.0,287.5,39.0625,7.694,0.4182243295792291,237.0,285.9375,32.03125,6.72,-0.6202494859828215,,,,,
259,0.0,36.71875,1.6113979801537626,-0.045,-0.289,7.191,233,5.46875,32.03125,7.202,-0.7086262721276703,213,0.0,29.6875,7.031,-1.5707963267948966,284.0,5.46875,40.625,6.72,0.6202494859828215,316.0,0.0,44.53125,7.812,1.5707963267948966,,,,,,,,,,
260,46.875,36.71875,1.637328868827106,-2.673,0.432,6.768,215,47.65625,29.6875,7.074,-1.460139105621001,311,47.65625,43.75,7.074,1.460139105621001,285.0,41.40625,40.625,6.72,2.5213431676069717,244.0,53.125,34.375,6.675,-0.35877067027057225,240.0,41.40625,33.59375,6.298,-2.62244653934327,,,,,
261,94.53125,36.71875,1.6138834775206925,0.796,0.064,6.928,301,98.4375,42.96875,7.37,1.0121970114513341,224,98.4375,31.25,6.72,-0.9505468408120752,262.0,102.34375,36.71875,7.812,0.0,251.0,88.28125,35.15625,6.442,-2.896613990462929,297.0,91.40625,42.1875,6.298,2.0899424410414196,,,,,
262,102.34375,36.71875,1.7010106120584159,-2.465,-0.043,7.352,302,106.25,42.96875,7.37,1.0121970114513341,301,98.4375,42.96875,7.37,2.129395642138459,217.0,105.46875,30.46875,6.987,-1.1071487177940904,224.0,98.4375,31.25,6.72,-2.191045812777718,261.0,94.53125,36.71875,7.812,3.141592653589793,254.0,110.15625,35.9375,7.851,-0.09966865249116202
263,178.125,36.71875,1.665831077079375,-1.618,0.012,7.457,306,182.03125,42.96875,7.37,1.0121970114513341,305,174.21875,42.96875,7.37,2.129395642138459,264.0,185.15625,36.71875,7.031,0.0,216.0,182.03125,29.6875,8.043,-1.0636978224025597,228.0,175.0,31.25,6.298,-2.0899424410414196,257.0,169.53125,35.9375,8.629,-3.050932766389048
264,185.15625,36.71875,1.6735375593142043,-0.094,0.006,7.377,218,189.0625,30.46875,7.37,-1.0121970114513341,307,189.0625,42.96875,7.37,1.0121970114513341,263.0,178.125,36.71875,7.031,3.141592653589793,306.0,182.03125,42.96875,6.987,2.0344439357957027,216.0,182.03125,29.6875,7.694,-1.9890206563741257,265.0,192.96875,36.71875,7.812,0.0
265,192.96875,36.71875,1.680992670748896,2.63,0.015,7.323,218,189.0625,30.46875,7.37,-2.129395642138459,219,196.875,30.46875,7.37,-1.0121970114513341,307.0,189.0625,42.96875,7.37,2.129395642138459,266.0,200.0,36.71875,7.031,0.0,308.0,196.09375,42.96875,6.987,1.1071487177940904,264.0,185.15625,36.71875,7.812,3.141592653589793
266,200.0,36.71875,1.689805640140599,1.268,0.06,7.028,308,196.09375,42.96875,7.37,2.129395642138459,271,207.03125,37.5,7.074,0.11065722117389565,265.0,192.96875,36.71875,7.031,3.141592653589793,219.0,196.875,30.46875,6.987,-2.0344439357957027,309.0,203.125,42.96875,6.987,1.1071487177940904,229.0,203.90625,31.25,6.72,-0.9505468408120752
267,271.09375,36.71875,1.6367462344494927,2.348,-0.445,7.049,288,264.84375,40.625,7.37,2.5829933382462307,239,265.625,32.8125,6.72,-2.5213431676069717,221.0,273.4375,30.46875,6.675,-1.2120256565243244,322.0,270.3125,44.53125,7.851,1.6704649792860586,295.0,275.78125,41.40625,6.629,0.7853981633974483,,,,,
268,35.15625,37.5,1.6266613925455964,1.74,0.453,7.055,240,41.40625,33.59375,7.37,-0.5585993153435624,317,35.15625,44.53125,7.031,1.5707963267948966,285.0,41.40625,40.625,6.987,0.4636476090008061,243.0,28.90625,34.375,6.987,-2.677945044588987,214.0,34.375,29.6875,7.851,-1.6704649792860586,289.0,30.46875,41.40625,6.101,2.44685437739309
269,137.5,37.5,1.4617262629858123,-2.947,0.231,7.359,303,132.8125,42.96875,7.202,2.279422598922567,255,130.46875,35.9375,7.202,-2.922923707715851,318.0,139.84375,44.53125,7.411,1.2490457723982544,225.0,135.15625,31.25,6.675,-1.9295669970654687,226.0,142.96875,31.25,8.304,-0.8519663271732721,,,,,
270,141.40625,37.5,1.3813552072667412,0.244,-0.429,7.012,256,148.4375,35.9375,7.202,-0.21866894587394195,298,146.875,42.1875,7.202,0.7086262721276703,318.0,139.84375,44.53125,7.202,1.7894652726688385,226.0,142.96875,31.25,6.442,-1.3258176636680326,,,,,,,,,,
271,207.03125,37.5,1.6756087181672092,-1.377,0.044,7.222,230,210.9375,31.25,7.37,-1.0121970114513341,313,210.9375,43.75,7.37,1.0121970114513341,266.0,200.0,36.71875,7.074,-3.0309354324158977,229.0,203.90625,31.25,6.987,-2.0344439357957027,309.0,203.125,42.96875,6.72,2.191045812777718,272.0,214.84375,37.5,7.812,0.0
272,214.84375,37.5,1.6933570225870753,1.943,0.025,7.215,230,210.9375,31.25,7.37,-2.129395642138459,313,210.9375,43.75,7.37,2.129395642138459,273.0,221.875,37.5,7.031,0.0,314.0,217.96875,43.75,6.987,1.1071487177940904,235.0,218.75,32.03125,6.72,-0.9505468408120752,271.0,207.03125,37.5,7.812,3.141592653589793
273,221.875,37.5,1.621990321156413,1.011,0.045,7.247,236,226.5625,32.03125,7.202,-0.8621700546672264,314,217.96875,43.75,7.37,2.129395642138459,272.0,214.84375,37.5,7.031,3.141592653589793,315.0,225.0,43.75,6.987,1.1071487177940904,235.0,218.75,32.03125,6.298,-2.0899424410414196,274.0,230.46875,37.5,8.593,0.0
274,230.46875,37.5,1.4906577891792712,-3.14,0.015,7.473,320,231.25,44.53125,7.074,1.460139105621001,236,226.5625,32.03125,6.72,-2.191045812777718,231.0,232.8125,31.25,6.675,-1.2120256565243244,315.0,225.0,43.75,8.304,2.289626326416521,273.0,221.875,37.5,8.593,3.141592653589793,,,,,
275,258.59375,37.5,1.6814016225829778,2.988,0.46,7.434,294,252.34375,41.40625,7.37,2.5829933382462307,220,257.8125,30.46875,7.074,-1.6814535479687922,321.0,258.59375,44.53125,7.031,1.5707963267948966,288.0,264.84375,40.625,6.987,0.4636476090008061,245.0,251.5625,34.375,7.694,-2.723368324010564,239.0,265.625,32.8125,8.45,-0.5880026035475675
276,299.21875,37.5,1.664590869149184,3.063,-0.321,6.942,222,299.21875,30.46875,7.031,-1.5707963267948966,323,299.21875,44.53125,7.031,1.5707963267948966,246.0,292.96875,34.375,6.987,-2.677945044588987,296.0,293.75,41.40625,6.72,2.5213431676069717,,,,,,,,,,
277,17.96875,38.28125,1.7010064677425492,-1.513,0.266,7.145,223,16.40625,31.25,7.202,-1.7894652726688385,238,22.65625,32.8125,7.202,-0.8621700546672264,300.0,12.5,42.96875,7.202,2.432966381462123,253.0,10.9375,35.9375,7.411,-2.819842099193151,324.0,20.3125,45.3125,7.411,1.2490457723982544,282.0,24.21875,39.84375,6.442,0.24497866312686414
278,117.96875,38.28125,1.654781562789109,0.59,0.269,7.304,241,123.4375,33.59375,7.202,-0.7086262721276703,312,113.28125,43.75,7.202,2.279422598922567,325.0,120.3125,45.3125,7.411,1.2490457723982544,287.0,125.0,40.625,7.411,0.3217505543966422,234.0,116.40625,32.03125,6.442,-1.8157749899217608,254.0,110.15625,35.9375,8.156,-2.8501358591119264
279,161.71875,38.28125,1.64792053078335,-2.83,-0.303,7.481,304,167.1875,42.96875,7.202,0.7086262721276703,227,162.5,31.25,7.074,-1.460139105621001,242.0,155.46875,33.59375,7.812,-2.498091544796509,319.0,159.375,44.53125,6.675,1.9295669970654687,283.0,153.90625,39.84375,7.967,2.9441970937399127,257.0,169.53125,35.9375,8.156,-0.2914567944778671
280,245.3125,38.28125,1.6106355692876027,-0.48,0.459,7.388,326,246.875,45.3125,7.202,1.3521273809209546,245,251.5625,34.375,7.37,-0.5585993153435624,232.0,245.3125,31.25,7.031,-1.5707963267948966,252.0,239.0625,35.15625,6.987,-2.677945044588987,294.0,252.34375,41.40625,7.694,0.4182243295792291,299.0,238.28125,42.1875,8.043,2.6344941491974563
281,287.5,39.0625,1.7015312233206312,-1.822,0.358,7.116,237,285.9375,32.03125,7.202,-1.7894652726688385,246,292.96875,34.375,7.202,-0.7086262721276703,327.0,289.0625,46.09375,7.202,1.3521273809209546,258.0,280.46875,35.9375,7.694,-2.723368324010564,310.0,282.03125,42.96875,6.72,2.5213431676069717,296.0,293.75,41.40625,6.675,0.35877067027057225
282,24.21875,39.84375,1.673934998990996,-1.73,0.259,6.802,238,22.65625,32.8125,7.202,-1.7894652726688385,243,28.90625,34.375,7.202,-0.8621700546672264,324.0,20.3125,45.3125,6.72,2.191045812777718,277.0,17.96875,38.28125,6.442,-2.896613990462929,289.0,30.46875,41.40625,6.442,0.24497866312686414,,,,,
283,153.90625,39.84375,1.638309505751435,-1.297,-0.376,7.148,319,159.375,44.53125,7.202,0.7086262721276703,298,146.875,42.1875,7.411,2.819842099193151,256.0,148.4375,35.9375,6.72,-2.5213431676069717,279.0,161.71875,38.28125,7.967,-0.19739555984988075,242.0,155.46875,33.59375,6.442,-1.3258176636680326,,,,,
284,5.46875,40.625,1.6019516148606259,-0.746,0.4,7.22,253,10.9375,35.9375,7.202,-0.7086262721276703,300,12.5,42.96875,7.411,0.3217505543966422,259.0,0.0,36.71875,6.72,-2.5213431676069717,316.0,0.0,44.53125,6.72,2.5213431676069717,328.0,7.8125,46.875,6.675,1.2120256565243244,233.0,5.46875,32.03125,8.593,-1.5707963267948966
285,41.40625,40.625,1.705649876925298,-2.161,0.481,7.151,317,35.15625,44.53125,7.37,2.5829933382462307,240,41.40625,33.59375,7.031,-1.5707963267948966,311.0,47.65625,43.75,6.987,0.4636476090008061,268.0,35.15625,37.5,6.987,-2.677945044588987,260.0,46.875,36.71875,6.72,-0.6202494859828215,338.0,41.40625,48.4375,7.812,1.5707963267948966
286,54.6875,40.625,1.6183526733371618,0.564,0.044,7.367,247,59.375,35.15625,7.202,-0.8621700546672264,332,53.125,47.65625,7.202,1.7894652726688385,311.0,47.65625,43.75,7.694,2.723368324010564,329.0,59.375,46.875,7.812,0.9272952180016122,290.0,62.5,41.40625,7.851,0.09966865249116202,244.0,53.125,34.375,6.442,-1.8157749899217608
287,125.0,40.625,1.6547424044904078,-0.001,0.287,7.335,241,123.4375,33.59375,7.202,-1.7894652726688385,255,130.46875,35.9375,7.202,-0.7086262721276703,278.0,117.96875,38.28125,7.411,-2.819842099193151,335.0,127.34375,47.65625,7.411,1.2490457723982544,325.0,120.3125,45.3125,6.629,2.356194490192345,303.0,132.8125,42.96875,8.156,0.2914567944778671
288,264.84375,40.625,1.6843618671847067,1.436,-0.514,7.221,267,271.09375,36.71875,7.37,-0.5585993153435624,321,258.59375,44.53125,7.37,2.5829933382462307,336.0,264.84375,47.65625,7.031,1.5707963267948966,275.0,258.59375,37.5,6.987,-2.677945044588987,322.0,270.3125,44.53125,6.72,0.6202494859828215,239.0,265.625,32.8125,7.851,-1.4711276743037347
289,30.46875,41.40625,1.6165928882432183,-2.267,0.408,6.605,243,28.90625,34.375,7.202,-1.7894652726688385,331,28.125,47.65625,6.675,1.9295669970654687,282.0,24.21875,39.84375,6.442,-2.896613990462929,268.0,35.15625,37.5,6.101,-0.6947382761967031,,,,,,,,,,
290,62.5,41.40625,1.6161549608531112,-0.747,0.016,7.173,248,66.40625,35.15625,7.37,-1.0121970114513341,247,59.375,35.15625,6.987,-2.0344439357957027,330.0,66.40625,46.875,6.72,0.9505468408120752,291.0,70.3125,41.40625,7.812,0.0,286.0,54.6875,40.625,7.851,-3.0419240010986313,329.0,59.375,46.875,6.298,2.0899424410414196
291,70.3125,41.40625,1.6533018783219857,-2.985,0.009,7.151,248,66.40625,35.15625,7.37,-2.129395642138459,292,77.34375,41.40625,7.031,0.0,249.0,73.4375,35.15625,6.987,-1.1071487177940904,333.0,73.4375,47.65625,6.987,1.1071487177940904,330.0,66.40625,46.875,6.72,2.191045812777718,290.0,62.5,41.40625,7.812,3.141592653589793
292,77.34375,41.40625,1.6929957745171966,2.63,0.015,7.193,249,73.4375,35.15625,7.37,-2.129395642138459,250,81.25,35.15625,7.37,-1.0121970114513341,333.0,73.4375,47.65625,7.37,2.129395642138459,291.0,70.3125,41.40625,7.031,3.141592653589793,293.0,84.375,41.40625,7.031,0.0,334.0,80.46875,47.65625,6.987,1.1071487177940904
293,84.375,41.40625,1.6836458282403777,1.919,0.057,7.254,251,88.28125,35.15625,7.37,-1.0121970114513341,334,80.46875,47.65625,7.37,2.129395642138459,297.0,91.40625,42.1875,7.074,0.11065722117389565,292.0,77.34375,41.40625,7.031,3.141592653589793,250.0,81.25,35.15625,6.987,-2.0344439357957027,339.0,87.5,48.4375,7.694,1.1525719972156676
294,252.34375,41.40625,1.6799084183529576,1.41,0.437,7.153,275,258.59375,37.5,7.37,-0.5585993153435624,245,251.5625,34.375,7.074,-1.6814535479687922,344.0,253.125,48.4375,7.074,1.460139105621001,321.0,258.59375,44.53125,6.987,0.4636476090008061,280.0,245.3125,38.28125,7.694,-2.723368324010564,326.0,246.875,45.3125,6.72,2.5213431676069717
295,275.78125,41.40625,1.5499391599099175,1.0,0.445,6.574,258,280.46875,35.9375,7.202,-0.8621700546672264,267,271.09375,36.71875,6.629,-2.356194490192345,310.0,282.03125,42.96875,6.442,0.24497866312686414,322.0,270.3125,44.53125,6.298,2.62244653934327,337.0,276.5625,47.65625,6.298,1.446441332248135,,,,,
296,293.75,41.40625,1.6617877642230106,-1.67,0.475,6.679,246,292.96875,34.375,7.074,-1.6814535479687922,276,299.21875,37.5,6.72,-0.6202494859828215,281.0,287.5,39.0625,6.675,-2.782821983319221,327.0,289.0625,46.09375,6.629,2.356194490192345,323.0,299.21875,44.53125,6.298,0.5191461142465229,,,,,
297,91.40625,42.1875,1.6917894168797745,-1.391,0.069,7.083,339,87.5,48.4375,7.37,2.129395642138459,301,98.4375,42.96875,7.074,0.11065722117389565,293.0,84.375,41.40625,7.074,-3.0309354324158977,340.0,94.53125,48.4375,6.987,1.1071487177940904,251.0,88.28125,35.15625,7.694,-1.9890206563741257,261.0,94.53125,36.71875,6.298,-1.0516502125483738
298,146.875,42.1875,1.6465882908862455,2.388,-0.281,7.12,270,141.40625,37.5,7.202,-2.432966381462123,283,153.90625,39.84375,7.411,-0.3217505543966422,318.0,139.84375,44.53125,7.411,2.819842099193151,342.0,151.5625,48.4375,7.812,0.9272952180016122,256.0,148.4375,35.9375,6.442,-1.3258176636680326,341.0,145.3125,48.4375,6.442,1.8157749899217608
299,238.28125,42.1875,1.6473050491003134,1.403,-0.366,7.586,320,231.25,44.53125,7.411,2.819842099193151,252,239.0625,35.15625,7.074,-1.460139105621001,343.0,241.40625,48.4375,6.987,1.1071487177940904,280.0,245.3125,38.28125,8.043,-0.507098504392337,360.0,235.15625,50.0,8.414,1.9513027039072615,,,,,
300,12.5,42.96875,1.6543366130439452,-0.593,0.302,7.247,253,10.9375,35.9375,7.202,-1.7894652726688385,277,17.96875,38.28125,7.202,-0.7086262721276703,284.0,5.46875,40.625,7.411,-2.819842099193151,353.0,14.84375,50.0,7.411,1.2490457723982544,324.0,20.3125,45.3125,8.156,0.2914567944778671,328.0,7.8125,46.875,6.101,2.44685437739309
301,98.4375,42.96875,1.6576014487210637,-2.487,0.044,7.222,261,94.53125,36.71875,7.37,-2.129395642138459,262,102.34375,36.71875,7.37,-1.0121970114513341,297.0,91.40625,42.1875,7.074,-3.0309354324158977,345.0,101.5625,49.21875,6.987,1.1071487177940904,340.0,94.53125,48.4375,6.72,2.191045812777718,302.0,106.25,42.96875,7.812,0.0
302,106.25,42.96875,1.6293529564511173,2.747,0.057,7.464,262,102.34375,36.71875,7.37,-2.129395642138459,312,113.28125,43.75,7.074,0.11065722117389565,301.0,98.4375,42.96875,7.812,3.141592653589793,345.0,101.5625,49.21875,7.812,2.214297435588181,346.0,108.59375,49.21875,6.675,1.2120256565243244,254.0,110.15625,35.9375,8.043,-1.0636978224025597
303,132.8125,42.96875,1.6182594531254872,-2.718,0.273,7.375,269,137.5,37.5,7.202,-0.8621700546672264,318,139.84375,44.53125,7.202,0.21866894587394195,335.0,127.34375,47.65625,7.202,2.432966381462123,255.0,130.46875,35.9375,7.411,-1.892546881191539,355.0,133.59375,50.0,7.074,1.460139105621001,287.0,125.0,40.625,8.156,-2.8501358591119264
304,167.1875,42.96875,1.674018433059489,2.267,-0.144,7.446,279,161.71875,38.28125,7.202,-2.432966381462123,347,171.09375,49.21875,7.37,1.0121970114513341,257.0,169.53125,35.9375,7.411,-1.2490457723982544,305.0,174.21875,42.96875,7.031,0.0,356.0,164.0625,50.0,7.694,1.9890206563741257,319.0,159.375,44.53125,7.967,2.9441970937399127
305,174.21875,42.96875,1.6814821457103004,0.821,-0.021,7.503,263,178.125,36.71875,7.37,-1.0121970114513341,348,178.125,49.21875,7.37,1.0121970114513341,304.0,167.1875,42.96875,7.031,3.141592653589793,347.0,171.09375,49.21875,6.987,2.0344439357957027,306.0,182.03125,42.96875,7.812,0.0,257.0,169.53125,35.9375,8.45,-2.158798930342464
306,182.03125,42.96875,1.663034683297425,3.141,-0.001,7.259,263,178.125,36.71875,7.37,-2.129395642138459,348,178.125,49.21875,7.37,2.129395642138459,307.0,189.0625,42.96875,7.031,0.0,264.0,185.15625,36.71875,6.987,-1.1071487177940904,349.0,185.15625,49.21875,6.987,1.1071487177940904,305.0,174.21875,42.96875,7.812,3.141592653589793
307,189.0625,42.96875,1.7021849150536454,2.63,0.015,7.193,264,185.15625,36.71875,7.37,-2.129395642138459,265,192.96875,36.71875,7.37,-1.0121970114513341,349.0,185.15625,49.21875,7.37,2.129395642138459,306.0,182.03125,42.96875,7.031,3.141592653589793,308.0,196.09375,42.96875,7.031,0.0,350.0,192.1875,49.21875,6.987,1.1071487177940904
308,196.09375,42.96875,1.7137343789722432,-0.512,0.015,7.193,266,200.0,36.71875,7.37,-1.0121970114513341,350,192.1875,49.21875,7.37,2.129395642138459,351.0,200.0,49.21875,7.37,1.0121970114513341,307.0,189.0625,42.96875,7.031,3.141592653589793,309.0,203.125,42.96875,7.031,0.0,265.0,192.96875,36.71875,6.987,-2.0344439357957027
309,203.125,42.96875,1.6654559792428836,0.563,0.027,7.158,352,207.03125,49.21875,7.37,1.0121970114513341,308,196.09375,42.96875,7.031,3.141592653589793,351.0,200.0,49.21875,6.987,2.0344439357957027,266.0,200.0,36.71875,6.987,-2.0344439357957027,271.0,207.03125,37.5,6.72,-0.9505468408120752,313.0,210.9375,43.75,7.851,0.09966865249116202
310,282.03125,42.96875,1.6315568963118448,2.012,0.36,7.185,258,280.46875,35.9375,7.202,-1.7894652726688385,337,276.5625,47.65625,7.202,2.432966381462123,327.0,289.0625,46.09375,7.694,0.4182243295792291,281.0,287.5,39.0625,6.72,-0.6202494859828215,362.0,282.8125,50.78125,7.851,1.4711276743037347,295.0,275.78125,41.40625,6.442,-2.896613990462929
311,47.65625,43.75,1.6182488653653746,1.798,0.507,7.35,260,46.875,36.71875,7.074,-1.6814535479687922,285,41.40625,40.625,6.987,-2.677945044588987,286.0,54.6875,40.625,7.694,-0.4182243295792291,332.0,53.125,47.65625,6.72,0.6202494859828215,338.0,41.40625,48.4375,7.812,2.498091544796509,366.0,47.65625,51.5625,7.812,1.5707963267948966
312,113.28125,43.75,1.6411876162343246,1.891,0.167,7.295,278,117.96875,38.28125,7.202,-0.8621700546672264,325,120.3125,45.3125,7.202,0.21866894587394195,346.0,108.59375,49.21875,7.202,2.279422598922567,302.0,106.25,42.96875,7.074,-3.0309354324158977,354.0,115.625,50.0,6.675,1.2120256565243244,254.0,110.15625,35.9375,8.414,-1.9513027039072615
313,210.9375,43.75,1.6555185408229776,-2.547,0.042,7.221,271,207.03125,37.5,7.37,-2.129395642138459,272,214.84375,37.5,7.37,-1.0121970114513341,314.0,217.96875,43.75,7.031,0.0,357.0,214.0625,50.0,6.987,1.1071487177940904,352.0,207.03125,49.21875,6.72,2.191045812777718,309.0,203.125,42.96875,7.851,-3.0419240010986313
314,217.96875,43.75,1.7082691139079351,1.107,0.031,7.129,273,221.875,37.5,7.37,-1.0121970114513341,357,214.0625,50.0,7.37,2.129395642138459,315.0,225.0,43.75,7.031,0.0,313.0,210.9375,43.75,7.031,3.141592653589793,272.0,214.84375,37.5,6.987,-2.0344439357957027,358.0,221.09375,50.0,6.987,1.1071487177940904
315,225.0,43.75,1.6631849863420474,1.067,0.077,7.163,358,221.09375,50.0,7.37,2.129395642138459,314,217.96875,43.75,7.031,3.141592653589793,359.0,228.125,50.0,6.987,1.1071487177940904,273.0,221.875,37.5,6.987,-2.0344439357957027,320.0,231.25,44.53125,6.298,0.12435499454676144,274.0,230.46875,37.5,8.304,-0.8519663271732721
316,0.0,44.53125,1.5918009662140373,-0.173,0.521,7.595,364,3.125,51.5625,7.694,1.1525719972156676,284,5.46875,40.625,6.72,-0.6202494859828215,259.0,0.0,36.71875,7.812,-1.5707963267948966,328.0,7.8125,46.875,8.156,0.2914567944778671,,,,,,,,,,
317,35.15625,44.53125,1.6232495996845864,0.478,0.443,7.299,285,41.40625,40.625,7.37,-0.5585993153435624,338,41.40625,48.4375,7.37,0.5585993153435624,268.0,35.15625,37.5,7.031,-1.5707963267948966,365.0,35.15625,51.5625,7.031,1.5707963267948966,331.0,28.125,47.65625,7.694,2.723368324010564,,,,,
318,139.84375,44.53125,1.6453521099755235,-1.625,0.474,7.375,270,141.40625,37.5,7.202,-1.3521273809209546,303,132.8125,42.96875,7.202,-2.922923707715851,269.0,137.5,37.5,7.411,-1.892546881191539,298.0,146.875,42.1875,7.411,-0.3217505543966422,341.0,145.3125,48.4375,6.72,0.6202494859828215,355.0,133.59375,50.0,8.304,2.4227626539681686
319,159.375,44.53125,1.6871282524613969,-0.055,-0.279,7.098,283,153.90625,39.84375,7.202,-2.432966381462123,356,164.0625,50.0,7.202,0.8621700546672264,279.0,161.71875,38.28125,6.675,-1.2120256565243244,304.0,167.1875,42.96875,7.967,-0.19739555984988075,361.0,157.8125,50.78125,6.442,1.8157749899217608,,,,,
320,231.25,44.53125,1.6334312776058517,1.842,-0.03,6.76,299,238.28125,42.1875,7.411,-0.3217505543966422,274,230.46875,37.5,7.074,-1.6814535479687922,360.0,235.15625,50.0,6.72,0.9505468408120752,315.0,225.0,43.75,6.298,-3.017237659043032,359.0,228.125,50.0,6.298,2.0899424410414196,,,,,
321,258.59375,44.53125,1.6777685926376515,0.302,0.463,7.028,288,264.84375,40.625,7.37,-0.5585993153435624,368,259.375,51.5625,7.074,1.460139105621001,275.0,258.59375,37.5,7.031,-1.5707963267948966,294.0,252.34375,41.40625,6.987,-2.677945044588987,336.0,264.84375,47.65625,6.987,0.4636476090008061,344.0,253.125,48.4375,6.72,2.5213431676069717
322,270.3125,44.53125,1.6853109663466954,-0.436,-0.518,6.871,369,271.09375,51.5625,7.074,1.460139105621001,337,276.5625,47.65625,6.987,0.4636476090008061,288.0,264.84375,40.625,6.72,-2.5213431676069717,267.0,271.09375,36.71875,7.851,-1.4711276743037347,336.0,264.84375,47.65625,6.298,2.62244653934327,295.0,275.78125,41.40625,6.298,-0.5191461142465229
323,299.21875,44.53125,1.5683200273983189,-2.713,0.098,6.772,276,299.21875,37.5,7.031,-1.5707963267948966,363,296.09375,50.78125,6.987,2.0344439357957027,296.0,293.75,41.40625,6.298,-2.62244653934327,,,,,,,,,,,,,,,
324,20.3125,45.3125,1.6641513445453806,-2.688,0.257,7.475,370,21.875,52.34375,7.202,1.3521273809209546,353,14.84375,50.0,7.202,2.432966381462123,277.0,17.96875,38.28125,7.411,-1.892546881191539,282.0,24.21875,39.84375,6.72,-0.9505468408120752,331.0,28.125,47.65625,8.156,0.2914567944778671,300.0,12.5,42.96875,8.156,-2.8501358591119264
325,120.3125,45.3125,1.6600223030777965,1.485,0.238,6.993,312,113.28125,43.75,7.202,-2.922923707715851,278,117.96875,38.28125,7.411,-1.892546881191539,335.0,127.34375,47.65625,7.411,0.3217505543966422,367.0,122.65625,51.5625,6.675,1.2120256565243244,287.0,125.0,40.625,6.629,-0.7853981633974483,354.0,115.625,50.0,6.629,2.356194490192345
326,246.875,45.3125,1.6389164211777165,0.554,-0.505,6.848,280,245.3125,38.28125,7.202,-1.7894652726688385,371,246.875,52.34375,7.031,1.5707963267948966,344.0,253.125,48.4375,6.987,0.4636476090008061,294.0,252.34375,41.40625,6.72,-0.6202494859828215,343.0,241.40625,48.4375,6.298,2.62244653934327,,,,,
327,289.0625,46.09375,1.6556756178915768,2.976,0.415,7.339,281,287.5,39.0625,7.202,-1.7894652726688385,310,282.03125,42.96875,7.694,-2.723368324010564,362.0,282.8125,50.78125,7.812,2.498091544796509,296.0,293.75,41.40625,6.629,-0.7853981633974483,372.0,289.0625,52.34375,6.25,1.5707963267948966,363.0,296.09375,50.78125,8.45,0.5880026035475675
328,7.8125,46.875,1.6392440609268117,1.792,0.286,7.235,353,14.84375,50.0,7.694,0.4182243295792291,284,5.46875,40.625,6.675,-1.9295669970654687,364.0,3.125,51.5625,6.629,2.356194490192345,316.0,0.0,44.53125,8.156,-2.8501358591119264,378.0,10.15625,54.6875,8.156,1.2793395323170296,300.0,12.5,42.96875,6.101,-0.6947382761967031
329,59.375,46.875,1.669381602074917,2.411,-0.02,7.146,330,66.40625,46.875,7.031,0.0,373,62.5,53.125,6.987,1.1071487177940904,286.0,54.6875,40.625,7.812,-2.214297435588181,290.0,62.5,41.40625,6.298,-1.0516502125483738,332.0,53.125,47.65625,6.298,3.017237659043032,376.0,54.6875,53.90625,8.45,2.158798930342464
330,66.40625,46.875,1.6927918463435283,1.946,0.035,6.984,373,62.5,53.125,7.37,2.129395642138459,333,73.4375,47.65625,7.074,0.11065722117389565,329.0,59.375,46.875,7.031,3.141592653589793,374.0,69.53125,53.125,6.987,1.1071487177940904,290.0,62.5,41.40625,6.72,-2.191045812777718,291.0,70.3125,41.40625,6.72,-0.9505468408120752
331,28.125,47.65625,1.622379687135388,0.753,0.476,7.705,317,35.15625,44.53125,7.694,-0.4182243295792291,370,21.875,52.34375,7.812,2.498091544796509,289.0,30.46875,41.40625,6.675,-1.2120256565243244,383.0,28.90625,55.46875,7.851,1.4711276743037347,365.0,35.15625,51.5625,8.043,0.507098504392337,324.0,20.3125,45.3125,8.156,-2.8501358591119264
332,53.125,47.65625,1.6490887813984274,-2.505,0.511,6.676,286,54.6875,40.625,7.202,-1.3521273809209546,311,47.65625,43.75,6.72,-2.5213431676069717,366.0,47.65625,51.5625,6.72,2.5213431676069717,376.0,54.6875,53.90625,6.442,1.3258176636680326,329.0,59.375,46.875,6.298,-0.12435499454676144,,,,,
333,73.4375,47.65625,1.6865618679596743,-1.874,0.06,7.028,292,77.34375,41.40625,7.37,-1.0121970114513341,330,66.40625,46.875,7.074,-3.0309354324158977,334.0,80.46875,47.65625,7.031,0.0,291.0,70.3125,41.40625,6.987,-2.0344439357957027,377.0,76.5625,53.90625,6.987,1.1071487177940904,374.0,69.53125,53.125,6.72,2.191045812777718
334,80.46875,47.65625,1.7007684208867542,1.919,0.057,7.254,293,84.375,41.40625,7.37,-1.0121970114513341,377,76.5625,53.90625,7.37,2.129395642138459,339.0,87.5,48.4375,7.074,0.11065722117389565,333.0,73.4375,47.65625,7.031,3.141592653589793,292.0,77.34375,41.40625,6.987,-2.0344439357957027,379.0,83.59375,54.6875,7.694,1.1525719972156676
335,127.34375,47.65625,1.648060759076649,2.921,0.347,7.102,303,132.8125,42.96875,7.202,-0.7086262721276703,287,125.0,40.625,7.411,-1.892546881191539,325.0,120.3125,45.3125,7.411,-2.819842099193151,386.0,127.34375,55.46875,7.812,1.5707963267948966,355.0,133.59375,50.0,6.675,0.35877067027057225,367.0,122.65625,51.5625,6.101,2.44685437739309
336,264.84375,47.65625,1.6612968005257713,1.522,0.504,7.036,369,271.09375,51.5625,7.37,0.5585993153435624,288,264.84375,40.625,7.031,-1.5707963267948966,321.0,258.59375,44.53125,6.987,-2.677945044588987,368.0,259.375,51.5625,6.72,2.5213431676069717,396.0,264.84375,55.46875,7.812,1.5707963267948966,322.0,270.3125,44.53125,6.298,-0.5191461142465229
337,276.5625,47.65625,1.6967320064467455,-2.358,0.417,6.878,310,282.03125,42.96875,7.202,-0.7086262721276703,382,277.34375,54.6875,7.074,1.460139105621001,362.0,282.8125,50.78125,6.987,0.4636476090008061,322.0,270.3125,44.53125,6.987,-2.677945044588987,369.0,271.09375,51.5625,6.72,2.5213431676069717,295.0,275.78125,41.40625,6.298,-1.695151321341658
338,41.40625,48.4375,1.6628514009898592,-1.772,0.51,7.333,317,35.15625,44.53125,7.37,-2.5829933382462307,384,41.40625,55.46875,7.031,1.5707963267948966,366.0,47.65625,51.5625,6.987,0.4636476090008061,365.0,35.15625,51.5625,6.987,2.677945044588987,285.0,41.40625,40.625,7.812,-1.5707963267948966,311.0,47.65625,43.75,7.812,-0.6435011087932844
339,87.5,48.4375,1.6900603732412403,-1.223,0.057,7.254,297,91.40625,42.1875,7.37,-1.0121970114513341,379,83.59375,54.6875,7.37,2.129395642138459,334.0,80.46875,47.65625,7.074,-3.0309354324158977,340.0,94.53125,48.4375,7.031,0.0,380.0,90.625,54.6875,6.987,1.1071487177940904,293.0,84.375,41.40625,7.694,-1.9890206563741257
340,94.53125,48.4375,1.705589826737724,1.268,0.06,7.028,380,90.625,54.6875,7.37,2.129395642138459,345,101.5625,49.21875,7.074,0.11065722117389565,339.0,87.5,48.4375,7.031,3.141592653589793,297.0,91.40625,42.1875,6.987,-2.0344439357957027,381.0,97.65625,54.6875,6.987,1.1071487177940904,301.0,98.4375,42.96875,6.72,-0.9505468408120752
341,145.3125,48.4375,1.6064176284197174,2.554,-0.512,6.763,375,139.84375,53.125,7.202,2.432966381462123,387,146.875,55.46875,7.202,1.3521273809209546,318.0,139.84375,44.53125,6.72,-2.5213431676069717,298.0,146.875,42.1875,6.442,-1.3258176636680326,342.0,151.5625,48.4375,6.25,0.0,,,,,
342,151.5625,48.4375,1.5207279335992558,2.177,0.117,7.468,298,146.875,42.1875,7.812,-2.214297435588181,361,157.8125,50.78125,6.675,0.35877067027057225,398.0,153.90625,56.25,8.156,1.2793395323170296,341.0,145.3125,48.4375,6.25,3.141592653589793,387.0,146.875,55.46875,8.45,2.158798930342464,,,,,
343,241.40625,48.4375,1.6414236292832127,1.454,-0.405,6.73,394,239.84375,55.46875,7.202,1.7894652726688385,299,238.28125,42.1875,6.987,-2.0344439357957027,371.0,246.875,52.34375,6.72,0.6202494859828215,360.0,235.15625,50.0,6.442,2.896613990462929,326.0,246.875,45.3125,6.298,-0.5191461142465229,,,,,
344,253.125,48.4375,1.7100785320368317,-2.84,0.463,7.028,371,246.875,52.34375,7.37,2.5829933382462307,294,252.34375,41.40625,7.074,-1.6814535479687922,395.0,253.125,55.46875,7.031,1.5707963267948966,326.0,246.875,45.3125,6.987,-2.677945044588987,368.0,259.375,51.5625,6.987,0.4636476090008061,321.0,258.59375,44.53125,6.72,-0.6202494859828215
345,101.5625,49.21875,1.672887489491487,-1.319,0.074,7.102,340,94.53125,48.4375,7.074,-3.0309354324158977,346,108.59375,49.21875,7.031,0.0,301.0,98.4375,42.96875,6.987,-2.0344439357957027,385.0,104.6875,55.46875,6.987,1.1071487177940904,381.0,97.65625,54.6875,6.72,2.191045812777718,302.0,106.25,42.96875,7.812,-0.9272952180016122
346,108.59375,49.21875,1.6913850150991452,0.805,0.1,7.174,312,113.28125,43.75,7.202,-0.8621700546672264,385,104.6875,55.46875,7.37,2.129395642138459,354.0,115.625,50.0,7.074,0.11065722117389565,345.0,101.5625,49.21875,7.031,3.141592653589793,397.0,111.71875,56.25,7.694,1.1525719972156676,302.0,106.25,42.96875,6.675,-1.9295669970654687
347,171.09375,49.21875,1.707669966650835,1.222,-0.058,7.254,304,167.1875,42.96875,7.37,-2.129395642138459,388,175.0,55.46875,7.37,1.0121970114513341,356.0,164.0625,50.0,7.074,3.0309354324158977,348.0,178.125,49.21875,7.031,0.0,305.0,174.21875,42.96875,6.987,-1.1071487177940904,400.0,167.96875,56.25,7.694,1.9890206563741257
348,178.125,49.21875,1.7063554640174905,0.511,-0.016,7.193,305,174.21875,42.96875,7.37,-2.129395642138459,306,182.03125,42.96875,7.37,-1.0121970114513341,389.0,182.03125,55.46875,7.37,1.0121970114513341,347.0,171.09375,49.21875,7.031,3.141592653589793,349.0,185.15625,49.21875,7.031,0.0,388.0,175.0,55.46875,6.987,2.0344439357957027
349,185.15625,49.21875,1.6942418320993746,0.0,-0.001,7.129,307,189.0625,42.96875,7.37,-1.0121970114513341,390,189.0625,55.46875,7.37,1.0121970114513341,350.0,192.1875,49.21875,7.031,0.0,348.0,178.125,49.21875,7.031,3.141592653589793,306.0,182.03125,42.96875,6.987,-2.0344439357957027,389.0,182.03125,55.46875,6.987,2.0344439357957027
350,192.1875,49.21875,1.6701368383561506,0.0,-0.001,7.259,308,196.09375,42.96875,7.37,-1.0121970114513341,391,196.09375,55.46875,7.37,1.0121970114513341,349.0,185.15625,49.21875,7.031,3.141592653589793,307.0,189.0625,42.96875,6.987,-2.0344439357957027,390.0,189.0625,55.46875,6.987,2.0344439357957027,351.0,200.0,49.21875,7.812,0.0
351,200.0,49.21875,1.6756389037373127,3.141,-0.001,7.259,308,196.09375,42.96875,7.37,-2.129395642138459,391,196.09375,55.46875,7.37,2.129395642138459,352.0,207.03125,49.21875,7.031,0.0,309.0,203.125,42.96875,6.987,-1.1071487177940904,392.0,203.125,55.46875,6.987,1.1071487177940904,350.0,192.1875,49.21875,7.812,3.141592653589793
352,207.03125,49.21875,1.673414842181449,1.765,0.044,7.092,309,203.125,42.96875,7.37,-2.129395642138459,392,203.125,55.46875,7.37,2.129395642138459,357.0,214.0625,50.0,7.074,0.11065722117389565,351.0,200.0,49.21875,7.031,3.141592653589793,393.0,210.15625,55.46875,6.987,1.1071487177940904,313.0,210.9375,43.75,6.72,-0.9505468408120752
353,14.84375,50.0,1.6782670717395378,-2.681,0.307,7.258,324,20.3125,45.3125,7.202,-0.7086262721276703,405,16.40625,57.03125,7.202,1.3521273809209546,370.0,21.875,52.34375,7.411,0.3217505543966422,300.0,12.5,42.96875,7.411,-1.892546881191539,328.0,7.8125,46.875,7.694,-2.723368324010564,378.0,10.15625,54.6875,6.629,2.356194490192345
354,115.625,50.0,1.6782953058117995,0.809,0.149,7.107,367,122.65625,51.5625,7.202,0.21866894587394195,397,111.71875,56.25,7.37,2.129395642138459,346.0,108.59375,49.21875,7.074,-3.0309354324158977,406.0,118.75,57.03125,7.694,1.1525719972156676,312.0,113.28125,43.75,6.675,-1.9295669970654687,325.0,120.3125,45.3125,6.629,-0.7853981633974483
355,133.59375,50.0,1.6756829743476482,1.982,0.383,7.403,303,132.8125,42.96875,7.074,-1.6814535479687922,407,134.375,57.03125,7.074,1.460139105621001,375.0,139.84375,53.125,6.987,0.4636476090008061,335.0,127.34375,47.65625,6.675,-2.782821983319221,318.0,139.84375,44.53125,8.304,-0.7188299996216245,386.0,127.34375,55.46875,8.304,2.4227626539681686
356,164.0625,50.0,1.6944064938503378,2.663,-0.104,7.104,319,159.375,44.53125,7.202,-2.279422598922567,400,167.96875,56.25,7.37,1.0121970114513341,347.0,171.09375,49.21875,7.074,-0.11065722117389565,399.0,160.9375,56.25,6.987,2.0344439357957027,304.0,167.1875,42.96875,7.694,-1.1525719972156676,361.0,157.8125,50.78125,6.298,3.017237659043032
357,214.0625,50.0,1.6917402267492068,-1.874,0.06,7.028,314,217.96875,43.75,7.37,-1.0121970114513341,352,207.03125,49.21875,7.074,-3.0309354324158977,358.0,221.09375,50.0,7.031,0.0,313.0,210.9375,43.75,6.987,-2.0344439357957027,401.0,217.1875,56.25,6.987,1.1071487177940904,393.0,210.15625,55.46875,6.72,2.191045812777718
358,221.09375,50.0,1.7126727734294025,-0.512,0.015,7.193,315,225.0,43.75,7.37,-1.0121970114513341,401,217.1875,56.25,7.37,2.129395642138459,402.0,225.0,56.25,7.37,1.0121970114513341,357.0,214.0625,50.0,7.031,3.141592653589793,359.0,228.125,50.0,7.031,0.0,314.0,217.96875,43.75,6.987,-2.0344439357957027
359,228.125,50.0,1.7037315373606725,-0.153,-0.007,6.951,403,232.03125,56.25,7.37,1.0121970114513341,360,235.15625,50.0,7.031,0.0,358.0,221.09375,50.0,7.031,3.141592653589793,315.0,225.0,43.75,6.987,-2.0344439357957027,402.0,225.0,56.25,6.987,2.0344439357957027,320.0,231.25,44.53125,6.298,-1.0516502125483738
360,235.15625,50.0,1.658032276965911,-1.68,-0.122,7.133,394,239.84375,55.46875,7.202,0.8621700546672264,359,228.125,50.0,7.031,3.141592653589793,403.0,232.03125,56.25,6.987,2.0344439357957027,320.0,231.25,44.53125,6.72,-2.191045812777718,343.0,241.40625,48.4375,6.442,-0.24497866312686414,299.0,238.28125,42.1875,8.414,-1.1902899496825317
361,157.8125,50.78125,1.6636851097173901,0.837,-0.028,6.487,398,153.90625,56.25,6.72,2.191045812777718,342,151.5625,48.4375,6.675,-2.782821983319221,319.0,159.375,44.53125,6.442,-1.3258176636680326,356.0,164.0625,50.0,6.298,-0.12435499454676144,399.0,160.9375,56.25,6.298,1.0516502125483738,,,,,
362,282.8125,50.78125,1.6726599879099295,-0.934,0.38,7.169,409,284.375,57.8125,7.202,1.3521273809209546,337,276.5625,47.65625,6.987,-2.677945044588987,382.0,277.34375,54.6875,6.72,2.5213431676069717,327.0,289.0625,46.09375,7.812,-0.6435011087932844,310.0,282.03125,42.96875,7.851,-1.6704649792860586,372.0,289.0625,52.34375,6.442,0.24497866312686414
363,296.09375,50.78125,1.581825942838972,2.73,-0.154,7.464,372,289.0625,52.34375,7.202,2.922923707715851,323,299.21875,44.53125,6.987,-1.1071487177940904,408.0,299.21875,57.03125,6.987,1.1071487177940904,410.0,292.96875,57.8125,7.694,1.9890206563741257,327.0,289.0625,46.09375,8.45,-2.5535900500422257,,,,,
364,3.125,51.5625,1.6768877633256172,0.546,0.242,7.294,316,0.0,44.53125,7.694,-1.9890206563741257,378,10.15625,54.6875,7.694,0.4182243295792291,328.0,7.8125,46.875,6.629,-0.7853981633974483,415.0,5.46875,59.375,8.156,1.2793395323170296,404.0,0.0,57.03125,6.298,2.0899424410414196,,,,,
365,35.15625,51.5625,1.6906483140392266,0.746,0.512,7.312,383,28.90625,55.46875,7.37,2.5829933382462307,384,41.40625,55.46875,7.37,0.5585993153435624,411.0,35.9375,58.59375,7.074,1.460139105621001,317.0,35.15625,44.53125,7.031,-1.5707963267948966,338.0,41.40625,48.4375,6.987,-0.4636476090008061,331.0,28.125,47.65625,8.043,-2.6344941491974563
366,47.65625,51.5625,1.7061235393644112,-1.462,0.46,7.222,384,41.40625,55.46875,7.37,2.5829933382462307,376,54.6875,53.90625,7.411,0.3217505543966422,412.0,47.65625,58.59375,7.031,1.5707963267948966,338.0,41.40625,48.4375,6.987,-2.677945044588987,332.0,53.125,47.65625,6.72,-0.6202494859828215,311.0,47.65625,43.75,7.812,-1.5707963267948966
367,122.65625,51.5625,1.5781369765619573,-2.402,0.263,6.56,354,115.625,50.0,7.202,-2.922923707715851,406,118.75,57.03125,6.72,2.191045812777718,325.0,120.3125,45.3125,6.675,-1.9295669970654687,335.0,127.34375,47.65625,6.101,-0.6947382761967031,386.0,127.34375,55.46875,6.101,0.6947382761967031,,,,,
368,259.375,51.5625,1.6368053982186583,2.765,0.487,7.114,395,253.125,55.46875,7.37,2.5829933382462307,321,258.59375,44.53125,7.074,-1.6814535479687922,344.0,253.125,48.4375,6.987,-2.677945044588987,336.0,264.84375,47.65625,6.72,-0.6202494859828215,396.0,264.84375,55.46875,6.72,0.6202494859828215,419.0,259.375,59.375,7.812,1.5707963267948966
369,271.09375,51.5625,1.7001464534107238,-2.226,0.478,7.092,336,264.84375,47.65625,7.37,-2.5829933382462307,396,264.84375,55.46875,7.37,2.5829933382462307,322.0,270.3125,44.53125,7.074,-1.6814535479687922,414.0,271.09375,58.59375,7.031,1.5707963267948966,382.0,277.34375,54.6875,6.987,0.4636476090008061,337.0,276.5625,47.65625,6.72,-0.6202494859828215
370,21.875,52.34375,1.6510799818845756,1.529,0.348,7.421,324,20.3125,45.3125,7.202,-1.7894652726688385,405,16.40625,57.03125,7.202,2.432966381462123,416.0,23.4375,59.375,7.202,1.3521273809209546,353.0,14.84375,50.0,7.411,-2.819842099193151,383.0,28.90625,55.46875,7.694,0.4182243295792291,331.0,28.125,47.65625,7.812,-0.6435011087932844
371,246.875,52.34375,1.6920893549814253,-1.128,0.522,7.146,344,253.125,48.4375,7.37,-0.5585993153435624,418,247.65625,59.375,7.074,1.460139105621001,326.0,246.875,45.3125,7.031,-1.5707963267948966,395.0,253.125,55.46875,6.987,0.4636476090008061,394.0,239.84375,55.46875,7.694,2.723368324010564,343.0,241.40625,48.4375,6.72,-2.5213431676069717
372,289.0625,52.34375,1.6175491099015709,2.08,0.106,6.763,409,284.375,57.8125,7.202,2.279422598922567,363,296.09375,50.78125,7.202,-0.21866894587394195,410.0,292.96875,57.8125,6.72,0.9505468408120752,362.0,282.8125,50.78125,6.442,-2.896613990462929,327.0,289.0625,46.09375,6.25,-1.5707963267948966,,,,,
373,62.5,53.125,1.6744560356824587,0.542,-0.007,7.151,330,66.40625,46.875,7.37,-1.0121970114513341,417,66.40625,59.375,7.37,1.0121970114513341,374.0,69.53125,53.125,7.031,0.0,329.0,59.375,46.875,6.987,-2.0344439357957027,376.0,54.6875,53.90625,7.851,3.0419240010986313,413.0,59.375,58.59375,6.298,2.0899424410414196
374,69.53125,53.125,1.6299398232074191,1.343,0.059,7.202,377,76.5625,53.90625,7.074,0.11065722117389565,373,62.5,53.125,7.031,3.141592653589793,330.0,66.40625,46.875,6.987,-2.0344439357957027,417.0,66.40625,59.375,6.987,2.0344439357957027,333.0,73.4375,47.65625,6.72,-0.9505468408120752,420.0,72.65625,60.9375,8.414,1.1902899496825317
375,139.84375,53.125,1.6620225653142964,-1.571,0.497,7.383,341,145.3125,48.4375,7.202,-0.7086262721276703,387,146.875,55.46875,7.411,0.3217505543966422,355.0,133.59375,50.0,6.987,-2.677945044588987,407.0,134.375,57.03125,6.72,2.5213431676069717,318.0,139.84375,44.53125,8.593,-1.5707963267948966,,,,,
376,54.6875,53.90625,1.6310757552913677,-0.491,0.061,7.439,366,47.65625,51.5625,7.411,-2.819842099193151,373,62.5,53.125,7.851,-0.09966865249116202,425.0,53.90625,61.71875,7.851,1.6704649792860586,413.0,59.375,58.59375,6.629,0.7853981633974483,332.0,53.125,47.65625,6.442,-1.8157749899217608,329.0,59.375,46.875,8.45,-0.982793723247329
377,76.5625,53.90625,1.6693720121663793,1.498,0.067,7.374,334,80.46875,47.65625,7.37,-1.0121970114513341,374,69.53125,53.125,7.074,-3.0309354324158977,379.0,83.59375,54.6875,7.074,0.11065722117389565,333.0,73.4375,47.65625,6.987,-2.0344439357957027,421.0,79.6875,60.9375,7.694,1.1525719972156676,420.0,72.65625,60.9375,8.043,2.0778948311872334
378,10.15625,54.6875,1.6599046608847217,-2.489,0.305,7.164,424,11.71875,61.71875,7.202,1.3521273809209546,364,3.125,51.5625,7.694,-2.723368324010564,405.0,16.40625,57.03125,6.675,0.35877067027057225,353.0,14.84375,50.0,6.629,-0.7853981633974483,415.0,5.46875,59.375,6.629,2.356194490192345,328.0,7.8125,46.875,8.156,-1.8622531212727638
379,83.59375,54.6875,1.6904572491778689,-1.223,0.057,7.254,339,87.5,48.4375,7.37,-1.0121970114513341,421,79.6875,60.9375,7.37,2.129395642138459,377.0,76.5625,53.90625,7.074,-3.0309354324158977,380.0,90.625,54.6875,7.031,0.0,422.0,86.71875,60.9375,6.987,1.1071487177940904,334.0,80.46875,47.65625,7.694,-1.9890206563741257
380,90.625,54.6875,1.7106922737953834,-0.512,0.015,7.193,340,94.53125,48.4375,7.37,-1.0121970114513341,422,86.71875,60.9375,7.37,2.129395642138459,423.0,94.53125,60.9375,7.37,1.0121970114513341,379.0,83.59375,54.6875,7.031,3.141592653589793,381.0,97.65625,54.6875,7.031,0.0,339.0,87.5,48.4375,6.987,-2.0344439357957027
381,97.65625,54.6875,1.6606529368401592,0.798,0.037,7.14,385,104.6875,55.46875,7.074,0.11065722117389565,380,90.625,54.6875,7.031,3.141592653589793,340.0,94.53125,48.4375,6.987,-2.0344439357957027,423.0,94.53125,60.9375,6.987,2.0344439357957027,345.0,101.5625,49.21875,6.72,-0.9505468408120752,426.0,101.5625,61.71875,8.043,1.0636978224025597
382,277.34375,54.6875,1.7008585463985888,-2.54,0.455,7.146,414,271.09375,58.59375,7.37,2.5829933382462307,337,276.5625,47.65625,7.074,-1.6814535479687922,436.0,277.34375,61.71875,7.031,1.5707963267948966,369.0,271.09375,51.5625,6.987,-2.677945044588987,409.0,284.375,57.8125,7.694,0.4182243295792291,362.0,282.8125,50.78125,6.72,-0.6202494859828215
383,28.90625,55.46875,1.6716129276081704,0.836,0.431,7.4,365,35.15625,51.5625,7.37,-0.5585993153435624,437,29.6875,62.5,7.074,1.460139105621001,411.0,35.9375,58.59375,7.694,0.4182243295792291,370.0,21.875,52.34375,7.694,-2.723368324010564,416.0,23.4375,59.375,6.72,2.5213431676069717,331.0,28.125,47.65625,7.851,-1.6704649792860586
384,41.40625,55.46875,1.6567617143060867,-0.733,0.496,7.022,365,35.15625,51.5625,7.37,-2.5829933382462307,366,47.65625,51.5625,7.37,-0.5585993153435624,438.0,42.1875,62.5,7.074,1.460139105621001,338.0,41.40625,48.4375,7.031,-1.5707963267948966,412.0,47.65625,58.59375,6.987,0.4636476090008061,411.0,35.9375,58.59375,6.298,2.62244653934327
385,104.6875,55.46875,1.6947907350599793,0.511,0.053,7.08,346,108.59375,49.21875,7.37,-1.0121970114513341,381,97.65625,54.6875,7.074,-3.0309354324158977,397.0,111.71875,56.25,7.074,0.11065722117389565,345.0,101.5625,49.21875,6.987,-2.0344439357957027,426.0,101.5625,61.71875,6.987,2.0344439357957027,427.0,107.8125,61.71875,6.987,1.1071487177940904
386,127.34375,55.46875,1.5837972877425732,-0.395,0.288,7.547,407,134.375,57.03125,7.202,0.21866894587394195,442,129.6875,62.5,7.411,1.2490457723982544,335.0,127.34375,47.65625,7.812,-1.5707963267948966,355.0,133.59375,50.0,8.304,-0.7188299996216245,367.0,122.65625,51.5625,6.101,-2.44685437739309,441.0,122.65625,62.5,8.45,2.158798930342464
387,146.875,55.46875,1.6979365046103518,-0.772,0.151,7.534,341,145.3125,48.4375,7.202,-1.7894652726688385,428,142.96875,61.71875,7.37,2.129395642138459,375.0,139.84375,53.125,7.411,-2.819842099193151,398.0,153.90625,56.25,7.074,0.11065722117389565,443.0,150.0,62.5,7.694,1.1525719972156676,342.0,151.5625,48.4375,8.45,-0.982793723247329
388,175.0,55.46875,1.703153948774244,1.222,-0.058,7.254,347,171.09375,49.21875,7.37,-2.129395642138459,429,178.90625,61.71875,7.37,1.0121970114513341,400.0,167.96875,56.25,7.074,3.0309354324158977,389.0,182.03125,55.46875,7.031,0.0,348.0,178.125,49.21875,6.987,-1.1071487177940904,446.0,171.875,62.5,7.694,1.9890206563741257
389,182.03125,55.46875,1.710772976184407,0.0,-0.032,7.129,348,178.125,49.21875,7.37,-2.129395642138459,430,185.9375,61.71875,7.37,1.0121970114513341,390.0,189.0625,55.46875,7.031,0.0,388.0,175.0,55.46875,7.031,3.141592653589793,349.0,185.15625,49.21875,6.987,-1.1071487177940904,429.0,178.90625,61.71875,6.987,2.0344439357957027
390,189.0625,55.46875,1.7107885521038884,0.0,-0.032,7.129,349,185.15625,49.21875,7.37,-2.129395642138459,431,192.96875,61.71875,7.37,1.0121970114513341,391.0,196.09375,55.46875,7.031,0.0,389.0,182.03125,55.46875,7.031,3.141592653589793,350.0,192.1875,49.21875,6.987,-1.1071487177940904,430.0,185.9375,61.71875,6.987,2.0344439357957027
391,196.09375,55.46875,1.7112930819460843,0.511,-0.016,7.193,350,192.1875,49.21875,7.37,-2.129395642138459,351,200.0,49.21875,7.37,-1.0121970114513341,432.0,200.0,61.71875,7.37,1.0121970114513341,390.0,189.0625,55.46875,7.031,3.141592653589793,392.0,203.125,55.46875,7.031,0.0,431.0,192.96875,61.71875,6.987,2.0344439357957027
392,203.125,55.46875,1.698872846980251,0.0,-0.001,7.129,352,207.03125,49.21875,7.37,-1.0121970114513341,433,207.03125,61.71875,7.37,1.0121970114513341,393.0,210.15625,55.46875,7.031,0.0,391.0,196.09375,55.46875,7.031,3.141592653589793,351.0,200.0,49.21875,6.987,-2.0344439357957027,432.0,200.0,61.71875,6.987,2.0344439357957027
393,210.15625,55.46875,1.6517160099691046,0.601,0.028,7.028,434,214.0625,61.71875,7.37,1.0121970114513341,401,217.1875,56.25,7.074,0.11065722117389565,392.0,203.125,55.46875,7.031,3.141592653589793,352.0,207.03125,49.21875,6.987,-2.0344439357957027,433.0,207.03125,61.71875,6.987,2.0344439357957027,357.0,214.0625,50.0,6.72,-0.9505468408120752
394,239.84375,55.46875,1.6623902265392725,-2.817,-0.148,7.455,343,241.40625,48.4375,7.202,-1.3521273809209546,360,235.15625,50.0,7.202,-2.279422598922567,435.0,235.9375,61.71875,7.37,2.129395642138459,449.0,242.1875,62.5,7.411,1.2490457723982544,371.0,246.875,52.34375,7.694,-0.4182243295792291,403.0,232.03125,56.25,7.851,3.0419240010986313
395,253.125,55.46875,1.693645623414816,1.661,0.497,7.215,368,259.375,51.5625,7.37,-0.5585993153435624,419,259.375,59.375,7.37,0.5585993153435624,344.0,253.125,48.4375,7.031,-1.5707963267948966,371.0,246.875,52.34375,6.987,-2.677945044588987,418.0,247.65625,59.375,6.72,2.5213431676069717,452.0,253.125,63.28125,7.812,1.5707963267948966
396,264.84375,55.46875,1.677976429581413,-0.376,0.487,7.114,369,271.09375,51.5625,7.37,-0.5585993153435624,450,265.625,62.5,7.074,1.460139105621001,414.0,271.09375,58.59375,6.987,0.4636476090008061,368.0,259.375,51.5625,6.72,-2.5213431676069717,419.0,259.375,59.375,6.72,2.5213431676069717,336.0,264.84375,47.65625,7.812,-1.5707963267948966
397,111.71875,56.25,1.6949513164749275,-0.944,0.071,7.217,354,115.625,50.0,7.37,-1.0121970114513341,440,115.625,62.5,7.37,1.0121970114513341,406.0,118.75,57.03125,7.074,0.11065722117389565,385.0,104.6875,55.46875,7.074,-3.0309354324158977,346.0,108.59375,49.21875,7.694,-1.9890206563741257,427.0,107.8125,61.71875,6.72,2.191045812777718
398,153.90625,56.25,1.685654299463118,-0.572,0.086,7.223,443,150.0,62.5,7.37,2.129395642138459,387,146.875,55.46875,7.074,-3.0309354324158977,399.0,160.9375,56.25,7.031,0.0,444.0,157.03125,62.5,6.987,1.1071487177940904,361.0,157.8125,50.78125,6.72,-0.9505468408120752,342.0,151.5625,48.4375,8.156,-1.8622531212727638
399,160.9375,56.25,1.6488320984536844,-2.204,-0.01,7.014,445,164.84375,62.5,7.37,1.0121970114513341,444,157.03125,62.5,7.37,2.129395642138459,400.0,167.96875,56.25,7.031,0.0,398.0,153.90625,56.25,7.031,3.141592653589793,356.0,164.0625,50.0,6.987,-1.1071487177940904,361.0,157.8125,50.78125,6.298,-2.0899424410414196
400,167.96875,56.25,1.6839246051494399,-1.92,-0.058,7.254,356,164.0625,50.0,7.37,-2.129395642138459,446,171.875,62.5,7.37,1.0121970114513341,388.0,175.0,55.46875,7.074,-0.11065722117389565,399.0,160.9375,56.25,7.031,3.141592653589793,445.0,164.84375,62.5,6.987,2.0344439357957027,347.0,171.09375,49.21875,7.694,-1.1525719972156676
401,217.1875,56.25,1.6464784037935358,-0.839,0.027,7.152,358,221.09375,50.0,7.37,-1.0121970114513341,447,221.09375,62.5,7.37,1.0121970114513341,393.0,210.15625,55.46875,7.074,-3.0309354324158977,357.0,214.0625,50.0,6.987,-2.0344439357957027,402.0,225.0,56.25,7.812,0.0,434.0,214.0625,61.71875,6.298,2.0899424410414196
402,225.0,56.25,1.6864617929268533,3.141,-0.001,7.259,358,221.09375,50.0,7.37,-2.129395642138459,447,221.09375,62.5,7.37,2.129395642138459,403.0,232.03125,56.25,7.031,0.0,359.0,228.125,50.0,6.987,-1.1071487177940904,448.0,228.125,62.5,6.987,1.1071487177940904,401.0,217.1875,56.25,7.812,3.141592653589793
403,232.03125,56.25,1.6679027065643282,-1.771,-0.043,7.221,359,228.125,50.0,7.37,-2.129395642138459,448,228.125,62.5,7.37,2.129395642138459,402.0,225.0,56.25,7.031,3.141592653589793,360.0,235.15625,50.0,6.987,-1.1071487177940904,435.0,235.9375,61.71875,6.72,0.9505468408120752,394.0,239.84375,55.46875,7.851,-0.09966865249116202
404,0.0,57.03125,1.5344131754066497,0.355,-0.231,6.426,453,0.0,64.0625,7.031,1.5707963267948966,364,3.125,51.5625,6.298,-1.0516502125483738,415.0,5.46875,59.375,5.949,0.40489178628508343,,,,,,,,,,,,,,,
405,16.40625,57.03125,1.6685603969456468,0.32,0.315,7.054,353,14.84375,50.0,7.202,-1.7894652726688385,370,21.875,52.34375,7.202,-0.7086262721276703,454.0,17.96875,64.0625,7.202,1.3521273809209546,416.0,23.4375,59.375,7.411,0.3217505543966422,378.0,10.15625,54.6875,6.675,-2.782821983319221,424.0,11.71875,61.71875,6.629,2.356194490192345
406,118.75,57.03125,1.6479417619978851,-2.933,0.053,6.901,397,111.71875,56.25,7.074,-3.0309354324158977,354,115.625,50.0,7.694,-1.9890206563741257,367.0,122.65625,51.5625,6.72,-0.9505468408120752,441.0,122.65625,62.5,6.72,0.9505468408120752,440.0,115.625,62.5,6.298,2.0899424410414196,,,,,
407,134.375,57.03125,1.6961787907810002,-3.05,0.364,6.928,442,129.6875,62.5,7.202,2.279422598922567,386,127.34375,55.46875,7.202,-2.922923707715851,355.0,133.59375,50.0,7.074,-1.6814535479687922,375.0,139.84375,53.125,6.72,-0.6202494859828215,451.0,135.9375,63.28125,6.442,1.3258176636680326,,,,,
408,299.21875,57.03125,1.5717318286673987,3.064,-0.119,6.993,363,296.09375,50.78125,6.987,-2.0344439357957027,456,296.09375,64.0625,7.694,1.9890206563741257,410.0,292.96875,57.8125,6.298,3.017237659043032,,,,,,,,,,,,,,,
409,284.375,57.8125,1.6635287180734712,3.018,0.427,7.526,362,282.8125,50.78125,7.202,-1.7894652726688385,372,289.0625,52.34375,7.202,-0.8621700546672264,457.0,282.8125,64.84375,7.202,1.7894652726688385,382.0,277.34375,54.6875,7.694,-2.723368324010564,455.0,289.0625,64.0625,7.812,0.9272952180016122,436.0,277.34375,61.71875,8.043,2.6344941491974563
410,292.96875,57.8125,1.6730314965548039,-2.752,-0.039,7.277,455,289.0625,64.0625,7.37,2.129395642138459,456,296.09375,64.0625,6.987,1.1071487177940904,363.0,296.09375,50.78125,7.694,-1.1525719972156676,372.0,289.0625,52.34375,6.72,-2.191045812777718,408.0,299.21875,57.03125,6.298,-0.12435499454676144,409.0,284.375,57.8125,8.593,3.141592653589793
411,35.9375,58.59375,1.6517523656893496,2.331,0.488,7.139,437,29.6875,62.5,7.37,2.5829933382462307,438,42.1875,62.5,7.37,0.5585993153435624,365.0,35.15625,51.5625,7.074,-1.6814535479687922,458.0,35.9375,65.625,7.031,1.5707963267948966,383.0,28.90625,55.46875,7.694,-2.723368324010564,384.0,41.40625,55.46875,6.298,-0.5191461142465229
412,47.65625,58.59375,1.6492874247321558,0.157,0.458,7.208,459,48.4375,65.625,7.074,1.460139105621001,366,47.65625,51.5625,7.031,-1.5707963267948966,425.0,53.90625,61.71875,6.987,0.4636476090008061,384.0,41.40625,55.46875,6.987,-2.677945044588987,438.0,42.1875,62.5,6.72,2.5213431676069717,376.0,54.6875,53.90625,8.45,-0.5880026035475675
413,59.375,58.59375,1.5916306679197405,0.785,0.314,6.675,417,66.40625,59.375,7.074,0.11065722117389565,460,60.15625,65.625,7.074,1.460139105621001,376.0,54.6875,53.90625,6.629,-2.356194490192345,373.0,62.5,53.125,6.298,-1.0516502125483738,425.0,53.90625,61.71875,6.298,2.62244653934327,,,,,
414,271.09375,58.59375,1.6958657228919067,0.302,0.463,7.028,382,277.34375,54.6875,7.37,-0.5585993153435624,462,271.875,65.625,7.074,1.460139105621001,369.0,271.09375,51.5625,7.031,-1.5707963267948966,396.0,264.84375,55.46875,6.987,-2.677945044588987,436.0,277.34375,61.71875,6.987,0.4636476090008061,450.0,265.625,62.5,6.72,2.5213431676069717
415,5.46875,59.375,1.6658435707102717,-2.967,0.35,7.07,453,0.0,64.0625,7.202,2.432966381462123,464,5.46875,67.1875,7.812,1.5707963267948966,424.0,11.71875,61.71875,6.675,0.35877067027057225,378.0,10.15625,54.6875,6.629,-0.7853981633974483,364.0,3.125,51.5625,8.156,-1.8622531212727638,404.0,0.0,57.03125,5.949,-2.7367008673047097
416,23.4375,59.375,1.7025629361337384,2.061,0.379,7.229,370,21.875,52.34375,7.202,-1.7894652726688385,454,17.96875,64.0625,7.202,2.432966381462123,405.0,16.40625,57.03125,7.411,-2.819842099193151,437.0,29.6875,62.5,6.987,0.4636476090008061,383.0,28.90625,55.46875,6.72,-0.6202494859828215,465.0,24.21875,67.1875,7.851,1.4711276743037347
417,66.40625,59.375,1.6821308208062498,-0.205,0.169,6.852,373,62.5,53.125,7.37,-2.129395642138459,413,59.375,58.59375,7.074,-3.0309354324158977,374.0,69.53125,53.125,6.987,-1.1071487177940904,439.0,72.65625,62.5,6.987,0.4636476090008061,420.0,72.65625,60.9375,6.442,0.24497866312686414,461.0,66.40625,65.625,6.25,1.5707963267948966
418,247.65625,59.375,1.6384989363298563,0.735,-0.421,6.933,371,246.875,52.34375,7.074,-1.6814535479687922,395,253.125,55.46875,6.72,-0.6202494859828215,452.0,253.125,63.28125,6.72,0.6202494859828215,468.0,246.875,67.1875,7.851,1.6704649792860586,449.0,242.1875,62.5,6.298,2.62244653934327,,,,,
419,259.375,59.375,1.7004271283519148,-1.481,0.497,7.215,395,253.125,55.46875,7.37,-2.5829933382462307,452,253.125,63.28125,7.37,2.5829933382462307,463.0,259.375,66.40625,7.031,1.5707963267948966,450.0,265.625,62.5,6.987,0.4636476090008061,396.0,264.84375,55.46875,6.72,-0.6202494859828215,368.0,259.375,51.5625,7.812,-1.5707963267948966
420,72.65625,60.9375,1.4126676292793678,-1.997,0.171,7.548,421,79.6875,60.9375,7.031,0.0,461,66.40625,65.625,7.812,2.498091544796509,377.0,76.5625,53.90625,8.043,-1.0636978224025597,417.0,66.40625,59.375,6.442,-2.896613990462929,374.0,69.53125,53.125,8.414,-1.9513027039072615,,,,,
421,79.6875,60.9375,1.6810245365757184,-2.005,-0.013,7.283,439,72.65625,62.5,7.202,2.922923707715851,379,83.59375,54.6875,7.37,-1.0121970114513341,466.0,83.59375,67.1875,7.37,1.0121970114513341,420.0,72.65625,60.9375,7.031,3.141592653589793,422.0,86.71875,60.9375,7.031,0.0,377.0,76.5625,53.90625,7.694,-1.9890206563741257
422,86.71875,60.9375,1.6927618265188913,0.0,-0.001,7.259,380,90.625,54.6875,7.37,-1.0121970114513341,467,90.625,67.1875,7.37,1.0121970114513341,421.0,79.6875,60.9375,7.031,3.141592653589793,379.0,83.59375,54.6875,6.987,-2.0344439357957027,466.0,83.59375,67.1875,6.987,2.0344439357957027,423.0,94.53125,60.9375,7.812,0.0
423,94.53125,60.9375,1.6508643430252268,2.593,0.025,7.384,380,90.625,54.6875,7.37,-2.129395642138459,467,90.625,67.1875,7.37,2.129395642138459,426.0,101.5625,61.71875,7.074,0.11065722117389565,381.0,97.65625,54.6875,6.987,-1.1071487177940904,469.0,97.65625,67.96875,7.694,1.1525719972156676,422.0,86.71875,60.9375,7.812,3.141592653589793
424,11.71875,61.71875,1.657982386061152,-2.941,0.337,7.093,378,10.15625,54.6875,7.202,-1.7894652726688385,480,12.5,68.75,7.074,1.460139105621001,454.0,17.96875,64.0625,6.675,0.35877067027057225,415.0,5.46875,59.375,6.675,-2.782821983319221,405.0,16.40625,57.03125,6.629,-0.7853981633974483,464.0,5.46875,67.1875,8.304,2.4227626539681686
425,53.90625,61.71875,1.6880959950912147,0.681,0.503,7.18,460,60.15625,65.625,7.37,0.5585993153435624,412,47.65625,58.59375,6.987,-2.677945044588987,459.0,48.4375,65.625,6.72,2.5213431676069717,376.0,54.6875,53.90625,7.851,-1.4711276743037347,494.0,54.6875,69.53125,7.851,1.4711276743037347,413.0,59.375,58.59375,6.298,-0.5191461142465229
426,101.5625,61.71875,1.6427968356778275,-2.272,0.027,7.118,469,97.65625,67.96875,7.37,2.129395642138459,423,94.53125,60.9375,7.074,-3.0309354324158977,470.0,104.6875,67.96875,6.987,1.1071487177940904,385.0,104.6875,55.46875,6.987,-1.1071487177940904,381.0,97.65625,54.6875,8.043,-2.0778948311872334,427.0,107.8125,61.71875,6.25,0.0
427,107.8125,61.71875,1.62191897044557,0.762,0.035,7.14,385,104.6875,55.46875,6.987,-2.0344439357957027,470,104.6875,67.96875,6.987,2.0344439357957027,397.0,111.71875,56.25,6.72,-0.9505468408120752,440.0,115.625,62.5,7.851,0.09966865249116202,482.0,111.71875,68.75,8.043,1.0636978224025597,426.0,101.5625,61.71875,6.25,3.141592653589793
428,142.96875,61.71875,1.5205184830423721,1.111,-0.033,7.477,451,135.9375,63.28125,7.202,2.922923707715851,387,146.875,55.46875,7.37,-1.0121970114513341,443.0,150.0,62.5,7.074,0.11065722117389565,485.0,139.84375,68.75,7.694,1.9890206563741257,486.0,146.875,68.75,8.043,1.0636978224025597,,,,,
429,178.90625,61.71875,1.688004549624161,1.515,-0.051,7.136,388,175.0,55.46875,7.37,-2.129395642138459,472,182.8125,67.96875,7.37,1.0121970114513341,446.0,171.875,62.5,7.074,3.0309354324158977,430.0,185.9375,61.71875,7.031,0.0,389.0,182.03125,55.46875,6.987,-1.1071487177940904,471.0,175.78125,67.96875,6.987,2.0344439357957027
430,185.9375,61.71875,1.6959864774432074,0.0,-0.032,7.129,389,182.03125,55.46875,7.37,-2.129395642138459,473,189.84375,67.96875,7.37,1.0121970114513341,431.0,192.96875,61.71875,7.031,0.0,429.0,178.90625,61.71875,7.031,3.141592653589793,390.0,189.0625,55.46875,6.987,-1.1071487177940904,472.0,182.8125,67.96875,6.987,2.0344439357957027
431,192.96875,61.71875,1.6988783405466463,0.0,-0.032,7.129,390,189.0625,55.46875,7.37,-2.129395642138459,474,196.875,67.96875,7.37,1.0121970114513341,432.0,200.0,61.71875,7.031,0.0,430.0,185.9375,61.71875,7.031,3.141592653589793,391.0,196.09375,55.46875,6.987,-1.1071487177940904,473.0,189.84375,67.96875,6.987,2.0344439357957027
432,200.0,61.71875,1.7020655320746811,0.0,-0.032,7.129,391,196.09375,55.46875,7.37,-2.129395642138459,475,203.90625,67.96875,7.37,1.0121970114513341,433.0,207.03125,61.71875,7.031,0.0,431.0,192.96875,61.71875,7.031,3.141592653589793,392.0,203.125,55.46875,6.987,-1.1071487177940904,474.0,196.875,67.96875,6.987,2.0344439357957027
433,207.03125,61.71875,1.694620037021477,0.0,-0.032,7.129,392,203.125,55.46875,7.37,-2.129395642138459,476,210.9375,67.96875,7.37,1.0121970114513341,434.0,214.0625,61.71875,7.031,0.0,432.0,200.0,61.71875,7.031,3.141592653589793,393.0,210.15625,55.46875,6.987,-1.1071487177940904,475.0,203.90625,67.96875,6.987,2.0344439357957027
434,214.0625,61.71875,1.6647543629620507,1.267,-0.006,7.022,393,210.15625,55.46875,7.37,-2.129395642138459,477,217.96875,67.96875,7.37,1.0121970114513341,447.0,221.09375,62.5,7.074,0.11065722117389565,433.0,207.03125,61.71875,7.031,3.141592653589793,476.0,210.9375,67.96875,6.987,2.0344439357957027,401.0,217.1875,56.25,6.298,-1.0516502125483738
435,235.9375,61.71875,1.6166936170335895,2.073,0.018,7.217,394,239.84375,55.46875,7.37,-1.0121970114513341,479,232.03125,67.96875,7.37,2.129395642138459,490.0,239.0625,68.75,7.694,1.1525719972156676,403.0,232.03125,56.25,6.72,-2.191045812777718,448.0,228.125,62.5,7.851,3.0419240010986313,449.0,242.1875,62.5,6.298,0.12435499454676144
436,277.34375,61.71875,1.681248483360685,0.763,0.481,7.026,491,278.125,68.75,7.074,1.460139105621001,382,277.34375,54.6875,7.031,-1.5707963267948966,414.0,271.09375,58.59375,6.987,-2.677945044588987,462.0,271.875,65.625,6.72,2.5213431676069717,409.0,284.375,57.8125,8.043,-0.507098504392337,457.0,282.8125,64.84375,6.298,0.5191461142465229
437,29.6875,62.5,1.7013507264733425,0.937,0.43,7.116,465,24.21875,67.1875,7.202,2.432966381462123,411,35.9375,58.59375,7.37,-0.5585993153435624,492.0,30.46875,69.53125,7.074,1.460139105621001,383.0,28.90625,55.46875,7.074,-1.6814535479687922,458.0,35.9375,65.625,6.987,0.4636476090008061,416.0,23.4375,59.375,6.987,-2.677945044588987
438,42.1875,62.5,1.6868670195188222,-1.728,0.475,7.035,411,35.9375,58.59375,7.37,-2.5829933382462307,384,41.40625,55.46875,7.074,-1.6814535479687922,493.0,42.96875,69.53125,7.074,1.460139105621001,458.0,35.9375,65.625,6.987,2.677945044588987,459.0,48.4375,65.625,6.987,0.4636476090008061,412.0,47.65625,58.59375,6.72,-0.6202494859828215
439,72.65625,62.5,1.4274286711293764,1.991,-0.518,7.137,421,79.6875,60.9375,7.202,-0.21866894587394195,481,76.5625,68.75,7.37,1.0121970114513341,417.0,66.40625,59.375,6.987,-2.677945044588987,461.0,66.40625,65.625,6.987,2.677945044588987,,,,,,,,,,
440,115.625,62.5,1.6743562105722287,-2.561,0.025,7.151,397,111.71875,56.25,7.37,-2.129395642138459,482,111.71875,68.75,7.37,2.129395642138459,441.0,122.65625,62.5,7.031,0.0,483.0,118.75,68.75,6.987,1.1071487177940904,427.0,107.8125,61.71875,7.851,-3.0419240010986313,406.0,118.75,57.03125,6.298,-1.0516502125483738
441,122.65625,62.5,1.6943338207006515,2.417,0.011,7.265,483,118.75,68.75,7.37,2.129395642138459,442,129.6875,62.5,7.031,0.0,440.0,115.625,62.5,7.031,3.141592653589793,484.0,125.78125,68.75,6.987,1.1071487177940904,406.0,118.75,57.03125,6.72,-2.191045812777718,386.0,127.34375,55.46875,8.45,-0.982793723247329
442,129.6875,62.5,1.7080759598435131,0.719,0.109,7.168,407,134.375,57.03125,7.202,-0.8621700546672264,484,125.78125,68.75,7.37,2.129395642138459,386.0,127.34375,55.46875,7.411,-1.892546881191539,441.0,122.65625,62.5,7.031,3.141592653589793,495.0,132.8125,69.53125,7.694,1.1525719972156676,451.0,135.9375,63.28125,6.298,0.12435499454676144
443,150.0,62.5,1.686758940976033,-0.548,0.025,7.254,398,153.90625,56.25,7.37,-1.0121970114513341,487,153.90625,68.75,7.37,1.0121970114513341,428.0,142.96875,61.71875,7.074,-3.0309354324158977,444.0,157.03125,62.5,7.031,0.0,486.0,146.875,68.75,6.987,2.0344439357957027,387.0,146.875,55.46875,7.694,-1.9890206563741257
444,157.03125,62.5,1.6568795374091698,0.0,-0.001,7.259,399,160.9375,56.25,7.37,-1.0121970114513341,488,160.9375,68.75,7.37,1.0121970114513341,443.0,150.0,62.5,7.031,3.141592653589793,398.0,153.90625,56.25,6.987,-2.0344439357957027,487.0,153.90625,68.75,6.987,2.0344439357957027,445.0,164.84375,62.5,7.812,0.0
445,164.84375,62.5,1.7026129393726745,3.141,-0.001,7.259,399,160.9375,56.25,7.37,-2.129395642138459,488,160.9375,68.75,7.37,2.129395642138459,446.0,171.875,62.5,7.031,0.0,400.0,167.96875,56.25,6.987,-1.1071487177940904,489.0,167.96875,68.75,6.987,1.1071487177940904,444.0,157.03125,62.5,7.812,3.141592653589793
446,171.875,62.5,1.6551118093723702,-1.929,-0.053,7.21,400,167.96875,56.25,7.37,-2.129395642138459,489,167.96875,68.75,7.37,2.129395642138459,429.0,178.90625,61.71875,7.074,-0.11065722117389565,445.0,164.84375,62.5,7.031,3.141592653589793,388.0,175.0,55.46875,7.694,-1.1525719972156676,471.0,175.78125,67.96875,6.72,0.9505468408120752
447,221.09375,62.5,1.6591583230440463,-0.939,0.001,6.977,401,217.1875,56.25,7.37,-2.129395642138459,402,225.0,56.25,7.37,-1.0121970114513341,434.0,214.0625,61.71875,7.074,-3.0309354324158977,448.0,228.125,62.5,7.031,0.0,478.0,225.0,67.96875,6.72,0.9505468408120752,477.0,217.96875,67.96875,6.298,2.0899424410414196
448,228.125,62.5,1.6117029367146192,-0.777,-0.018,7.043,403,232.03125,56.25,7.37,-1.0121970114513341,447,221.09375,62.5,7.031,3.141592653589793,402.0,225.0,56.25,6.987,-2.0344439357957027,479.0,232.03125,67.96875,6.72,0.9505468408120752,435.0,235.9375,61.71875,7.851,-0.09966865249116202,478.0,225.0,67.96875,6.298,2.0899424410414196
449,242.1875,62.5,1.6600865221316465,2.962,0.045,6.725,394,239.84375,55.46875,7.411,-1.892546881191539,490,239.0625,68.75,6.987,2.0344439357957027,468.0,246.875,67.1875,6.629,0.7853981633974483,418.0,247.65625,59.375,6.298,-0.5191461142465229,435.0,235.9375,61.71875,6.298,-3.017237659043032,,,,,
450,265.625,62.5,1.7008303012312112,-2.84,0.463,7.028,463,259.375,66.40625,7.37,2.5829933382462307,396,264.84375,55.46875,7.074,-1.6814535479687922,496.0,265.625,69.53125,7.031,1.5707963267948966,419.0,259.375,59.375,6.987,-2.677945044588987,462.0,271.875,65.625,6.987,0.4636476090008061,414.0,271.09375,58.59375,6.72,-0.6202494859828215
451,135.9375,63.28125,1.6064173598498939,1.874,-0.015,6.73,428,142.96875,61.71875,7.202,-0.21866894587394195,495,132.8125,69.53125,6.987,2.0344439357957027,485.0,139.84375,68.75,6.72,0.9505468408120752,407.0,134.375,57.03125,6.442,-1.8157749899217608,442.0,129.6875,62.5,6.298,-3.017237659043032,,,,,
452,253.125,63.28125,1.676815549334486,-0.633,0.498,7.222,419,259.375,59.375,7.37,-0.5585993153435624,468,246.875,67.1875,7.37,2.5829933382462307,497.0,253.90625,70.3125,7.074,1.460139105621001,463.0,259.375,66.40625,6.987,0.4636476090008061,418.0,247.65625,59.375,6.72,-2.5213431676069717,395.0,253.125,55.46875,7.812,-1.5707963267948966
453,0.0,64.0625,1.6053082931397578,-0.095,-0.328,6.89,415,5.46875,59.375,7.202,-0.7086262721276703,404,0.0,57.03125,7.031,-1.5707963267948966,501.0,0.0,71.09375,7.031,1.5707963267948966,464.0,5.46875,67.1875,6.298,0.5191461142465229,,,,,,,,,,
454,17.96875,64.0625,1.6930087602010302,2.487,0.368,7.057,405,16.40625,57.03125,7.202,-1.7894652726688385,416,23.4375,59.375,7.202,-0.7086262721276703,480.0,12.5,68.75,7.202,2.432966381462123,502.0,18.75,71.09375,7.074,1.460139105621001,465.0,24.21875,67.1875,6.987,0.4636476090008061,424.0,11.71875,61.71875,6.675,-2.782821983319221
455,289.0625,64.0625,1.658669256657629,2.156,-0.018,7.145,410,292.96875,57.8125,7.37,-1.0121970114513341,498,285.15625,70.3125,7.37,2.129395642138459,456.0,296.09375,64.0625,7.031,0.0,499.0,292.1875,70.3125,6.987,1.1071487177940904,409.0,284.375,57.8125,7.812,-2.214297435588181,457.0,282.8125,64.84375,6.298,3.017237659043032
456,296.09375,64.0625,1.7104481482647662,-3.084,0.013,7.214,499,292.1875,70.3125,7.37,2.129395642138459,455,289.0625,64.0625,7.031,3.141592653589793,410.0,292.96875,57.8125,6.987,-2.0344439357957027,500.0,299.21875,70.3125,6.987,1.1071487177940904,408.0,299.21875,57.03125,7.694,-1.1525719972156676,,,,,
457,282.8125,64.84375,1.5834535800136562,-2.304,0.493,6.37,409,284.375,57.8125,7.202,-1.3521273809209546,436,277.34375,61.71875,6.298,-2.62244653934327,455.0,289.0625,64.0625,6.298,-0.12435499454676144,491.0,278.125,68.75,6.101,2.44685437739309,498.0,285.15625,70.3125,5.949,1.1659045405098132,,,,,
458,35.9375,65.625,1.6099632151758083,0.808,0.487,7.27,411,35.9375,58.59375,7.031,-1.5707963267948966,437,29.6875,62.5,6.987,-2.677945044588987,438.0,42.1875,62.5,6.987,-0.4636476090008061,492.0,30.46875,69.53125,6.72,2.5213431676069717,506.0,36.71875,73.4375,7.851,1.4711276743037347,493.0,42.96875,69.53125,8.043,0.507098504392337
459,48.4375,65.625,1.6981200499744264,2.17,0.451,7.12,494,54.6875,69.53125,7.37,0.5585993153435624,412,47.65625,58.59375,7.074,-1.6814535479687922,438.0,42.1875,62.5,6.987,-2.677945044588987,425.0,53.90625,61.71875,6.72,-0.6202494859828215,493.0,42.96875,69.53125,6.72,2.5213431676069717,507.0,49.21875,73.4375,7.851,1.4711276743037347
460,60.15625,65.625,1.6260159876000109,-3.127,0.42,6.818,425,53.90625,61.71875,7.37,-2.5829933382462307,413,59.375,58.59375,7.074,-1.6814535479687922,494.0,54.6875,69.53125,6.72,2.5213431676069717,504.0,62.5,71.875,6.675,1.2120256565243244,461.0,66.40625,65.625,6.25,0.0,,,,,
461,66.40625,65.625,1.5861735698559134,-0.478,-0.043,6.898,504,62.5,71.875,7.37,2.129395642138459,439,72.65625,62.5,6.987,-0.4636476090008061,503.0,70.3125,71.09375,6.72,0.9505468408120752,420.0,72.65625,60.9375,7.812,-0.6435011087932844,460.0,60.15625,65.625,6.25,3.141592653589793,417.0,66.40625,59.375,6.25,-1.5707963267948966
462,271.875,65.625,1.6800327174064094,-2.305,0.446,7.165,496,265.625,69.53125,7.37,2.5829933382462307,414,271.09375,58.59375,7.074,-1.6814535479687922,491.0,278.125,68.75,6.987,0.4636476090008061,450.0,265.625,62.5,6.987,-2.677945044588987,436.0,277.34375,61.71875,6.72,-0.6202494859828215,508.0,272.65625,73.4375,7.851,1.4711276743037347
463,259.375,66.40625,1.6764088934052914,0.333,0.464,7.158,450,265.625,62.5,7.37,-0.5585993153435624,419,259.375,59.375,7.031,-1.5707963267948966,452.0,253.125,63.28125,6.987,-2.677945044588987,496.0,265.625,69.53125,6.987,0.4636476090008061,497.0,253.90625,70.3125,6.72,2.5213431676069717,526.0,260.15625,74.21875,7.851,1.4711276743037347
464,5.46875,67.1875,1.6320671440008054,-1.162,0.409,7.235,480,12.5,68.75,7.202,0.21866894587394195,509,6.25,74.21875,7.074,1.460139105621001,501.0,0.0,71.09375,6.72,2.5213431676069717,415.0,5.46875,59.375,7.812,-1.5707963267948966,453.0,0.0,64.0625,6.298,-2.62244653934327,424.0,11.71875,61.71875,8.304,-0.7188299996216245
465,24.21875,67.1875,1.659049809754906,-1.581,0.404,7.085,437,29.6875,62.5,7.202,-0.7086262721276703,510,25.0,74.21875,7.074,1.460139105621001,454.0,17.96875,64.0625,6.987,-2.677945044588987,502.0,18.75,71.09375,6.72,2.5213431676069717,492.0,30.46875,69.53125,6.675,0.35877067027057225,416.0,23.4375,59.375,7.851,-1.6704649792860586
466,83.59375,67.1875,1.7165496084875147,0.855,-0.101,7.12,481,76.5625,68.75,7.202,2.922923707715851,421,79.6875,60.9375,7.37,-2.129395642138459,511.0,81.25,74.21875,7.411,1.892546881191539,467.0,90.625,67.1875,7.031,0.0,422.0,86.71875,60.9375,6.987,-1.1071487177940904,505.0,87.5,72.65625,6.72,0.9505468408120752
467,90.625,67.1875,1.6964490670601864,2.025,0.034,7.139,422,86.71875,60.9375,7.37,-2.129395642138459,423,94.53125,60.9375,7.37,-1.0121970114513341,469.0,97.65625,67.96875,7.074,0.11065722117389565,466.0,83.59375,67.1875,7.031,3.141592653589793,512.0,93.75,74.21875,7.694,1.1525719972156676,505.0,87.5,72.65625,6.298,2.0899424410414196
468,246.875,67.1875,1.6293503390049124,-0.948,-0.461,7.487,452,253.125,63.28125,7.37,-0.5585993153435624,525,249.21875,74.21875,7.411,1.2490457723982544,497.0,253.90625,70.3125,7.694,0.4182243295792291,418.0,247.65625,59.375,7.851,-1.4711276743037347,449.0,242.1875,62.5,6.629,-2.356194490192345,490.0,239.0625,68.75,7.967,2.9441970937399127
469,97.65625,67.96875,1.6685113106490836,-1.223,0.057,7.254,426,101.5625,61.71875,7.37,-1.0121970114513341,512,93.75,74.21875,7.37,2.129395642138459,467.0,90.625,67.1875,7.074,-3.0309354324158977,470.0,104.6875,67.96875,7.031,0.0,513.0,100.78125,74.21875,6.987,1.1071487177940904,423.0,94.53125,60.9375,7.694,-1.9890206563741257
470,104.6875,67.96875,1.68306028278155,2.517,0.034,7.073,513,100.78125,74.21875,7.37,2.129395642138459,482,111.71875,68.75,7.074,0.11065722117389565,469.0,97.65625,67.96875,7.031,3.141592653589793,427.0,107.8125,61.71875,6.987,-1.1071487177940904,426.0,101.5625,61.71875,6.987,-2.0344439357957027,514.0,107.8125,74.21875,6.987,1.1071487177940904
471,175.78125,67.96875,1.61926584617638,2.379,-0.036,7.27,472,182.8125,67.96875,7.031,0.0,429,178.90625,61.71875,6.987,-1.1071487177940904,515.0,178.90625,74.21875,6.987,1.1071487177940904,446.0,171.875,62.5,6.72,-2.191045812777718,489.0,167.96875,68.75,7.851,3.0419240010986313,535.0,171.875,75.0,8.043,2.0778948311872334
472,182.8125,67.96875,1.6509806058540029,3.141,-0.001,7.129,429,178.90625,61.71875,7.37,-2.129395642138459,515,178.90625,74.21875,7.37,2.129395642138459,473.0,189.84375,67.96875,7.031,0.0,471.0,175.78125,67.96875,7.031,3.141592653589793,430.0,185.9375,61.71875,6.987,-1.1071487177940904,516.0,185.9375,74.21875,6.987,1.1071487177940904
473,189.84375,67.96875,1.6596178098997703,3.141,-0.001,7.129,430,185.9375,61.71875,7.37,-2.129395642138459,516,185.9375,74.21875,7.37,2.129395642138459,474.0,196.875,67.96875,7.031,0.0,472.0,182.8125,67.96875,7.031,3.141592653589793,431.0,192.96875,61.71875,6.987,-1.1071487177940904,517.0,192.96875,74.21875,6.987,1.1071487177940904
474,196.875,67.96875,1.66364034963656,3.141,-0.001,7.129,431,192.96875,61.71875,7.37,-2.129395642138459,517,192.96875,74.21875,7.37,2.129395642138459,475.0,203.90625,67.96875,7.031,0.0,473.0,189.84375,67.96875,7.031,3.141592653589793,432.0,200.0,61.71875,6.987,-1.1071487177940904,518.0,200.0,74.21875,6.987,1.1071487177940904
475,203.90625,67.96875,1.6676415368258708,3.141,-0.001,7.129,432,200.0,61.71875,7.37,-2.129395642138459,518,200.0,74.21875,7.37,2.129395642138459,476.0,210.9375,67.96875,7.031,0.0,474.0,196.875,67.96875,7.031,3.141592653589793,433.0,207.03125,61.71875,6.987,-1.1071487177940904,519.0,207.03125,74.21875,6.987,1.1071487177940904
476,210.9375,67.96875,1.6687086902572408,-2.631,-0.016,7.193,433,207.03125,61.71875,7.37,-2.129395642138459,519,207.03125,74.21875,7.37,2.129395642138459,520.0,214.84375,74.21875,7.37,1.0121970114513341,475.0,203.90625,67.96875,7.031,3.141592653589793,477.0,217.96875,67.96875,7.031,0.0,434.0,214.0625,61.71875,6.987,-1.1071487177940904
477,217.96875,67.96875,1.666466792319546,0.491,-0.023,7.014,434,214.0625,61.71875,7.37,-2.129395642138459,521,221.875,74.21875,7.37,1.0121970114513341,478.0,225.0,67.96875,7.031,0.0,476.0,210.9375,67.96875,7.031,3.141592653589793,520.0,214.84375,74.21875,6.987,2.0344439357957027,447.0,221.09375,62.5,6.298,-1.0516502125483738
478,225.0,67.96875,1.6651709180372507,1.609,-0.033,6.906,522,228.90625,74.21875,7.37,1.0121970114513341,479,232.03125,67.96875,7.031,0.0,477.0,217.96875,67.96875,7.031,3.141592653589793,521.0,221.875,74.21875,6.987,2.0344439357957027,447.0,221.09375,62.5,6.72,-2.191045812777718,448.0,228.125,62.5,6.298,-1.0516502125483738
479,232.03125,67.96875,1.6604539965848546,1.438,-0.009,7.092,435,235.9375,61.71875,7.37,-1.0121970114513341,523,235.9375,74.21875,7.37,1.0121970114513341,490.0,239.0625,68.75,7.074,0.11065722117389565,478.0,225.0,67.96875,7.031,3.141592653589793,522.0,228.90625,74.21875,6.987,2.0344439357957027,448.0,228.125,62.5,6.72,-2.191045812777718
480,12.5,68.75,1.618093820039732,1.8,0.346,7.255,454,17.96875,64.0625,7.202,-0.7086262721276703,464,5.46875,67.1875,7.202,-2.922923707715851,424.0,11.71875,61.71875,7.074,-1.6814535479687922,536.0,13.28125,75.78125,7.074,1.460139105621001,502.0,18.75,71.09375,6.675,0.35877067027057225,509.0,6.25,74.21875,8.304,2.4227626539681686
481,76.5625,68.75,1.6185851970959149,0.287,-0.209,7.344,466,83.59375,67.1875,7.202,-0.21866894587394195,511,81.25,74.21875,7.202,0.8621700546672264,537.0,75.0,75.78125,7.202,1.7894652726688385,439.0,72.65625,62.5,7.37,-2.129395642138459,503.0,70.3125,71.09375,6.675,2.782821983319221,421.0,79.6875,60.9375,8.414,-1.1902899496825317
482,111.71875,68.75,1.6805071008479193,-2.163,0.053,7.204,440,115.625,62.5,7.37,-1.0121970114513341,470,104.6875,67.96875,7.074,-3.0309354324158977,483.0,118.75,68.75,7.031,0.0,527.0,114.84375,75.0,6.987,1.1071487177940904,514.0,107.8125,74.21875,6.72,2.191045812777718,427.0,107.8125,61.71875,8.043,-2.0778948311872334
483,118.75,68.75,1.7122413394007796,1.107,0.031,7.129,441,122.65625,62.5,7.37,-1.0121970114513341,527,114.84375,75.0,7.37,2.129395642138459,484.0,125.78125,68.75,7.031,0.0,482.0,111.71875,68.75,7.031,3.141592653589793,440.0,115.625,62.5,6.987,-2.0344439357957027,528.0,121.875,75.0,6.987,1.1071487177940904
484,125.78125,68.75,1.7068320531534176,1.626,0.05,7.136,442,129.6875,62.5,7.37,-1.0121970114513341,528,121.875,75.0,7.37,2.129395642138459,495.0,132.8125,69.53125,7.074,0.11065722117389565,483.0,118.75,68.75,7.031,3.141592653589793,441.0,122.65625,62.5,6.987,-2.0344439357957027,529.0,128.90625,75.0,6.987,1.1071487177940904
485,139.84375,68.75,1.654590847489585,2.173,-0.069,7.146,531,143.75,75.0,7.37,1.0121970114513341,495,132.8125,69.53125,7.074,3.0309354324158977,486.0,146.875,68.75,7.031,0.0,530.0,136.71875,75.0,6.987,2.0344439357957027,428.0,142.96875,61.71875,7.694,-1.1525719972156676,451.0,135.9375,63.28125,6.72,-2.191045812777718
486,146.875,68.75,1.6997410517302096,-0.533,-0.024,7.241,532,150.78125,75.0,7.37,1.0121970114513341,487,153.90625,68.75,7.031,0.0,485.0,139.84375,68.75,7.031,3.141592653589793,443.0,150.0,62.5,6.987,-1.1071487177940904,531.0,143.75,75.0,6.987,2.0344439357957027,428.0,142.96875,61.71875,8.043,-2.0778948311872334
487,153.90625,68.75,1.70769615320207,0.0,-0.032,7.129,443,150.0,62.5,7.37,-2.129395642138459,533,157.8125,75.0,7.37,1.0121970114513341,488.0,160.9375,68.75,7.031,0.0,486.0,146.875,68.75,7.031,3.141592653589793,444.0,157.03125,62.5,6.987,-1.1071487177940904,532.0,150.78125,75.0,6.987,2.0344439357957027
488,160.9375,68.75,1.6926332628816858,0.511,-0.016,7.193,444,157.03125,62.5,7.37,-2.129395642138459,445,164.84375,62.5,7.37,-1.0121970114513341,534.0,164.84375,75.0,7.37,1.0121970114513341,487.0,153.90625,68.75,7.031,3.141592653589793,489.0,167.96875,68.75,7.031,0.0,533.0,157.8125,75.0,6.987,2.0344439357957027
489,167.96875,68.75,1.6429386510322688,-0.555,-0.017,7.266,446,171.875,62.5,7.37,-1.0121970114513341,535,171.875,75.0,7.37,1.0121970114513341,488.0,160.9375,68.75,7.031,3.141592653589793,445.0,164.84375,62.5,6.987,-2.0344439357957027,534.0,164.84375,75.0,6.987,2.0344439357957027,471.0,175.78125,67.96875,7.851,-0.09966865249116202
490,239.0625,68.75,1.637735403233879,-1.316,-0.023,7.123,479,232.03125,67.96875,7.074,-3.0309354324158977,449,242.1875,62.5,6.987,-1.1071487177940904,435.0,235.9375,61.71875,7.694,-1.9890206563741257,524.0,242.96875,74.21875,6.72,0.9505468408120752,468.0,246.875,67.1875,7.967,-0.19739555984988075,523.0,235.9375,74.21875,6.298,2.0899424410414196
491,278.125,68.75,1.659829702184934,-0.73,0.332,6.996,498,285.15625,70.3125,7.202,0.21866894587394195,508,272.65625,73.4375,7.202,2.432966381462123,538.0,280.46875,75.78125,7.411,1.2490457723982544,436.0,277.34375,61.71875,7.074,-1.6814535479687922,462.0,271.875,65.625,6.987,-2.677945044588987,457.0,282.8125,64.84375,6.101,-0.6947382761967031
492,30.46875,69.53125,1.673057820643067,1.706,0.415,7.019,510,25.0,74.21875,7.202,2.432966381462123,506,36.71875,73.4375,7.37,0.5585993153435624,539.0,31.25,76.5625,7.074,1.460139105621001,437.0,29.6875,62.5,7.074,-1.6814535479687922,458.0,35.9375,65.625,6.72,-0.6202494859828215,465.0,24.21875,67.1875,6.675,-2.782821983319221
493,42.96875,69.53125,1.6619921637010746,-3.138,0.486,7.398,506,36.71875,73.4375,7.37,2.5829933382462307,507,49.21875,73.4375,7.37,0.5585993153435624,438.0,42.1875,62.5,7.074,-1.6814535479687922,459.0,48.4375,65.625,6.72,-0.6202494859828215,544.0,42.96875,77.34375,7.812,1.5707963267948966,458.0,35.9375,65.625,8.043,-2.6344941491974563
494,54.6875,69.53125,1.6704160746532013,-1.111,0.423,7.315,459,48.4375,65.625,7.37,-2.5829933382462307,540,55.46875,76.5625,7.074,1.460139105621001,507.0,49.21875,73.4375,6.72,2.5213431676069717,460.0,60.15625,65.625,6.72,-0.6202494859828215,425.0,53.90625,61.71875,7.851,-1.6704649792860586,504.0,62.5,71.875,8.156,0.2914567944778671
495,132.8125,69.53125,1.675926990243726,-1.469,0.007,7.045,485,139.84375,68.75,7.074,-0.11065722117389565,484,125.78125,68.75,7.074,-3.0309354324158977,451.0,135.9375,63.28125,6.987,-1.1071487177940904,442.0,129.6875,62.5,7.694,-1.9890206563741257,529.0,128.90625,75.0,6.72,2.191045812777718,530.0,136.71875,75.0,6.72,0.9505468408120752
496,265.625,69.53125,1.6308259428626777,0.707,0.456,7.285,526,260.15625,74.21875,7.202,2.432966381462123,462,271.875,65.625,7.37,-0.5585993153435624,541.0,266.40625,76.5625,7.074,1.460139105621001,450.0,265.625,62.5,7.031,-1.5707963267948966,463.0,259.375,66.40625,6.987,-2.677945044588987,508.0,272.65625,73.4375,8.043,0.507098504392337
497,253.90625,70.3125,1.6643668724318366,-1.731,0.518,6.992,526,260.15625,74.21875,7.37,0.5585993153435624,452,253.125,63.28125,7.074,-1.6814535479687922,468.0,246.875,67.1875,7.694,-2.723368324010564,463.0,259.375,66.40625,6.72,-0.6202494859828215,525.0,249.21875,74.21875,6.101,2.44685437739309,,,,,
498,285.15625,70.3125,1.6469154833231916,-1.468,0.086,7.021,491,278.125,68.75,7.202,-2.922923707715851,538,280.46875,75.78125,7.202,2.279422598922567,542.0,289.0625,76.5625,7.37,1.0121970114513341,455.0,289.0625,64.0625,7.37,-1.0121970114513341,499.0,292.1875,70.3125,7.031,0.0,457.0,282.8125,64.84375,5.949,-1.97568811307998
499,292.1875,70.3125,1.6576666759140701,0.0,-0.001,7.129,456,296.09375,64.0625,7.37,-1.0121970114513341,543,296.09375,76.5625,7.37,1.0121970114513341,500.0,299.21875,70.3125,7.031,0.0,498.0,285.15625,70.3125,7.031,3.141592653589793,455.0,289.0625,64.0625,6.987,-2.0344439357957027,542.0,289.0625,76.5625,6.987,2.0344439357957027
500,299.21875,70.3125,1.6534739814879407,3.141,-0.001,7.002,499,292.1875,70.3125,7.031,3.141592653589793,456,296.09375,64.0625,6.987,-2.0344439357957027,543.0,296.09375,76.5625,6.987,2.0344439357957027,,,,,,,,,,,,,,,
501,0.0,71.09375,1.640934922116383,-0.079,-0.321,7.138,453,0.0,64.0625,7.031,-1.5707963267948966,509,6.25,74.21875,6.987,0.4636476090008061,464.0,5.46875,67.1875,6.72,-0.6202494859828215,547.0,0.0,78.90625,7.812,1.5707963267948966,,,,,,,,,,
502,18.75,71.09375,1.6911758894650524,1.495,0.402,6.955,536,13.28125,75.78125,7.202,2.432966381462123,454,17.96875,64.0625,7.074,-1.6814535479687922,546.0,19.53125,78.125,7.074,1.460139105621001,510.0,25.0,74.21875,6.987,0.4636476090008061,465.0,24.21875,67.1875,6.72,-0.6202494859828215,480.0,12.5,68.75,6.675,-2.782821983319221
503,70.3125,71.09375,1.6685027158460985,2.027,-0.232,6.91,461,66.40625,65.625,6.72,-2.191045812777718,481,76.5625,68.75,6.675,-0.35877067027057225,545.0,67.96875,77.34375,6.675,1.9295669970654687,504.0,62.5,71.875,7.851,3.0419240010986313,537.0,75.0,75.78125,6.629,0.7853981633974483,,,,,
504,62.5,71.875,1.6124348392377426,-0.518,-0.013,7.606,461,66.40625,65.625,7.37,-1.0121970114513341,545,67.96875,77.34375,7.733,0.7853981633974483,460.0,60.15625,65.625,6.675,-1.9295669970654687,503.0,70.3125,71.09375,7.851,-0.09966865249116202,548.0,61.71875,79.6875,7.851,1.6704649792860586,494.0,54.6875,69.53125,8.156,-2.8501358591119264
505,87.5,72.65625,1.638469294186582,-1.447,0.006,6.595,549,88.28125,79.6875,7.074,1.460139105621001,466,83.59375,67.1875,6.72,-2.191045812777718,512.0,93.75,74.21875,6.442,0.24497866312686414,511.0,81.25,74.21875,6.442,2.896613990462929,467.0,90.625,67.1875,6.298,-1.0516502125483738,,,,,
506,36.71875,73.4375,1.650055404717446,-2.905,0.514,7.345,492,30.46875,69.53125,7.37,-2.5829933382462307,493,42.96875,69.53125,7.37,-0.5585993153435624,544.0,42.96875,77.34375,7.37,0.5585993153435624,567.0,36.71875,81.25,7.812,1.5707963267948966,458.0,35.9375,65.625,7.851,-1.6704649792860586,539.0,31.25,76.5625,6.298,2.62244653934327
507,49.21875,73.4375,1.6337738275274907,-2.166,0.48,7.221,493,42.96875,69.53125,7.37,-2.5829933382462307,544,42.96875,77.34375,7.37,2.5829933382462307,552.0,49.21875,80.46875,7.031,1.5707963267948966,540.0,55.46875,76.5625,6.987,0.4636476090008061,494.0,54.6875,69.53125,6.72,-0.6202494859828215,459.0,48.4375,65.625,7.851,-1.6704649792860586
508,272.65625,73.4375,1.6399233368971393,-1.935,0.446,7.415,491,278.125,68.75,7.202,-0.7086262721276703,541,266.40625,76.5625,6.987,2.677945044588987,462.0,271.875,65.625,7.851,-1.6704649792860586,496.0,265.625,69.53125,8.043,-2.6344941491974563,538.0,280.46875,75.78125,8.156,0.2914567944778671,551.0,272.65625,79.6875,6.25,1.5707963267948966
509,6.25,74.21875,1.6479291377365761,-1.141,0.356,7.43,536,13.28125,75.78125,7.202,0.21866894587394195,566,7.8125,81.25,7.202,1.3521273809209546,464.0,5.46875,67.1875,7.074,-1.6814535479687922,501.0,0.0,71.09375,6.987,-2.677945044588987,547.0,0.0,78.90625,7.812,2.498091544796509,480.0,12.5,68.75,8.304,-0.7188299996216245
510,25.0,74.21875,1.6592042399952271,-0.888,0.374,7.136,492,30.46875,69.53125,7.202,-0.7086262721276703,465,24.21875,67.1875,7.074,-1.6814535479687922,502.0,18.75,71.09375,6.987,-2.677945044588987,546.0,19.53125,78.125,6.72,2.5213431676069717,539.0,31.25,76.5625,6.675,0.35877067027057225,579.0,27.34375,82.03125,8.156,1.2793395323170296
511,81.25,74.21875,1.6581022425251644,-2.129,-0.305,6.914,481,76.5625,68.75,7.202,-2.279422598922567,466,83.59375,67.1875,7.411,-1.2490457723982544,568.0,80.46875,81.25,7.074,1.6814535479687922,505.0,87.5,72.65625,6.442,-0.24497866312686414,537.0,75.0,75.78125,6.442,2.896613990462929,,,,,
512,93.75,74.21875,1.6720904011448745,-1.829,0.114,7.21,469,97.65625,67.96875,7.37,-1.0121970114513341,513,100.78125,74.21875,7.031,0.0,553.0,96.875,80.46875,6.987,1.1071487177940904,467.0,90.625,67.1875,7.694,-1.9890206563741257,549.0,88.28125,79.6875,7.733,2.356194490192345,505.0,87.5,72.65625,6.442,-2.896613990462929
513,100.78125,74.21875,1.7041114831741733,1.107,0.031,7.129,470,104.6875,67.96875,7.37,-1.0121970114513341,553,96.875,80.46875,7.37,2.129395642138459,514.0,107.8125,74.21875,7.031,0.0,512.0,93.75,74.21875,7.031,3.141592653589793,469.0,97.65625,67.96875,6.987,-2.0344439357957027,554.0,103.90625,80.46875,6.987,1.1071487177940904
514,107.8125,74.21875,1.6586814883081558,1.546,0.068,7.146,554,103.90625,80.46875,7.37,2.129395642138459,527,114.84375,75.0,7.074,0.11065722117389565,513.0,100.78125,74.21875,7.031,3.141592653589793,470.0,104.6875,67.96875,6.987,-2.0344439357957027,569.0,110.9375,81.25,7.694,1.1525719972156676,482.0,111.71875,68.75,6.72,-0.9505468408120752
515,178.90625,74.21875,1.6510080011548167,0.547,-0.026,7.254,472,182.8125,67.96875,7.37,-1.0121970114513341,555,182.8125,80.46875,7.37,1.0121970114513341,535.0,171.875,75.0,7.074,3.0309354324158977,516.0,185.9375,74.21875,7.031,0.0,471.0,175.78125,67.96875,6.987,-2.0344439357957027,578.0,175.78125,81.25,7.694,1.9890206563741257
516,185.9375,74.21875,1.6655060917183666,0.0,-0.001,7.129,473,189.84375,67.96875,7.37,-1.0121970114513341,556,189.84375,80.46875,7.37,1.0121970114513341,517.0,192.96875,74.21875,7.031,0.0,515.0,178.90625,74.21875,7.031,3.141592653589793,472.0,182.8125,67.96875,6.987,-2.0344439357957027,555.0,182.8125,80.46875,6.987,2.0344439357957027
517,192.96875,74.21875,1.6689272077436035,0.0,-0.001,7.129,474,196.875,67.96875,7.37,-1.0121970114513341,557,196.875,80.46875,7.37,1.0121970114513341,518.0,200.0,74.21875,7.031,0.0,516.0,185.9375,74.21875,7.031,3.141592653589793,473.0,189.84375,67.96875,6.987,-2.0344439357957027,556.0,189.84375,80.46875,6.987,2.0344439357957027
518,200.0,74.21875,1.6639609448810695,0.0,-0.001,7.129,475,203.90625,67.96875,7.37,-1.0121970114513341,558,203.90625,80.46875,7.37,1.0121970114513341,519.0,207.03125,74.21875,7.031,0.0,517.0,192.96875,74.21875,7.031,3.141592653589793,474.0,196.875,67.96875,6.987,-2.0344439357957027,557.0,196.875,80.46875,6.987,2.0344439357957027
519,207.03125,74.21875,1.648590782858022,0.0,-0.001,7.259,476,210.9375,67.96875,7.37,-1.0121970114513341,559,210.9375,80.46875,7.37,1.0121970114513341,518.0,200.0,74.21875,7.031,3.141592653589793,475.0,203.90625,67.96875,6.987,-2.0344439357957027,558.0,203.90625,80.46875,6.987,2.0344439357957027,520.0,214.84375,74.21875,7.812,0.0
520,214.84375,74.21875,1.6350056712107048,3.141,-0.001,7.259,476,210.9375,67.96875,7.37,-2.129395642138459,559,210.9375,80.46875,7.37,2.129395642138459,521.0,221.875,74.21875,7.031,0.0,477.0,217.96875,67.96875,6.987,-1.1071487177940904,560.0,217.96875,80.46875,6.987,1.1071487177940904,519.0,207.03125,74.21875,7.812,3.141592653589793
521,221.875,74.21875,1.6452925903828004,3.141,-0.001,7.129,477,217.96875,67.96875,7.37,-2.129395642138459,560,217.96875,80.46875,7.37,2.129395642138459,522.0,228.90625,74.21875,7.031,0.0,520.0,214.84375,74.21875,7.031,3.141592653589793,478.0,225.0,67.96875,6.987,-1.1071487177940904,561.0,225.0,80.46875,6.987,1.1071487177940904
522,228.90625,74.21875,1.6543618847144066,-2.631,-0.016,7.193,478,225.0,67.96875,7.37,-2.129395642138459,561,225.0,80.46875,7.37,2.129395642138459,562.0,232.8125,80.46875,7.37,1.0121970114513341,521.0,221.875,74.21875,7.031,3.141592653589793,523.0,235.9375,74.21875,7.031,0.0,479.0,232.03125,67.96875,6.987,-1.1071487177940904
523,235.9375,74.21875,1.6715146212796268,0.491,-0.023,7.014,479,232.03125,67.96875,7.37,-2.129395642138459,563,239.84375,80.46875,7.37,1.0121970114513341,524.0,242.96875,74.21875,7.031,0.0,522.0,228.90625,74.21875,7.031,3.141592653589793,562.0,232.8125,80.46875,6.987,2.0344439357957027,490.0,239.0625,68.75,6.298,-1.0516502125483738
524,242.96875,74.21875,1.6710168840988322,1.801,-0.035,7.067,564,246.875,80.46875,7.37,1.0121970114513341,523,235.9375,74.21875,7.031,3.141592653589793,563.0,239.84375,80.46875,6.987,2.0344439357957027,490.0,239.0625,68.75,6.72,-2.191045812777718,468.0,246.875,67.1875,8.043,-1.0636978224025597,525.0,249.21875,74.21875,6.25,0.0
525,249.21875,74.21875,1.6289366441990127,2.735,0.006,6.728,550,253.90625,79.6875,7.202,0.8621700546672264,468,246.875,67.1875,7.411,-1.892546881191539,564.0,246.875,80.46875,6.675,1.9295669970654687,524.0,242.96875,74.21875,6.25,3.141592653589793,497.0,253.90625,70.3125,6.101,-0.6947382761967031,,,,,
526,260.15625,74.21875,1.6407299504018555,-0.969,0.397,7.283,496,265.625,69.53125,7.202,-0.7086262721276703,497,253.90625,70.3125,7.37,-2.5829933382462307,541.0,266.40625,76.5625,6.675,0.35877067027057225,463.0,259.375,66.40625,7.851,-1.6704649792860586,565.0,260.9375,80.46875,6.298,1.446441332248135,550.0,253.90625,79.6875,8.304,2.4227626539681686
527,114.84375,75.0,1.7052375084585916,-1.516,0.05,7.136,483,118.75,68.75,7.37,-1.0121970114513341,569,110.9375,81.25,7.37,2.129395642138459,514.0,107.8125,74.21875,7.074,-3.0309354324158977,528.0,121.875,75.0,7.031,0.0,482.0,111.71875,68.75,6.987,-2.0344439357957027,570.0,117.96875,81.25,6.987,1.1071487177940904
528,121.875,75.0,1.7017587438676527,-0.512,0.015,7.193,484,125.78125,68.75,7.37,-1.0121970114513341,570,117.96875,81.25,7.37,2.129395642138459,571.0,125.78125,81.25,7.37,1.0121970114513341,527.0,114.84375,75.0,7.031,3.141592653589793,529.0,128.90625,75.0,7.031,0.0,483.0,118.75,68.75,6.987,-2.0344439357957027
529,128.90625,75.0,1.6701612508356947,0.156,0.009,7.151,572,132.8125,81.25,7.37,1.0121970114513341,528,121.875,75.0,7.031,3.141592653589793,571.0,125.78125,81.25,6.987,2.0344439357957027,484.0,125.78125,68.75,6.987,-2.0344439357957027,495.0,132.8125,69.53125,6.72,-0.9505468408120752,530.0,136.71875,75.0,7.812,0.0
530,136.71875,75.0,1.6502685811341107,2.984,-0.01,7.151,572,132.8125,81.25,7.37,2.129395642138459,531,143.75,75.0,7.031,0.0,573.0,139.84375,81.25,6.987,1.1071487177940904,485.0,139.84375,68.75,6.987,-1.1071487177940904,495.0,132.8125,69.53125,6.72,-2.191045812777718,529.0,128.90625,75.0,7.812,3.141592653589793
531,143.75,75.0,1.7007214997985203,3.141,-0.001,7.129,485,139.84375,68.75,7.37,-2.129395642138459,573,139.84375,81.25,7.37,2.129395642138459,532.0,150.78125,75.0,7.031,0.0,530.0,136.71875,75.0,7.031,3.141592653589793,486.0,146.875,68.75,6.987,-1.1071487177940904,574.0,146.875,81.25,6.987,1.1071487177940904
532,150.78125,75.0,1.7089170108775669,-2.631,-0.016,7.193,486,146.875,68.75,7.37,-2.129395642138459,574,146.875,81.25,7.37,2.129395642138459,575.0,154.6875,81.25,7.37,1.0121970114513341,531.0,143.75,75.0,7.031,3.141592653589793,533.0,157.8125,75.0,7.031,0.0,487.0,153.90625,68.75,6.987,-1.1071487177940904
533,157.8125,75.0,1.7105172776614277,0.0,-0.032,7.129,487,153.90625,68.75,7.37,-2.129395642138459,576,161.71875,81.25,7.37,1.0121970114513341,534.0,164.84375,75.0,7.031,0.0,532.0,150.78125,75.0,7.031,3.141592653589793,488.0,160.9375,68.75,6.987,-1.1071487177940904,575.0,154.6875,81.25,6.987,2.0344439357957027
534,164.84375,75.0,1.6974424346264319,0.0,-0.032,7.129,488,160.9375,68.75,7.37,-2.129395642138459,577,168.75,81.25,7.37,1.0121970114513341,535.0,171.875,75.0,7.031,0.0,533.0,157.8125,75.0,7.031,3.141592653589793,489.0,167.96875,68.75,6.987,-1.1071487177940904,576.0,161.71875,81.25,6.987,2.0344439357957027
535,171.875,75.0,1.6581252343234527,-1.227,-0.043,7.312,489,167.96875,68.75,7.37,-2.129395642138459,578,175.78125,81.25,7.37,1.0121970114513341,515.0,178.90625,74.21875,7.074,-0.11065722117389565,534.0,164.84375,75.0,7.031,3.141592653589793,577.0,168.75,81.25,6.987,2.0344439357957027,471.0,175.78125,67.96875,8.043,-1.0636978224025597
536,13.28125,75.78125,1.6541951228650373,0.968,0.316,7.181,502,18.75,71.09375,7.202,-0.7086262721276703,509,6.25,74.21875,7.202,-2.922923707715851,581.0,14.84375,82.8125,7.202,1.3521273809209546,480.0,12.5,68.75,7.074,-1.6814535479687922,566.0,7.8125,81.25,7.733,2.356194490192345,546.0,19.53125,78.125,6.675,0.35877067027057225
537,75.0,75.78125,1.6962886107279715,-1.803,-0.267,7.068,481,76.5625,68.75,7.202,-1.3521273809209546,545,67.96875,77.34375,7.202,2.922923707715851,582.0,73.4375,82.8125,7.202,1.7894652726688385,568.0,80.46875,81.25,7.733,0.7853981633974483,503.0,70.3125,71.09375,6.629,-2.356194490192345,511.0,81.25,74.21875,6.442,-0.24497866312686414
538,280.46875,75.78125,1.5455855584237006,-1.405,0.219,7.72,498,285.15625,70.3125,7.202,-0.8621700546672264,583,278.90625,82.8125,7.202,1.7894652726688385,491.0,278.125,68.75,7.411,-1.892546881191539,508.0,272.65625,73.4375,8.156,-2.8501358591119264,542.0,289.0625,76.5625,8.629,0.09065988720074511,,,,,
539,31.25,76.5625,1.6725258908500313,-1.573,-0.521,6.794,567,36.71875,81.25,7.202,0.7086262721276703,492,30.46875,69.53125,7.074,-1.6814535479687922,579.0,27.34375,82.03125,6.72,2.191045812777718,510.0,25.0,74.21875,6.675,-2.782821983319221,506.0,36.71875,73.4375,6.298,-0.5191461142465229,,,,,
540,55.46875,76.5625,1.6519656071846855,-2.996,0.468,7.317,552,49.21875,80.46875,7.37,2.5829933382462307,494,54.6875,69.53125,7.074,-1.6814535479687922,584.0,55.46875,83.59375,7.031,1.5707963267948966,507.0,49.21875,73.4375,6.987,-2.677945044588987,548.0,61.71875,79.6875,6.987,0.4636476090008061,504.0,62.5,71.875,8.45,-0.5880026035475675
541,266.40625,76.5625,1.6390182716628576,-1.665,-0.511,6.889,496,265.625,69.53125,7.074,-1.6814535479687922,508,272.65625,73.4375,6.987,-0.4636476090008061,551.0,272.65625,79.6875,6.987,0.4636476090008061,565.0,260.9375,80.46875,6.72,2.5213431676069717,526.0,260.15625,74.21875,6.675,-2.782821983319221,,,,,
542,289.0625,76.5625,1.6474459088047084,-1.163,-0.001,7.263,498,285.15625,70.3125,7.37,-2.129395642138459,543,296.09375,76.5625,7.031,0.0,499.0,292.1875,70.3125,6.987,-1.1071487177940904,580.0,292.1875,82.03125,6.298,1.0516502125483738,538.0,280.46875,75.78125,8.629,-3.050932766389048,,,,,
543,296.09375,76.5625,1.6975367336766658,-3.13,0.025,7.16,499,292.1875,70.3125,7.37,-2.129395642138459,542,289.0625,76.5625,7.031,3.141592653589793,500.0,299.21875,70.3125,6.987,-1.1071487177940904,585.0,299.21875,83.59375,7.694,1.1525719972156676,580.0,292.1875,82.03125,6.72,2.191045812777718,,,,,
544,42.96875,77.34375,1.6443189232832978,-0.516,0.489,7.33,506,36.71875,73.4375,7.37,-2.5829933382462307,507,49.21875,73.4375,7.37,-0.5585993153435624,567.0,36.71875,81.25,7.37,2.5829933382462307,587.0,43.75,84.375,7.074,1.460139105621001,552.0,49.21875,80.46875,6.987,0.4636476090008061,493.0,42.96875,69.53125,7.812,-1.5707963267948966
545,67.96875,77.34375,1.6904504618982947,0.785,-0.262,7.203,537,75.0,75.78125,7.202,-0.21866894587394195,588,66.40625,84.375,7.202,1.7894652726688385,582.0,73.4375,82.8125,7.733,0.7853981633974483,504.0,62.5,71.875,7.733,-2.356194490192345,548.0,61.71875,79.6875,6.675,2.782821983319221,503.0,70.3125,71.09375,6.675,-1.2120256565243244
546,19.53125,78.125,1.633505894794628,-2.694,0.394,6.754,502,18.75,71.09375,7.074,-1.6814535479687922,510,25.0,74.21875,6.72,-0.6202494859828215,536.0,13.28125,75.78125,6.675,-2.782821983319221,586.0,21.875,84.375,6.675,1.2120256565243244,581.0,14.84375,82.8125,6.629,2.356194490192345,,,,,
547,0.0,78.90625,1.5869616602665808,-0.179,0.514,8.048,501,0.0,71.09375,7.812,-1.5707963267948966,509,6.25,74.21875,7.812,-0.6435011087932844,566.0,7.8125,81.25,8.156,0.2914567944778671,592.0,3.125,86.71875,8.414,1.1902899496825317,,,,,,,,,,
548,61.71875,79.6875,1.6562586278860636,1.569,-0.457,6.96,584,55.46875,83.59375,7.37,2.5829933382462307,540,55.46875,76.5625,6.987,-2.677945044588987,545.0,67.96875,77.34375,6.675,-0.35877067027057225,504.0,62.5,71.875,7.851,-1.4711276743037347,588.0,66.40625,84.375,6.629,0.7853981633974483,590.0,61.71875,85.9375,6.25,1.5707963267948966
549,88.28125,79.6875,1.610435617244701,0.411,0.018,7.924,505,87.5,72.65625,7.074,-1.6814535479687922,593,85.15625,86.71875,7.694,1.9890206563741257,512.0,93.75,74.21875,7.733,-0.7853981633974483,568.0,80.46875,81.25,7.967,2.9441970937399127,594.0,92.96875,86.71875,8.45,0.982793723247329,553.0,96.875,80.46875,8.629,0.09065988720074511
550,253.90625,79.6875,1.5707127704062063,1.273,-0.023,7.565,525,249.21875,74.21875,7.202,-2.279422598922567,564,246.875,80.46875,7.074,3.0309354324158977,565.0,260.9375,80.46875,7.074,0.11065722117389565,607.0,250.78125,86.71875,7.694,1.9890206563741257,608.0,257.8125,86.71875,8.043,1.0636978224025597,526.0,260.15625,74.21875,8.304,-0.7188299996216245
551,272.65625,79.6875,1.6173248363896808,-0.056,-0.349,6.824,609,273.4375,86.71875,7.074,1.460139105621001,541,266.40625,76.5625,6.987,-2.677945044588987,583.0,278.90625,82.8125,6.987,0.4636476090008061,508.0,272.65625,73.4375,6.25,-1.5707963267948966,,,,,,,,,,
552,49.21875,80.46875,1.6478623759445452,0.333,0.464,7.158,540,55.46875,76.5625,7.37,-0.5585993153435624,507,49.21875,73.4375,7.031,-1.5707963267948966,544.0,42.96875,77.34375,6.987,-2.677945044588987,584.0,55.46875,83.59375,6.987,0.4636476090008061,587.0,43.75,84.375,6.72,2.5213431676069717,623.0,50.0,88.28125,7.851,1.4711276743037347
553,96.875,80.46875,1.6843424635106166,-1.526,0.046,7.396,513,100.78125,74.21875,7.37,-1.0121970114513341,594,92.96875,86.71875,7.37,2.129395642138459,554.0,103.90625,80.46875,7.031,0.0,512.0,93.75,74.21875,6.987,-2.0344439357957027,595.0,100.0,86.71875,6.987,1.1071487177940904,549.0,88.28125,79.6875,8.629,-3.050932766389048
554,103.90625,80.46875,1.6854634658852776,1.626,0.05,7.136,514,107.8125,74.21875,7.37,-1.0121970114513341,595,100.0,86.71875,7.37,2.129395642138459,569.0,110.9375,81.25,7.074,0.11065722117389565,553.0,96.875,80.46875,7.031,3.141592653589793,513.0,100.78125,74.21875,6.987,-2.0344439357957027,596.0,107.03125,86.71875,6.987,1.1071487177940904
555,182.8125,80.46875,1.6749391554837605,1.515,-0.051,7.136,515,178.90625,74.21875,7.37,-2.129395642138459,598,186.71875,86.71875,7.37,1.0121970114513341,578.0,175.78125,81.25,7.074,3.0309354324158977,556.0,189.84375,80.46875,7.031,0.0,516.0,185.9375,74.21875,6.987,-1.1071487177940904,597.0,179.6875,86.71875,6.987,2.0344439357957027
556,189.84375,80.46875,1.6843871948134537,0.0,-0.032,7.129,516,185.9375,74.21875,7.37,-2.129395642138459,599,193.75,86.71875,7.37,1.0121970114513341,557.0,196.875,80.46875,7.031,0.0,555.0,182.8125,80.46875,7.031,3.141592653589793,517.0,192.96875,74.21875,6.987,-1.1071487177940904,598.0,186.71875,86.71875,6.987,2.0344439357957027
557,196.875,80.46875,1.6859278893258793,0.0,-0.032,7.129,517,192.96875,74.21875,7.37,-2.129395642138459,600,200.78125,86.71875,7.37,1.0121970114513341,558.0,203.90625,80.46875,7.031,0.0,556.0,189.84375,80.46875,7.031,3.141592653589793,518.0,200.0,74.21875,6.987,-1.1071487177940904,599.0,193.75,86.71875,6.987,2.0344439357957027
558,203.90625,80.46875,1.6808729879083637,0.0,-0.032,7.129,518,200.0,74.21875,7.37,-2.129395642138459,601,207.8125,86.71875,7.37,1.0121970114513341,559.0,210.9375,80.46875,7.031,0.0,557.0,196.875,80.46875,7.031,3.141592653589793,519.0,207.03125,74.21875,6.987,-1.1071487177940904,600.0,200.78125,86.71875,6.987,2.0344439357957027
559,210.9375,80.46875,1.668496488987778,0.511,-0.016,7.193,519,207.03125,74.21875,7.37,-2.129395642138459,520,214.84375,74.21875,7.37,-1.0121970114513341,602.0,214.84375,86.71875,7.37,1.0121970114513341,558.0,203.90625,80.46875,7.031,3.141592653589793,560.0,217.96875,80.46875,7.031,0.0,601.0,207.8125,86.71875,6.987,2.0344439357957027
560,217.96875,80.46875,1.648153688780349,0.0,-0.001,7.129,521,221.875,74.21875,7.37,-1.0121970114513341,603,221.875,86.71875,7.37,1.0121970114513341,561.0,225.0,80.46875,7.031,0.0,559.0,210.9375,80.46875,7.031,3.141592653589793,520.0,214.84375,74.21875,6.987,-2.0344439357957027,602.0,214.84375,86.71875,6.987,2.0344439357957027
561,225.0,80.46875,1.6211257068270863,0.0,-0.001,7.259,522,228.90625,74.21875,7.37,-1.0121970114513341,604,228.90625,86.71875,7.37,1.0121970114513341,560.0,217.96875,80.46875,7.031,3.141592653589793,521.0,221.875,74.21875,6.987,-2.0344439357957027,603.0,221.875,86.71875,6.987,2.0344439357957027,562.0,232.8125,80.46875,7.812,0.0
562,232.8125,80.46875,1.62654472393427,3.141,-0.001,7.259,522,228.90625,74.21875,7.37,-2.129395642138459,604,228.90625,86.71875,7.37,2.129395642138459,563.0,239.84375,80.46875,7.031,0.0,523.0,235.9375,74.21875,6.987,-1.1071487177940904,605.0,235.9375,86.71875,6.987,1.1071487177940904,561.0,225.0,80.46875,7.812,3.141592653589793
563,239.84375,80.46875,1.643268914416262,-2.631,-0.016,7.193,523,235.9375,74.21875,7.37,-2.129395642138459,605,235.9375,86.71875,7.37,2.129395642138459,606.0,243.75,86.71875,7.37,1.0121970114513341,562.0,232.8125,80.46875,7.031,3.141592653589793,564.0,246.875,80.46875,7.031,0.0,524.0,242.96875,74.21875,6.987,-1.1071487177940904
564,246.875,80.46875,1.6802740590167258,-2.162,-0.067,7.084,524,242.96875,74.21875,7.37,-2.129395642138459,607,250.78125,86.71875,7.37,1.0121970114513341,550.0,253.90625,79.6875,7.074,-0.11065722117389565,563.0,239.84375,80.46875,7.031,3.141592653589793,606.0,243.75,86.71875,6.987,2.0344439357957027,525.0,249.21875,74.21875,6.675,-1.2120256565243244
565,260.9375,80.46875,1.6613013482738872,-2.85,0.156,6.856,591,265.625,85.9375,7.202,0.8621700546672264,550,253.90625,79.6875,7.074,-3.0309354324158977,608.0,257.8125,86.71875,6.987,2.0344439357957027,541.0,266.40625,76.5625,6.72,-0.6202494859828215,526.0,260.15625,74.21875,6.298,-1.695151321341658,,,,,
566,7.8125,81.25,1.6421790149221187,-0.272,0.237,7.362,509,6.25,74.21875,7.202,-1.7894652726688385,581,14.84375,82.8125,7.202,0.21866894587394195,592.0,3.125,86.71875,7.202,2.279422598922567,536.0,13.28125,75.78125,7.733,-0.7853981633974483,610.0,10.15625,87.5,6.675,1.2120256565243244,547.0,0.0,78.90625,8.156,-2.8501358591119264
567,36.71875,81.25,1.6233662472667203,-0.008,0.429,7.534,539,31.25,76.5625,7.202,-2.432966381462123,544,42.96875,77.34375,7.37,-0.5585993153435624,587.0,43.75,84.375,7.694,0.4182243295792291,506.0,36.71875,73.4375,7.812,-1.5707963267948966,611.0,39.0625,87.5,6.675,1.2120256565243244,622.0,32.03125,88.28125,8.45,2.158798930342464
568,80.46875,81.25,1.6764670901683267,3.088,-0.236,7.309,582,73.4375,82.8125,7.202,2.922923707715851,593,85.15625,86.71875,7.202,0.8621700546672264,511.0,81.25,74.21875,7.074,-1.460139105621001,537.0,75.0,75.78125,7.733,-2.356194490192345,612.0,78.125,87.5,6.675,1.9295669970654687,549.0,88.28125,79.6875,7.967,-0.19739555984988075
569,110.9375,81.25,1.6683954635789602,-1.213,0.052,7.21,527,114.84375,75.0,7.37,-1.0121970114513341,613,114.84375,87.5,7.37,1.0121970114513341,554.0,103.90625,80.46875,7.074,-3.0309354324158977,570.0,117.96875,81.25,7.031,0.0,514.0,107.8125,74.21875,7.694,-1.9890206563741257,596.0,107.03125,86.71875,6.72,2.191045812777718
570,117.96875,81.25,1.6607613656873652,0.0,-0.001,7.259,528,121.875,75.0,7.37,-1.0121970114513341,614,121.875,87.5,7.37,1.0121970114513341,569.0,110.9375,81.25,7.031,3.141592653589793,527.0,114.84375,75.0,6.987,-2.0344439357957027,613.0,114.84375,87.5,6.987,2.0344439357957027,571.0,125.78125,81.25,7.812,0.0
571,125.78125,81.25,1.6941597254925596,3.141,-0.001,7.259,528,121.875,75.0,7.37,-2.129395642138459,614,121.875,87.5,7.37,2.129395642138459,572.0,132.8125,81.25,7.031,0.0,529.0,128.90625,75.0,6.987,-1.1071487177940904,615.0,128.90625,87.5,6.987,1.1071487177940904,570.0,117.96875,81.25,7.812,3.141592653589793
572,132.8125,81.25,1.7101976892854234,0.051,-0.001,7.257,529,128.90625,75.0,7.37,-2.129395642138459,530,136.71875,75.0,7.37,-1.0121970114513341,616.0,136.71875,87.5,7.37,1.0121970114513341,615.0,128.90625,87.5,7.37,2.129395642138459,573.0,139.84375,81.25,7.031,0.0,571.0,125.78125,81.25,7.031,3.141592653589793
573,139.84375,81.25,1.6994257095274847,0.0,-0.001,7.129,531,143.75,75.0,7.37,-1.0121970114513341,617,143.75,87.5,7.37,1.0121970114513341,574.0,146.875,81.25,7.031,0.0,572.0,132.8125,81.25,7.031,3.141592653589793,530.0,136.71875,75.0,6.987,-2.0344439357957027,616.0,136.71875,87.5,6.987,2.0344439357957027
574,146.875,81.25,1.6681769362329057,0.0,-0.001,7.259,532,150.78125,75.0,7.37,-1.0121970114513341,618,150.78125,87.5,7.37,1.0121970114513341,573.0,139.84375,81.25,7.031,3.141592653589793,531.0,143.75,75.0,6.987,-2.0344439357957027,617.0,143.75,87.5,6.987,2.0344439357957027,575.0,154.6875,81.25,7.812,0.0
575,154.6875,81.25,1.678011913962724,3.141,-0.001,7.259,532,150.78125,75.0,7.37,-2.129395642138459,618,150.78125,87.5,7.37,2.129395642138459,576.0,161.71875,81.25,7.031,0.0,533.0,157.8125,75.0,6.987,-1.1071487177940904,619.0,157.8125,87.5,6.987,1.1071487177940904,574.0,146.875,81.25,7.812,3.141592653589793
576,161.71875,81.25,1.6926783001058923,-2.631,-0.016,7.193,533,157.8125,75.0,7.37,-2.129395642138459,619,157.8125,87.5,7.37,2.129395642138459,620.0,165.625,87.5,7.37,1.0121970114513341,575.0,154.6875,81.25,7.031,3.141592653589793,577.0,168.75,81.25,7.031,0.0,534.0,164.84375,75.0,6.987,-1.1071487177940904
577,168.75,81.25,1.6851830440113686,0.0,-0.032,7.129,534,164.84375,75.0,7.37,-2.129395642138459,621,172.65625,87.5,7.37,1.0121970114513341,578.0,175.78125,81.25,7.031,0.0,576.0,161.71875,81.25,7.031,3.141592653589793,535.0,171.875,75.0,6.987,-1.1071487177940904,620.0,165.625,87.5,6.987,2.0344439357957027
578,175.78125,81.25,1.65880046482362,-1.547,-0.069,7.146,535,171.875,75.0,7.37,-2.129395642138459,555,182.8125,80.46875,7.074,-0.11065722117389565,577.0,168.75,81.25,7.031,3.141592653589793,621.0,172.65625,87.5,6.987,2.0344439357957027,515.0,178.90625,74.21875,7.694,-1.1525719972156676,597.0,179.6875,86.71875,6.72,0.9505468408120752
579,27.34375,82.03125,1.61355909209459,2.073,-0.169,7.321,539,31.25,76.5625,6.72,-0.9505468408120752,622,32.03125,88.28125,7.812,0.9272952180016122,627.0,25.78125,89.84375,7.967,1.7681918866447774,510.0,25.0,74.21875,8.156,-1.8622531212727638,586.0,21.875,84.375,5.949,2.7367008673047097,,,,,
580,292.1875,82.03125,1.6740519388786697,0.017,0.249,6.744,585,299.21875,83.59375,7.202,0.21866894587394195,625,293.75,89.0625,7.202,1.3521273809209546,543.0,296.09375,76.5625,6.72,-0.9505468408120752,542.0,289.0625,76.5625,6.298,-2.0899424410414196,589.0,286.71875,85.15625,6.298,2.62244653934327,,,,,
581,14.84375,82.8125,1.7080661087361526,-0.319,0.229,7.093,536,13.28125,75.78125,7.202,-1.7894652726688385,566,7.8125,81.25,7.202,-2.922923707715851,586.0,21.875,84.375,7.202,0.21866894587394195,626.0,17.96875,89.84375,7.694,1.1525719972156676,546.0,19.53125,78.125,6.629,-0.7853981633974483,610.0,10.15625,87.5,6.629,2.356194490192345
582,73.4375,82.8125,1.6562653776278065,-2.824,-0.23,7.277,537,75.0,75.78125,7.202,-1.3521273809209546,568,80.46875,81.25,7.202,-0.21866894587394195,588.0,66.40625,84.375,7.202,2.922923707715851,628.0,70.3125,89.84375,7.694,1.9890206563741257,545.0,67.96875,77.34375,7.733,-2.356194490192345,612.0,78.125,87.5,6.629,0.7853981633974483
583,278.90625,82.8125,1.6884170174058142,2.016,0.465,7.148,538,280.46875,75.78125,7.202,-1.3521273809209546,551,272.65625,79.6875,6.987,-2.677945044588987,609.0,273.4375,86.71875,6.72,2.5213431676069717,624.0,281.25,89.0625,6.675,1.2120256565243244,589.0,286.71875,85.15625,8.156,0.2914567944778671,,,,,
584,55.46875,83.59375,1.6838436192365127,0.085,0.433,7.186,623,50.0,88.28125,7.202,2.432966381462123,548,61.71875,79.6875,7.37,-0.5585993153435624,540.0,55.46875,76.5625,7.031,-1.5707963267948966,552.0,49.21875,80.46875,6.987,-2.677945044588987,590.0,61.71875,85.9375,6.675,0.35877067027057225,629.0,56.25,91.40625,7.851,1.4711276743037347
585,299.21875,83.59375,1.5657004552608642,2.872,0.386,7.806,580,292.1875,82.03125,7.202,-2.922923707715851,543,296.09375,76.5625,7.694,-1.9890206563741257,625.0,293.75,89.0625,7.733,2.356194490192345,633.0,299.21875,92.1875,8.593,1.5707963267948966,,,,,,,,,,
586,21.875,84.375,1.5928272584719607,2.947,0.117,6.653,581,14.84375,82.8125,7.202,-2.922923707715851,626,17.96875,89.84375,6.72,2.191045812777718,627.0,25.78125,89.84375,6.72,0.9505468408120752,546.0,19.53125,78.125,6.675,-1.9295669970654687,579.0,27.34375,82.03125,5.949,-0.40489178628508343,,,,,
587,43.75,84.375,1.6016695967804029,-0.616,-0.487,7.334,623,50.0,88.28125,7.37,0.5585993153435624,544,42.96875,77.34375,7.074,-1.6814535479687922,567.0,36.71875,81.25,7.694,-2.723368324010564,552.0,49.21875,80.46875,6.72,-0.6202494859828215,630.0,43.75,92.1875,7.812,1.5707963267948966,,,,,
588,66.40625,84.375,1.5226410946348863,-0.224,-0.247,7.233,545,67.96875,77.34375,7.202,-1.3521273809209546,582,73.4375,82.8125,7.202,-0.21866894587394195,628.0,70.3125,89.84375,6.72,0.9505468408120752,548.0,61.71875,79.6875,6.629,-2.356194490192345,631.0,63.28125,92.1875,8.414,1.9513027039072615,,,,,
589,286.71875,85.15625,1.4177568887976548,1.507,0.522,7.258,632,287.5,92.1875,7.074,1.460139105621001,624,281.25,89.0625,6.72,2.5213431676069717,625.0,293.75,89.0625,8.043,0.507098504392337,583.0,278.90625,82.8125,8.156,-2.8501358591119264,580.0,292.1875,82.03125,6.298,-0.5191461142465229,,,,,
590,61.71875,85.9375,1.3725083926790052,2.912,-0.523,6.775,629,56.25,91.40625,7.733,2.356194490192345,584,55.46875,83.59375,6.675,-2.782821983319221,631.0,63.28125,92.1875,6.442,1.3258176636680326,548.0,61.71875,79.6875,6.25,-1.5707963267948966,,,,,,,,,,
591,265.625,85.9375,1.5304406840968792,2.107,-0.021,7.728,565,260.9375,80.46875,7.202,-2.279422598922567,652,268.75,92.96875,7.694,1.1525719972156676,609.0,273.4375,86.71875,7.851,0.09966865249116202,608.0,257.8125,86.71875,7.851,3.0419240010986313,651.0,261.71875,92.96875,8.043,2.0778948311872334,,,,,
592,3.125,86.71875,1.6602812506473719,0.164,0.108,7.333,566,7.8125,81.25,7.202,-0.8621700546672264,610,10.15625,87.5,7.074,0.11065722117389565,634.0,0.0,92.96875,6.987,2.0344439357957027,635.0,6.25,92.96875,6.987,1.1071487177940904,547.0,0.0,78.90625,8.414,-1.9513027039072615,,,,,
593,85.15625,86.71875,1.6709609196517008,1.511,-0.116,7.378,568,80.46875,81.25,7.202,-2.279422598922567,612,78.125,87.5,7.074,3.0309354324158977,549.0,88.28125,79.6875,7.694,-1.1525719972156676,594.0,92.96875,86.71875,7.812,0.0,637.0,89.84375,92.96875,7.812,0.9272952180016122,636.0,82.8125,92.96875,6.675,1.9295669970654687
594,92.96875,86.71875,1.6337328198108285,0.821,-0.021,7.503,553,96.875,80.46875,7.37,-1.0121970114513341,638,96.875,92.96875,7.37,1.0121970114513341,595.0,100.0,86.71875,7.031,0.0,637.0,89.84375,92.96875,6.987,2.0344439357957027,593.0,85.15625,86.71875,7.812,3.141592653589793,549.0,88.28125,79.6875,8.45,-2.158798930342464
595,100.0,86.71875,1.705563240419807,0.0,-0.001,7.129,554,103.90625,80.46875,7.37,-1.0121970114513341,639,103.90625,92.96875,7.37,1.0121970114513341,596.0,107.03125,86.71875,7.031,0.0,594.0,92.96875,86.71875,7.031,3.141592653589793,553.0,96.875,80.46875,6.987,-2.0344439357957027,638.0,96.875,92.96875,6.987,2.0344439357957027
596,107.03125,86.71875,1.6285687022018758,0.762,0.035,7.27,595,100.0,86.71875,7.031,3.141592653589793,554,103.90625,80.46875,6.987,-2.0344439357957027,639.0,103.90625,92.96875,6.987,2.0344439357957027,569.0,110.9375,81.25,6.72,-0.9505468408120752,613.0,114.84375,87.5,7.851,0.09966865249116202,656.0,110.9375,93.75,8.043,1.0636978224025597
597,179.6875,86.71875,1.654283181286608,2.162,-0.054,7.204,640,183.59375,92.96875,7.37,1.0121970114513341,621,172.65625,87.5,7.074,3.0309354324158977,598.0,186.71875,86.71875,7.031,0.0,555.0,182.8125,80.46875,6.987,-1.1071487177940904,578.0,175.78125,81.25,6.72,-2.191045812777718,665.0,175.78125,93.75,8.043,2.0778948311872334
598,186.71875,86.71875,1.6726435172118577,0.0,-0.032,7.129,555,182.8125,80.46875,7.37,-2.129395642138459,641,190.625,92.96875,7.37,1.0121970114513341,599.0,193.75,86.71875,7.031,0.0,597.0,179.6875,86.71875,7.031,3.141592653589793,556.0,189.84375,80.46875,6.987,-1.1071487177940904,640.0,183.59375,92.96875,6.987,2.0344439357957027
599,193.75,86.71875,1.681580421558448,0.0,-0.032,7.129,556,189.84375,80.46875,7.37,-2.129395642138459,642,197.65625,92.96875,7.37,1.0121970114513341,600.0,200.78125,86.71875,7.031,0.0,598.0,186.71875,86.71875,7.031,3.141592653589793,557.0,196.875,80.46875,6.987,-1.1071487177940904,641.0,190.625,92.96875,6.987,2.0344439357957027
600,200.78125,86.71875,1.6841905453570958,0.0,-0.032,7.129,557,196.875,80.46875,7.37,-2.129395642138459,643,204.6875,92.96875,7.37,1.0121970114513341,601.0,207.8125,86.71875,7.031,0.0,599.0,193.75,86.71875,7.031,3.141592653589793,558.0,203.90625,80.46875,6.987,-1.1071487177940904,642.0,197.65625,92.96875,6.987,2.0344439357957027
601,207.8125,86.71875,1.6819492499985518,0.0,-0.032,7.129,558,203.90625,80.46875,7.37,-2.129395642138459,644,211.71875,92.96875,7.37,1.0121970114513341,602.0,214.84375,86.71875,7.031,0.0,600.0,200.78125,86.71875,7.031,3.141592653589793,559.0,210.9375,80.46875,6.987,-1.1071487177940904,643.0,204.6875,92.96875,6.987,2.0344439357957027
602,214.84375,86.71875,1.6750441919774852,0.0,-0.032,7.129,559,210.9375,80.46875,7.37,-2.129395642138459,645,218.75,92.96875,7.37,1.0121970114513341,603.0,221.875,86.71875,7.031,0.0,601.0,207.8125,86.71875,7.031,3.141592653589793,560.0,217.96875,80.46875,6.987,-1.1071487177940904,644.0,211.71875,92.96875,6.987,2.0344439357957027
603,221.875,86.71875,1.6629497360039922,0.0,-0.032,7.129,560,217.96875,80.46875,7.37,-2.129395642138459,646,225.78125,92.96875,7.37,1.0121970114513341,604.0,228.90625,86.71875,7.031,0.0,602.0,214.84375,86.71875,7.031,3.141592653589793,561.0,225.0,80.46875,6.987,-1.1071487177940904,645.0,218.75,92.96875,6.987,2.0344439357957027
604,228.90625,86.71875,1.6443735167823987,0.511,-0.016,7.193,561,225.0,80.46875,7.37,-2.129395642138459,562,232.8125,80.46875,7.37,-1.0121970114513341,647.0,232.8125,92.96875,7.37,1.0121970114513341,603.0,221.875,86.71875,7.031,3.141592653589793,605.0,235.9375,86.71875,7.031,0.0,646.0,225.78125,92.96875,6.987,2.0344439357957027
605,235.9375,86.71875,1.6157488354324478,0.0,-0.001,7.259,563,239.84375,80.46875,7.37,-1.0121970114513341,648,239.84375,92.96875,7.37,1.0121970114513341,604.0,228.90625,86.71875,7.031,3.141592653589793,562.0,232.8125,80.46875,6.987,-2.0344439357957027,647.0,232.8125,92.96875,6.987,2.0344439357957027,606.0,243.75,86.71875,7.812,0.0
606,243.75,86.71875,1.668243745064205,-2.631,-0.016,7.323,563,239.84375,80.46875,7.37,-2.129395642138459,648,239.84375,92.96875,7.37,2.129395642138459,649.0,247.65625,92.96875,7.37,1.0121970114513341,607.0,250.78125,86.71875,7.031,0.0,564.0,246.875,80.46875,6.987,-1.1071487177940904,605.0,235.9375,86.71875,7.812,3.141592653589793
607,250.78125,86.71875,1.6942691868326616,-2.701,-0.04,7.247,564,246.875,80.46875,7.37,-2.129395642138459,650,254.6875,92.96875,7.37,1.0121970114513341,608.0,257.8125,86.71875,7.031,0.0,606.0,243.75,86.71875,7.031,3.141592653589793,649.0,247.65625,92.96875,6.987,2.0344439357957027,550.0,253.90625,79.6875,7.694,-1.1525719972156676
608,257.8125,86.71875,1.681148872390317,-1.268,-0.04,7.378,651,261.71875,92.96875,7.37,1.0121970114513341,607,250.78125,86.71875,7.031,3.141592653589793,650.0,254.6875,92.96875,6.987,2.0344439357957027,565.0,260.9375,80.46875,6.987,-1.1071487177940904,591.0,265.625,85.9375,7.851,-0.09966865249116202,550.0,253.90625,79.6875,8.043,-2.0778948311872334
609,273.4375,86.71875,1.622499014743306,0.892,0.274,7.342,551,272.65625,79.6875,7.074,-1.6814535479687922,583,278.90625,82.8125,6.72,-0.6202494859828215,652.0,268.75,92.96875,7.812,2.214297435588181,591.0,265.625,85.9375,7.851,-3.0419240010986313,653.0,275.0,92.96875,6.442,1.3258176636680326,624.0,281.25,89.0625,8.156,0.2914567944778671
610,10.15625,87.5,1.682842516276702,0.915,0.162,7.04,592,3.125,86.71875,7.074,-3.0309354324158977,654,13.28125,93.75,6.987,1.1071487177940904,635.0,6.25,92.96875,6.72,2.191045812777718,566.0,7.8125,81.25,6.675,-1.9295669970654687,581.0,14.84375,82.8125,6.629,-0.7853981633974483,626.0,17.96875,89.84375,8.156,0.2914567944778671
611,39.0625,87.5,1.6383847537925922,2.372,-0.241,6.705,622,32.03125,88.28125,7.074,3.0309354324158977,567,36.71875,81.25,6.675,-1.9295669970654687,630.0,43.75,92.1875,6.629,0.7853981633974483,655.0,37.5,93.75,6.442,1.8157749899217608,,,,,,,,,,
612,78.125,87.5,1.6447832821322321,1.92,-0.186,7.238,636,82.8125,92.96875,7.202,0.8621700546672264,593,85.15625,86.71875,7.074,-0.11065722117389565,666.0,75.0,94.53125,7.694,1.9890206563741257,568.0,80.46875,81.25,6.675,-1.2120256565243244,582.0,73.4375,82.8125,6.629,-2.356194490192345,628.0,70.3125,89.84375,8.156,2.8501358591119264
613,114.84375,87.5,1.6661342059343054,-2.587,0.016,7.266,569,110.9375,81.25,7.37,-2.129395642138459,656,110.9375,93.75,7.37,2.129395642138459,614.0,121.875,87.5,7.031,0.0,570.0,117.96875,81.25,6.987,-1.1071487177940904,657.0,117.96875,93.75,6.987,1.1071487177940904,596.0,107.03125,86.71875,7.851,-3.0419240010986313
614,121.875,87.5,1.7056511699280537,0.051,-0.001,7.257,570,117.96875,81.25,7.37,-2.129395642138459,571,125.78125,81.25,7.37,-1.0121970114513341,658.0,125.78125,93.75,7.37,1.0121970114513341,657.0,117.96875,93.75,7.37,2.129395642138459,615.0,128.90625,87.5,7.031,0.0,613.0,114.84375,87.5,7.031,3.141592653589793
615,128.90625,87.5,1.695298370801878,0.0,-0.001,7.259,572,132.8125,81.25,7.37,-1.0121970114513341,659,132.8125,93.75,7.37,1.0121970114513341,614.0,121.875,87.5,7.031,3.141592653589793,571.0,125.78125,81.25,6.987,-2.0344439357957027,658.0,125.78125,93.75,6.987,2.0344439357957027,616.0,136.71875,87.5,7.812,0.0
616,136.71875,87.5,1.6781089821605306,3.141,-0.001,7.259,572,132.8125,81.25,7.37,-2.129395642138459,659,132.8125,93.75,7.37,2.129395642138459,617.0,143.75,87.5,7.031,0.0,573.0,139.84375,81.25,6.987,-1.1071487177940904,660.0,139.84375,93.75,6.987,1.1071487177940904,615.0,128.90625,87.5,7.812,3.141592653589793
617,143.75,87.5,1.709473095135203,-2.631,-0.016,7.193,573,139.84375,81.25,7.37,-2.129395642138459,660,139.84375,93.75,7.37,2.129395642138459,661.0,147.65625,93.75,7.37,1.0121970114513341,616.0,136.71875,87.5,7.031,3.141592653589793,618.0,150.78125,87.5,7.031,0.0,574.0,146.875,81.25,6.987,-1.1071487177940904
618,150.78125,87.5,1.700086319414366,0.511,-0.016,7.193,574,146.875,81.25,7.37,-2.129395642138459,575,154.6875,81.25,7.37,-1.0121970114513341,662.0,154.6875,93.75,7.37,1.0121970114513341,617.0,143.75,87.5,7.031,3.141592653589793,619.0,157.8125,87.5,7.031,0.0,661.0,147.65625,93.75,6.987,2.0344439357957027
619,157.8125,87.5,1.6648122615429706,0.0,-0.001,7.259,576,161.71875,81.25,7.37,-1.0121970114513341,663,161.71875,93.75,7.37,1.0121970114513341,618.0,150.78125,87.5,7.031,3.141592653589793,575.0,154.6875,81.25,6.987,-2.0344439357957027,662.0,154.6875,93.75,6.987,2.0344439357957027,620.0,165.625,87.5,7.812,0.0
620,165.625,87.5,1.643523626924695,3.141,-0.001,7.259,576,161.71875,81.25,7.37,-2.129395642138459,663,161.71875,93.75,7.37,2.129395642138459,621.0,172.65625,87.5,7.031,0.0,577.0,168.75,81.25,6.987,-1.1071487177940904,664.0,168.75,93.75,6.987,1.1071487177940904,619.0,157.8125,87.5,7.812,3.141592653589793
621,172.65625,87.5,1.6521915667231308,-2.571,-0.019,7.136,577,168.75,81.25,7.37,-2.129395642138459,664,168.75,93.75,7.37,2.129395642138459,597.0,179.6875,86.71875,7.074,-0.11065722117389565,620.0,165.625,87.5,7.031,3.141592653589793,578.0,175.78125,81.25,6.987,-1.1071487177940904,665.0,175.78125,93.75,6.987,1.1071487177940904
622,32.03125,88.28125,1.6454796470526447,0.399,-0.154,7.487,667,29.6875,95.3125,7.411,1.892546881191539,611,39.0625,87.5,7.074,-0.11065722117389565,655.0,37.5,93.75,7.733,0.7853981633974483,579.0,27.34375,82.03125,7.812,-2.214297435588181,627.0,25.78125,89.84375,6.442,2.896613990462929,567.0,36.71875,81.25,8.45,-0.982793723247329
623,50.0,88.28125,1.6713962691687583,-2.191,0.467,7.432,584,55.46875,83.59375,7.202,-0.7086262721276703,587,43.75,84.375,7.37,-2.5829933382462307,630.0,43.75,92.1875,7.37,2.5829933382462307,629.0,56.25,91.40625,6.987,0.4636476090008061,669.0,50.0,96.09375,7.812,1.5707963267948966,552.0,49.21875,80.46875,7.851,-1.6704649792860586
624,281.25,89.0625,1.6726737155981677,2.775,0.404,7.156,653,275.0,92.96875,7.37,2.5829933382462307,670,281.25,96.09375,7.031,1.5707963267948966,632.0,287.5,92.1875,6.987,0.4636476090008061,589.0,286.71875,85.15625,6.72,-0.6202494859828215,583.0,278.90625,82.8125,6.675,-1.9295669970654687,609.0,273.4375,86.71875,8.156,-2.8501358591119264
625,293.75,89.0625,1.6205505366512,-2.639,0.457,7.216,580,292.1875,82.03125,7.202,-1.7894652726688385,671,293.75,96.09375,7.031,1.5707963267948966,632.0,287.5,92.1875,6.987,2.677945044588987,585.0,299.21875,83.59375,7.733,-0.7853981633974483,589.0,286.71875,85.15625,8.043,-2.6344941491974563,633.0,299.21875,92.1875,6.298,0.5191461142465229
626,17.96875,89.84375,1.6533639616079079,-1.486,0.118,7.383,581,14.84375,82.8125,7.694,-1.9890206563741257,586,21.875,84.375,6.72,-0.9505468408120752,627.0,25.78125,89.84375,7.812,0.0,668.0,22.65625,96.09375,7.812,0.9272952180016122,610.0,10.15625,87.5,8.156,-2.8501358591119264,654.0,13.28125,93.75,6.101,2.44685437739309
627,25.78125,89.84375,1.6720836733872433,-2.279,-0.132,7.108,668,22.65625,96.09375,6.987,2.0344439357957027,586,21.875,84.375,6.72,-2.191045812777718,667.0,29.6875,95.3125,6.72,0.9505468408120752,626.0,17.96875,89.84375,7.812,3.141592653589793,579.0,27.34375,82.03125,7.967,-1.373400766945016,622.0,32.03125,88.28125,6.442,-0.24497866312686414
628,70.3125,89.84375,1.6418451921125423,-0.189,-0.215,7.337,631,63.28125,92.1875,7.411,2.819842099193151,672,67.96875,96.875,7.411,1.892546881191539,582.0,73.4375,82.8125,7.694,-1.1525719972156676,588.0,66.40625,84.375,6.72,-2.191045812777718,666.0,75.0,94.53125,6.629,0.7853981633974483,612.0,78.125,87.5,8.156,-0.2914567944778671
629,56.25,91.40625,1.6460459522468944,-1.98,0.39,7.551,631,63.28125,92.1875,7.074,0.11065722117389565,623,50.0,88.28125,6.987,-2.677945044588987,590.0,61.71875,85.9375,7.733,-0.7853981633974483,669.0,50.0,96.09375,7.812,2.498091544796509,584.0,55.46875,83.59375,7.851,-1.6704649792860586,679.0,55.46875,99.21875,7.851,1.6704649792860586
630,43.75,92.1875,1.61569843035583,-1.764,-0.42,7.116,623,50.0,88.28125,7.37,-0.5585993153435624,669,50.0,96.09375,7.37,0.5585993153435624,678.0,42.96875,99.21875,7.074,1.6814535479687922,587.0,43.75,84.375,7.812,-1.5707963267948966,611.0,39.0625,87.5,6.629,-2.356194490192345,655.0,37.5,93.75,6.442,2.896613990462929
631,63.28125,92.1875,1.4719476408206067,-1.117,-0.167,7.194,628,70.3125,89.84375,7.411,-0.3217505543966422,629,56.25,91.40625,7.074,-3.0309354324158977,672.0,67.96875,96.875,6.629,0.7853981633974483,590.0,61.71875,85.9375,6.442,-1.8157749899217608,588.0,66.40625,84.375,8.414,-1.1902899496825317,,,,,
632,287.5,92.1875,1.650298117648232,2.142,0.505,7.136,670,281.25,96.09375,7.37,2.5829933382462307,671,293.75,96.09375,7.37,0.5585993153435624,589.0,286.71875,85.15625,7.074,-1.6814535479687922,709.0,287.5,99.21875,7.031,1.5707963267948966,625.0,293.75,89.0625,6.987,-0.4636476090008061,624.0,281.25,89.0625,6.987,-2.677945044588987
633,299.21875,92.1875,1.6356841518219691,3.091,-0.299,7.161,710,299.21875,99.21875,7.031,1.5707963267948966,671,293.75,96.09375,6.72,2.5213431676069717,625.0,293.75,89.0625,6.298,-2.62244653934327,585.0,299.21875,83.59375,8.593,-1.5707963267948966,,,,,,,,,,
634,0.0,92.96875,1.6288971867573838,0.0,0.0,6.741,592,3.125,86.71875,6.987,-1.1071487177940904,674,3.125,99.21875,6.987,1.1071487177940904,635.0,6.25,92.96875,6.25,0.0,,,,,,,,,,,,,,,
635,6.25,92.96875,1.6725266736501065,0.981,0.045,6.834,654,13.28125,93.75,7.074,0.11065722117389565,592,3.125,86.71875,6.987,-2.0344439357957027,675.0,9.375,99.21875,6.987,1.1071487177940904,674.0,3.125,99.21875,6.987,2.0344439357957027,610.0,10.15625,87.5,6.72,-0.9505468408120752,634.0,0.0,92.96875,6.25,3.141592653589793
636,82.8125,92.96875,1.649742590061581,1.912,-0.127,7.153,612,78.125,87.5,7.202,-2.279422598922567,682,86.71875,99.21875,7.37,1.0121970114513341,637.0,89.84375,92.96875,7.031,0.0,593.0,85.15625,86.71875,6.675,-1.2120256565243244,681.0,80.46875,99.21875,6.675,1.9295669970654687,666.0,75.0,94.53125,7.967,2.9441970937399127
637,89.84375,92.96875,1.6577961820395564,2.588,-0.03,7.139,638,96.875,92.96875,7.031,0.0,636,82.8125,92.96875,7.031,3.141592653589793,594.0,92.96875,86.71875,6.987,-1.1071487177940904,682.0,86.71875,99.21875,6.987,2.0344439357957027,683.0,92.96875,99.21875,6.987,1.1071487177940904,593.0,85.15625,86.71875,7.812,-2.214297435588181
638,96.875,92.96875,1.658961562207699,3.141,-0.001,7.129,594,92.96875,86.71875,7.37,-2.129395642138459,683,92.96875,99.21875,7.37,2.129395642138459,639.0,103.90625,92.96875,7.031,0.0,637.0,89.84375,92.96875,7.031,3.141592653589793,595.0,100.0,86.71875,6.987,-1.1071487177940904,684.0,100.0,99.21875,6.987,1.1071487177940904
639,103.90625,92.96875,1.6637601147745533,2.57,0.018,7.136,595,100.0,86.71875,7.37,-2.129395642138459,684,100.0,99.21875,7.37,2.129395642138459,656.0,110.9375,93.75,7.074,0.11065722117389565,638.0,96.875,92.96875,7.031,3.141592653589793,596.0,107.03125,86.71875,6.987,-1.1071487177940904,685.0,107.03125,99.21875,6.987,1.1071487177940904
640,183.59375,92.96875,1.6069327480353495,2.586,-0.017,7.266,597,179.6875,86.71875,7.37,-2.129395642138459,695,179.6875,99.21875,7.37,2.129395642138459,641.0,190.625,92.96875,7.031,0.0,598.0,186.71875,86.71875,6.987,-1.1071487177940904,696.0,186.71875,99.21875,6.987,1.1071487177940904,665.0,175.78125,93.75,7.851,3.0419240010986313
641,190.625,92.96875,1.6267570845894843,3.141,-0.001,7.129,598,186.71875,86.71875,7.37,-2.129395642138459,696,186.71875,99.21875,7.37,2.129395642138459,642.0,197.65625,92.96875,7.031,0.0,640.0,183.59375,92.96875,7.031,3.141592653589793,599.0,193.75,86.71875,6.987,-1.1071487177940904,697.0,193.75,99.21875,6.987,1.1071487177940904
642,197.65625,92.96875,1.6383495199488805,3.141,-0.001,7.129,599,193.75,86.71875,7.37,-2.129395642138459,697,193.75,99.21875,7.37,2.129395642138459,643.0,204.6875,92.96875,7.031,0.0,641.0,190.625,92.96875,7.031,3.141592653589793,600.0,200.78125,86.71875,6.987,-1.1071487177940904,698.0,200.78125,99.21875,6.987,1.1071487177940904
643,204.6875,92.96875,1.6457036602576505,3.141,-0.001,7.129,600,200.78125,86.71875,7.37,-2.129395642138459,698,200.78125,99.21875,7.37,2.129395642138459,644.0,211.71875,92.96875,7.031,0.0,642.0,197.65625,92.96875,7.031,3.141592653589793,601.0,207.8125,86.71875,6.987,-1.1071487177940904,699.0,207.8125,99.21875,6.987,1.1071487177940904
644,211.71875,92.96875,1.6515300560819535,3.141,-0.001,7.129,601,207.8125,86.71875,7.37,-2.129395642138459,699,207.8125,99.21875,7.37,2.129395642138459,645.0,218.75,92.96875,7.031,0.0,643.0,204.6875,92.96875,7.031,3.141592653589793,602.0,214.84375,86.71875,6.987,-1.1071487177940904,700.0,214.84375,99.21875,6.987,1.1071487177940904
645,218.75,92.96875,1.6568400302651873,3.141,-0.001,7.129,602,214.84375,86.71875,7.37,-2.129395642138459,700,214.84375,99.21875,7.37,2.129395642138459,646.0,225.78125,92.96875,7.031,0.0,644.0,211.71875,92.96875,7.031,3.141592653589793,603.0,221.875,86.71875,6.987,-1.1071487177940904,701.0,221.875,99.21875,6.987,1.1071487177940904
646,225.78125,92.96875,1.6604004537689148,-2.631,-0.016,7.193,603,221.875,86.71875,7.37,-2.129395642138459,701,221.875,99.21875,7.37,2.129395642138459,702.0,229.6875,99.21875,7.37,1.0121970114513341,645.0,218.75,92.96875,7.031,3.141592653589793,647.0,232.8125,92.96875,7.031,0.0,604.0,228.90625,86.71875,6.987,-1.1071487177940904
647,232.8125,92.96875,1.6589420592413902,0.0,-0.032,7.129,604,228.90625,86.71875,7.37,-2.129395642138459,703,236.71875,99.21875,7.37,1.0121970114513341,648.0,239.84375,92.96875,7.031,0.0,646.0,225.78125,92.96875,7.031,3.141592653589793,605.0,235.9375,86.71875,6.987,-1.1071487177940904,702.0,229.6875,99.21875,6.987,2.0344439357957027
648,239.84375,92.96875,1.6469876893532605,0.511,-0.016,7.323,605,235.9375,86.71875,7.37,-2.129395642138459,606,243.75,86.71875,7.37,-1.0121970114513341,704.0,243.75,99.21875,7.37,1.0121970114513341,647.0,232.8125,92.96875,7.031,3.141592653589793,703.0,236.71875,99.21875,6.987,2.0344439357957027,649.0,247.65625,92.96875,7.812,0.0
649,247.65625,92.96875,1.6243758500573526,3.141,-0.001,7.259,606,243.75,86.71875,7.37,-2.129395642138459,704,243.75,99.21875,7.37,2.129395642138459,650.0,254.6875,92.96875,7.031,0.0,607.0,250.78125,86.71875,6.987,-1.1071487177940904,705.0,250.78125,99.21875,6.987,1.1071487177940904,648.0,239.84375,92.96875,7.812,3.141592653589793
650,254.6875,92.96875,1.6776331850258632,3.141,-0.001,7.129,607,250.78125,86.71875,7.37,-2.129395642138459,705,250.78125,99.21875,7.37,2.129395642138459,651.0,261.71875,92.96875,7.031,0.0,649.0,247.65625,92.96875,7.031,3.141592653589793,608.0,257.8125,86.71875,6.987,-1.1071487177940904,706.0,257.8125,99.21875,6.987,1.1071487177940904
651,261.71875,92.96875,1.6867673545440582,2.983,0.007,7.305,608,257.8125,86.71875,7.37,-2.129395642138459,706,257.8125,99.21875,7.37,2.129395642138459,652.0,268.75,92.96875,7.031,0.0,650.0,254.6875,92.96875,7.031,3.141592653589793,707.0,264.84375,99.21875,6.987,1.1071487177940904,591.0,265.625,85.9375,8.043,-1.0636978224025597
652,268.75,92.96875,1.6745603103829452,-0.092,0.037,7.254,708,272.65625,99.21875,7.37,1.0121970114513341,707,264.84375,99.21875,7.37,2.129395642138459,651.0,261.71875,92.96875,7.031,3.141592653589793,591.0,265.625,85.9375,7.694,-1.9890206563741257,609.0,273.4375,86.71875,7.812,-0.9272952180016122,653.0,275.0,92.96875,6.25,0.0
653,275.0,92.96875,1.592116457306226,-0.665,0.428,6.745,624,281.25,89.0625,7.37,-0.5585993153435624,670,281.25,96.09375,6.987,0.4636476090008061,708.0,272.65625,99.21875,6.675,1.9295669970654687,609.0,273.4375,86.71875,6.442,-1.8157749899217608,652.0,268.75,92.96875,6.25,3.141592653589793,,,,,
654,13.28125,93.75,1.6466218832824522,3.092,0.133,6.636,635,6.25,92.96875,7.074,-3.0309354324158977,610,10.15625,87.5,6.987,-2.0344439357957027,675.0,9.375,99.21875,6.72,2.191045812777718,676.0,16.40625,99.21875,6.298,1.0516502125483738,626.0,17.96875,89.84375,6.101,-0.6947382761967031,,,,,
655,37.5,93.75,1.6412650140422926,-2.6,-0.229,7.044,622,32.03125,88.28125,7.733,-2.356194490192345,678,42.96875,99.21875,7.733,0.7853981633974483,667.0,29.6875,95.3125,7.967,2.9441970937399127,611.0,39.0625,87.5,6.442,-1.3258176636680326,630.0,43.75,92.1875,6.442,-0.24497866312686414,677.0,35.15625,99.21875,5.949,1.97568811307998
656,110.9375,93.75,1.6600968533570295,-1.33,0.028,7.16,613,114.84375,87.5,7.37,-1.0121970114513341,639,103.90625,92.96875,7.074,-3.0309354324158977,657.0,117.96875,93.75,7.031,0.0,685.0,107.03125,99.21875,6.72,2.191045812777718,686.0,114.84375,99.21875,6.72,0.9505468408120752,596.0,107.03125,86.71875,8.043,-2.0778948311872334
657,117.96875,93.75,1.6692402951042036,-0.346,-0.001,7.036,614,121.875,87.5,7.37,-1.0121970114513341,656,110.9375,93.75,7.031,3.141592653589793,613.0,114.84375,87.5,6.987,-2.0344439357957027,687.0,121.875,99.21875,6.72,0.9505468408120752,658.0,125.78125,93.75,7.812,0.0,686.0,114.84375,99.21875,6.298,2.0899424410414196
658,125.78125,93.75,1.6500848326861004,-2.796,0.0,7.036,614,121.875,87.5,7.37,-2.129395642138459,659,132.8125,93.75,7.031,0.0,615.0,128.90625,87.5,6.987,-1.1071487177940904,687.0,121.875,99.21875,6.72,2.191045812777718,657.0,117.96875,93.75,7.812,3.141592653589793,688.0,128.90625,99.21875,6.298,1.0516502125483738
659,132.8125,93.75,1.6940508797730698,-1.571,-0.001,7.04,615,128.90625,87.5,7.37,-2.129395642138459,616,136.71875,87.5,7.37,-1.0121970114513341,658.0,125.78125,93.75,7.031,3.141592653589793,660.0,139.84375,93.75,7.031,0.0,688.0,128.90625,99.21875,6.72,2.191045812777718,689.0,136.71875,99.21875,6.72,0.9505468408120752
660,139.84375,93.75,1.6776977888146147,-0.346,-0.001,7.036,617,143.75,87.5,7.37,-1.0121970114513341,659,132.8125,93.75,7.031,3.141592653589793,616.0,136.71875,87.5,6.987,-2.0344439357957027,690.0,143.75,99.21875,6.72,0.9505468408120752,661.0,147.65625,93.75,7.812,0.0,689.0,136.71875,99.21875,6.298,2.0899424410414196
661,147.65625,93.75,1.6529794644546607,-2.796,0.0,7.036,617,143.75,87.5,7.37,-2.129395642138459,662,154.6875,93.75,7.031,0.0,618.0,150.78125,87.5,6.987,-1.1071487177940904,690.0,143.75,99.21875,6.72,2.191045812777718,660.0,139.84375,93.75,7.812,3.141592653589793,691.0,150.78125,99.21875,6.298,1.0516502125483738
662,154.6875,93.75,1.6802901653545383,-2.195,-0.017,6.976,618,150.78125,87.5,7.37,-2.129395642138459,661,147.65625,93.75,7.031,3.141592653589793,663.0,161.71875,93.75,7.031,0.0,619.0,157.8125,87.5,6.987,-1.1071487177940904,691.0,150.78125,99.21875,6.72,2.191045812777718,692.0,158.59375,99.21875,6.72,0.9505468408120752
663,161.71875,93.75,1.6756482847166583,-0.164,-0.017,6.97,619,157.8125,87.5,7.37,-2.129395642138459,620,165.625,87.5,7.37,-1.0121970114513341,662.0,154.6875,93.75,7.031,3.141592653589793,664.0,168.75,93.75,7.031,0.0,693.0,165.625,99.21875,6.72,0.9505468408120752,692.0,158.59375,99.21875,6.298,2.0899424410414196
664,168.75,93.75,1.6510432922429357,-0.346,-0.001,6.906,621,172.65625,87.5,7.37,-1.0121970114513341,663,161.71875,93.75,7.031,3.141592653589793,665.0,175.78125,93.75,7.031,0.0,620.0,165.625,87.5,6.987,-2.0344439357957027,694.0,172.65625,99.21875,6.72,0.9505468408120752,693.0,165.625,99.21875,6.298,2.0899424410414196
665,175.78125,93.75,1.617866517571339,-1.004,-0.027,7.155,664,168.75,93.75,7.031,3.141592653589793,621,172.65625,87.5,6.987,-2.0344439357957027,695.0,179.6875,99.21875,6.72,0.9505468408120752,640.0,183.59375,92.96875,7.851,-0.09966865249116202,597.0,179.6875,86.71875,8.043,-1.0636978224025597,694.0,172.65625,99.21875,6.298,2.0899424410414196
666,75.0,94.53125,1.520134576869251,-1.048,-0.297,7.381,681,80.46875,99.21875,7.202,0.7086262721276703,672,67.96875,96.875,7.411,2.819842099193151,612.0,78.125,87.5,7.694,-1.1525719972156676,628.0,70.3125,89.84375,6.629,-2.356194490192345,636.0,82.8125,92.96875,7.967,-0.19739555984988075,,,,,
667,29.6875,95.3125,1.6487045228345483,-1.171,-0.234,7.178,622,32.03125,88.28125,7.411,-1.2490457723982544,668,22.65625,96.09375,7.074,3.0309354324158977,627.0,25.78125,89.84375,6.72,-2.191045812777718,677.0,35.15625,99.21875,6.72,0.6202494859828215,655.0,37.5,93.75,7.967,-0.19739555984988075,,,,,
668,22.65625,96.09375,1.6065356281640895,-1.611,-0.228,7.215,667,29.6875,95.3125,7.074,-0.11065722117389565,627,25.78125,89.84375,6.987,-1.1071487177940904,676.0,16.40625,99.21875,6.987,2.677945044588987,626.0,17.96875,89.84375,7.812,-2.214297435588181,,,,,,,,,,
669,50.0,96.09375,1.626519192617055,-1.647,0.423,7.397,630,43.75,92.1875,7.37,-2.5829933382462307,678,42.96875,99.21875,7.694,2.723368324010564,629.0,56.25,91.40625,7.812,-0.6435011087932844,623.0,50.0,88.28125,7.812,-1.5707963267948966,679.0,55.46875,99.21875,6.298,0.5191461142465229,,,,,
670,281.25,96.09375,1.6821174465118973,-1.065,-0.32,7.094,632,287.5,92.1875,7.37,-0.5585993153435624,624,281.25,89.0625,7.031,-1.5707963267948966,653.0,275.0,92.96875,6.987,-2.677945044588987,709.0,287.5,99.21875,6.987,0.4636476090008061,,,,,,,,,,
671,293.75,96.09375,1.6873061319581375,-1.623,-0.42,6.881,632,287.5,92.1875,7.37,-2.5829933382462307,625,293.75,89.0625,7.031,-1.5707963267948966,709.0,287.5,99.21875,6.987,2.677945044588987,633.0,299.21875,92.1875,6.72,-0.6202494859828215,710.0,299.21875,99.21875,6.298,0.5191461142465229,,,,,
672,67.96875,96.875,1.4965309412489516,-1.248,-0.301,6.885,628,70.3125,89.84375,7.411,-1.2490457723982544,666,75.0,94.53125,7.411,-0.3217505543966422,680.0,74.21875,99.21875,6.675,0.35877067027057225,631.0,63.28125,92.1875,6.629,-2.356194490192345,673.0,61.71875,97.65625,6.298,3.017237659043032,,,,,
673,61.71875,97.65625,1.2460115868846184,-2.358,-0.377,7.015,679,55.46875,99.21875,6.442,2.896613990462929,672,67.96875,96.875,6.298,-0.12435499454676144,629.0,56.25,91.40625,8.304,-2.289626326416521,,,,,,,,,,,,,,,
674,3.125,99.21875,1.634098563996986,-1.062,0.0,6.741,634,0.0,92.96875,6.987,-2.0344439357957027,635,6.25,92.96875,6.987,-1.1071487177940904,675.0,9.375,99.21875,6.25,0.0,,,,,,,,,,,,,,,
675,9.375,99.21875,1.6091610851387914,-1.493,0.058,6.747,676,16.40625,99.21875,7.031,0.0,635,6.25,92.96875,6.987,-2.0344439357957027,654.0,13.28125,93.75,6.72,-0.9505468408120752,674.0,3.125,99.21875,6.25,3.141592653589793,,,,,,,,,,
676,16.40625,99.21875,1.5480716485815837,-2.0,-0.099,6.772,675,9.375,99.21875,7.031,3.141592653589793,668,22.65625,96.09375,6.987,-0.4636476090008061,654.0,13.28125,93.75,6.298,-2.0899424410414196,,,,,,,,,,,,,,,
677,35.15625,99.21875,1.5832279596441503,-1.202,-0.306,6.827,667,29.6875,95.3125,6.72,-2.5213431676069717,678,42.96875,99.21875,7.812,0.0,655.0,37.5,93.75,5.949,-1.1659045405098132,,,,,,,,,,,,,,,
678,42.96875,99.21875,1.5865497349782973,-1.885,-0.459,7.578,630,43.75,92.1875,7.074,-1.460139105621001,669,50.0,96.09375,7.694,-0.4182243295792291,655.0,37.5,93.75,7.733,-2.356194490192345,677.0,35.15625,99.21875,7.812,3.141592653589793,,,,,,,,,,
679,55.46875,99.21875,1.6423573096206094,-1.456,0.241,6.864,629,56.25,91.40625,7.851,-1.4711276743037347,673,61.71875,97.65625,6.442,-0.24497866312686414,669.0,50.0,96.09375,6.298,-2.62244653934327,,,,,,,,,,,,,,,
680,74.21875,99.21875,1.0247343439169707,-1.392,-0.51,6.462,672,67.96875,96.875,6.675,-2.782821983319221,681,80.46875,99.21875,6.25,0.0,,,,,,,,,,,,,,,,,,,,
681,80.46875,99.21875,1.6040483466264073,-1.823,-0.173,6.594,666,75.0,94.53125,7.202,-2.432966381462123,636,82.8125,92.96875,6.675,-1.2120256565243244,680.0,74.21875,99.21875,6.25,3.141592653589793,682.0,86.71875,99.21875,6.25,0.0,,,,,,,,,,
682,86.71875,99.21875,1.6361976310097541,-1.619,-0.036,6.714,636,82.8125,92.96875,7.37,-2.129395642138459,637,89.84375,92.96875,6.987,-1.1071487177940904,681.0,80.46875,99.21875,6.25,3.141592653589793,683.0,92.96875,99.21875,6.25,0.0,,,,,,,,,,
683,92.96875,99.21875,1.6268355521810742,-1.524,0.035,6.909,638,96.875,92.96875,7.37,-1.0121970114513341,684,100.0,99.21875,7.031,0.0,637.0,89.84375,92.96875,6.987,-2.0344439357957027,682.0,86.71875,99.21875,6.25,3.141592653589793,,,,,,,,,,
684,100.0,99.21875,1.6518280119124789,-1.524,0.035,7.105,639,103.90625,92.96875,7.37,-1.0121970114513341,683,92.96875,99.21875,7.031,3.141592653589793,685.0,107.03125,99.21875,7.031,0.0,638.0,96.875,92.96875,6.987,-2.0344439357957027,,,,,,,,,,
685,107.03125,99.21875,1.640977461217979,-1.493,0.058,7.138,684,100.0,99.21875,7.031,3.141592653589793,639,103.90625,92.96875,6.987,-2.0344439357957027,656.0,110.9375,93.75,6.72,-0.9505468408120752,686.0,114.84375,99.21875,7.812,0.0,,,,,,,,,,
686,114.84375,99.21875,1.6083141743155516,-1.622,-0.038,6.965,687,121.875,99.21875,7.031,0.0,656,110.9375,93.75,6.72,-2.191045812777718,685.0,107.03125,99.21875,7.812,3.141592653589793,657.0,117.96875,93.75,6.298,-1.0516502125483738,,,,,,,,,,
687,121.875,99.21875,1.6516607002395929,-1.571,-0.001,6.875,688,128.90625,99.21875,7.031,0.0,686,114.84375,99.21875,7.031,3.141592653589793,658.0,125.78125,93.75,6.72,-0.9505468408120752,657.0,117.96875,93.75,6.72,-2.191045812777718,,,,,,,,,,
688,128.90625,99.21875,1.642323812283764,-1.521,0.037,6.965,687,121.875,99.21875,7.031,3.141592653589793,659,132.8125,93.75,6.72,-0.9505468408120752,689.0,136.71875,99.21875,7.812,0.0,658.0,125.78125,93.75,6.298,-2.0899424410414196,,,,,,,,,,
689,136.71875,99.21875,1.620176147201793,-1.622,-0.038,6.965,690,143.75,99.21875,7.031,0.0,659,132.8125,93.75,6.72,-2.191045812777718,688.0,128.90625,99.21875,7.812,3.141592653589793,660.0,139.84375,93.75,6.298,-1.0516502125483738,,,,,,,,,,
690,143.75,99.21875,1.654447200315209,-1.571,-0.001,6.875,691,150.78125,99.21875,7.031,0.0,689,136.71875,99.21875,7.031,3.141592653589793,661.0,147.65625,93.75,6.72,-0.9505468408120752,660.0,139.84375,93.75,6.72,-2.191045812777718,,,,,,,,,,
691,150.78125,99.21875,1.6407696287504725,-1.521,0.037,6.965,690,143.75,99.21875,7.031,3.141592653589793,662,154.6875,93.75,6.72,-0.9505468408120752,692.0,158.59375,99.21875,7.812,0.0,661.0,147.65625,93.75,6.298,-2.0899424410414196,,,,,,,,,,
692,158.59375,99.21875,1.6029279164309522,-1.622,-0.038,6.965,693,165.625,99.21875,7.031,0.0,662,154.6875,93.75,6.72,-2.191045812777718,691.0,150.78125,99.21875,7.812,3.141592653589793,663.0,161.71875,93.75,6.298,-1.0516502125483738,,,,,,,,,,
693,165.625,99.21875,1.6399177052793985,-1.622,-0.038,6.77,694,172.65625,99.21875,7.031,0.0,692,158.59375,99.21875,7.031,3.141592653589793,663.0,161.71875,93.75,6.72,-2.191045812777718,664.0,168.75,93.75,6.298,-1.0516502125483738,,,,,,,,,,
694,172.65625,99.21875,1.6545679076958775,-1.622,-0.038,6.77,695,179.6875,99.21875,7.031,0.0,693,165.625,99.21875,7.031,3.141592653589793,664.0,168.75,93.75,6.72,-2.191045812777718,665.0,175.78125,93.75,6.298,-1.0516502125483738,,,,,,,,,,
695,179.6875,99.21875,1.6568802911546434,-1.602,-0.023,7.038,640,183.59375,92.96875,7.37,-1.0121970114513341,694,172.65625,99.21875,7.031,3.141592653589793,696.0,186.71875,99.21875,7.031,0.0,665.0,175.78125,93.75,6.72,-2.191045812777718,,,,,,,,,,
696,186.71875,99.21875,1.6540390511392864,-1.524,0.035,7.105,641,190.625,92.96875,7.37,-1.0121970114513341,695,179.6875,99.21875,7.031,3.141592653589793,697.0,193.75,99.21875,7.031,0.0,640.0,183.59375,92.96875,6.987,-2.0344439357957027,,,,,,,,,,
697,193.75,99.21875,1.649856453799391,-1.524,0.035,7.105,642,197.65625,92.96875,7.37,-1.0121970114513341,696,186.71875,99.21875,7.031,3.141592653589793,698.0,200.78125,99.21875,7.031,0.0,641.0,190.625,92.96875,6.987,-2.0344439357957027,,,,,,,,,,
698,200.78125,99.21875,1.645239670243383,-1.524,0.035,7.105,643,204.6875,92.96875,7.37,-1.0121970114513341,697,193.75,99.21875,7.031,3.141592653589793,699.0,207.8125,99.21875,7.031,0.0,642.0,197.65625,92.96875,6.987,-2.0344439357957027,,,,,,,,,,
699,207.8125,99.21875,1.6390340800000207,-1.524,0.035,7.105,644,211.71875,92.96875,7.37,-1.0121970114513341,698,200.78125,99.21875,7.031,3.141592653589793,700.0,214.84375,99.21875,7.031,0.0,643.0,204.6875,92.96875,6.987,-2.0344439357957027,,,,,,,,,,
700,214.84375,99.21875,1.6284084122255578,-1.524,0.035,7.105,645,218.75,92.96875,7.37,-1.0121970114513341,699,207.8125,99.21875,7.031,3.141592653589793,701.0,221.875,99.21875,7.031,0.0,644.0,211.71875,92.96875,6.987,-2.0344439357957027,,,,,,,,,,
701,221.875,99.21875,1.6084865614539479,-1.524,0.035,7.3,646,225.78125,92.96875,7.37,-1.0121970114513341,700,214.84375,99.21875,7.031,3.141592653589793,645.0,218.75,92.96875,6.987,-2.0344439357957027,702.0,229.6875,99.21875,7.812,0.0,,,,,,,,,,
702,229.6875,99.21875,1.618161413851041,-1.619,-0.036,7.3,646,225.78125,92.96875,7.37,-2.129395642138459,703,236.71875,99.21875,7.031,0.0,647.0,232.8125,92.96875,6.987,-1.1071487177940904,701.0,221.875,99.21875,7.812,3.141592653589793,,,,,,,,,,
703,236.71875,99.21875,1.6444342764667932,-1.619,-0.036,7.105,647,232.8125,92.96875,7.37,-2.129395642138459,702,229.6875,99.21875,7.031,3.141592653589793,704.0,243.75,99.21875,7.031,0.0,648.0,239.84375,92.96875,6.987,-1.1071487177940904,,,,,,,,,,
704,243.75,99.21875,1.6549368347292428,-1.571,-0.001,7.2,648,239.84375,92.96875,7.37,-2.129395642138459,649,247.65625,92.96875,7.37,-1.0121970114513341,703.0,236.71875,99.21875,7.031,3.141592653589793,705.0,250.78125,99.21875,7.031,0.0,,,,,,,,,,
705,250.78125,99.21875,1.6478322536661458,-1.524,0.035,7.105,650,254.6875,92.96875,7.37,-1.0121970114513341,704,243.75,99.21875,7.031,3.141592653589793,706.0,257.8125,99.21875,7.031,0.0,649.0,247.65625,92.96875,6.987,-2.0344439357957027,,,,,,,,,,
706,257.8125,99.21875,1.6337286112341207,-1.524,0.035,7.105,651,261.71875,92.96875,7.37,-1.0121970114513341,705,250.78125,99.21875,7.031,3.141592653589793,707.0,264.84375,99.21875,7.031,0.0,650.0,254.6875,92.96875,6.987,-2.0344439357957027,,,,,,,,,,
707,264.84375,99.21875,1.5996796683406311,-1.524,0.035,7.3,652,268.75,92.96875,7.37,-1.0121970114513341,706,257.8125,99.21875,7.031,3.141592653589793,651.0,261.71875,92.96875,6.987,-2.0344439357957027,708.0,272.65625,99.21875,7.812,0.0,,,,,,,,,,
708,272.65625,99.21875,1.5124105220679918,-2.155,-0.131,7.285,652,268.75,92.96875,7.37,-2.129395642138459,707,264.84375,99.21875,7.812,3.141592653589793,653.0,275.0,92.96875,6.675,-1.2120256565243244,,,,,,,,,,,,,,,
709,287.5,99.21875,1.65416473009307,-1.571,0.0,7.002,632,287.5,92.1875,7.031,-1.5707963267948966,670,281.25,96.09375,6.987,-2.677945044588987,671.0,293.75,96.09375,6.987,-0.4636476090008061,,,,,,,,,,,,,,,
710,299.21875,99.21875,1.5945704908612732,-2.097,0.516,6.664,633,299.21875,92.1875,7.031,-1.5707963267948966,671,293.75,96.09375,6.298,-2.62244653934327,,,,,,,,,,,,,,,,,,,,
