id,x,y,psi,avg_angle,phi6,avg_dist,nbr1_id,nbr1_x,nbr1_y,nbr1_dist,nbr1_angle,nbr2_id,nbr2_x,nbr2_y,nbr2_dist,nbr2_angle,nbr3_id,nbr3_x,nbr3_y,nbr3_dist,nbr3_angle,nbr4_id,nbr4_x,nbr4_y,nbr4_dist,nbr4_angle,nbr5_id,nbr5_x,nbr5_y,nbr5_dist,nbr5_angle,nbr6_id,nbr6_x,nbr6_y,nbr6_dist,nbr6_angle
1,0.0,0.0,1.5949209049219486,0.525,0.006,6.664,2,7.03125,0.0,7.031,0.0,49,3.125,5.46875,6.298,1.0516502125483738,,,,,,,,,,,,,,,,,,,,
2,7.03125,0.0,1.648926305960021,1.601,0.022,7.233,54,10.9375,6.25,7.37,1.0121970114513341,1,0.0,0.0,7.031,3.141592653589793,49.0,3.125,5.46875,6.72,2.191045812777718,3.0,14.84375,0.0,7.812,0.0,,,,,,,,,,
3,14.84375,0.0,1.627247059954226,1.67,0.071,7.222,54,10.9375,6.25,7.37,2.129395642138459,4,21.875,0.0,7.031,0.0,2.0,7.03125,0.0,7.812,3.141592653589793,55.0,17.1875,6.25,6.675,1.2120256565243244,,,,,,,,,,
4,21.875,0.0,1.5380665090554768,1.747,0.265,7.418,3,14.84375,0.0,7.031,3.141592653589793,55,17.1875,6.25,7.812,2.214297435588181,30.0,28.125,2.34375,6.675,0.35877067027057225,72.0,24.21875,7.8125,8.156,1.2793395323170296,,,,,,,,,,
5,39.0625,0.0,1.6170356386882998,1.323,-0.351,7.494,6,46.09375,0.0,7.031,0.0,31,32.8125,2.34375,6.675,2.782821983319221,73.0,37.5,7.8125,7.967,1.7681918866447774,56.0,44.53125,6.25,8.304,0.8519663271732721,,,,,,,,,,
6,46.09375,0.0,1.5347432998266892,1.857,-0.456,6.525,5,39.0625,0.0,7.031,3.141592653589793,56,44.53125,6.25,6.442,1.8157749899217608,45.0,50.78125,3.90625,6.101,0.6947382761967031,,,,,,,,,,,,,,,
7,57.03125,0.0,1.6083792840621554,1.609,0.038,7.173,45,50.78125,3.90625,7.37,2.5829933382462307,74,56.25,7.8125,7.851,1.6704649792860586,33.0,62.5,3.125,6.298,0.5191461142465229,,,,,,,,,,,,,,,
8,67.96875,0.0,1.6320372725072054,1.474,-0.183,6.682,63,68.75,7.03125,7.074,1.460139105621001,32,74.21875,2.34375,6.675,0.35877067027057225,33.0,62.5,3.125,6.298,2.62244653934327,,,,,,,,,,,,,,,
9,80.46875,0.0,1.1277834560512061,1.623,-0.367,6.831,34,86.71875,3.125,6.987,0.4636476090008061,32,74.21875,2.34375,6.675,2.782821983319221,,,,,,,,,,,,,,,,,,,,
10,100.0,0.0,1.663972004190413,1.724,0.328,6.487,47,105.46875,3.90625,6.72,0.6202494859828215,27,93.75,1.5625,6.442,2.896613990462929,57.0,99.21875,6.25,6.298,1.695151321341658,,,,,,,,,,,,,,,
11,111.71875,0.0,1.6369751574900642,1.547,-0.064,7.129,47,105.46875,3.90625,7.37,2.5829933382462307,64,111.71875,7.03125,7.031,1.5707963267948966,35.0,117.96875,3.125,6.987,0.4636476090008061,,,,,,,,,,,,,,,
12,124.21875,0.0,1.6202150845972612,1.57,-0.001,6.741,35,117.96875,3.125,6.987,2.677945044588987,36,130.46875,3.125,6.987,0.4636476090008061,58.0,124.21875,6.25,6.25,1.5707963267948966,,,,,,,,,,,,,,,
13,137.5,0.0,1.6472109485240867,1.648,0.118,6.993,37,143.75,3.125,6.987,0.4636476090008061,36,130.46875,3.125,7.694,2.723368324010564,59.0,136.71875,6.25,6.298,1.695151321341658,,,,,,,,,,,,,,,
14,157.03125,0.0,1.6270485780045407,1.698,0.264,6.858,28,150.0,1.5625,7.202,2.922923707715851,65,156.25,7.03125,7.074,1.6814535479687922,38.0,162.5,3.125,6.298,0.5191461142465229,,,,,,,,,,,,,,,
15,168.75,0.0,1.6463899134930915,1.57,-0.001,7.002,66,168.75,7.03125,7.031,1.5707963267948966,38,162.5,3.125,6.987,2.677945044588987,39.0,175.0,3.125,6.987,0.4636476090008061,,,,,,,,,,,,,,,
16,181.25,0.0,1.6258297926168117,1.584,0.036,6.772,67,181.25,7.03125,7.031,1.5707963267948966,39,175.0,3.125,6.987,2.677945044588987,40.0,186.71875,3.125,6.298,0.5191461142465229,,,,,,,,,,,,,,,
17,194.53125,0.0,1.5616983813290017,1.346,-0.329,7.663,50,199.21875,5.46875,7.202,0.8621700546672264,60,192.96875,6.25,6.442,1.8157749899217608,40.0,186.71875,3.125,8.414,2.761086276477428,18.0,203.125,0.0,8.593,0.0,,,,,,,,,,
18,203.125,0.0,1.6356688707620934,1.621,0.037,7.356,50,199.21875,5.46875,6.72,2.191045812777718,19,210.9375,0.0,7.812,0.0,51.0,206.25,5.46875,6.298,1.0516502125483738,17.0,194.53125,0.0,8.593,3.141592653589793,,,,,,,,,,
19,210.9375,0.0,1.6070137251801282,1.763,0.288,7.71,51,206.25,5.46875,7.202,2.279422598922567,68,213.28125,7.03125,7.411,1.2490457723982544,18.0,203.125,0.0,7.812,3.141592653589793,41.0,218.75,3.125,8.414,0.3805063771123649,,,,,,,,,,
20,225.0,0.0,1.6153078737618474,1.493,-0.119,6.993,41,218.75,3.125,6.987,2.677945044588987,42,232.03125,3.125,7.694,0.4182243295792291,61.0,225.78125,6.25,6.298,1.446441332248135,,,,,,,,,,,,,,,
21,237.5,0.0,1.6231402058729267,1.557,-0.037,6.772,69,237.5,7.03125,7.031,1.5707963267948966,43,243.75,3.125,6.987,0.4636476090008061,42.0,232.03125,3.125,6.298,2.62244653934327,,,,,,,,,,,,,,,
22,250.0,0.0,1.6502243491031956,1.57,-0.001,7.002,70,250.0,7.03125,7.031,1.5707963267948966,43,243.75,3.125,6.987,2.677945044588987,44.0,256.25,3.125,6.987,0.4636476090008061,,,,,,,,,,,,,,,
23,263.28125,0.0,1.5870477023002352,1.319,-0.372,7.944,44,256.25,3.125,7.694,2.723368324010564,24,271.09375,0.0,7.812,0.0,76.0,261.71875,7.8125,7.967,1.7681918866447774,62.0,268.75,6.25,8.304,0.8519663271732721,,,,,,,,,,
24,271.09375,0.0,1.6653717221195552,1.395,-0.132,6.985,52,275.78125,5.46875,7.202,0.8621700546672264,23,263.28125,0.0,7.812,3.141592653589793,62.0,268.75,6.25,6.675,1.9295669970654687,25.0,277.34375,0.0,6.25,0.0,,,,,,,,,,
25,277.34375,0.0,1.5376242031004146,1.88,0.406,6.485,48,282.8125,3.90625,6.72,0.6202494859828215,24,271.09375,0.0,6.25,3.141592653589793,,,,,,,,,,,,,,,,,,,,
26,296.09375,0.0,1.6787320956940972,1.896,-0.363,6.901,29,289.0625,1.5625,7.202,2.922923707715851,71,294.53125,7.03125,7.202,1.7894652726688385,53.0,299.21875,5.46875,6.298,1.0516502125483738,,,,,,,,,,,,,,,
27,93.75,1.5625,1.395862010948235,1.26,-0.405,6.822,34,86.71875,3.125,7.202,2.922923707715851,57,99.21875,6.25,7.202,0.7086262721276703,10.0,100.0,0.0,6.442,-0.24497866312686414,75.0,92.1875,7.8125,6.442,1.8157749899217608,,,,,,,,,,
28,150.0,1.5625,1.4238852437325469,1.202,-0.451,7.256,14,157.03125,0.0,7.202,-0.21866894587394195,77,149.21875,8.59375,7.074,1.6814535479687922,37.0,143.75,3.125,6.442,2.896613990462929,65.0,156.25,7.03125,8.304,0.7188299996216245,,,,,,,,,,
29,289.0625,1.5625,1.4261591780994307,1.287,-0.429,7.203,26,296.09375,0.0,7.202,-0.21866894587394195,79,287.5,8.59375,7.202,1.7894652726688385,71.0,294.53125,7.03125,7.733,0.7853981633974483,48.0,282.8125,3.90625,6.675,2.782821983319221,,,,,,,,,,
30,28.125,2.34375,1.438036927248692,2.25,0.354,7.029,80,31.25,9.375,7.694,1.1525719972156676,72,24.21875,7.8125,6.72,2.191045812777718,4.0,21.875,0.0,6.675,-2.782821983319221,,,,,,,,,,,,,,,
31,32.8125,2.34375,1.4413577735949492,0.79,0.479,7.026,73,37.5,7.8125,7.202,0.8621700546672264,80,31.25,9.375,7.202,1.7894652726688385,5.0,39.0625,0.0,6.675,-0.35877067027057225,,,,,,,,,,,,,,,
32,74.21875,2.34375,1.5669690601808448,1.219,0.421,6.839,63,68.75,7.03125,7.202,2.432966381462123,81,75.78125,9.375,7.202,1.3521273809209546,9.0,80.46875,0.0,6.675,-0.35877067027057225,8.0,67.96875,0.0,6.675,-2.782821983319221,46.0,80.46875,3.90625,6.442,0.24497866312686414,,,,,
33,62.5,3.125,1.6881948780199922,1.528,-0.438,6.962,63,68.75,7.03125,7.37,0.5585993153435624,83,62.5,10.15625,7.031,1.5707963267948966,74.0,56.25,7.8125,7.812,2.498091544796509,8.0,67.96875,0.0,6.298,-0.5191461142465229,7.0,57.03125,0.0,6.298,-2.62244653934327,,,,,
34,86.71875,3.125,1.5355649584074142,2.069,-0.285,7.077,27,93.75,1.5625,7.202,-0.21866894587394195,75,92.1875,7.8125,7.202,0.7086262721276703,9.0,80.46875,0.0,6.987,-2.677945044588987,84.0,83.59375,10.15625,7.694,1.9890206563741257,46.0,80.46875,3.90625,6.298,3.017237659043032,,,,,
35,117.96875,3.125,1.6791706620326554,1.426,-0.47,7.081,64,111.71875,7.03125,7.37,2.5829933382462307,85,118.75,10.15625,7.074,1.460139105621001,12.0,124.21875,0.0,6.987,-0.4636476090008061,11.0,111.71875,0.0,6.987,-2.677945044588987,58.0,124.21875,6.25,6.987,0.4636476090008061,,,,,
36,130.46875,3.125,1.6613378639383876,1.552,0.429,7.137,86,130.46875,10.15625,7.031,1.5707963267948966,12,124.21875,0.0,6.987,-2.677945044588987,59.0,136.71875,6.25,6.987,0.4636476090008061,58.0,124.21875,6.25,6.987,2.677945044588987,13.0,137.5,0.0,7.694,-0.4182243295792291,,,,,
37,143.75,3.125,1.6847116113300094,1.799,-0.428,7.365,13,137.5,0.0,6.987,-2.677945044588987,59,136.71875,6.25,7.694,2.723368324010564,77.0,149.21875,8.59375,7.733,0.7853981633974483,94.0,142.1875,10.9375,7.967,1.7681918866447774,28.0,150.0,1.5625,6.442,-0.24497866312686414,,,,,
38,162.5,3.125,1.6705904489242456,1.636,0.456,7.175,66,168.75,7.03125,7.37,0.5585993153435624,65,156.25,7.03125,7.37,2.5829933382462307,15.0,168.75,0.0,6.987,-0.4636476090008061,95.0,161.71875,10.9375,7.851,1.6704649792860586,14.0,157.03125,0.0,6.298,-2.62244653934327,,,,,
39,175.0,3.125,1.7102113081112988,1.57,0.418,7.149,67,181.25,7.03125,7.37,0.5585993153435624,66,168.75,7.03125,7.37,2.5829933382462307,87.0,175.0,10.15625,7.031,1.5707963267948966,16.0,181.25,0.0,6.987,-0.4636476090008061,15.0,168.75,0.0,6.987,-2.677945044588987,,,,,
40,186.71875,3.125,1.671856010190749,1.356,-0.456,7.099,88,187.5,10.15625,7.074,1.460139105621001,60,192.96875,6.25,6.987,0.4636476090008061,67.0,181.25,7.03125,6.72,2.5213431676069717,16.0,181.25,0.0,6.298,-2.62244653934327,17.0,194.53125,0.0,8.414,-0.3805063771123649,,,,,
41,218.75,3.125,1.6156350889411417,1.197,-0.374,7.454,20,225.0,0.0,6.987,-0.4636476090008061,61,225.78125,6.25,7.694,0.4182243295792291,68.0,213.28125,7.03125,6.72,2.5213431676069717,19.0,210.9375,0.0,8.414,-2.761086276477428,,,,,,,,,,
42,232.03125,3.125,1.6735093004058612,1.779,0.461,6.955,89,231.25,10.15625,7.074,1.6814535479687922,61,225.78125,6.25,6.987,2.677945044588987,20.0,225.0,0.0,7.694,-2.723368324010564,69.0,237.5,7.03125,6.72,0.6202494859828215,21.0,237.5,0.0,6.298,-0.5191461142465229,,,,,
43,243.75,3.125,1.7055899235279508,1.57,0.418,7.149,70,250.0,7.03125,7.37,0.5585993153435624,69,237.5,7.03125,7.37,2.5829933382462307,90.0,243.75,10.15625,7.031,1.5707963267948966,22.0,250.0,0.0,6.987,-0.4636476090008061,21.0,237.5,0.0,6.987,-2.677945044588987,,,,,
44,256.25,3.125,1.6807602348837738,1.716,0.496,7.11,76,261.71875,7.8125,7.202,0.7086262721276703,70,250.0,7.03125,7.37,2.5829933382462307,22.0,250.0,0.0,6.987,-2.677945044588987,23.0,263.28125,0.0,7.694,-0.4182243295792291,82.0,255.46875,9.375,6.298,1.695151321341658,,,,,
45,50.78125,3.90625,1.6482229504033588,1.77,-0.504,6.788,7,57.03125,0.0,7.37,-0.5585993153435624,92,50.0,10.9375,7.074,1.6814535479687922,74.0,56.25,7.8125,6.72,0.6202494859828215,56.0,44.53125,6.25,6.675,2.782821983319221,6.0,46.09375,0.0,6.101,-2.44685437739309,,,,,
46,80.46875,3.90625,1.5228364110693684,1.71,0.153,6.732,81,75.78125,9.375,7.202,2.279422598922567,84,83.59375,10.15625,6.987,1.1071487177940904,32.0,74.21875,2.34375,6.442,-2.896613990462929,34.0,86.71875,3.125,6.298,-0.12435499454676144,,,,,,,,,,
47,105.46875,3.90625,1.6249905768784545,1.742,0.486,6.965,11,111.71875,0.0,7.37,-0.5585993153435624,93,104.6875,10.9375,7.074,1.6814535479687922,64.0,111.71875,7.03125,6.987,0.4636476090008061,10.0,100.0,0.0,6.72,-2.5213431676069717,57.0,99.21875,6.25,6.675,2.782821983319221,,,,,
48,282.8125,3.90625,1.6701040067481978,2.028,-0.351,6.927,52,275.78125,5.46875,7.202,2.922923707715851,96,280.46875,10.9375,7.411,1.892546881191539,25.0,277.34375,0.0,6.72,-2.5213431676069717,29.0,289.0625,1.5625,6.675,-0.35877067027057225,79.0,287.5,8.59375,6.629,0.7853981633974483,,,,,
49,3.125,5.46875,1.6961397456973923,0.172,0.061,6.831,97,6.25,11.71875,6.987,1.1071487177940904,2,7.03125,0.0,6.72,-0.9505468408120752,54.0,10.9375,6.25,7.851,0.09966865249116202,1.0,0.0,0.0,6.298,-2.0899424410414196,91.0,0.0,10.9375,6.298,2.0899424410414196,,,,,
50,199.21875,5.46875,1.703006331137984,2.395,0.017,6.956,17,194.53125,0.0,7.202,-2.279422598922567,51,206.25,5.46875,7.031,0.0,18.0,203.125,0.0,6.72,-0.9505468408120752,98.0,194.53125,11.71875,7.812,2.214297435588181,99.0,201.5625,11.71875,6.675,1.2120256565243244,60.0,192.96875,6.25,6.298,3.017237659043032
51,206.25,5.46875,1.6619305530918727,1.995,0.123,7.159,19,210.9375,0.0,7.202,-0.8621700546672264,68,213.28125,7.03125,7.202,0.21866894587394195,105.0,208.59375,12.5,7.411,1.2490457723982544,50.0,199.21875,5.46875,7.031,3.141592653589793,99.0,201.5625,11.71875,7.812,2.214297435588181,18.0,203.125,0.0,6.298,-2.0899424410414196
52,275.78125,5.46875,1.6860198131825164,1.989,-0.208,7.071,24,271.09375,0.0,7.202,-2.279422598922567,48,282.8125,3.90625,7.202,-0.21866894587394195,96.0,280.46875,10.9375,7.202,0.8621700546672264,62.0,268.75,6.25,7.074,3.0309354324158977,100.0,273.4375,11.71875,6.675,1.9295669970654687,,,,,
53,299.21875,5.46875,1.2905876981123428,2.882,-0.256,6.274,26,296.09375,0.0,6.298,-2.0899424410414196,101,299.21875,11.71875,6.25,1.5707963267948966,,,,,,,,,,,,,,,,,,,,
54,10.9375,6.25,1.6248280266172381,-2.815,0.074,7.119,97,6.25,11.71875,7.202,2.279422598922567,2,7.03125,0.0,7.37,-2.129395642138459,3.0,14.84375,0.0,7.37,-1.0121970114513341,102.0,13.28125,12.5,6.675,1.2120256565243244,49.0,3.125,5.46875,7.851,-3.0419240010986313,55.0,17.1875,6.25,6.25,0.0
55,17.1875,6.25,1.6110320398401006,1.317,0.114,7.287,72,24.21875,7.8125,7.202,0.21866894587394195,102,13.28125,12.5,7.37,2.129395642138459,4.0,21.875,0.0,7.812,-0.9272952180016122,3.0,14.84375,0.0,6.675,-1.9295669970654687,54.0,10.9375,6.25,6.25,3.141592653589793,112.0,20.3125,14.0625,8.414,1.1902899496825317
56,44.53125,6.25,1.6359684516467996,-1.746,-0.259,7.083,73,37.5,7.8125,7.202,2.922923707715851,92,50.0,10.9375,7.202,0.7086262721276703,103.0,42.1875,12.5,6.675,1.9295669970654687,45.0,50.78125,3.90625,6.675,-0.35877067027057225,6.0,46.09375,0.0,6.442,-1.3258176636680326,5.0,39.0625,0.0,8.304,-2.289626326416521
57,99.21875,6.25,1.6809305156274947,-2.488,-0.311,6.998,27,93.75,1.5625,7.202,-2.432966381462123,75,92.1875,7.8125,7.202,2.922923707715851,93.0,104.6875,10.9375,7.202,0.7086262721276703,106.0,96.875,13.28125,7.411,1.892546881191539,47.0,105.46875,3.90625,6.675,-0.35877067027057225,10.0,100.0,0.0,6.298,-1.446441332248135
58,124.21875,6.25,1.6350665684680539,1.007,0.496,7.027,86,130.46875,10.15625,7.37,0.5585993153435624,35,117.96875,3.125,6.987,-2.677945044588987,36.0,130.46875,3.125,6.987,-0.4636476090008061,85.0,118.75,10.15625,6.72,2.5213431676069717,115.0,125.0,14.0625,7.851,1.4711276743037347,12.0,124.21875,0.0,6.25,-1.5707963267948966
59,136.71875,6.25,1.671974850974438,1.779,-0.448,6.975,94,142.1875,10.9375,7.202,0.7086262721276703,86,130.46875,10.15625,7.37,2.5829933382462307,36.0,130.46875,3.125,6.987,-2.677945044588987,37.0,143.75,3.125,7.694,-0.4182243295792291,13.0,137.5,0.0,6.298,-1.446441332248135,104.0,135.9375,12.5,6.298,1.695151321341658
60,192.96875,6.25,1.5631433726394552,-2.029,0.41,6.612,40,186.71875,3.125,6.987,-2.677945044588987,88,187.5,10.15625,6.72,2.5213431676069717,17.0,194.53125,0.0,6.442,-1.3258176636680326,50.0,199.21875,5.46875,6.298,-0.12435499454676144,,,,,,,,,,
61,225.78125,6.25,1.6697772503087653,3.012,-0.468,6.929,109,224.21875,13.28125,7.202,1.7894652726688385,42,232.03125,3.125,6.987,-0.4636476090008061,41.0,218.75,3.125,7.694,-2.723368324010564,89.0,231.25,10.15625,6.72,0.6202494859828215,78.0,219.53125,8.59375,6.675,2.782821983319221,20.0,225.0,0.0,6.298,-1.695151321341658
62,268.75,6.25,1.6776264709427549,1.227,-0.18,7.311,76,261.71875,7.8125,7.202,2.922923707715851,100,273.4375,11.71875,7.202,0.8621700546672264,110.0,266.40625,13.28125,7.411,1.892546881191539,52.0,275.78125,5.46875,7.074,-0.11065722117389565,24.0,271.09375,0.0,6.675,-1.2120256565243244,23.0,263.28125,0.0,8.304,-2.289626326416521
63,68.75,7.03125,1.6938038025503266,-1.68,0.437,7.316,32,74.21875,2.34375,7.202,-0.7086262721276703,33,62.5,3.125,7.37,-2.5829933382462307,81.0,75.78125,9.375,7.411,0.3217505543966422,8.0,67.96875,0.0,7.074,-1.6814535479687922,83.0,62.5,10.15625,6.987,2.677945044588987,120.0,69.53125,14.84375,7.851,1.4711276743037347
64,111.71875,7.03125,1.6412913924903985,-0.48,0.459,7.388,114,113.28125,14.0625,7.202,1.3521273809209546,35,117.96875,3.125,7.37,-0.5585993153435624,11.0,111.71875,0.0,7.031,-1.5707963267948966,47.0,105.46875,3.90625,6.987,-2.677945044588987,85.0,118.75,10.15625,7.694,0.4182243295792291,93.0,104.6875,10.9375,8.043,2.6344941491974563
65,156.25,7.03125,1.6238846566236877,-2.173,-0.352,7.224,77,149.21875,8.59375,7.202,2.922923707715851,38,162.5,3.125,7.37,-0.5585993153435624,14.0,157.03125,0.0,7.074,-1.460139105621001,95.0,161.71875,10.9375,6.72,0.6202494859828215,107.0,153.90625,13.28125,6.675,1.9295669970654687,28.0,150.0,1.5625,8.304,-2.4227626539681686
66,168.75,7.03125,1.6717222858324388,-0.752,0.496,7.183,38,162.5,3.125,7.37,-2.5829933382462307,39,175.0,3.125,7.37,-0.5585993153435624,15.0,168.75,0.0,7.031,-1.5707963267948966,87.0,175.0,10.15625,6.987,0.4636476090008061,95.0,161.71875,10.9375,8.043,2.6344941491974563,108.0,169.53125,13.28125,6.298,1.446441332248135
67,181.25,7.03125,1.6923854412177146,-1.242,0.494,7.028,39,175.0,3.125,7.37,-2.5829933382462307,116,182.03125,14.0625,7.074,1.460139105621001,16.0,181.25,0.0,7.031,-1.5707963267948966,87.0,175.0,10.15625,6.987,2.677945044588987,88.0,187.5,10.15625,6.987,0.4636476090008061,40.0,186.71875,3.125,6.72,-0.6202494859828215
68,213.28125,7.03125,1.690174222722899,0.914,0.24,7.065,51,206.25,5.46875,7.202,-2.922923707715851,105,208.59375,12.5,7.202,2.279422598922567,117.0,215.625,14.0625,7.411,1.2490457723982544,19.0,210.9375,0.0,7.411,-1.892546881191539,41.0,218.75,3.125,6.72,-0.6202494859828215,78.0,219.53125,8.59375,6.442,0.24497866312686414
69,237.5,7.03125,1.642655614029253,-1.415,-0.514,7.021,43,243.75,3.125,7.37,-0.5585993153435624,21,237.5,0.0,7.031,-1.5707963267948966,118.0,237.5,14.0625,7.031,1.5707963267948966,89.0,231.25,10.15625,6.987,2.677945044588987,90.0,243.75,10.15625,6.987,0.4636476090008061,42.0,232.03125,3.125,6.72,-2.5213431676069717
70,250.0,7.03125,1.674894917233509,-1.065,0.497,7.093,43,243.75,3.125,7.37,-2.5829933382462307,44,256.25,3.125,7.37,-0.5585993153435624,22.0,250.0,0.0,7.031,-1.5707963267948966,90.0,243.75,10.15625,6.987,2.677945044588987,122.0,250.78125,14.84375,7.851,1.4711276743037347,82.0,255.46875,9.375,5.949,0.40489178628508343
71,294.53125,7.03125,1.5250919426095155,2.983,-0.292,7.088,26,296.09375,0.0,7.202,-1.3521273809209546,79,287.5,8.59375,7.202,2.922923707715851,29.0,289.0625,1.5625,7.733,-2.356194490192345,111.0,292.1875,13.28125,6.675,1.9295669970654687,101.0,299.21875,11.71875,6.629,0.7853981633974483,,,,,
72,24.21875,7.8125,1.6637401856112721,-0.058,0.151,7.391,80,31.25,9.375,7.202,0.21866894587394195,55,17.1875,6.25,7.202,-2.922923707715851,112.0,20.3125,14.0625,7.37,2.129395642138459,119.0,27.34375,14.84375,7.694,1.1525719972156676,30.0,28.125,2.34375,6.72,-0.9505468408120752,4.0,21.875,0.0,8.156,-1.8622531212727638
73,37.5,7.8125,1.6523849957783499,-2.49,-0.234,7.019,31,32.8125,2.34375,7.202,-2.279422598922567,56,44.53125,6.25,7.202,-0.21866894587394195,113.0,35.15625,14.0625,6.675,1.9295669970654687,103.0,42.1875,12.5,6.629,0.7853981633974483,5.0,39.0625,0.0,7.967,-1.373400766945016,80.0,31.25,9.375,6.442,2.896613990462929
74,56.25,7.8125,1.6247223190873208,-1.498,-0.505,7.316,92,50.0,10.9375,6.987,2.677945044588987,45,50.78125,3.90625,6.72,-2.5213431676069717,33.0,62.5,3.125,7.812,-0.6435011087932844,83.0,62.5,10.15625,6.675,0.35877067027057225,7.0,57.03125,0.0,7.851,-1.4711276743037347,124.0,55.46875,15.625,7.851,1.6704649792860586
75,92.1875,7.8125,1.5967103092425965,-0.163,-0.293,7.092,34,86.71875,3.125,7.202,-2.432966381462123,57,99.21875,6.25,7.202,-0.21866894587394195,106.0,96.875,13.28125,7.202,0.8621700546672264,121.0,89.84375,14.84375,7.411,1.892546881191539,27.0,93.75,1.5625,6.442,-1.3258176636680326,,,,,
76,261.71875,7.8125,1.6899753842291099,2.711,-0.252,7.238,44,256.25,3.125,7.202,-2.432966381462123,62,268.75,6.25,7.202,-0.21866894587394195,110.0,266.40625,13.28125,7.202,0.8621700546672264,123.0,259.375,14.84375,7.411,1.892546881191539,23.0,263.28125,0.0,7.967,-1.373400766945016,82.0,255.46875,9.375,6.442,2.896613990462929
77,149.21875,8.59375,1.6624799873850307,2.847,-0.278,7.243,65,156.25,7.03125,7.202,-0.21866894587394195,94,142.1875,10.9375,7.411,2.819842099193151,126.0,146.875,15.625,7.411,1.892546881191539,28.0,150.0,1.5625,7.074,-1.460139105621001,37.0,143.75,3.125,7.733,-2.356194490192345,107.0,153.90625,13.28125,6.629,0.7853981633974483
78,219.53125,8.59375,1.5846658456978986,1.471,-0.162,6.616,117,215.625,14.0625,6.72,2.191045812777718,61,225.78125,6.25,6.675,-0.35877067027057225,109.0,224.21875,13.28125,6.629,0.7853981633974483,68.0,213.28125,7.03125,6.442,-2.896613990462929,,,,,,,,,,
79,287.5,8.59375,1.6932722382300711,2.356,-0.262,7.081,29,289.0625,1.5625,7.202,-1.3521273809209546,71,294.53125,7.03125,7.202,-0.21866894587394195,96.0,280.46875,10.9375,7.411,2.819842099193151,127.0,285.15625,15.625,7.411,1.892546881191539,48.0,282.8125,3.90625,6.629,-2.356194490192345,111.0,292.1875,13.28125,6.629,0.7853981633974483
80,31.25,9.375,1.6313621332428843,-1.747,-0.051,6.894,31,32.8125,2.34375,7.202,-1.3521273809209546,72,24.21875,7.8125,7.202,-2.922923707715851,30.0,28.125,2.34375,7.694,-1.9890206563741257,119.0,27.34375,14.84375,6.72,2.191045812777718,73.0,37.5,7.8125,6.442,-0.24497866312686414,113.0,35.15625,14.0625,6.101,0.8760580505981934
81,75.78125,9.375,1.6497909258758838,-1.663,0.256,7.402,32,74.21875,2.34375,7.202,-1.7894652726688385,46,80.46875,3.90625,7.202,-0.8621700546672264,63.0,68.75,7.03125,7.411,-2.819842099193151,84.0,83.59375,10.15625,7.851,0.09966865249116202,125.0,77.34375,15.625,6.442,1.3258176636680326,120.0,69.53125,14.84375,8.304,2.4227626539681686
82,255.46875,9.375,1.6372579529844264,-0.487,-0.347,6.522,122,250.78125,14.84375,7.202,2.279422598922567,123,259.375,14.84375,6.72,0.9505468408120752,76.0,261.71875,7.8125,6.442,-0.24497866312686414,44.0,256.25,3.125,6.298,-1.446441332248135,70.0,250.0,7.03125,5.949,-2.7367008673047097,,,,,
83,62.5,10.15625,1.614037441851024,-0.3,-0.424,7.078,33,62.5,3.125,7.031,-1.5707963267948966,63,68.75,7.03125,6.987,-0.4636476090008061,74.0,56.25,7.8125,6.675,-2.782821983319221,128.0,62.5,16.40625,6.25,1.5707963267948966,120.0,69.53125,14.84375,8.45,0.5880026035475675,,,,,
84,83.59375,10.15625,1.5959478618920127,2.8,0.156,7.613,131,83.59375,17.1875,7.031,1.5707963267948966,46,80.46875,3.90625,6.987,-2.0344439357957027,34.0,86.71875,3.125,7.694,-1.1525719972156676,121.0,89.84375,14.84375,7.812,0.6435011087932844,81.0,75.78125,9.375,7.851,-3.0419240010986313,125.0,77.34375,15.625,8.304,2.4227626539681686
85,118.75,10.15625,1.7084476765966723,2.121,0.443,7.238,115,125.0,14.0625,7.37,0.5585993153435624,35,117.96875,3.125,7.074,-1.6814535479687922,64.0,111.71875,7.03125,7.694,-2.723368324010564,58.0,124.21875,6.25,6.72,-0.6202494859828215,114.0,113.28125,14.0625,6.72,2.5213431676069717,140.0,119.53125,17.96875,7.851,1.4711276743037347
86,130.46875,10.15625,1.6800150581857263,-0.399,0.468,6.919,58,124.21875,6.25,7.37,-2.5829933382462307,59,136.71875,6.25,7.37,-0.5585993153435624,133.0,131.25,17.1875,7.074,1.460139105621001,36.0,130.46875,3.125,7.031,-1.5707963267948966,115.0,125.0,14.0625,6.72,2.5213431676069717,104.0,135.9375,12.5,5.949,0.40489178628508343
87,175.0,10.15625,1.6957544730004168,0.609,0.503,7.07,135,175.78125,17.1875,7.074,1.460139105621001,39,175.0,3.125,7.031,-1.5707963267948966,67.0,181.25,7.03125,6.987,-0.4636476090008061,66.0,168.75,7.03125,6.987,-2.677945044588987,116.0,182.03125,14.0625,8.043,0.507098504392337,108.0,169.53125,13.28125,6.298,2.62244653934327
88,187.5,10.15625,1.709522195749544,-0.922,0.379,6.984,98,194.53125,11.71875,7.202,0.21866894587394195,136,189.0625,17.1875,7.202,1.3521273809209546,40.0,186.71875,3.125,7.074,-1.6814535479687922,67.0,181.25,7.03125,6.987,-2.677945044588987,60.0,192.96875,6.25,6.72,-0.6202494859828215,116.0,182.03125,14.0625,6.72,2.5213431676069717
89,231.25,10.15625,1.6794552936981235,-0.603,-0.456,7.146,118,237.5,14.0625,7.37,0.5585993153435624,42,232.03125,3.125,7.074,-1.460139105621001,137.0,231.25,17.1875,7.031,1.5707963267948966,69.0,237.5,7.03125,6.987,-0.4636476090008061,109.0,224.21875,13.28125,7.694,2.723368324010564,61.0,225.78125,6.25,6.72,-2.5213431676069717
90,243.75,10.15625,1.636520564723625,1.654,-0.519,7.439,118,237.5,14.0625,7.37,2.5829933382462307,43,243.75,3.125,7.031,-1.5707963267948966,69.0,237.5,7.03125,6.987,-2.677945044588987,70.0,250.0,7.03125,6.987,-0.4636476090008061,142.0,243.75,17.96875,7.812,1.5707963267948966,122.0,250.78125,14.84375,8.45,0.5880026035475675
91,0.0,10.9375,1.6638220913428232,0.104,0.192,6.424,129,2.34375,17.1875,6.675,1.2120256565243244,49,3.125,5.46875,6.298,-1.0516502125483738,97.0,6.25,11.71875,6.298,0.12435499454676144,,,,,,,,,,,,,,,
92,50.0,10.9375,1.6872575045442888,-2.385,-0.322,7.184,56,44.53125,6.25,7.202,-2.432966381462123,124,55.46875,15.625,7.202,0.7086262721276703,45.0,50.78125,3.90625,7.074,-1.460139105621001,74.0,56.25,7.8125,6.987,-0.4636476090008061,130.0,47.65625,17.1875,6.675,1.9295669970654687,103.0,42.1875,12.5,7.967,2.9441970937399127
93,104.6875,10.9375,1.6096874293246535,-3.092,-0.301,7.526,57,99.21875,6.25,7.202,-2.432966381462123,47,105.46875,3.90625,7.074,-1.460139105621001,132.0,107.8125,17.1875,6.987,1.1071487177940904,139.0,101.5625,17.96875,7.694,1.9890206563741257,64.0,111.71875,7.03125,8.043,-0.507098504392337,106.0,96.875,13.28125,8.156,2.8501358591119264
94,142.1875,10.9375,1.6732352534678423,-2.87,-0.275,7.344,59,136.71875,6.25,7.202,-2.432966381462123,77,149.21875,8.59375,7.411,-0.3217505543966422,126.0,146.875,15.625,6.629,0.7853981633974483,37.0,143.75,3.125,7.967,-1.373400766945016,104.0,135.9375,12.5,6.442,2.896613990462929,146.0,139.0625,18.75,8.414,1.9513027039072615
95,161.71875,10.9375,1.6385132940865466,-0.823,-0.499,7.6,65,156.25,7.03125,6.72,-2.5213431676069717,134,164.0625,17.1875,6.675,1.2120256565243244,38.0,162.5,3.125,7.851,-1.4711276743037347,66.0,168.75,7.03125,8.043,-0.507098504392337,107.0,153.90625,13.28125,8.156,2.8501358591119264,108.0,169.53125,13.28125,8.156,0.2914567944778671
96,280.46875,10.9375,1.6990384303062462,-1.659,-0.207,7.067,52,275.78125,5.46875,7.202,-2.279422598922567,48,282.8125,3.90625,7.411,-1.2490457723982544,79.0,287.5,8.59375,7.411,-0.3217505543966422,100.0,273.4375,11.71875,7.074,3.0309354324158977,138.0,278.125,17.1875,6.675,1.9295669970654687,127.0,285.15625,15.625,6.629,0.7853981633974483
97,6.25,11.71875,1.6789265082736122,1.107,0.113,6.996,54,10.9375,6.25,7.202,-0.8621700546672264,102,13.28125,12.5,7.074,0.11065722117389565,49.0,3.125,5.46875,6.987,-2.0344439357957027,144.0,9.375,18.75,7.694,1.1525719972156676,129.0,2.34375,17.1875,6.72,2.191045812777718,91.0,0.0,10.9375,6.298,-3.017237659043032
98,194.53125,11.71875,1.6460350463336346,1.013,0.158,7.353,88,187.5,10.15625,7.202,-2.922923707715851,99,201.5625,11.71875,7.031,0.0,141.0,197.65625,17.96875,6.987,1.1071487177940904,136.0,189.0625,17.1875,7.733,2.356194490192345,50.0,199.21875,5.46875,7.812,-0.9272952180016122,,,,,
99,201.5625,11.71875,1.637091977095481,0.852,0.089,7.276,141,197.65625,17.96875,7.37,2.129395642138459,105,208.59375,12.5,7.074,0.11065722117389565,98.0,194.53125,11.71875,7.031,3.141592653589793,148.0,204.6875,18.75,7.694,1.1525719972156676,51.0,206.25,5.46875,7.812,-0.9272952180016122,50.0,199.21875,5.46875,6.675,-1.9295669970654687
100,273.4375,11.71875,1.6851782538739837,1.154,-0.178,7.128,62,268.75,6.25,7.202,-2.279422598922567,110,266.40625,13.28125,7.202,2.922923707715851,138.0,278.125,17.1875,7.202,0.8621700546672264,149.0,271.09375,18.75,7.411,1.892546881191539,96.0,280.46875,10.9375,7.074,-0.11065722117389565,52.0,275.78125,5.46875,6.675,-1.2120256565243244
101,299.21875,11.71875,1.702362227449129,-2.878,-0.463,6.631,111,292.1875,13.28125,7.202,2.922923707715851,71,294.53125,7.03125,6.629,-2.356194490192345,143.0,297.65625,17.96875,6.442,1.8157749899217608,53.0,299.21875,5.46875,6.25,-1.5707963267948966,,,,,,,,,,
102,13.28125,12.5,1.689772714096933,1.152,0.111,7.231,112,20.3125,14.0625,7.202,0.21866894587394195,55,17.1875,6.25,7.37,-1.0121970114513341,144.0,9.375,18.75,7.37,2.129395642138459,97.0,6.25,11.71875,7.074,-3.0309354324158977,150.0,16.40625,19.53125,7.694,1.1525719972156676,54.0,10.9375,6.25,6.675,-1.9295669970654687
103,42.1875,12.5,1.6938662675549698,-0.561,-0.224,7.058,113,35.15625,14.0625,7.202,2.922923707715851,130,47.65625,17.1875,7.202,0.7086262721276703,145.0,39.84375,18.75,6.675,1.9295669970654687,56.0,44.53125,6.25,6.675,-1.2120256565243244,73.0,37.5,7.8125,6.629,-2.356194490192345,92.0,50.0,10.9375,7.967,-0.19739555984988075
104,135.9375,12.5,1.556802524754308,-2.832,0.502,6.461,146,139.0625,18.75,6.987,1.1071487177940904,133,131.25,17.1875,6.629,2.356194490192345,94.0,142.1875,10.9375,6.442,-0.24497866312686414,59.0,136.71875,6.25,6.298,-1.446441332248135,86.0,130.46875,10.15625,5.949,-2.7367008673047097,,,,,
105,208.59375,12.5,1.7000495039996897,0.693,0.143,7.326,68,213.28125,7.03125,7.202,-0.8621700546672264,117,215.625,14.0625,7.202,0.21866894587394195,148.0,204.6875,18.75,7.37,2.129395642138459,51.0,206.25,5.46875,7.411,-1.892546881191539,99.0,201.5625,11.71875,7.074,-3.0309354324158977,151.0,211.71875,19.53125,7.694,1.1525719972156676
106,96.875,13.28125,1.656231042060666,-1.271,-0.227,7.335,75,92.1875,7.8125,7.202,-2.279422598922567,121,89.84375,14.84375,7.202,2.922923707715851,57.0,99.21875,6.25,7.411,-1.2490457723982544,154.0,94.53125,20.3125,7.411,1.892546881191539,139.0,101.5625,17.96875,6.629,0.7853981633974483,93.0,104.6875,10.9375,8.156,-0.2914567944778671
107,153.90625,13.28125,1.6702672355944117,1.41,-0.243,7.371,147,158.59375,18.75,7.202,0.8621700546672264,126,146.875,15.625,7.411,2.819842099193151,65.0,156.25,7.03125,6.675,-1.2120256565243244,77.0,149.21875,8.59375,6.629,-2.356194490192345,95.0,161.71875,10.9375,8.156,-0.2914567944778671,161.0,151.5625,21.09375,8.156,1.8622531212727638
108,169.53125,13.28125,1.6541345785607375,2.061,0.457,7.109,135,175.78125,17.1875,7.37,0.5585993153435624,134,164.0625,17.1875,6.72,2.5213431676069717,162.0,169.53125,21.09375,7.812,1.5707963267948966,95.0,161.71875,10.9375,8.156,-2.8501358591119264,66.0,168.75,7.03125,6.298,-1.695151321341658,87.0,175.0,10.15625,6.298,-0.5191461142465229
109,224.21875,13.28125,1.593653179665591,0.144,-0.476,7.512,61,225.78125,6.25,7.202,-1.3521273809209546,155,225.78125,20.3125,7.202,1.3521273809209546,89.0,231.25,10.15625,7.694,-0.4182243295792291,78.0,219.53125,8.59375,6.629,-2.356194490192345,137.0,231.25,17.1875,8.043,0.507098504392337,152.0,218.75,19.53125,8.304,2.289626326416521
110,266.40625,13.28125,1.7176742059515049,2.356,-0.202,7.272,76,261.71875,7.8125,7.202,-2.279422598922567,100,273.4375,11.71875,7.202,-0.21866894587394195,123.0,259.375,14.84375,7.202,2.922923707715851,149.0,271.09375,18.75,7.202,0.8621700546672264,62.0,268.75,6.25,7.411,-1.2490457723982544,157.0,264.0625,20.3125,7.411,1.892546881191539
111,292.1875,13.28125,1.6772588593192548,0.369,-0.27,7.054,101,299.21875,11.71875,7.202,-0.21866894587394195,143,297.65625,17.96875,7.202,0.7086262721276703,158.0,290.625,20.3125,7.202,1.7894652726688385,127.0,285.15625,15.625,7.411,2.819842099193151,71.0,294.53125,7.03125,6.675,-1.2120256565243244,79.0,287.5,8.59375,6.629,-2.356194490192345
112,20.3125,14.0625,1.6910865660278858,-1.334,0.109,7.295,102,13.28125,12.5,7.202,-2.922923707715851,72,24.21875,7.8125,7.37,-1.0121970114513341,119.0,27.34375,14.84375,7.074,0.11065722117389565,153.0,23.4375,20.3125,6.987,1.1071487177940904,150.0,16.40625,19.53125,6.72,2.191045812777718,55.0,17.1875,6.25,8.414,-1.9513027039072615
113,35.15625,14.0625,1.6253721991919308,-1.227,-0.22,6.892,103,42.1875,12.5,7.202,-0.21866894587394195,73,37.5,7.8125,6.675,-1.2120256565243244,119.0,27.34375,14.84375,7.851,3.0419240010986313,145.0,39.84375,18.75,6.629,0.7853981633974483,80.0,31.25,9.375,6.101,-2.2655346029916,,,,,
114,113.28125,14.0625,1.6435090129700438,0.682,-0.48,6.924,64,111.71875,7.03125,7.202,-1.7894652726688385,140,119.53125,17.96875,7.37,0.5585993153435624,159.0,113.28125,21.09375,7.031,1.5707963267948966,85.0,118.75,10.15625,6.72,-0.6202494859828215,132.0,107.8125,17.1875,6.298,2.62244653934327,,,,,
115,125.0,14.0625,1.7017685213503977,-0.972,0.451,7.12,85,118.75,10.15625,7.37,-2.5829933382462307,160,125.78125,21.09375,7.074,1.460139105621001,133.0,131.25,17.1875,6.987,0.4636476090008061,86.0,130.46875,10.15625,6.72,-0.6202494859828215,140.0,119.53125,17.96875,6.72,2.5213431676069717,58.0,124.21875,6.25,7.851,-1.6704649792860586
116,182.03125,14.0625,1.6549123274325628,-2.458,0.495,7.265,67,181.25,7.03125,7.074,-1.6814535479687922,163,181.25,21.09375,7.074,1.6814535479687922,135.0,175.78125,17.1875,6.987,2.677945044588987,136.0,189.0625,17.1875,7.694,0.4182243295792291,88.0,187.5,10.15625,6.72,-0.6202494859828215,87.0,175.0,10.15625,8.043,-2.6344941491974563
117,215.625,14.0625,1.6555043830337655,-1.096,0.09,7.163,105,208.59375,12.5,7.202,-2.922923707715851,68,213.28125,7.03125,7.411,-1.892546881191539,78.0,219.53125,8.59375,6.72,-0.9505468408120752,151.0,211.71875,19.53125,6.72,2.191045812777718,152.0,218.75,19.53125,6.298,1.0516502125483738,109.0,224.21875,13.28125,8.629,-0.09065988720074511
118,237.5,14.0625,1.6802715566151574,-2.082,-0.508,7.193,89,231.25,10.15625,7.37,-2.5829933382462307,90,243.75,10.15625,7.37,-0.5585993153435624,142.0,243.75,17.96875,7.37,0.5585993153435624,69.0,237.5,7.03125,7.031,-1.5707963267948966,164.0,237.5,21.09375,7.031,1.5707963267948966,137.0,231.25,17.1875,6.987,2.677945044588987
119,27.34375,14.84375,1.674238187917128,-1.259,0.057,7.35,112,20.3125,14.0625,7.074,-3.0309354324158977,72,24.21875,7.8125,7.694,-1.9890206563741257,80.0,31.25,9.375,6.72,-0.9505468408120752,153.0,23.4375,20.3125,6.72,2.191045812777718,113.0,35.15625,14.0625,7.851,-0.09966865249116202,165.0,31.25,21.875,8.043,1.0636978224025597
120,69.53125,14.84375,1.6598355123111195,0.54,0.056,7.824,128,62.5,16.40625,7.202,2.922923707715851,167,66.40625,21.875,7.694,1.9890206563741257,63.0,68.75,7.03125,7.851,-1.6704649792860586,125.0,77.34375,15.625,7.851,0.09966865249116202,168.0,73.4375,21.875,8.043,1.0636978224025597,81.0,75.78125,9.375,8.304,-0.7188299996216245
121,89.84375,14.84375,1.7006586795753742,1.602,-0.278,7.251,106,96.875,13.28125,7.202,-0.21866894587394195,154,94.53125,20.3125,7.202,0.8621700546672264,169.0,88.28125,21.875,7.202,1.7894652726688385,75.0,92.1875,7.8125,7.411,-1.2490457723982544,84.0,83.59375,10.15625,7.812,-2.498091544796509,131.0,83.59375,17.1875,6.675,2.782821983319221
122,250.78125,14.84375,1.6511961394338759,-2.84,-0.431,7.689,82,255.46875,9.375,7.202,-0.8621700546672264,170,249.21875,21.875,7.202,1.7894652726688385,142.0,243.75,17.96875,7.694,2.723368324010564,156.0,256.25,20.3125,7.733,0.7853981633974483,70.0,250.0,7.03125,7.851,-1.6704649792860586,90.0,243.75,10.15625,8.45,-2.5535900500422257
123,259.375,14.84375,1.683076976716531,-1.936,-0.12,7.238,110,266.40625,13.28125,7.202,-0.21866894587394195,157,264.0625,20.3125,7.202,0.8621700546672264,76.0,261.71875,7.8125,7.411,-1.2490457723982544,82.0,255.46875,9.375,6.72,-2.191045812777718,156.0,256.25,20.3125,6.298,2.0899424410414196,122.0,250.78125,14.84375,8.593,3.141592653589793
124,55.46875,15.625,1.6063105199336385,2.581,-0.116,7.521,92,50.0,10.9375,7.202,-2.432966381462123,128,62.5,16.40625,7.074,0.11065722117389565,166.0,58.59375,21.875,6.987,1.1071487177940904,74.0,56.25,7.8125,7.851,-1.4711276743037347,130.0,47.65625,17.1875,7.967,2.9441970937399127,171.0,51.5625,22.65625,8.043,2.0778948311872334
125,77.34375,15.625,1.6246738719081355,0.652,0.181,7.35,168,73.4375,21.875,7.37,2.129395642138459,172,80.46875,22.65625,7.694,1.1525719972156676,120.0,69.53125,14.84375,7.851,-3.0419240010986313,81.0,75.78125,9.375,6.442,-1.8157749899217608,131.0,83.59375,17.1875,6.442,0.24497866312686414,84.0,83.59375,10.15625,8.304,-0.7188299996216245
126,146.875,15.625,1.681692373079761,1.132,-0.276,7.378,173,145.3125,22.65625,7.202,1.7894652726688385,161,151.5625,21.09375,7.202,0.8621700546672264,77.0,149.21875,8.59375,7.411,-1.2490457723982544,107.0,153.90625,13.28125,7.411,-0.3217505543966422,94.0,142.1875,10.9375,6.629,-2.356194490192345,146.0,139.0625,18.75,8.414,2.761086276477428
127,285.15625,15.625,1.6682782506511982,-0.426,-0.294,7.284,138,278.125,17.1875,7.202,2.922923707715851,158,290.625,20.3125,7.202,0.7086262721276703,111.0,292.1875,13.28125,7.411,-0.3217505543966422,79.0,287.5,8.59375,7.411,-1.2490457723982544,180.0,284.375,23.4375,7.851,1.6704649792860586,96.0,280.46875,10.9375,6.629,-2.356194490192345
128,62.5,16.40625,1.607081694221701,1.629,-0.041,6.793,120,69.53125,14.84375,7.202,-0.21866894587394195,124,55.46875,15.625,7.074,-3.0309354324158977,166.0,58.59375,21.875,6.72,2.191045812777718,167.0,66.40625,21.875,6.72,0.9505468408120752,83.0,62.5,10.15625,6.25,-1.5707963267948966,,,,,
129,2.34375,17.1875,1.4620293152455819,-0.371,0.284,6.76,144,9.375,18.75,7.202,0.21866894587394195,97,6.25,11.71875,6.72,-0.9505468408120752,91.0,0.0,10.9375,6.675,-1.9295669970654687,174.0,3.90625,23.4375,6.442,1.3258176636680326,,,,,,,,,,
130,47.65625,17.1875,1.678269586048908,2.599,-0.181,7.371,103,42.1875,12.5,7.202,-2.432966381462123,181,44.53125,24.21875,7.694,1.9890206563741257,171.0,51.5625,22.65625,6.72,0.9505468408120752,92.0,50.0,10.9375,6.675,-1.2120256565243244,145.0,39.84375,18.75,7.967,2.9441970937399127,124.0,55.46875,15.625,7.967,-0.19739555984988075
131,83.59375,17.1875,1.6045407830281775,-0.103,-0.41,6.615,84,83.59375,10.15625,7.031,-1.5707963267948966,121,89.84375,14.84375,6.675,-0.35877067027057225,169.0,88.28125,21.875,6.629,0.7853981633974483,125.0,77.34375,15.625,6.442,-2.896613990462929,172.0,80.46875,22.65625,6.298,2.0899424410414196,,,,,
132,107.8125,17.1875,1.6047592003924003,1.57,-0.343,6.549,93,104.6875,10.9375,6.987,-2.0344439357957027,159,113.28125,21.09375,6.72,0.6202494859828215,175.0,106.25,23.4375,6.442,1.8157749899217608,114.0,113.28125,14.0625,6.298,-0.5191461142465229,139.0,101.5625,17.96875,6.298,3.017237659043032,,,,,
133,131.25,17.1875,1.6784761002115363,-1.3,0.341,6.97,86,130.46875,10.15625,7.074,-1.6814535479687922,115,125.0,14.0625,6.987,-2.677945044588987,160.0,125.78125,21.09375,6.72,2.5213431676069717,104.0,135.9375,12.5,6.629,-0.7853981633974483,146.0,139.0625,18.75,7.967,0.19739555984988075,176.0,132.8125,23.4375,6.442,1.3258176636680326
134,164.0625,17.1875,1.6266345307736059,0.048,-0.283,6.603,108,169.53125,13.28125,6.72,-0.6202494859828215,162,169.53125,21.09375,6.72,0.6202494859828215,95.0,161.71875,10.9375,6.675,-1.9295669970654687,177.0,163.28125,23.4375,6.298,1.695151321341658,,,,,,,,,,
135,175.78125,17.1875,1.6906597855638306,2.182,-0.516,7.222,108,169.53125,13.28125,7.37,-2.5829933382462307,162,169.53125,21.09375,7.37,2.5829933382462307,87.0,175.0,10.15625,7.074,-1.6814535479687922,116.0,182.03125,14.0625,6.987,-0.4636476090008061,163.0,181.25,21.09375,6.72,0.6202494859828215,190.0,175.78125,25.0,7.812,1.5707963267948966
136,189.0625,17.1875,1.5944976394362613,-0.285,0.17,7.747,88,187.5,10.15625,7.202,-1.7894652726688385,182,186.71875,24.21875,7.411,1.892546881191539,116.0,182.03125,14.0625,7.694,-2.723368324010564,98.0,194.53125,11.71875,7.733,-0.7853981633974483,178.0,193.75,23.4375,7.812,0.9272952180016122,141.0,197.65625,17.96875,8.629,0.09065988720074511
137,231.25,17.1875,1.6641806370611054,2.473,-0.492,7.134,164,237.5,21.09375,7.37,0.5585993153435624,184,230.46875,24.21875,7.074,1.6814535479687922,89.0,231.25,10.15625,7.031,-1.5707963267948966,118.0,237.5,14.0625,6.987,-0.4636476090008061,109.0,224.21875,13.28125,8.043,-2.6344941491974563,155.0,225.78125,20.3125,6.298,2.62244653934327
138,278.125,17.1875,1.6858509807616946,-2.28,-0.229,6.991,100,273.4375,11.71875,7.202,-2.279422598922567,127,285.15625,15.625,7.202,-0.21866894587394195,149.0,271.09375,18.75,7.202,2.922923707715851,96.0,280.46875,10.9375,6.675,-1.2120256565243244,179.0,275.78125,23.4375,6.675,1.9295669970654687,,,,,
139,101.5625,17.96875,1.6980726587079567,1.048,-0.218,7.073,188,100.0,25.0,7.202,1.7894652726688385,175,106.25,23.4375,7.202,0.8621700546672264,154.0,94.53125,20.3125,7.411,2.819842099193151,93.0,104.6875,10.9375,7.694,-1.1525719972156676,106.0,96.875,13.28125,6.629,-2.356194490192345,132.0,107.8125,17.1875,6.298,-0.12435499454676144
140,119.53125,17.96875,1.6873441018234014,-2.135,0.496,7.288,114,113.28125,14.0625,7.37,-2.5829933382462307,159,113.28125,21.09375,6.987,2.677945044588987,160.0,125.78125,21.09375,6.987,0.4636476090008061,115.0,125.0,14.0625,6.72,-0.6202494859828215,194.0,119.53125,25.78125,7.812,1.5707963267948966,85.0,118.75,10.15625,7.851,-1.6704649792860586
141,197.65625,17.96875,1.708643200308627,-2.879,0.075,7.294,99,201.5625,11.71875,7.37,-1.0121970114513341,148,204.6875,18.75,7.074,0.11065722117389565,98.0,194.53125,11.71875,6.987,-2.0344439357957027,183.0,200.78125,24.21875,6.987,1.1071487177940904,178.0,193.75,23.4375,6.72,2.191045812777718,136.0,189.0625,17.1875,8.629,-3.050932766389048
142,243.75,17.96875,1.6916121311369823,2.539,-0.456,7.276,118,237.5,14.0625,7.37,-2.5829933382462307,192,242.96875,25.0,7.074,1.6814535479687922,164.0,237.5,21.09375,6.987,2.677945044588987,122.0,250.78125,14.84375,7.694,-0.4182243295792291,170.0,249.21875,21.875,6.72,0.6202494859828215,90.0,243.75,10.15625,7.812,-1.5707963267948966
143,297.65625,17.96875,1.4811072098207678,-2.948,-0.502,6.838,111,292.1875,13.28125,7.202,-2.432966381462123,158,290.625,20.3125,7.411,2.819842099193151,101.0,299.21875,11.71875,6.442,-1.3258176636680326,185.0,296.875,24.21875,6.298,1.695151321341658,,,,,,,,,,
144,9.375,18.75,1.6358359183341586,-2.33,0.158,7.203,129,2.34375,17.1875,7.202,-2.922923707715851,174,3.90625,23.4375,7.202,2.432966381462123,102.0,13.28125,12.5,7.37,-1.0121970114513341,150.0,16.40625,19.53125,7.074,0.11065722117389565,97.0,6.25,11.71875,7.694,-1.9890206563741257,186.0,11.71875,25.0,6.675,1.2120256565243244
145,39.84375,18.75,1.6767252839570208,-0.155,-0.234,7.029,181,44.53125,24.21875,7.202,0.8621700546672264,103,42.1875,12.5,6.675,-1.2120256565243244,187.0,37.5,25.0,6.675,1.9295669970654687,113.0,35.15625,14.0625,6.629,-2.356194490192345,130.0,47.65625,17.1875,7.967,-0.19739555984988075,,,,,
146,139.0625,18.75,1.585615990055089,3.031,0.372,7.467,173,145.3125,22.65625,7.37,0.5585993153435624,104,135.9375,12.5,6.987,-2.0344439357957027,176.0,132.8125,23.4375,7.812,2.498091544796509,133.0,131.25,17.1875,7.967,-2.9441970937399127,189.0,139.0625,25.0,6.25,1.5707963267948966,94.0,142.1875,10.9375,8.414,-1.1902899496825317
147,158.59375,18.75,1.6324584223049319,2.741,-0.293,7.372,107,153.90625,13.28125,7.202,-2.279422598922567,195,157.03125,25.78125,7.202,1.7894652726688385,161.0,151.5625,21.09375,7.411,2.819842099193151,177.0,163.28125,23.4375,6.629,0.7853981633974483,95.0,161.71875,10.9375,8.414,-1.1902899496825317,,,,,
148,204.6875,18.75,1.694281934673091,-1.759,0.086,7.153,105,208.59375,12.5,7.37,-1.0121970114513341,141,197.65625,17.96875,7.074,-3.0309354324158977,151.0,211.71875,19.53125,7.074,0.11065722117389565,191.0,207.8125,25.0,6.987,1.1071487177940904,99.0,201.5625,11.71875,7.694,-1.9890206563741257,183.0,200.78125,24.21875,6.72,2.191045812777718
149,271.09375,18.75,1.7067999750364717,-1.94,-0.2,7.223,110,266.40625,13.28125,7.202,-2.279422598922567,138,278.125,17.1875,7.202,-0.21866894587394195,157.0,264.0625,20.3125,7.202,2.922923707715851,100.0,273.4375,11.71875,7.411,-1.2490457723982544,198.0,267.96875,25.78125,7.694,1.9890206563741257,179.0,275.78125,23.4375,6.629,0.7853981633974483
150,16.40625,19.53125,1.6751177950369116,-2.891,0.128,7.073,186,11.71875,25.0,7.202,2.279422598922567,153,23.4375,20.3125,7.074,0.11065722117389565,144.0,9.375,18.75,7.074,-3.0309354324158977,102.0,13.28125,12.5,7.694,-1.9890206563741257,112.0,20.3125,14.0625,6.72,-0.9505468408120752,193.0,18.75,25.78125,6.675,1.2120256565243244
151,211.71875,19.53125,1.6853711595526175,-1.223,0.078,7.038,148,204.6875,18.75,7.074,-3.0309354324158977,152,218.75,19.53125,7.031,0.0,196.0,214.84375,25.78125,6.987,1.1071487177940904,105.0,208.59375,12.5,7.694,-1.9890206563741257,117.0,215.625,14.0625,6.72,-0.9505468408120752,191.0,207.8125,25.0,6.72,2.191045812777718
152,218.75,19.53125,1.653375656728019,0.871,0.049,7.241,197,222.65625,25.78125,7.37,1.0121970114513341,196,214.84375,25.78125,7.37,2.129395642138459,155.0,225.78125,20.3125,7.074,0.11065722117389565,151.0,211.71875,19.53125,7.031,3.141592653589793,117.0,215.625,14.0625,6.298,-2.0899424410414196,109.0,224.21875,13.28125,8.304,-0.8519663271732721
153,23.4375,20.3125,1.6651390930528596,2.761,0.142,7.227,193,18.75,25.78125,7.202,2.279422598922567,200,25.78125,27.34375,7.411,1.2490457723982544,150.0,16.40625,19.53125,7.074,-3.0309354324158977,112.0,20.3125,14.0625,6.987,-2.0344439357957027,119.0,27.34375,14.84375,6.72,-0.9505468408120752,165.0,31.25,21.875,7.967,0.19739555984988075
154,94.53125,20.3125,1.659818016513053,-0.981,-0.254,7.304,121,89.84375,14.84375,7.202,-2.279422598922567,188,100.0,25.0,7.202,0.7086262721276703,139.0,101.5625,17.96875,7.411,-0.3217505543966422,106.0,96.875,13.28125,7.411,-1.2490457723982544,169.0,88.28125,21.875,6.442,2.896613990462929,208.0,92.1875,28.125,8.156,1.8622531212727638
155,225.78125,20.3125,1.6266164286259415,-2.33,0.309,6.595,109,224.21875,13.28125,7.202,-1.7894652726688385,152,218.75,19.53125,7.074,-3.0309354324158977,137.0,231.25,17.1875,6.298,-0.5191461142465229,197.0,222.65625,25.78125,6.298,2.0899424410414196,184.0,230.46875,24.21875,6.101,0.6947382761967031,,,,,
156,256.25,20.3125,1.6324565950861127,-2.477,-0.158,7.144,170,249.21875,21.875,7.202,2.922923707715851,122,250.78125,14.84375,7.733,-2.356194490192345,157.0,264.0625,20.3125,7.812,0.0,199.0,253.90625,26.5625,6.675,1.9295669970654687,123.0,259.375,14.84375,6.298,-1.0516502125483738,,,,,
157,264.0625,20.3125,1.668910559792492,-2.254,-0.144,7.46,123,259.375,14.84375,7.202,-2.279422598922567,149,271.09375,18.75,7.202,-0.21866894587394195,110.0,266.40625,13.28125,7.411,-1.2490457723982544,198.0,267.96875,25.78125,6.72,0.9505468408120752,156.0,256.25,20.3125,7.812,3.141592653589793,214.0,260.9375,28.125,8.414,1.9513027039072615
158,290.625,20.3125,1.7027516456392406,0.059,-0.419,7.208,111,292.1875,13.28125,7.202,-1.3521273809209546,127,285.15625,15.625,7.202,-2.432966381462123,185.0,296.875,24.21875,7.37,0.5585993153435624,143.0,297.65625,17.96875,7.411,-0.3217505543966422,201.0,291.40625,27.34375,7.074,1.460139105621001,180.0,284.375,23.4375,6.987,2.677945044588987
159,113.28125,21.09375,1.704586699657826,-2.697,-0.408,7.194,209,111.71875,28.125,7.202,1.7894652726688385,175,106.25,23.4375,7.411,2.819842099193151,114.0,113.28125,14.0625,7.031,-1.5707963267948966,140.0,119.53125,17.96875,6.987,-0.4636476090008061,132.0,107.8125,17.1875,6.72,-2.5213431676069717,194.0,119.53125,25.78125,7.812,0.6435011087932844
160,125.78125,21.09375,1.6886820062887877,-0.641,0.389,7.201,210,127.34375,28.125,7.202,1.3521273809209546,176,132.8125,23.4375,7.411,0.3217505543966422,115.0,125.0,14.0625,7.074,-1.6814535479687922,140.0,119.53125,17.96875,6.987,-2.677945044588987,133.0,131.25,17.1875,6.72,-0.6202494859828215,194.0,119.53125,25.78125,7.812,2.498091544796509
161,151.5625,21.09375,1.666455646859193,-0.806,-0.272,7.269,126,146.875,15.625,7.202,-2.279422598922567,195,157.03125,25.78125,7.202,0.7086262721276703,211.0,150.0,28.125,7.202,1.7894652726688385,147.0,158.59375,18.75,7.411,-0.3217505543966422,173.0,145.3125,22.65625,6.442,2.896613990462929,107.0,153.90625,13.28125,8.156,-1.2793395323170296
162,169.53125,21.09375,1.6874516503850998,-2.18,-0.462,7.17,135,175.78125,17.1875,7.37,-0.5585993153435624,190,175.78125,25.0,7.37,0.5585993153435624,212.0,168.75,28.125,7.074,1.6814535479687922,134.0,164.0625,17.1875,6.72,-2.5213431676069717,108.0,169.53125,13.28125,7.812,-1.5707963267948966,177.0,163.28125,23.4375,6.675,2.782821983319221
163,181.25,21.09375,1.6859837476606463,2.405,0.42,6.933,116,182.03125,14.0625,7.074,-1.460139105621001,135,175.78125,17.1875,6.72,-2.5213431676069717,190.0,175.78125,25.0,6.72,2.5213431676069717,216.0,182.03125,28.90625,7.851,1.4711276743037347,182.0,186.71875,24.21875,6.298,0.5191461142465229,,,,,
164,237.5,21.09375,1.6711861821159617,-3.092,-0.44,7.167,213,235.9375,28.125,7.202,1.7894652726688385,137,231.25,17.1875,7.37,-2.5829933382462307,118.0,237.5,14.0625,7.031,-1.5707963267948966,142.0,243.75,17.96875,6.987,-0.4636476090008061,184.0,230.46875,24.21875,7.694,2.723368324010564,192.0,242.96875,25.0,6.72,0.6202494859828215
165,31.25,21.875,1.6354145070345447,2.364,0.31,7.739,187,37.5,25.0,6.987,0.4636476090008061,200,25.78125,27.34375,7.733,2.356194490192345,153.0,23.4375,20.3125,7.967,-2.9441970937399127,218.0,32.8125,29.6875,7.967,1.373400766945016,119.0,27.34375,14.84375,8.043,-2.0778948311872334,,,,,
166,58.59375,21.875,1.6527800937461283,0.575,-0.009,7.158,204,62.5,28.125,7.37,1.0121970114513341,171,51.5625,22.65625,7.074,3.0309354324158977,203.0,55.46875,28.125,6.987,2.0344439357957027,124.0,55.46875,15.625,6.987,-2.0344439357957027,128.0,62.5,16.40625,6.72,-0.9505468408120752,167.0,66.40625,21.875,7.812,0.0
167,66.40625,21.875,1.6819101610913862,-2.964,-0.034,7.333,205,70.3125,28.125,7.37,1.0121970114513341,204,62.5,28.125,7.37,2.129395642138459,168.0,73.4375,21.875,7.031,0.0,120.0,69.53125,14.84375,7.694,-1.1525719972156676,128.0,62.5,16.40625,6.72,-2.191045812777718,166.0,58.59375,21.875,7.812,3.141592653589793
168,73.4375,21.875,1.6948232330860182,0.823,0.01,7.312,125,77.34375,15.625,7.37,-1.0121970114513341,206,77.34375,28.125,7.37,1.0121970114513341,172.0,80.46875,22.65625,7.074,0.11065722117389565,167.0,66.40625,21.875,7.031,3.141592653589793,205.0,70.3125,28.125,6.987,2.0344439357957027,120.0,69.53125,14.84375,8.043,-2.0778948311872334
169,88.28125,21.875,1.6539100302405016,-2.894,-0.156,7.144,121,89.84375,14.84375,7.202,-1.3521273809209546,207,84.375,28.125,7.37,2.129395642138459,208.0,92.1875,28.125,7.37,1.0121970114513341,172.0,80.46875,22.65625,7.851,3.0419240010986313,131.0,83.59375,17.1875,6.629,-2.356194490192345,154.0,94.53125,20.3125,6.442,-0.24497866312686414
170,249.21875,21.875,1.7189942962046696,1.582,-0.333,7.118,122,250.78125,14.84375,7.202,-1.3521273809209546,156,256.25,20.3125,7.202,-0.21866894587394195,192.0,242.96875,25.0,6.987,2.677945044588987,142.0,243.75,17.96875,6.72,-2.5213431676069717,199.0,253.90625,26.5625,6.629,0.7853981633974483,221.0,247.65625,29.6875,7.967,1.7681918866447774
171,51.5625,22.65625,1.7012286325075412,1.153,-0.099,7.124,181,44.53125,24.21875,7.202,2.922923707715851,166,58.59375,21.875,7.074,-0.11065722117389565,215.0,48.4375,28.90625,6.987,2.0344439357957027,130.0,47.65625,17.1875,6.72,-2.191045812777718,203.0,55.46875,28.125,6.72,0.9505468408120752,124.0,55.46875,15.625,8.043,-1.0636978224025597
172,80.46875,22.65625,1.7004934847565263,-1.054,0.001,6.989,168,73.4375,21.875,7.074,-3.0309354324158977,125,77.34375,15.625,7.694,-1.9890206563741257,207.0,84.375,28.125,6.72,0.9505468408120752,169.0,88.28125,21.875,7.851,-0.09966865249116202,131.0,83.59375,17.1875,6.298,-1.0516502125483738,206.0,77.34375,28.125,6.298,2.0899424410414196
173,145.3125,22.65625,1.6897014851830487,2.202,-0.298,7.174,126,146.875,15.625,7.202,-1.3521273809209546,211,150.0,28.125,7.202,0.8621700546672264,146.0,139.0625,18.75,7.37,-2.5829933382462307,189.0,139.0625,25.0,6.675,2.782821983319221,161.0,151.5625,21.09375,6.442,-0.24497866312686414,225.0,142.96875,30.46875,8.156,1.8622531212727638
174,3.90625,23.4375,1.6872970060290533,0.243,0.283,7.025,144,9.375,18.75,7.202,-0.7086262721276703,222,6.25,30.46875,7.411,1.2490457723982544,186.0,11.71875,25.0,7.967,0.19739555984988075,129.0,2.34375,17.1875,6.442,-1.8157749899217608,202.0,0.0,28.125,6.101,2.2655346029916,,,,,
175,106.25,23.4375,1.6557494649443372,-0.662,-0.295,6.833,139,101.5625,17.96875,7.202,-2.279422598922567,209,111.71875,28.125,7.202,0.7086262721276703,159.0,113.28125,21.09375,7.411,-0.3217505543966422,132.0,107.8125,17.1875,6.442,-1.3258176636680326,188.0,100.0,25.0,6.442,2.896613990462929,219.0,105.46875,29.6875,6.298,1.695151321341658
176,132.8125,23.4375,1.6754105523581553,-0.316,0.298,7.12,210,127.34375,28.125,7.202,2.432966381462123,160,125.78125,21.09375,7.411,-2.819842099193151,224.0,135.15625,30.46875,7.411,1.2490457723982544,146.0,139.0625,18.75,7.812,-0.6435011087932844,189.0,139.0625,25.0,6.442,0.24497866312686414,133.0,131.25,17.1875,6.442,-1.8157749899217608
177,163.28125,23.4375,1.6877975748299467,-0.694,-0.356,6.759,212,168.75,28.125,7.202,0.7086262721276703,226,162.5,30.46875,7.074,1.6814535479687922,195.0,157.03125,25.78125,6.675,2.782821983319221,162.0,169.53125,21.09375,6.675,-0.35877067027057225,147.0,158.59375,18.75,6.629,-2.356194490192345,134.0,164.0625,17.1875,6.298,-1.446441332248135
178,193.75,23.4375,1.657376785129351,1.939,0.023,7.291,220,189.84375,29.6875,7.37,2.129395642138459,183,200.78125,24.21875,7.074,0.11065722117389565,182.0,186.71875,24.21875,7.074,3.0309354324158977,227.0,196.875,30.46875,7.694,1.1525719972156676,141.0,197.65625,17.96875,6.72,-0.9505468408120752,136.0,189.0625,17.1875,7.812,-2.214297435588181
179,275.78125,23.4375,1.6449017864205542,1.69,-0.173,7.364,230,273.4375,30.46875,7.411,1.892546881191539,217,279.6875,28.90625,6.72,0.9505468408120752,138.0,278.125,17.1875,6.675,-1.2120256565243244,149.0,271.09375,18.75,6.629,-2.356194490192345,198.0,267.96875,25.78125,8.156,2.8501358591119264,180.0,284.375,23.4375,8.593,0.0
180,284.375,23.4375,1.597878696209972,1.085,0.434,7.774,217,279.6875,28.90625,7.202,2.279422598922567,158,290.625,20.3125,6.987,-0.4636476090008061,127.0,285.15625,15.625,7.851,-1.4711276743037347,235.0,285.9375,31.25,7.967,1.373400766945016,201.0,291.40625,27.34375,8.043,0.507098504392337,179.0,275.78125,23.4375,8.593,3.141592653589793
181,44.53125,24.21875,1.6699633283365074,-2.237,-0.136,7.219,145,39.84375,18.75,7.202,-2.279422598922567,171,51.5625,22.65625,7.202,-0.21866894587394195,187.0,37.5,25.0,7.074,3.0309354324158977,130.0,47.65625,17.1875,7.694,-1.1525719972156676,233.0,40.625,31.25,8.043,2.0778948311872334,215.0,48.4375,28.90625,6.101,0.8760580505981934
182,186.71875,24.21875,1.6508201966303124,0.086,-0.083,6.742,136,189.0625,17.1875,7.411,-1.2490457723982544,178,193.75,23.4375,7.074,-0.11065722117389565,216.0,182.03125,28.90625,6.629,2.356194490192345,163.0,181.25,21.09375,6.298,-2.62244653934327,220.0,189.84375,29.6875,6.298,1.0516502125483738,,,,,
183,200.78125,24.21875,1.717115366629077,0.589,0.078,7.035,227,196.875,30.46875,7.37,2.129395642138459,191,207.8125,25.0,7.074,0.11065722117389565,178.0,193.75,23.4375,7.074,-3.0309354324158977,141.0,197.65625,17.96875,6.987,-2.0344439357957027,228.0,203.90625,30.46875,6.987,1.1071487177940904,148.0,204.6875,18.75,6.72,-0.9505468408120752
184,230.46875,24.21875,1.6486969688951352,-1.699,-0.373,6.976,137,231.25,17.1875,7.074,-1.460139105621001,164,237.5,21.09375,7.694,-0.4182243295792291,213.0,235.9375,28.125,6.72,0.6202494859828215,197.0,222.65625,25.78125,7.967,2.9441970937399127,229.0,229.6875,30.46875,6.298,1.695151321341658,155.0,225.78125,20.3125,6.101,-2.44685437739309
185,296.875,24.21875,1.5041236002304985,-3.07,0.27,6.66,158,290.625,20.3125,7.37,-2.5829933382462307,231,299.21875,30.46875,6.675,1.2120256565243244,143.0,297.65625,17.96875,6.298,-1.446441332248135,201.0,291.40625,27.34375,6.298,2.62244653934327,,,,,,,,,,
186,11.71875,25.0,1.6428987411386682,-1.874,0.18,7.221,150,16.40625,19.53125,7.202,-0.8621700546672264,193,18.75,25.78125,7.074,0.11065722117389565,222.0,6.25,30.46875,7.733,2.356194490192345,144.0,9.375,18.75,6.675,-1.9295669970654687,232.0,14.0625,31.25,6.675,1.2120256565243244,174.0,3.90625,23.4375,7.967,-2.9441970937399127
187,37.5,25.0,1.6913577597768752,0.513,0.037,6.87,181,44.53125,24.21875,7.074,-0.11065722117389565,165,31.25,21.875,6.987,-2.677945044588987,233.0,40.625,31.25,6.987,1.1071487177940904,145.0,39.84375,18.75,6.675,-1.2120256565243244,218.0,32.8125,29.6875,6.629,2.356194490192345,,,,,
188,100.0,25.0,1.5779615574162382,-1.275,-0.387,7.292,139,101.5625,17.96875,7.202,-1.3521273809209546,154,94.53125,20.3125,7.202,-2.432966381462123,219.0,105.46875,29.6875,7.202,0.7086262721276703,175.0,106.25,23.4375,6.442,-0.24497866312686414,208.0,92.1875,28.125,8.414,2.761086276477428,,,,,
189,139.0625,25.0,1.6763096284284158,2.356,0.123,6.561,224,135.15625,30.46875,6.72,2.191045812777718,225,142.96875,30.46875,6.72,0.9505468408120752,173.0,145.3125,22.65625,6.675,-0.35877067027057225,176.0,132.8125,23.4375,6.442,-2.896613990462929,146.0,139.0625,18.75,6.25,-1.5707963267948966,,,,,
190,175.78125,25.0,1.6456742871492214,-2.582,-0.476,7.361,237,174.21875,32.03125,7.202,1.7894652726688385,162,169.53125,21.09375,7.37,-2.5829933382462307,216.0,182.03125,28.90625,7.37,0.5585993153435624,212.0,168.75,28.125,7.694,2.723368324010564,163.0,181.25,21.09375,6.72,-0.6202494859828215,135.0,175.78125,17.1875,7.812,-1.5707963267948966
191,207.8125,25.0,1.7143260414249908,0.785,0.089,6.927,196,214.84375,25.78125,7.074,0.11065722117389565,183,200.78125,24.21875,7.074,-3.0309354324158977,148.0,204.6875,18.75,6.987,-2.0344439357957027,234.0,210.9375,31.25,6.987,1.1071487177940904,151.0,211.71875,19.53125,6.72,-0.9505468408120752,228.0,203.90625,30.46875,6.72,2.191045812777718
192,242.96875,25.0,1.6867382036669205,2.815,-0.387,7.178,142,243.75,17.96875,7.074,-1.460139105621001,170,249.21875,21.875,6.987,-0.4636476090008061,213.0,235.9375,28.125,7.694,2.723368324010564,164.0,237.5,21.09375,6.72,-2.5213431676069717,221.0,247.65625,29.6875,6.629,0.7853981633974483,242.0,241.40625,32.8125,7.967,1.7681918866447774
193,18.75,25.78125,1.6936751951510773,1.987,0.177,7.128,153,23.4375,20.3125,7.202,-0.8621700546672264,200,25.78125,27.34375,7.202,0.21866894587394195,232.0,14.0625,31.25,7.202,2.279422598922567,239.0,21.09375,32.8125,7.411,1.2490457723982544,186.0,11.71875,25.0,7.074,-3.0309354324158977,150.0,16.40625,19.53125,6.675,-1.9295669970654687
194,119.53125,25.78125,1.632469673517771,-2.12,-0.494,7.789,236,116.40625,32.03125,6.987,2.0344439357957027,140,119.53125,17.96875,7.812,-1.5707963267948966,160.0,125.78125,21.09375,7.812,-0.6435011087932844,159.0,113.28125,21.09375,7.812,-2.498091544796509,209.0,111.71875,28.125,8.156,2.8501358591119264,210.0,127.34375,28.125,8.156,0.2914567944778671
195,157.03125,25.78125,1.6822111162443283,-1.912,-0.328,7.149,147,158.59375,18.75,7.202,-1.3521273809209546,161,151.5625,21.09375,7.202,-2.432966381462123,240.0,155.46875,32.8125,7.202,1.7894652726688385,226.0,162.5,30.46875,7.202,0.7086262721276703,211.0,150.0,28.125,7.411,2.819842099193151,177.0,163.28125,23.4375,6.675,-0.35877067027057225
196,214.84375,25.78125,1.6438343299179363,-1.874,0.06,7.158,152,218.75,19.53125,7.37,-1.0121970114513341,191,207.8125,25.0,7.074,-3.0309354324158977,151.0,211.71875,19.53125,6.987,-2.0344439357957027,238.0,217.96875,32.03125,6.987,1.1071487177940904,234.0,210.9375,31.25,6.72,2.191045812777718,197.0,222.65625,25.78125,7.812,0.0
197,222.65625,25.78125,1.6364123277295,-2.927,0.005,7.389,152,218.75,19.53125,7.37,-2.129395642138459,241,223.4375,32.8125,7.074,1.460139105621001,238.0,217.96875,32.03125,7.812,2.214297435588181,196.0,214.84375,25.78125,7.812,3.141592653589793,184.0,230.46875,24.21875,7.967,-0.19739555984988075,155.0,225.78125,20.3125,6.298,-1.0516502125483738
198,267.96875,25.78125,1.6979819025387637,-0.189,-0.248,7.398,244,266.40625,32.8125,7.202,1.7894652726688385,230,273.4375,30.46875,7.202,0.7086262721276703,214.0,260.9375,28.125,7.411,2.819842099193151,149.0,271.09375,18.75,7.694,-1.1525719972156676,157.0,264.0625,20.3125,6.72,-2.191045812777718,179.0,275.78125,23.4375,8.156,-0.2914567944778671
199,253.90625,26.5625,1.6639654808423836,3.066,-0.464,6.748,214,260.9375,28.125,7.202,0.21866894587394195,221,247.65625,29.6875,6.987,2.677945044588987,156.0,256.25,20.3125,6.675,-1.2120256565243244,170.0,249.21875,21.875,6.629,-2.356194490192345,243.0,253.90625,32.8125,6.25,1.5707963267948966,,,,,
200,25.78125,27.34375,1.6964253998697416,1.382,0.231,7.395,193,18.75,25.78125,7.202,-2.922923707715851,239,21.09375,32.8125,7.202,2.279422598922567,218.0,32.8125,29.6875,7.411,0.3217505543966422,153.0,23.4375,20.3125,7.411,-1.892546881191539,247.0,28.125,34.375,7.411,1.2490457723982544,165.0,31.25,21.875,7.733,-0.7853981633974483
201,291.40625,27.34375,1.6847643308345432,-0.262,0.444,7.271,158,290.625,20.3125,7.074,-1.6814535479687922,254,292.1875,34.375,7.074,1.460139105621001,235.0,285.9375,31.25,6.72,2.5213431676069717,180.0,284.375,23.4375,8.043,-2.6344941491974563,185.0,296.875,24.21875,6.298,-0.5191461142465229,231.0,299.21875,30.46875,8.414,0.3805063771123649
202,0.0,28.125,1.5566056202044694,0.354,-0.341,6.602,255,0.0,35.15625,7.031,1.5707963267948966,222,6.25,30.46875,6.675,0.35877067027057225,174.0,3.90625,23.4375,6.101,-0.8760580505981934,,,,,,,,,,,,,,,
203,55.46875,28.125,1.6413273347998307,1.595,-0.069,7.146,248,59.375,34.375,7.37,1.0121970114513341,215,48.4375,28.90625,7.074,3.0309354324158977,204.0,62.5,28.125,7.031,0.0,166.0,58.59375,21.875,6.987,-1.1071487177940904,257.0,52.34375,35.15625,7.694,1.9890206563741257,171.0,51.5625,22.65625,6.72,-2.191045812777718
204,62.5,28.125,1.660435599606173,0.511,-0.016,7.323,166,58.59375,21.875,7.37,-2.129395642138459,167,66.40625,21.875,7.37,-1.0121970114513341,249.0,66.40625,34.375,7.37,1.0121970114513341,203.0,55.46875,28.125,7.031,3.141592653589793,248.0,59.375,34.375,6.987,2.0344439357957027,205.0,70.3125,28.125,7.812,0.0
205,70.3125,28.125,1.6849511011738352,3.141,-0.001,7.259,167,66.40625,21.875,7.37,-2.129395642138459,249,66.40625,34.375,7.37,2.129395642138459,206.0,77.34375,28.125,7.031,0.0,168.0,73.4375,21.875,6.987,-1.1071487177940904,250.0,73.4375,34.375,6.987,1.1071487177940904,204.0,62.5,28.125,7.812,3.141592653589793
206,77.34375,28.125,1.674243779370267,-2.603,-0.007,7.078,168,73.4375,21.875,7.37,-2.129395642138459,250,73.4375,34.375,7.37,2.129395642138459,251.0,81.25,34.375,7.37,1.0121970114513341,205.0,70.3125,28.125,7.031,3.141592653589793,207.0,84.375,28.125,7.031,0.0,172.0,80.46875,22.65625,6.298,-1.0516502125483738
207,84.375,28.125,1.6257728713436803,1.198,-0.026,7.215,169,88.28125,21.875,7.37,-1.0121970114513341,252,88.28125,34.375,7.37,1.0121970114513341,206.0,77.34375,28.125,7.031,3.141592653589793,251.0,81.25,34.375,6.987,2.0344439357957027,172.0,80.46875,22.65625,6.72,-2.191045812777718,208.0,92.1875,28.125,7.812,0.0
208,92.1875,28.125,1.6444503444113445,2.572,0.048,7.59,169,88.28125,21.875,7.37,-2.129395642138459,252,88.28125,34.375,7.37,2.129395642138459,207.0,84.375,28.125,7.812,3.141592653589793,223.0,98.4375,30.46875,6.675,0.35877067027057225,261.0,94.53125,35.9375,8.156,1.2793395323170296,154.0,94.53125,20.3125,8.156,-1.2793395323170296
209,111.71875,28.125,1.6400401031218241,-1.242,-0.31,7.178,159,113.28125,21.09375,7.202,-1.3521273809209546,175,106.25,23.4375,7.202,-2.432966381462123,263.0,110.15625,35.9375,7.967,1.7681918866447774,219.0,105.46875,29.6875,6.442,2.896613990462929,194.0,119.53125,25.78125,8.156,-0.2914567944778671,236.0,116.40625,32.03125,6.101,0.6947382761967031
210,127.34375,28.125,1.6501543120119124,0.454,0.257,7.475,160,125.78125,21.09375,7.202,-1.7894652726688385,176,132.8125,23.4375,7.202,-0.7086262721276703,258.0,129.6875,35.15625,7.411,1.2490457723982544,245.0,123.4375,33.59375,6.72,2.191045812777718,224.0,135.15625,30.46875,8.156,0.2914567944778671,194.0,119.53125,25.78125,8.156,-2.8501358591119264
211,150.0,28.125,1.6928424566855362,-0.945,-0.293,7.145,161,151.5625,21.09375,7.202,-1.3521273809209546,173,145.3125,22.65625,7.202,-2.279422598922567,240.0,155.46875,32.8125,7.202,0.7086262721276703,195.0,157.03125,25.78125,7.411,-0.3217505543966422,225.0,142.96875,30.46875,7.411,2.819842099193151,253.0,148.4375,34.375,6.442,1.8157749899217608
212,168.75,28.125,1.7120735985198265,-1.32,-0.395,7.073,177,163.28125,23.4375,7.202,-2.432966381462123,162,169.53125,21.09375,7.074,-1.460139105621001,259.0,167.96875,35.15625,7.074,1.6814535479687922,190.0,175.78125,25.0,7.694,-0.4182243295792291,237.0,174.21875,32.03125,6.72,0.6202494859828215,226.0,162.5,30.46875,6.675,2.782821983319221
213,235.9375,28.125,1.687669836301068,0.69,-0.379,7.224,164,237.5,21.09375,7.202,-1.3521273809209546,242,241.40625,32.8125,7.202,0.7086262721276703,192.0,242.96875,25.0,7.694,-0.4182243295792291,184.0,230.46875,24.21875,6.72,-2.5213431676069717,229.0,229.6875,30.46875,6.675,2.782821983319221,267.0,235.15625,35.9375,7.851,1.6704649792860586
214,260.9375,28.125,1.5850238973003299,1.331,-0.389,7.885,199,253.90625,26.5625,7.202,-2.922923707715851,244,266.40625,32.8125,7.202,0.7086262721276703,198.0,267.96875,25.78125,7.411,-0.3217505543966422,157.0,264.0625,20.3125,8.414,-1.1902899496825317,243.0,253.90625,32.8125,8.45,2.5535900500422257,273.0,260.15625,36.71875,8.629,1.6614562139956417
215,48.4375,28.90625,1.650227396388488,1.497,-0.137,7.06,257,52.34375,35.15625,7.37,1.0121970114513341,203,55.46875,28.125,7.074,-0.11065722117389565,171.0,51.5625,22.65625,6.987,-1.1071487177940904,256.0,46.09375,35.15625,6.675,1.9295669970654687,233.0,40.625,31.25,8.156,2.8501358591119264,181.0,44.53125,24.21875,6.101,-2.2655346029916
216,182.03125,28.90625,1.6555295403656336,-0.392,0.174,7.573,190,175.78125,25.0,7.37,-2.5829933382462307,264,178.90625,35.9375,7.694,1.9890206563741257,220.0,189.84375,29.6875,7.851,0.09966865249116202,163.0,181.25,21.09375,7.851,-1.6704649792860586,182.0,186.71875,24.21875,6.629,-0.7853981633974483,265.0,185.9375,35.9375,8.043,1.0636978224025597
217,279.6875,28.90625,1.6342445137053012,0.524,0.459,6.658,180,284.375,23.4375,7.202,-0.8621700546672264,179,275.78125,23.4375,6.72,-2.191045812777718,235.0,285.9375,31.25,6.675,0.35877067027057225,230.0,273.4375,30.46875,6.442,2.896613990462929,260.0,279.6875,35.15625,6.25,1.5707963267948966,,,,,
218,32.8125,29.6875,1.690713479062437,-1.171,0.279,7.301,268,34.375,36.71875,7.202,1.3521273809209546,200,25.78125,27.34375,7.411,-2.819842099193151,247.0,28.125,34.375,6.629,2.356194490192345,187.0,37.5,25.0,6.629,-0.7853981633974483,233.0,40.625,31.25,7.967,0.19739555984988075,165.0,31.25,21.875,7.967,-1.7681918866447774
219,105.46875,29.6875,1.6505787588537648,-2.984,-0.209,6.969,188,100.0,25.0,7.202,-2.432966381462123,223,98.4375,30.46875,7.074,3.0309354324158977,262.0,102.34375,35.9375,6.987,2.0344439357957027,263.0,110.15625,35.9375,7.812,0.9272952180016122,209.0,111.71875,28.125,6.442,-0.24497866312686414,175.0,106.25,23.4375,6.298,-1.446441332248135
220,189.84375,29.6875,1.6799879294712425,2.503,0.057,7.158,178,193.75,23.4375,7.37,-1.0121970114513341,265,185.9375,35.9375,7.37,2.129395642138459,227.0,196.875,30.46875,7.074,0.11065722117389565,266.0,192.96875,35.9375,6.987,1.1071487177940904,216.0,182.03125,28.90625,7.851,-3.0419240010986313,182.0,186.71875,24.21875,6.298,-2.0899424410414196
221,247.65625,29.6875,1.634437505754148,-0.561,-0.441,7.098,272,247.65625,36.71875,7.031,1.5707963267948966,242,241.40625,32.8125,6.987,2.677945044588987,243.0,253.90625,32.8125,6.987,0.4636476090008061,199.0,253.90625,26.5625,6.987,-0.4636476090008061,192.0,242.96875,25.0,6.629,-2.356194490192345,170.0,249.21875,21.875,7.967,-1.373400766945016
222,6.25,30.46875,1.690542854832795,-1.003,0.307,7.367,174,3.90625,23.4375,7.411,-1.892546881191539,186,11.71875,25.0,7.733,-0.7853981633974483,246.0,11.71875,34.375,6.72,0.6202494859828215,255.0,0.0,35.15625,7.812,2.498091544796509,202.0,0.0,28.125,6.675,-2.782821983319221,232.0,14.0625,31.25,7.851,0.09966865249116202
223,98.4375,30.46875,1.6018382400664353,1.521,0.028,6.797,219,105.46875,29.6875,7.074,-0.11065722117389565,261,94.53125,35.9375,6.72,2.191045812777718,262.0,102.34375,35.9375,6.72,0.9505468408120752,208.0,92.1875,28.125,6.675,-2.782821983319221,,,,,,,,,,
224,135.15625,30.46875,1.6823151330174577,-1.864,0.191,7.452,258,129.6875,35.15625,7.202,2.432966381462123,176,132.8125,23.4375,7.411,-1.892546881191539,275.0,137.5,37.5,7.411,1.2490457723982544,189.0,139.0625,25.0,6.72,-0.9505468408120752,225.0,142.96875,30.46875,7.812,0.0,210.0,127.34375,28.125,8.156,-2.8501358591119264
225,142.96875,30.46875,1.6879301174873038,-1.173,-0.233,7.21,211,150.0,28.125,7.411,-0.3217505543966422,189,139.0625,25.0,6.72,-2.191045812777718,253.0,148.4375,34.375,6.72,0.6202494859828215,224.0,135.15625,30.46875,7.812,3.141592653589793,269.0,141.40625,36.71875,6.442,1.8157749899217608,173.0,145.3125,22.65625,8.156,-1.2793395323170296
226,162.5,30.46875,1.6674857656815392,-2.725,-0.346,7.128,195,157.03125,25.78125,7.202,-2.432966381462123,259,167.96875,35.15625,7.202,0.7086262721276703,276.0,160.9375,37.5,7.202,1.7894652726688385,240.0,155.46875,32.8125,7.411,2.819842099193151,177.0,163.28125,23.4375,7.074,-1.460139105621001,212.0,168.75,28.125,6.675,-0.35877067027057225
227,196.875,30.46875,1.6809330995060903,-1.596,0.068,7.146,183,200.78125,24.21875,7.37,-1.0121970114513341,220,189.84375,29.6875,7.074,-3.0309354324158977,228.0,203.90625,30.46875,7.031,0.0,270.0,200.0,36.71875,6.987,1.1071487177940904,178.0,193.75,23.4375,7.694,-1.9890206563741257,266.0,192.96875,35.9375,6.72,2.191045812777718
228,203.90625,30.46875,1.7102919911844772,1.268,0.06,7.028,270,200.0,36.71875,7.37,2.129395642138459,234,210.9375,31.25,7.074,0.11065722117389565,227.0,196.875,30.46875,7.031,3.141592653589793,183.0,200.78125,24.21875,6.987,-2.0344439357957027,271.0,207.03125,36.71875,6.987,1.1071487177940904,191.0,207.8125,25.0,6.72,-0.9505468408120752
229,229.6875,30.46875,1.6738089504133618,2.582,-0.357,7.172,278,228.125,37.5,7.202,1.7894652726688385,267,235.15625,35.9375,7.733,0.7853981633974483,241.0,223.4375,32.8125,6.675,2.782821983319221,213.0,235.9375,28.125,6.675,-0.35877067027057225,184.0,230.46875,24.21875,6.298,-1.446441332248135,197.0,222.65625,25.78125,8.45,-2.5535900500422257
230,273.4375,30.46875,1.7128123565926836,0.302,-0.303,7.247,198,267.96875,25.78125,7.202,-2.432966381462123,279,271.875,37.5,7.202,1.7894652726688385,244.0,266.40625,32.8125,7.411,2.819842099193151,179.0,275.78125,23.4375,7.411,-1.2490457723982544,260.0,279.6875,35.15625,7.812,0.6435011087932844,217.0,279.6875,28.90625,6.442,-0.24497866312686414
231,299.21875,30.46875,1.501515226317563,3.059,-0.417,7.345,185,296.875,24.21875,6.675,-1.9295669970654687,254,292.1875,34.375,8.043,2.6344941491974563,274.0,299.21875,36.71875,6.25,1.5707963267948966,201.0,291.40625,27.34375,8.414,-2.761086276477428,,,,,,,,,,
232,14.0625,31.25,1.463354128160935,-0.812,0.209,7.268,193,18.75,25.78125,7.202,-0.8621700546672264,239,21.09375,32.8125,7.202,0.21866894587394195,281.0,16.40625,38.28125,7.411,1.2490457723982544,186.0,11.71875,25.0,6.675,-1.9295669970654687,222.0,6.25,30.46875,7.851,-3.0419240010986313,,,,,
233,40.625,31.25,1.6335665784396673,-0.681,-0.146,7.614,187,37.5,25.0,6.987,-2.0344439357957027,256,46.09375,35.15625,6.72,0.6202494859828215,284.0,40.625,39.0625,7.812,1.5707963267948966,218.0,32.8125,29.6875,7.967,-2.9441970937399127,181.0,44.53125,24.21875,8.043,-1.0636978224025597,215.0,48.4375,28.90625,8.156,-0.2914567944778671
234,210.9375,31.25,1.7136151086305826,0.785,0.089,6.927,238,217.96875,32.03125,7.074,0.11065722117389565,228,203.90625,30.46875,7.074,-3.0309354324158977,191.0,207.8125,25.0,6.987,-2.0344439357957027,277.0,214.0625,37.5,6.987,1.1071487177940904,196.0,214.84375,25.78125,6.72,-0.9505468408120752,271.0,207.03125,36.71875,6.72,2.191045812777718
235,285.9375,31.25,1.6615665875721084,2.81,0.415,7.262,260,279.6875,35.15625,7.37,2.5829933382462307,254,292.1875,34.375,6.987,0.4636476090008061,201.0,291.40625,27.34375,6.72,-0.6202494859828215,217.0,279.6875,28.90625,6.675,-2.782821983319221,285.0,286.71875,39.0625,7.851,1.4711276743037347,180.0,284.375,23.4375,7.967,-1.7681918866447774
236,116.40625,32.03125,1.6696087920691078,1.304,0.393,6.82,245,123.4375,33.59375,7.202,0.21866894587394195,263,110.15625,35.9375,7.37,2.5829933382462307,194.0,119.53125,25.78125,6.987,-1.1071487177940904,282.0,117.96875,38.28125,6.442,1.3258176636680326,209.0,111.71875,28.125,6.101,-2.44685437739309,,,,,
237,174.21875,32.03125,1.6750589972314713,0.966,-0.393,7.213,190,175.78125,25.0,7.202,-1.3521273809209546,259,167.96875,35.15625,6.987,2.677945044588987,212.0,168.75,28.125,6.72,-2.5213431676069717,289.0,173.4375,39.84375,7.851,1.6704649792860586,264.0,178.90625,35.9375,6.101,0.6947382761967031,216.0,182.03125,28.90625,8.414,-0.3805063771123649
238,217.96875,32.03125,1.5136150350220643,-3.043,0.107,7.116,234,210.9375,31.25,7.074,-3.0309354324158977,196,214.84375,25.78125,6.987,-2.0344439357957027,283.0,221.09375,38.28125,6.987,1.1071487177940904,277.0,214.0625,37.5,6.72,2.191045812777718,197.0,222.65625,25.78125,7.812,-0.9272952180016122,,,,,
239,21.09375,32.8125,1.6981236708838912,2.871,0.218,7.237,200,25.78125,27.34375,7.202,-0.8621700546672264,232,14.0625,31.25,7.202,-2.922923707715851,247.0,28.125,34.375,7.202,0.21866894587394195,281.0,16.40625,38.28125,7.202,2.279422598922567,286.0,22.65625,39.84375,7.202,1.3521273809209546,193.0,18.75,25.78125,7.411,-1.892546881191539
240,155.46875,32.8125,1.7062238958089206,-1.842,-0.306,7.237,195,157.03125,25.78125,7.202,-1.3521273809209546,211,150.0,28.125,7.202,-2.432966381462123,253.0,148.4375,34.375,7.202,2.922923707715851,276.0,160.9375,37.5,7.202,0.7086262721276703,288.0,153.90625,39.84375,7.202,1.7894652726688385,226.0,162.5,30.46875,7.411,-0.3217505543966422
241,223.4375,32.8125,1.410025214186016,0.242,-0.468,6.582,197,222.65625,25.78125,7.074,-1.6814535479687922,229,229.6875,30.46875,6.675,-0.35877067027057225,278.0,228.125,37.5,6.629,0.7853981633974483,283.0,221.09375,38.28125,5.949,1.97568811307998,,,,,,,,,,
242,241.40625,32.8125,1.6642108877029074,-0.553,-0.417,7.265,213,235.9375,28.125,7.202,-2.432966381462123,272,247.65625,36.71875,7.37,0.5585993153435624,290.0,240.625,39.84375,7.074,1.6814535479687922,221.0,247.65625,29.6875,6.987,-0.4636476090008061,267.0,235.15625,35.9375,6.987,2.677945044588987,192.0,242.96875,25.0,7.967,-1.373400766945016
243,253.90625,32.8125,1.6441781138184246,2.849,0.52,7.25,272,247.65625,36.71875,7.37,2.5829933382462307,273,260.15625,36.71875,7.37,0.5585993153435624,291.0,253.125,39.84375,7.074,1.6814535479687922,221.0,247.65625,29.6875,6.987,-2.677945044588987,199.0,253.90625,26.5625,6.25,-1.5707963267948966,214.0,260.9375,28.125,8.45,-0.5880026035475675
244,266.40625,32.8125,1.7144032273009828,0.817,-0.376,7.373,198,267.96875,25.78125,7.202,-1.3521273809209546,214,260.9375,28.125,7.202,-2.432966381462123,279.0,271.875,37.5,7.202,0.7086262721276703,273.0,260.15625,36.71875,7.37,2.5829933382462307,230.0,273.4375,30.46875,7.411,-0.3217505543966422,297.0,265.625,40.625,7.851,1.6704649792860586
245,123.4375,33.59375,1.631390640129938,1.5,0.284,6.802,236,116.40625,32.03125,7.202,-2.922923707715851,282,117.96875,38.28125,7.202,2.432966381462123,210.0,127.34375,28.125,6.72,-0.9505468408120752,258.0,129.6875,35.15625,6.442,0.24497866312686414,287.0,125.0,39.84375,6.442,1.3258176636680326,,,,,
246,11.71875,34.375,1.3512904275790367,2.083,0.347,7.001,280,5.46875,38.28125,7.37,2.5829933382462307,222,6.25,30.46875,6.72,-2.5213431676069717,306.0,11.71875,42.1875,7.812,1.5707963267948966,281.0,16.40625,38.28125,6.101,0.6947382761967031,,,,,,,,,,
247,28.125,34.375,1.6610657955723729,2.51,0.284,7.121,239,21.09375,32.8125,7.202,-2.922923707715851,200,25.78125,27.34375,7.411,-1.892546881191539,298.0,28.90625,41.40625,7.074,1.460139105621001,286.0,22.65625,39.84375,7.733,2.356194490192345,268.0,34.375,36.71875,6.675,0.35877067027057225,218.0,32.8125,29.6875,6.629,-0.7853981633974483
248,59.375,34.375,1.7097591551075966,1.515,-0.051,7.136,203,55.46875,28.125,7.37,-2.129395642138459,293,63.28125,40.625,7.37,1.0121970114513341,257.0,52.34375,35.15625,7.074,3.0309354324158977,249.0,66.40625,34.375,7.031,0.0,204.0,62.5,28.125,6.987,-1.1071487177940904,292.0,56.25,40.625,6.987,2.0344439357957027
249,66.40625,34.375,1.7008121428484748,0.511,-0.016,7.193,204,62.5,28.125,7.37,-2.129395642138459,205,70.3125,28.125,7.37,-1.0121970114513341,294.0,70.3125,40.625,7.37,1.0121970114513341,248.0,59.375,34.375,7.031,3.141592653589793,250.0,73.4375,34.375,7.031,0.0,293.0,63.28125,40.625,6.987,2.0344439357957027
250,73.4375,34.375,1.686390694044155,0.0,-0.001,7.259,206,77.34375,28.125,7.37,-1.0121970114513341,295,77.34375,40.625,7.37,1.0121970114513341,249.0,66.40625,34.375,7.031,3.141592653589793,205.0,70.3125,28.125,6.987,-2.0344439357957027,294.0,70.3125,40.625,6.987,2.0344439357957027,251.0,81.25,34.375,7.812,0.0
251,81.25,34.375,1.650351861912562,3.141,-0.001,7.259,206,77.34375,28.125,7.37,-2.129395642138459,295,77.34375,40.625,7.37,2.129395642138459,252.0,88.28125,34.375,7.031,0.0,207.0,84.375,28.125,6.987,-1.1071487177940904,296.0,84.375,40.625,6.987,1.1071487177940904,250.0,73.4375,34.375,7.812,3.141592653589793
252,88.28125,34.375,1.609855556661354,2.033,0.059,7.213,207,84.375,28.125,7.37,-2.129395642138459,208,92.1875,28.125,7.37,-1.0121970114513341,296.0,84.375,40.625,7.37,2.129395642138459,251.0,81.25,34.375,7.031,3.141592653589793,300.0,91.40625,41.40625,7.694,1.1525719972156676,261.0,94.53125,35.9375,6.442,0.24497866312686414
253,148.4375,34.375,1.6620287203166897,1.798,-0.301,7.119,240,155.46875,32.8125,7.202,-0.21866894587394195,301,146.875,41.40625,7.202,1.7894652726688385,269.0,141.40625,36.71875,7.411,2.819842099193151,288.0,153.90625,39.84375,7.733,0.7853981633974483,225.0,142.96875,30.46875,6.72,-2.5213431676069717,211.0,150.0,28.125,6.442,-1.3258176636680326
254,292.1875,34.375,1.6697330808944932,0.059,0.395,7.32,304,293.75,41.40625,7.202,1.3521273809209546,285,286.71875,39.0625,7.202,2.432966381462123,274.0,299.21875,36.71875,7.411,0.3217505543966422,201.0,291.40625,27.34375,7.074,-1.6814535479687922,235.0,285.9375,31.25,6.987,-2.677945044588987,231.0,299.21875,30.46875,8.043,-0.507098504392337
255,0.0,35.15625,1.6139313980076917,-0.063,-0.307,7.043,202,0.0,28.125,7.031,-1.5707963267948966,305,0.0,42.1875,7.031,1.5707963267948966,222.0,6.25,30.46875,7.812,-0.6435011087932844,280.0,5.46875,38.28125,6.298,0.5191461142465229,,,,,,,,,,
256,46.09375,35.15625,1.656558764014019,0.0,0.0,6.608,233,40.625,31.25,6.72,-2.5213431676069717,284,40.625,39.0625,6.72,2.5213431676069717,215.0,48.4375,28.90625,6.675,-1.2120256565243244,299.0,48.4375,41.40625,6.675,1.2120256565243244,257.0,52.34375,35.15625,6.25,0.0,,,,,
257,52.34375,35.15625,1.6806109077674085,-1.929,-0.053,7.08,215,48.4375,28.90625,7.37,-2.129395642138459,299,48.4375,41.40625,7.37,2.129395642138459,248.0,59.375,34.375,7.074,-0.11065722117389565,203.0,55.46875,28.125,7.694,-1.1525719972156676,292.0,56.25,40.625,6.72,0.9505468408120752,256.0,46.09375,35.15625,6.25,3.141592653589793
258,129.6875,35.15625,1.6589004619490062,1.195,0.256,7.208,224,135.15625,30.46875,7.202,-0.7086262721276703,210,127.34375,28.125,7.411,-1.892546881191539,309.0,132.03125,42.1875,7.411,1.2490457723982544,287.0,125.0,39.84375,6.629,2.356194490192345,245.0,123.4375,33.59375,6.442,-2.896613990462929,275.0,137.5,37.5,8.156,0.2914567944778671
259,167.96875,35.15625,1.687594928165447,-2.396,-0.363,7.18,226,162.5,30.46875,7.202,-2.432966381462123,289,173.4375,39.84375,7.202,0.7086262721276703,310.0,166.40625,42.1875,7.202,1.7894652726688385,276.0,160.9375,37.5,7.411,2.819842099193151,212.0,168.75,28.125,7.074,-1.460139105621001,237.0,174.21875,32.03125,6.987,-0.4636476090008061
260,279.6875,35.15625,1.6513409241238068,-2.315,-0.428,7.384,235,285.9375,31.25,7.37,-0.5585993153435624,230,273.4375,30.46875,7.812,-2.498091544796509,303.0,277.34375,41.40625,6.675,1.9295669970654687,285.0,286.71875,39.0625,8.043,0.507098504392337,279.0,271.875,37.5,8.156,2.8501358591119264,217.0,279.6875,28.90625,6.25,-1.5707963267948966
261,94.53125,35.9375,1.6416184842258243,-0.695,0.085,7.133,307,98.4375,42.1875,7.37,1.0121970114513341,223,98.4375,30.46875,6.72,-0.9505468408120752,262.0,102.34375,35.9375,7.812,0.0,252.0,88.28125,34.375,6.442,-2.896613990462929,208.0,92.1875,28.125,8.156,-1.8622531212727638,300.0,91.40625,41.40625,6.298,2.0899424410414196
262,102.34375,35.9375,1.671405179764382,-3.052,-0.026,7.345,308,106.25,42.1875,7.37,1.0121970114513341,307,98.4375,42.1875,7.37,2.129395642138459,219.0,105.46875,29.6875,6.987,-1.1071487177940904,223.0,98.4375,30.46875,6.72,-2.191045812777718,263.0,110.15625,35.9375,7.812,0.0,261.0,94.53125,35.9375,7.812,3.141592653589793
263,110.15625,35.9375,1.6372525430555276,-2.463,-0.044,7.671,236,116.40625,32.03125,7.37,-0.5585993153435624,308,106.25,42.1875,7.37,2.129395642138459,313.0,113.28125,42.96875,7.694,1.1525719972156676,219.0,105.46875,29.6875,7.812,-2.214297435588181,262.0,102.34375,35.9375,7.812,3.141592653589793,209.0,111.71875,28.125,7.967,-1.373400766945016
264,178.90625,35.9375,1.5831305972909557,-0.316,-0.109,6.769,265,185.9375,35.9375,7.031,0.0,216,182.03125,28.90625,7.694,-1.1525719972156676,289.0,173.4375,39.84375,6.72,2.5213431676069717,302.0,182.03125,41.40625,6.298,1.0516502125483738,237.0,174.21875,32.03125,6.101,-2.44685437739309,,,,,
265,185.9375,35.9375,1.6483110937226757,-2.987,0.034,7.197,220,189.84375,29.6875,7.37,-1.0121970114513341,264,178.90625,35.9375,7.031,3.141592653589793,266.0,192.96875,35.9375,7.031,0.0,311.0,189.0625,42.1875,6.987,1.1071487177940904,302.0,182.03125,41.40625,6.72,2.191045812777718,216.0,182.03125,28.90625,8.043,-2.0778948311872334
266,192.96875,35.9375,1.71131405875591,1.268,0.06,7.028,311,189.0625,42.1875,7.37,2.129395642138459,270,200.0,36.71875,7.074,0.11065722117389565,265.0,185.9375,35.9375,7.031,3.141592653589793,220.0,189.84375,29.6875,6.987,-2.0344439357957027,312.0,196.09375,42.1875,6.987,1.1071487177940904,227.0,196.875,30.46875,6.72,-0.9505468408120752
267,235.15625,35.9375,1.6540410711014157,-1.813,-0.351,7.283,278,228.125,37.5,7.202,2.922923707715851,316,233.59375,42.96875,7.202,1.7894652726688385,242.0,241.40625,32.8125,6.987,-0.4636476090008061,229.0,229.6875,30.46875,7.733,-2.356194490192345,290.0,240.625,39.84375,6.72,0.6202494859828215,213.0,235.9375,28.125,7.851,-1.4711276743037347
268,34.375,36.71875,1.6881974196320528,-2.285,0.332,7.21,218,32.8125,29.6875,7.202,-1.7894652726688385,298,28.90625,41.40625,7.202,2.432966381462123,317.0,35.9375,43.75,7.202,1.3521273809209546,247.0,28.125,34.375,6.675,-2.782821983319221,284.0,40.625,39.0625,6.675,0.35877067027057225,233.0,40.625,31.25,8.304,-0.7188299996216245
269,141.40625,36.71875,1.421155892843057,0.194,-0.467,7.064,318,139.84375,43.75,7.202,1.7894652726688385,301,146.875,41.40625,7.202,0.7086262721276703,253.0,148.4375,34.375,7.411,-0.3217505543966422,225.0,142.96875,30.46875,6.442,-1.3258176636680326,,,,,,,,,,
270,200.0,36.71875,1.7018879880315185,-1.874,0.06,7.028,228,203.90625,30.46875,7.37,-1.0121970114513341,266,192.96875,35.9375,7.074,-3.0309354324158977,271.0,207.03125,36.71875,7.031,0.0,227.0,196.875,30.46875,6.987,-2.0344439357957027,314.0,203.125,42.96875,6.987,1.1071487177940904,312.0,196.09375,42.1875,6.72,2.191045812777718
271,207.03125,36.71875,1.6954339674604773,1.268,0.06,7.028,314,203.125,42.96875,7.37,2.129395642138459,277,214.0625,37.5,7.074,0.11065722117389565,270.0,200.0,36.71875,7.031,3.141592653589793,228.0,203.90625,30.46875,6.987,-2.0344439357957027,315.0,210.15625,42.96875,6.987,1.1071487177940904,234.0,210.9375,31.25,6.72,-0.9505468408120752
272,247.65625,36.71875,1.654234325594889,-2.332,-0.489,7.139,242,241.40625,32.8125,7.37,-2.5829933382462307,243,253.90625,32.8125,7.37,-0.5585993153435624,321.0,246.875,43.75,7.074,1.6814535479687922,221.0,247.65625,29.6875,7.031,-1.5707963267948966,290.0,240.625,39.84375,7.694,2.723368324010564,291.0,253.125,39.84375,6.298,0.5191461142465229
273,260.15625,36.71875,1.657296758808718,-2.586,-0.456,7.476,243,253.90625,32.8125,7.37,-2.5829933382462307,244,266.40625,32.8125,7.37,-0.5585993153435624,322.0,259.375,43.75,7.074,1.6814535479687922,291.0,253.125,39.84375,7.694,2.723368324010564,297.0,265.625,40.625,6.72,0.6202494859828215,214.0,260.9375,28.125,8.629,-1.4801364395941514
274,299.21875,36.71875,1.6655675823395872,2.948,-0.407,6.973,304,293.75,41.40625,7.202,2.432966381462123,254,292.1875,34.375,7.411,-2.819842099193151,324.0,299.21875,43.75,7.031,1.5707963267948966,231.0,299.21875,30.46875,6.25,-1.5707963267948966,,,,,,,,,,
275,137.5,37.5,1.3771166009341904,2.935,0.373,7.361,309,132.03125,42.1875,7.202,2.432966381462123,224,135.15625,30.46875,7.411,-1.892546881191539,318.0,139.84375,43.75,6.675,1.2120256565243244,258.0,129.6875,35.15625,8.156,-2.8501358591119264,,,,,,,,,,
276,160.9375,37.5,1.7076553386133584,-2.872,-0.306,7.307,226,162.5,30.46875,7.202,-1.3521273809209546,240,155.46875,32.8125,7.202,-2.432966381462123,310.0,166.40625,42.1875,7.202,0.7086262721276703,259.0,167.96875,35.15625,7.411,-0.3217505543966422,288.0,153.90625,39.84375,7.411,2.819842099193151,325.0,158.59375,44.53125,7.411,1.892546881191539
277,214.0625,37.5,1.7034951985404907,0.785,0.089,6.927,283,221.09375,38.28125,7.074,0.11065722117389565,271,207.03125,36.71875,7.074,-3.0309354324158977,234.0,210.9375,31.25,6.987,-2.0344439357957027,319.0,217.1875,43.75,6.987,1.1071487177940904,238.0,217.96875,32.03125,6.72,-0.9505468408120752,315.0,210.15625,42.96875,6.72,2.191045812777718
278,228.125,37.5,1.707909910104151,-2.493,-0.206,7.138,229,229.6875,30.46875,7.202,-1.3521273809209546,267,235.15625,35.9375,7.202,-0.21866894587394195,283.0,221.09375,38.28125,7.074,3.0309354324158977,320.0,225.0,43.75,6.987,2.0344439357957027,316.0,233.59375,42.96875,7.733,0.7853981633974483,241.0,223.4375,32.8125,6.629,-2.356194490192345
279,271.875,37.5,1.6571509498309993,0.448,-0.374,7.224,230,273.4375,30.46875,7.202,-1.3521273809209546,244,266.40625,32.8125,7.202,-2.432966381462123,326.0,271.09375,44.53125,7.074,1.6814535479687922,297.0,265.625,40.625,6.987,2.677945044588987,303.0,277.34375,41.40625,6.72,0.6202494859828215,260.0,279.6875,35.15625,8.156,-0.2914567944778671
280,5.46875,38.28125,1.6922584280221746,0.67,0.523,7.107,246,11.71875,34.375,7.37,-0.5585993153435624,306,11.71875,42.1875,7.37,0.5585993153435624,327.0,5.46875,45.3125,7.031,1.5707963267948966,305.0,0.0,42.1875,6.72,2.5213431676069717,222.0,6.25,30.46875,7.851,-1.4711276743037347,255.0,0.0,35.15625,6.298,-2.62244653934327
281,16.40625,38.28125,1.6203466288503012,-1.602,0.279,6.743,239,21.09375,32.8125,7.202,-0.8621700546672264,328,17.96875,45.3125,7.202,1.3521273809209546,232.0,14.0625,31.25,7.411,-1.892546881191539,286.0,22.65625,39.84375,6.442,0.24497866312686414,246.0,11.71875,34.375,6.101,-2.44685437739309,306.0,11.71875,42.1875,6.101,2.44685437739309
282,117.96875,38.28125,1.6906608619916277,-0.242,0.265,7.174,245,123.4375,33.59375,7.202,-0.7086262721276703,287,125.0,39.84375,7.202,0.21866894587394195,329.0,120.3125,45.3125,7.411,1.2490457723982544,313.0,113.28125,42.96875,6.629,2.356194490192345,236.0,116.40625,32.03125,6.442,-1.8157749899217608,263.0,110.15625,35.9375,8.156,-2.8501358591119264
283,221.09375,38.28125,1.7021037974237239,-1.702,-0.011,6.754,278,228.125,37.5,7.074,-0.11065722117389565,277,214.0625,37.5,7.074,-3.0309354324158977,238.0,217.96875,32.03125,6.987,-2.0344439357957027,319.0,217.1875,43.75,6.72,2.191045812777718,320.0,225.0,43.75,6.72,0.9505468408120752,241.0,223.4375,32.8125,5.949,-1.1659045405098132
284,40.625,39.0625,1.6224576264258184,0.11,0.357,7.199,330,42.1875,46.09375,7.202,1.3521273809209546,256,46.09375,35.15625,6.72,-0.6202494859828215,233.0,40.625,31.25,7.812,-1.5707963267948966,268.0,34.375,36.71875,6.675,-2.782821983319221,317.0,35.9375,43.75,6.629,2.356194490192345,299.0,48.4375,41.40625,8.156,0.2914567944778671
285,286.71875,39.0625,1.6787155977410404,-0.435,0.34,7.424,254,292.1875,34.375,7.202,-0.7086262721276703,304,293.75,41.40625,7.411,0.3217505543966422,333.0,289.0625,46.09375,7.411,1.2490457723982544,235.0,285.9375,31.25,7.851,-1.6704649792860586,323.0,282.03125,43.75,6.629,2.356194490192345,260.0,279.6875,35.15625,8.043,-2.6344941491974563
286,22.65625,39.84375,1.6525720799201522,1.01,0.261,7.165,239,21.09375,32.8125,7.202,-1.7894652726688385,328,17.96875,45.3125,7.202,2.279422598922567,247.0,28.125,34.375,7.733,-0.7853981633974483,343.0,24.21875,47.65625,7.967,1.373400766945016,298.0,28.90625,41.40625,6.442,0.24497866312686414,281.0,16.40625,38.28125,6.442,-2.896613990462929
287,125.0,39.84375,1.6321473525111772,0.903,0.244,7.05,282,117.96875,38.28125,7.202,-2.922923707715851,329,120.3125,45.3125,7.202,2.279422598922567,338.0,127.34375,46.875,7.411,1.2490457723982544,309.0,132.03125,42.1875,7.411,0.3217505543966422,258.0,129.6875,35.15625,6.629,-0.7853981633974483,245.0,123.4375,33.59375,6.442,-1.8157749899217608
288,153.90625,39.84375,1.6567836549395407,-2.038,-0.275,7.103,240,155.46875,32.8125,7.202,-1.3521273809209546,301,146.875,41.40625,7.202,2.922923707715851,276.0,160.9375,37.5,7.411,-0.3217505543966422,253.0,148.4375,34.375,7.733,-2.356194490192345,325.0,158.59375,44.53125,6.629,0.7853981633974483,332.0,152.34375,46.09375,6.442,1.8157749899217608
289,173.4375,39.84375,1.6313729003657387,-2.912,-0.322,7.508,259,167.96875,35.15625,7.202,-2.432966381462123,310,166.40625,42.1875,7.411,2.819842099193151,339.0,171.09375,46.875,7.411,1.892546881191539,264.0,178.90625,35.9375,6.72,-0.6202494859828215,237.0,174.21875,32.03125,7.851,-1.4711276743037347,340.0,178.125,46.875,8.45,0.982793723247329
290,240.625,39.84375,1.6833310738824554,-0.303,-0.448,7.264,321,246.875,43.75,7.37,0.5585993153435624,242,241.40625,32.8125,7.074,-1.460139105621001,341.0,240.625,46.875,7.031,1.5707963267948966,272.0,247.65625,36.71875,7.694,-0.4182243295792291,316.0,233.59375,42.96875,7.694,2.723368324010564,267.0,235.15625,35.9375,6.72,-2.5213431676069717
291,253.125,39.84375,1.6474100862490169,0.809,-0.489,7.139,321,246.875,43.75,7.37,2.5829933382462307,322,259.375,43.75,7.37,0.5585993153435624,243.0,253.90625,32.8125,7.074,-1.460139105621001,342.0,253.125,46.875,7.031,1.5707963267948966,273.0,260.15625,36.71875,7.694,-0.4182243295792291,272.0,247.65625,36.71875,6.298,-2.62244653934327
292,56.25,40.625,1.697490034022105,2.428,-0.034,6.979,293,63.28125,40.625,7.031,0.0,248,59.375,34.375,6.987,-1.1071487177940904,334.0,59.375,46.875,6.987,1.1071487177940904,257.0,52.34375,35.15625,6.72,-2.191045812777718,299.0,48.4375,41.40625,7.851,3.0419240010986313,331.0,53.125,46.09375,6.298,2.0899424410414196
293,63.28125,40.625,1.70726826681277,3.141,-0.001,7.129,248,59.375,34.375,7.37,-2.129395642138459,334,59.375,46.875,7.37,2.129395642138459,294.0,70.3125,40.625,7.031,0.0,292.0,56.25,40.625,7.031,3.141592653589793,249.0,66.40625,34.375,6.987,-1.1071487177940904,335.0,66.40625,46.875,6.987,1.1071487177940904
294,70.3125,40.625,1.7143623587474508,3.141,-0.001,7.129,249,66.40625,34.375,7.37,-2.129395642138459,335,66.40625,46.875,7.37,2.129395642138459,295.0,77.34375,40.625,7.031,0.0,293.0,63.28125,40.625,7.031,3.141592653589793,250.0,73.4375,34.375,6.987,-1.1071487177940904,336.0,73.4375,46.875,6.987,1.1071487177940904
295,77.34375,40.625,1.7007726207898748,2.63,0.015,7.193,250,73.4375,34.375,7.37,-2.129395642138459,251,81.25,34.375,7.37,-1.0121970114513341,336.0,73.4375,46.875,7.37,2.129395642138459,294.0,70.3125,40.625,7.031,3.141592653589793,296.0,84.375,40.625,7.031,0.0,337.0,80.46875,46.875,6.987,1.1071487177940904
296,84.375,40.625,1.6452994855710785,1.919,0.057,7.254,252,88.28125,34.375,7.37,-1.0121970114513341,337,80.46875,46.875,7.37,2.129395642138459,300.0,91.40625,41.40625,7.074,0.11065722117389565,295.0,77.34375,40.625,7.031,3.141592653589793,251.0,81.25,34.375,6.987,-2.0344439357957027,344.0,87.5,47.65625,7.694,1.1525719972156676
297,265.625,40.625,1.677854621123688,0.049,-0.455,7.049,349,265.625,47.65625,7.031,1.5707963267948966,322,259.375,43.75,6.987,2.677945044588987,279.0,271.875,37.5,6.987,-0.4636476090008061,273.0,260.15625,36.71875,6.72,-2.5213431676069717,326.0,271.09375,44.53125,6.72,0.6202494859828215,244.0,266.40625,32.8125,7.851,-1.4711276743037347
298,28.90625,41.40625,1.596672974971097,0.698,0.293,7.191,268,34.375,36.71875,7.202,-0.7086262721276703,350,30.46875,48.4375,7.202,1.3521273809209546,317.0,35.9375,43.75,7.411,0.3217505543966422,247.0,28.125,34.375,7.074,-1.6814535479687922,343.0,24.21875,47.65625,7.812,2.214297435588181,286.0,22.65625,39.84375,6.442,-2.896613990462929
299,48.4375,41.40625,1.6446991090595595,-1.43,0.111,7.415,257,52.34375,35.15625,7.37,-1.0121970114513341,330,42.1875,46.09375,7.812,2.498091544796509,256.0,46.09375,35.15625,6.675,-1.9295669970654687,292.0,56.25,40.625,7.851,-0.09966865249116202,331.0,53.125,46.09375,6.629,0.7853981633974483,284.0,40.625,39.0625,8.156,-2.8501358591119264
300,91.40625,41.40625,1.694732137075681,-1.391,0.069,7.083,344,87.5,47.65625,7.37,2.129395642138459,307,98.4375,42.1875,7.074,0.11065722117389565,296.0,84.375,40.625,7.074,-3.0309354324158977,345.0,94.53125,47.65625,6.987,1.1071487177940904,252.0,88.28125,34.375,7.694,-1.9890206563741257,261.0,94.53125,35.9375,6.298,-1.0516502125483738
301,146.875,41.40625,1.6915115477995093,1.55,-0.301,7.11,253,148.4375,34.375,7.202,-1.3521273809209546,269,141.40625,36.71875,7.202,-2.432966381462123,288.0,153.90625,39.84375,7.202,-0.21866894587394195,332.0,152.34375,46.09375,7.202,0.7086262721276703,318.0,139.84375,43.75,7.411,2.819842099193151,347.0,145.3125,47.65625,6.442,1.8157749899217608
302,182.03125,41.40625,1.696015089767849,0.143,0.088,6.76,311,189.0625,42.1875,7.074,0.11065722117389565,348,185.15625,47.65625,6.987,1.1071487177940904,340.0,178.125,46.875,6.72,2.191045812777718,265.0,185.9375,35.9375,6.72,-0.9505468408120752,264.0,178.90625,35.9375,6.298,-2.0899424410414196,,,,,
303,277.34375,41.40625,1.4616361400027433,-3.09,0.427,6.853,354,277.34375,48.4375,7.031,1.5707963267948966,326,271.09375,44.53125,6.987,2.677945044588987,279.0,271.875,37.5,6.72,-2.5213431676069717,260.0,279.6875,35.15625,6.675,-1.2120256565243244,,,,,,,,,,
304,293.75,41.40625,1.6733123144181254,0.718,0.305,6.967,254,292.1875,34.375,7.202,-1.7894652726688385,274,299.21875,36.71875,7.202,-0.7086262721276703,285.0,286.71875,39.0625,7.411,-2.819842099193151,355.0,296.09375,48.4375,7.411,1.2490457723982544,333.0,289.0625,46.09375,6.629,2.356194490192345,324.0,299.21875,43.75,5.949,0.40489178628508343
305,0.0,42.1875,1.6379413083838217,-0.051,-0.299,6.77,255,0.0,35.15625,7.031,-1.5707963267948966,356,0.0,49.21875,7.031,1.5707963267948966,280.0,5.46875,38.28125,6.72,-0.6202494859828215,327.0,5.46875,45.3125,6.298,0.5191461142465229,,,,,,,,,,
306,11.71875,42.1875,1.6361820517503007,-1.853,0.503,7.048,280,5.46875,38.28125,7.37,-2.5829933382462307,357,11.71875,49.21875,7.031,1.5707963267948966,328.0,17.96875,45.3125,6.987,0.4636476090008061,327.0,5.46875,45.3125,6.987,2.677945044588987,246.0,11.71875,34.375,7.812,-1.5707963267948966,281.0,16.40625,38.28125,6.101,-0.6947382761967031
307,98.4375,42.1875,1.6488968105717248,-2.137,0.035,7.107,261,94.53125,35.9375,7.37,-2.129395642138459,262,102.34375,35.9375,7.37,-1.0121970114513341,300.0,91.40625,41.40625,7.074,-3.0309354324158977,345.0,94.53125,47.65625,6.72,2.191045812777718,308.0,106.25,42.1875,7.812,0.0,346.0,101.5625,47.65625,6.298,1.0516502125483738
308,106.25,42.1875,1.6499460530415084,2.796,0.076,7.25,346,101.5625,47.65625,7.202,2.279422598922567,262,102.34375,35.9375,7.37,-2.129395642138459,263.0,110.15625,35.9375,7.37,-1.0121970114513341,313.0,113.28125,42.96875,7.074,0.11065722117389565,307.0,98.4375,42.1875,7.812,3.141592653589793,351.0,108.59375,48.4375,6.675,1.2120256565243244
309,132.03125,42.1875,1.6785233782530313,-0.65,0.253,7.338,275,137.5,37.5,7.202,-0.7086262721276703,258,129.6875,35.15625,7.411,-1.892546881191539,287.0,125.0,39.84375,7.411,-2.819842099193151,358.0,134.375,49.21875,7.411,1.2490457723982544,338.0,127.34375,46.875,6.629,2.356194490192345,318.0,139.84375,43.75,7.967,0.19739555984988075
310,166.40625,42.1875,1.680928412542689,-3.142,-0.288,7.335,259,167.96875,35.15625,7.202,-1.3521273809209546,276,160.9375,37.5,7.202,-2.432966381462123,289.0,173.4375,39.84375,7.411,-0.3217505543966422,359.0,164.0625,49.21875,7.411,1.892546881191539,339.0,171.09375,46.875,6.629,0.7853981633974483,325.0,158.59375,44.53125,8.156,2.8501358591119264
311,189.0625,42.1875,1.6954265713200756,-1.874,0.06,7.028,266,192.96875,35.9375,7.37,-1.0121970114513341,302,182.03125,41.40625,7.074,-3.0309354324158977,312.0,196.09375,42.1875,7.031,0.0,265.0,185.9375,35.9375,6.987,-2.0344439357957027,352.0,192.1875,48.4375,6.987,1.1071487177940904,348.0,185.15625,47.65625,6.72,2.191045812777718
312,196.09375,42.1875,1.6941427481020725,1.268,0.06,7.028,352,192.1875,48.4375,7.37,2.129395642138459,314,203.125,42.96875,7.074,0.11065722117389565,311.0,189.0625,42.1875,7.031,3.141592653589793,266.0,192.96875,35.9375,6.987,-2.0344439357957027,353.0,199.21875,48.4375,6.987,1.1071487177940904,270.0,200.0,36.71875,6.72,-0.9505468408120752
313,113.28125,42.96875,1.6924181817520239,1.833,0.196,7.237,351,108.59375,48.4375,7.202,2.279422598922567,329,120.3125,45.3125,7.411,0.3217505543966422,366.0,115.625,50.0,7.411,1.2490457723982544,308.0,106.25,42.1875,7.074,-3.0309354324158977,263.0,110.15625,35.9375,7.694,-1.9890206563741257,282.0,117.96875,38.28125,6.629,-0.7853981633974483
314,203.125,42.96875,1.7122810736229546,-1.874,0.06,7.028,271,207.03125,36.71875,7.37,-1.0121970114513341,312,196.09375,42.1875,7.074,-3.0309354324158977,315.0,210.15625,42.96875,7.031,0.0,270.0,200.0,36.71875,6.987,-2.0344439357957027,360.0,206.25,49.21875,6.987,1.1071487177940904,353.0,199.21875,48.4375,6.72,2.191045812777718
315,210.15625,42.96875,1.6783470820217004,1.268,0.06,7.028,360,206.25,49.21875,7.37,2.129395642138459,319,217.1875,43.75,7.074,0.11065722117389565,314.0,203.125,42.96875,7.031,3.141592653589793,271.0,207.03125,36.71875,6.987,-2.0344439357957027,361.0,213.28125,49.21875,6.987,1.1071487177940904,277.0,214.0625,37.5,6.72,-0.9505468408120752
316,233.59375,42.96875,1.6037271856591298,0.144,-0.476,7.697,267,235.15625,35.9375,7.202,-1.3521273809209546,367,235.15625,50.0,7.202,1.3521273809209546,290.0,240.625,39.84375,7.694,-0.4182243295792291,278.0,228.125,37.5,7.733,-2.356194490192345,341.0,240.625,46.875,8.043,0.507098504392337,363.0,228.125,49.21875,8.304,2.289626326416521
317,35.9375,43.75,1.695053616243579,-3.108,0.33,6.903,268,34.375,36.71875,7.202,-1.7894652726688385,350,30.46875,48.4375,7.202,2.432966381462123,298.0,28.90625,41.40625,7.411,-2.819842099193151,330.0,42.1875,46.09375,6.675,0.35877067027057225,284.0,40.625,39.0625,6.629,-0.7853981633974483,364.0,36.71875,50.0,6.298,1.446441332248135
318,139.84375,43.75,1.6843985593561663,0.053,-0.519,7.265,269,141.40625,36.71875,7.202,-1.3521273809209546,301,146.875,41.40625,7.411,-0.3217505543966422,358.0,134.375,49.21875,7.733,2.356194490192345,347.0,145.3125,47.65625,6.72,0.6202494859828215,275.0,137.5,37.5,6.675,-1.9295669970654687,371.0,140.625,51.5625,7.851,1.4711276743037347
319,217.1875,43.75,1.7119042249677965,-0.939,0.047,7.006,315,210.15625,42.96875,7.074,-3.0309354324158977,277,214.0625,37.5,6.987,-2.0344439357957027,283.0,221.09375,38.28125,6.72,-0.9505468408120752,361.0,213.28125,49.21875,6.72,2.191045812777718,362.0,221.09375,49.21875,6.72,0.9505468408120752,320.0,225.0,43.75,7.812,0.0
320,225.0,43.75,1.681778050650609,-2.66,-0.026,7.194,278,228.125,37.5,6.987,-1.1071487177940904,283,221.09375,38.28125,6.72,-2.191045812777718,362.0,221.09375,49.21875,6.72,2.191045812777718,319.0,217.1875,43.75,7.812,3.141592653589793,363.0,228.125,49.21875,6.298,1.0516502125483738,316.0,233.59375,42.96875,8.629,-0.09065988720074511
321,246.875,43.75,1.6926490417292404,-0.966,-0.506,7.136,290,240.625,39.84375,7.37,-2.5829933382462307,291,253.125,39.84375,7.37,-0.5585993153435624,272.0,247.65625,36.71875,7.074,-1.460139105621001,368.0,246.875,50.78125,7.031,1.5707963267948966,341.0,240.625,46.875,6.987,2.677945044588987,342.0,253.125,46.875,6.987,0.4636476090008061
322,259.375,43.75,1.7128013124850343,0.055,-0.474,7.136,291,253.125,39.84375,7.37,-2.5829933382462307,349,265.625,47.65625,7.37,0.5585993153435624,273.0,260.15625,36.71875,7.074,-1.460139105621001,369.0,259.375,50.78125,7.031,1.5707963267948966,342.0,253.125,46.875,6.987,2.677945044588987,297.0,265.625,40.625,6.987,-0.4636476090008061
323,282.03125,43.75,1.4827714845058289,0.836,0.431,6.968,370,283.59375,50.78125,7.202,1.3521273809209546,333,289.0625,46.09375,7.411,0.3217505543966422,285.0,286.71875,39.0625,6.629,-0.7853981633974483,354.0,277.34375,48.4375,6.629,2.356194490192345,,,,,,,,,,
324,299.21875,43.75,1.5432918616520708,-2.154,0.345,6.49,274,299.21875,36.71875,7.031,-1.5707963267948966,304,293.75,41.40625,5.949,-2.7367008673047097,,,,,,,,,,,,,,,,,,,,
325,158.59375,44.53125,1.6462072888577708,-0.487,-0.275,7.174,372,157.03125,51.5625,7.202,1.7894652726688385,359,164.0625,49.21875,7.202,0.7086262721276703,276.0,160.9375,37.5,7.411,-1.2490457723982544,288.0,153.90625,39.84375,6.629,-2.356194490192345,332.0,152.34375,46.09375,6.442,2.896613990462929,310.0,166.40625,42.1875,8.156,-0.2914567944778671
326,271.09375,44.53125,1.6731737059199292,0.022,-0.473,6.913,354,277.34375,48.4375,7.37,0.5585993153435624,279,271.875,37.5,7.074,-1.460139105621001,373.0,271.09375,51.5625,7.031,1.5707963267948966,303.0,277.34375,41.40625,6.987,-0.4636476090008061,297.0,265.625,40.625,6.72,-2.5213431676069717,349.0,265.625,47.65625,6.298,2.62244653934327
327,5.46875,45.3125,1.6840140605967877,1.225,0.523,6.906,357,11.71875,49.21875,7.37,0.5585993153435624,280,5.46875,38.28125,7.031,-1.5707963267948966,374.0,5.46875,52.34375,7.031,1.5707963267948966,306.0,11.71875,42.1875,6.987,-0.4636476090008061,356.0,0.0,49.21875,6.72,2.5213431676069717,305.0,0.0,42.1875,6.298,-2.62244653934327
328,17.96875,45.3125,1.6722513194013844,-2.461,0.393,7.078,281,16.40625,38.28125,7.202,-1.7894652726688385,286,22.65625,39.84375,7.202,-0.8621700546672264,357.0,11.71875,49.21875,7.37,2.5829933382462307,375.0,17.96875,52.34375,7.031,1.5707963267948966,306.0,11.71875,42.1875,6.987,-2.677945044588987,343.0,24.21875,47.65625,6.675,0.35877067027057225
329,120.3125,45.3125,1.6902691416655535,-2.373,0.248,7.176,287,125.0,39.84375,7.202,-0.8621700546672264,338,127.34375,46.875,7.202,0.21866894587394195,377.0,121.875,52.34375,7.202,1.3521273809209546,282.0,117.96875,38.28125,7.411,-1.892546881191539,313.0,113.28125,42.96875,7.411,-2.819842099193151,366.0,115.625,50.0,6.629,2.356194490192345
330,42.1875,46.09375,1.6826828101241555,2.618,0.428,7.265,284,40.625,39.0625,7.202,-1.7894652726688385,365,48.4375,50.0,7.37,0.5585993153435624,364.0,36.71875,50.0,6.72,2.5213431676069717,299.0,48.4375,41.40625,7.812,-0.6435011087932844,384.0,42.1875,53.90625,7.812,1.5707963267948966,317.0,35.9375,43.75,6.675,-2.782821983319221
331,53.125,46.09375,1.6144426299813295,0.622,0.198,6.506,380,54.6875,53.125,7.202,1.3521273809209546,299,48.4375,41.40625,6.629,-2.356194490192345,334.0,59.375,46.875,6.298,0.12435499454676144,292.0,56.25,40.625,6.298,-1.0516502125483738,365.0,48.4375,50.0,6.101,2.44685437739309,,,,,
332,152.34375,46.09375,1.6466650344082248,2.973,-0.235,7.151,301,146.875,41.40625,7.202,-2.432966381462123,347,145.3125,47.65625,7.202,2.922923707715851,372.0,157.03125,51.5625,7.202,0.8621700546672264,288.0,153.90625,39.84375,6.442,-1.3258176636680326,325.0,158.59375,44.53125,6.442,-0.24497866312686414,390.0,149.21875,53.90625,8.414,1.9513027039072615
333,289.0625,46.09375,1.6844442636478167,-2.954,0.292,7.211,383,290.625,53.125,7.202,1.3521273809209546,370,283.59375,50.78125,7.202,2.432966381462123,285.0,286.71875,39.0625,7.411,-1.892546881191539,323.0,282.03125,43.75,7.411,-2.819842099193151,355.0,296.09375,48.4375,7.411,0.3217505543966422,304.0,293.75,41.40625,6.629,-0.7853981633974483
334,59.375,46.875,1.6347253480773904,-1.295,0.042,7.036,293,63.28125,40.625,7.37,-1.0121970114513341,335,66.40625,46.875,7.031,0.0,292.0,56.25,40.625,6.987,-2.0344439357957027,376.0,63.28125,52.34375,6.72,0.9505468408120752,380.0,54.6875,53.125,7.812,2.214297435588181,331.0,53.125,46.09375,6.298,-3.017237659043032
335,66.40625,46.875,1.6737119226121557,-0.221,0.009,7.014,294,70.3125,40.625,7.37,-1.0121970114513341,381,70.3125,53.125,7.37,1.0121970114513341,336.0,73.4375,46.875,7.031,0.0,334.0,59.375,46.875,7.031,3.141592653589793,293.0,63.28125,40.625,6.987,-2.0344439357957027,376.0,63.28125,52.34375,6.298,2.0899424410414196
336,73.4375,46.875,1.692255638073755,0.511,0.016,7.065,295,77.34375,40.625,7.37,-1.0121970114513341,335,66.40625,46.875,7.031,3.141592653589793,337.0,80.46875,46.875,7.031,0.0,294.0,70.3125,40.625,6.987,-2.0344439357957027,381.0,70.3125,53.125,6.987,2.0344439357957027,382.0,76.5625,53.125,6.987,1.1071487177940904
337,80.46875,46.875,1.668661705392123,1.919,0.057,7.254,296,84.375,40.625,7.37,-1.0121970114513341,382,76.5625,53.125,7.37,2.129395642138459,344.0,87.5,47.65625,7.074,0.11065722117389565,336.0,73.4375,46.875,7.031,3.141592653589793,295.0,77.34375,40.625,6.987,-2.0344439357957027,385.0,83.59375,53.90625,7.694,1.1525719972156676
338,127.34375,46.875,1.6667433047373688,2.356,0.261,7.265,329,120.3125,45.3125,7.202,-2.922923707715851,389,128.90625,53.90625,7.202,1.3521273809209546,358.0,134.375,49.21875,7.411,0.3217505543966422,287.0,125.0,39.84375,7.411,-1.892546881191539,377.0,121.875,52.34375,7.733,2.356194490192345,309.0,132.03125,42.1875,6.629,-0.7853981633974483
339,171.09375,46.875,1.6896464054752258,1.745,-0.185,7.102,289,173.4375,39.84375,7.411,-1.2490457723982544,359,164.0625,49.21875,7.411,2.819842099193151,391.0,168.75,53.90625,7.411,1.892546881191539,340.0,178.125,46.875,7.031,0.0,378.0,175.0,52.34375,6.72,0.9505468408120752,310.0,166.40625,42.1875,6.629,-2.356194490192345
340,178.125,46.875,1.6792735223165045,1.845,0.041,7.211,348,185.15625,47.65625,7.074,0.11065722117389565,339,171.09375,46.875,7.031,3.141592653589793,392.0,181.25,53.90625,7.694,1.1525719972156676,302.0,182.03125,41.40625,6.72,-0.9505468408120752,378.0,175.0,52.34375,6.298,2.0899424410414196,289.0,173.4375,39.84375,8.45,-2.158798930342464
341,240.625,46.875,1.6825471560745227,2.415,-0.494,7.263,368,246.875,50.78125,7.37,0.5585993153435624,290,240.625,39.84375,7.031,-1.5707963267948966,321.0,246.875,43.75,6.987,-0.4636476090008061,397.0,239.84375,54.6875,7.851,1.6704649792860586,316.0,233.59375,42.96875,8.043,-2.6344941491974563,367.0,235.15625,50.0,6.298,2.62244653934327
342,253.125,46.875,1.663538634378657,2.125,-0.508,7.266,368,246.875,50.78125,7.37,2.5829933382462307,369,259.375,50.78125,7.37,0.5585993153435624,291.0,253.125,39.84375,7.031,-1.5707963267948966,321.0,246.875,43.75,6.987,-2.677945044588987,322.0,259.375,43.75,6.987,-0.4636476090008061,398.0,252.34375,54.6875,7.851,1.6704649792860586
343,24.21875,47.65625,1.6606783954844766,-1.068,0.295,7.478,298,28.90625,41.40625,7.812,-0.9272952180016122,375,17.96875,52.34375,7.812,2.498091544796509,328.0,17.96875,45.3125,6.675,-2.782821983319221,286.0,22.65625,39.84375,7.967,-1.7681918866447774,350.0,30.46875,48.4375,6.298,0.12435499454676144,379.0,30.46875,53.125,8.304,0.7188299996216245
344,87.5,47.65625,1.7021623294981039,-1.223,0.057,7.254,300,91.40625,41.40625,7.37,-1.0121970114513341,385,83.59375,53.90625,7.37,2.129395642138459,337.0,80.46875,46.875,7.074,-3.0309354324158977,345.0,94.53125,47.65625,7.031,0.0,386.0,90.625,53.90625,6.987,1.1071487177940904,296.0,84.375,40.625,7.694,-1.9890206563741257
345,94.53125,47.65625,1.7126616147475822,0.589,0.041,7.021,386,90.625,53.90625,7.37,2.129395642138459,346,101.5625,47.65625,7.031,0.0,344.0,87.5,47.65625,7.031,3.141592653589793,300.0,91.40625,41.40625,6.987,-2.0344439357957027,387.0,97.65625,53.90625,6.987,1.1071487177940904,307.0,98.4375,42.1875,6.72,-0.9505468408120752
346,101.5625,47.65625,1.6757285901719048,1.286,0.064,6.994,308,106.25,42.1875,7.202,-0.8621700546672264,387,97.65625,53.90625,7.37,2.129395642138459,351.0,108.59375,48.4375,7.074,0.11065722117389565,345.0,94.53125,47.65625,7.031,3.141592653589793,388.0,104.6875,53.90625,6.987,1.1071487177940904,307.0,98.4375,42.1875,6.298,-2.0899424410414196
347,145.3125,47.65625,1.6129077522919533,-1.034,-0.338,6.767,332,152.34375,46.09375,7.202,-0.21866894587394195,390,149.21875,53.90625,7.37,1.0121970114513341,318.0,139.84375,43.75,6.72,-2.5213431676069717,301.0,146.875,41.40625,6.442,-1.3258176636680326,371.0,140.625,51.5625,6.101,2.44685437739309,,,,,
348,185.15625,47.65625,1.7012580900974619,0.589,0.078,7.035,392,181.25,53.90625,7.37,2.129395642138459,352,192.1875,48.4375,7.074,0.11065722117389565,340.0,178.125,46.875,7.074,-3.0309354324158977,302.0,182.03125,41.40625,6.987,-2.0344439357957027,393.0,188.28125,53.90625,6.987,1.1071487177940904,311.0,189.0625,42.1875,6.72,-0.9505468408120752
349,265.625,47.65625,1.6652124152432026,-3.12,-0.473,6.913,322,259.375,43.75,7.37,-2.5829933382462307,399,264.84375,54.6875,7.074,1.6814535479687922,297.0,265.625,40.625,7.031,-1.5707963267948966,369.0,259.375,50.78125,6.987,2.677945044588987,373.0,271.09375,51.5625,6.72,0.6202494859828215,326.0,271.09375,44.53125,6.298,-0.5191461142465229
350,30.46875,48.4375,1.4024269869254307,-1.239,0.383,6.786,298,28.90625,41.40625,7.202,-1.7894652726688385,317,35.9375,43.75,7.202,-0.7086262721276703,364.0,36.71875,50.0,6.442,0.24497866312686414,343.0,24.21875,47.65625,6.298,-3.017237659043032,,,,,,,,,,
351,108.59375,48.4375,1.7087551058506192,0.677,0.139,6.977,313,113.28125,42.96875,7.202,-0.8621700546672264,366,115.625,50.0,7.202,0.21866894587394195,346.0,101.5625,47.65625,7.074,-3.0309354324158977,394.0,111.71875,54.6875,6.987,1.1071487177940904,388.0,104.6875,53.90625,6.72,2.191045812777718,308.0,106.25,42.1875,6.675,-1.9295669970654687
352,192.1875,48.4375,1.7109847883506315,-1.874,0.06,7.028,312,196.09375,42.1875,7.37,-1.0121970114513341,348,185.15625,47.65625,7.074,-3.0309354324158977,353.0,199.21875,48.4375,7.031,0.0,311.0,189.0625,42.1875,6.987,-2.0344439357957027,395.0,195.3125,54.6875,6.987,1.1071487177940904,393.0,188.28125,53.90625,6.72,2.191045812777718
353,199.21875,48.4375,1.6677771002499644,1.268,0.06,7.028,395,195.3125,54.6875,7.37,2.129395642138459,360,206.25,49.21875,7.074,0.11065722117389565,352.0,192.1875,48.4375,7.031,3.141592653589793,312.0,196.09375,42.1875,6.987,-2.0344439357957027,396.0,202.34375,54.6875,6.987,1.1071487177940904,314.0,203.125,42.96875,6.72,-0.9505468408120752
354,277.34375,48.4375,1.7082630918454584,-1.546,0.453,6.961,326,271.09375,44.53125,7.37,-2.5829933382462307,404,278.125,55.46875,7.074,1.460139105621001,303.0,277.34375,41.40625,7.031,-1.5707963267948966,373.0,271.09375,51.5625,6.987,2.677945044588987,370.0,283.59375,50.78125,6.675,0.35877067027057225,323.0,282.03125,43.75,6.629,-0.7853981633974483
355,296.09375,48.4375,1.6271059622411295,2.948,0.398,7.359,383,290.625,53.125,7.202,2.432966381462123,304,293.75,41.40625,7.411,-1.892546881191539,333.0,289.0625,46.09375,7.411,-2.819842099193151,405.0,298.4375,55.46875,7.411,1.2490457723982544,,,,,,,,,,
356,0.0,49.21875,1.6583112413009773,-0.051,-0.299,6.77,305,0.0,42.1875,7.031,-1.5707963267948966,406,0.0,56.25,7.031,1.5707963267948966,327.0,5.46875,45.3125,6.72,-0.6202494859828215,374.0,5.46875,52.34375,6.298,0.5191461142465229,,,,,,,,,,
357,11.71875,49.21875,1.696047727654917,-1.571,-0.524,7.129,327,5.46875,45.3125,7.37,-2.5829933382462307,328,17.96875,45.3125,7.37,-0.5585993153435624,306.0,11.71875,42.1875,7.031,-1.5707963267948966,407.0,11.71875,56.25,7.031,1.5707963267948966,374.0,5.46875,52.34375,6.987,2.677945044588987,375.0,17.96875,52.34375,6.987,0.4636476090008061
358,134.375,49.21875,1.6407979750447534,3.104,0.298,7.272,409,135.9375,56.25,7.202,1.3521273809209546,389,128.90625,53.90625,7.202,2.432966381462123,309.0,132.03125,42.1875,7.411,-1.892546881191539,338.0,127.34375,46.875,7.411,-2.819842099193151,318.0,139.84375,43.75,7.733,-0.7853981633974483,371.0,140.625,51.5625,6.675,0.35877067027057225
359,164.0625,49.21875,1.696785642415213,1.058,-0.293,7.211,325,158.59375,44.53125,7.202,-2.432966381462123,410,162.5,56.25,7.202,1.7894652726688385,339.0,171.09375,46.875,7.411,-0.3217505543966422,310.0,166.40625,42.1875,7.411,-1.2490457723982544,372.0,157.03125,51.5625,7.411,2.819842099193151,391.0,168.75,53.90625,6.629,0.7853981633974483
360,206.25,49.21875,1.7066493616972416,-1.874,0.06,7.028,315,210.15625,42.96875,7.37,-1.0121970114513341,353,199.21875,48.4375,7.074,-3.0309354324158977,361.0,213.28125,49.21875,7.031,0.0,314.0,203.125,42.96875,6.987,-2.0344439357957027,400.0,209.375,55.46875,6.987,1.1071487177940904,396.0,202.34375,54.6875,6.72,2.191045812777718
361,213.28125,49.21875,1.6574108745637255,-0.091,0.025,7.215,401,217.1875,55.46875,7.37,1.0121970114513341,400,209.375,55.46875,7.37,2.129395642138459,360.0,206.25,49.21875,7.031,3.141592653589793,315.0,210.15625,42.96875,6.987,-2.0344439357957027,319.0,217.1875,43.75,6.72,-0.9505468408120752,362.0,221.09375,49.21875,7.812,0.0
362,221.09375,49.21875,1.6337362616072626,2.194,0.016,7.107,401,217.1875,55.46875,7.37,2.129395642138459,363,228.125,49.21875,7.031,0.0,402.0,224.21875,55.46875,6.987,1.1071487177940904,319.0,217.1875,43.75,6.72,-2.191045812777718,320.0,225.0,43.75,6.72,-0.9505468408120752,361.0,213.28125,49.21875,7.812,3.141592653589793
363,228.125,49.21875,1.6692638726184341,1.264,0.065,7.177,402,224.21875,55.46875,7.37,2.129395642138459,367,235.15625,50.0,7.074,0.11065722117389565,362.0,221.09375,49.21875,7.031,3.141592653589793,403.0,231.25,55.46875,6.987,1.1071487177940904,320.0,225.0,43.75,6.298,-2.0899424410414196,316.0,233.59375,42.96875,8.304,-0.8519663271732721
364,36.71875,50.0,1.665769305975471,2.729,0.494,6.707,411,35.9375,57.03125,7.074,1.6814535479687922,379,30.46875,53.125,6.987,2.677945044588987,384.0,42.1875,53.90625,6.72,0.6202494859828215,330.0,42.1875,46.09375,6.72,-0.6202494859828215,350.0,30.46875,48.4375,6.442,-2.896613990462929,317.0,35.9375,43.75,6.298,-1.695151321341658
365,48.4375,50.0,1.6539144853812902,-1.742,0.486,7.242,330,42.1875,46.09375,7.37,-2.5829933382462307,384,42.1875,53.90625,7.37,2.5829933382462307,412.0,48.4375,57.03125,7.031,1.5707963267948966,380.0,54.6875,53.125,6.987,0.4636476090008061,331.0,53.125,46.09375,6.101,-0.6947382761967031,299.0,48.4375,41.40625,8.593,-1.5707963267948966
366,115.625,50.0,1.6772088190962668,2.257,0.27,7.108,351,108.59375,48.4375,7.202,-2.922923707715851,313,113.28125,42.96875,7.411,-1.892546881191539,377.0,121.875,52.34375,6.675,0.35877067027057225,329.0,120.3125,45.3125,6.629,-0.7853981633974483,394.0,111.71875,54.6875,6.101,2.2655346029916,418.0,116.40625,58.59375,8.629,1.4801364395941514
367,235.15625,50.0,1.6349418589614302,-2.864,0.249,6.785,316,233.59375,42.96875,7.202,-1.7894652726688385,363,228.125,49.21875,7.074,-3.0309354324158977,403.0,231.25,55.46875,6.72,2.191045812777718,397.0,239.84375,54.6875,6.629,0.7853981633974483,341.0,240.625,46.875,6.298,-0.5191461142465229,,,,,
368,246.875,50.78125,1.6655266155404067,3.028,-0.506,7.261,341,240.625,46.875,7.37,-2.5829933382462307,342,253.125,46.875,7.37,-0.5585993153435624,321.0,246.875,43.75,7.031,-1.5707963267948966,415.0,246.875,57.8125,7.031,1.5707963267948966,398.0,252.34375,54.6875,6.72,0.6202494859828215,397.0,239.84375,54.6875,8.043,2.6344941491974563
369,259.375,50.78125,1.6489987564722748,2.55,-0.471,7.204,342,253.125,46.875,7.37,-2.5829933382462307,416,258.59375,57.8125,7.074,1.6814535479687922,322.0,259.375,43.75,7.031,-1.5707963267948966,349.0,265.625,47.65625,6.987,-0.4636476090008061,399.0,264.84375,54.6875,6.72,0.6202494859828215,398.0,252.34375,54.6875,8.043,2.6344941491974563
370,283.59375,50.78125,1.7065674143486937,-1.231,0.327,7.149,323,282.03125,43.75,7.202,-1.7894652726688385,333,289.0625,46.09375,7.202,-0.7086262721276703,417.0,285.15625,57.8125,7.202,1.3521273809209546,404.0,278.125,55.46875,7.202,2.432966381462123,383.0,290.625,53.125,7.411,0.3217505543966422,354.0,277.34375,48.4375,6.675,-2.782821983319221
371,140.625,51.5625,1.674992402257045,-2.677,0.384,6.933,419,142.96875,58.59375,7.411,1.2490457723982544,358,134.375,49.21875,6.675,-2.782821983319221,318.0,139.84375,43.75,7.851,-1.6704649792860586,409.0,135.9375,56.25,6.629,2.356194490192345,347.0,145.3125,47.65625,6.101,-0.6947382761967031,,,,,
372,157.03125,51.5625,1.6546229713198863,-1.096,-0.288,7.269,325,158.59375,44.53125,7.202,-1.3521273809209546,332,152.34375,46.09375,7.202,-2.279422598922567,410.0,162.5,56.25,7.202,0.7086262721276703,359.0,164.0625,49.21875,7.411,-0.3217505543966422,414.0,155.46875,57.8125,6.442,1.8157749899217608,390.0,149.21875,53.90625,8.156,2.8501358591119264
373,271.09375,51.5625,1.6899563876368888,-1.008,-0.491,7.133,326,271.09375,44.53125,7.031,-1.5707963267948966,420,271.09375,58.59375,7.031,1.5707963267948966,399.0,264.84375,54.6875,6.987,2.677945044588987,354.0,277.34375,48.4375,6.987,-0.4636476090008061,349.0,265.625,47.65625,6.72,-2.5213431676069717,404.0,278.125,55.46875,8.043,0.507098504392337
374,5.46875,52.34375,1.6315271433927077,1.225,0.523,7.036,407,11.71875,56.25,7.37,0.5585993153435624,327,5.46875,45.3125,7.031,-1.5707963267948966,357.0,11.71875,49.21875,6.987,-0.4636476090008061,406.0,0.0,56.25,6.72,2.5213431676069717,426.0,5.46875,60.15625,7.812,1.5707963267948966,356.0,0.0,49.21875,6.298,-2.62244653934327
375,17.96875,52.34375,1.696407217791842,3.007,0.494,7.267,407,11.71875,56.25,7.37,2.5829933382462307,408,24.21875,56.25,7.37,0.5585993153435624,421.0,17.96875,59.375,7.031,1.5707963267948966,328.0,17.96875,45.3125,7.031,-1.5707963267948966,357.0,11.71875,49.21875,6.987,-2.677945044588987,343.0,24.21875,47.65625,7.812,-0.6435011087932844
376,63.28125,52.34375,1.6613585151384178,2.386,0.021,7.189,381,70.3125,53.125,7.074,0.11065722117389565,422,66.40625,59.375,7.694,1.1525719972156676,413.0,59.375,57.8125,6.72,2.191045812777718,334.0,59.375,46.875,6.72,-2.191045812777718,335.0,66.40625,46.875,6.298,-1.0516502125483738,380.0,54.6875,53.125,8.629,3.050932766389048
377,121.875,52.34375,1.6853656038994675,-0.787,0.274,7.387,329,120.3125,45.3125,7.202,-1.7894652726688385,389,128.90625,53.90625,7.202,0.21866894587394195,424.0,123.4375,59.375,7.202,1.3521273809209546,338.0,127.34375,46.875,7.733,-0.7853981633974483,366.0,115.625,50.0,6.675,-2.782821983319221,418.0,116.40625,58.59375,8.304,2.289626326416521
378,175.0,52.34375,1.6360908485400525,-1.447,0.006,6.595,425,175.78125,59.375,7.074,1.460139105621001,339,171.09375,46.875,6.72,-2.191045812777718,392.0,181.25,53.90625,6.442,0.24497866312686414,391.0,168.75,53.90625,6.442,2.896613990462929,340.0,178.125,46.875,6.298,-1.0516502125483738,,,,,
379,30.46875,53.125,1.4767691276572188,1.624,-0.504,7.215,427,29.6875,60.15625,7.074,1.6814535479687922,364,36.71875,50.0,6.987,-0.4636476090008061,408.0,24.21875,56.25,6.987,2.677945044588987,411.0,35.9375,57.03125,6.72,0.6202494859828215,343.0,24.21875,47.65625,8.304,-2.4227626539681686,,,,,
380,54.6875,53.125,1.656158098690288,3.129,0.478,7.308,331,53.125,46.09375,7.202,-1.7894652726688385,412,48.4375,57.03125,7.37,2.5829933382462307,365.0,48.4375,50.0,6.987,-2.677945044588987,334.0,59.375,46.875,7.812,-0.9272952180016122,436.0,53.90625,60.9375,7.851,1.6704649792860586,413.0,59.375,57.8125,6.629,0.7853981633974483
381,70.3125,53.125,1.6676754910225247,-2.536,0.018,7.006,335,66.40625,46.875,7.37,-2.129395642138459,422,66.40625,59.375,7.37,2.129395642138459,376.0,63.28125,52.34375,7.074,-3.0309354324158977,336.0,73.4375,46.875,6.987,-1.1071487177940904,423.0,73.4375,59.375,6.987,1.1071487177940904,382.0,76.5625,53.125,6.25,0.0
382,76.5625,53.125,1.6270992880027682,0.87,0.027,7.118,337,80.46875,46.875,7.37,-1.0121970114513341,385,83.59375,53.90625,7.074,0.11065722117389565,336.0,73.4375,46.875,6.987,-2.0344439357957027,423.0,73.4375,59.375,6.987,2.0344439357957027,428.0,80.46875,60.15625,8.043,1.0636978224025597,381.0,70.3125,53.125,6.25,3.141592653589793
383,290.625,53.125,1.702919174150462,-0.48,0.3,7.431,333,289.0625,46.09375,7.202,-1.7894652726688385,355,296.09375,48.4375,7.202,-0.7086262721276703,417.0,285.15625,57.8125,7.202,2.432966381462123,370.0,283.59375,50.78125,7.411,-2.819842099193151,434.0,292.96875,60.15625,7.411,1.2490457723982544,405.0,298.4375,55.46875,8.156,0.2914567944778671
384,42.1875,53.90625,1.6518142243362985,-1.415,-0.514,7.151,365,48.4375,50.0,7.37,-0.5585993153435624,435,42.1875,60.9375,7.031,1.5707963267948966,412.0,48.4375,57.03125,6.987,0.4636476090008061,411.0,35.9375,57.03125,6.987,2.677945044588987,364.0,36.71875,50.0,6.72,-2.5213431676069717,330.0,42.1875,46.09375,7.812,-1.5707963267948966
385,83.59375,53.90625,1.6690994035494156,-0.548,0.025,7.254,344,87.5,47.65625,7.37,-1.0121970114513341,429,87.5,60.15625,7.37,1.0121970114513341,382.0,76.5625,53.125,7.074,-3.0309354324158977,386.0,90.625,53.90625,7.031,0.0,428.0,80.46875,60.15625,6.987,2.0344439357957027,337.0,80.46875,46.875,7.694,-1.9890206563741257
386,90.625,53.90625,1.694698909603024,0.0,-0.001,7.129,345,94.53125,47.65625,7.37,-1.0121970114513341,430,94.53125,60.15625,7.37,1.0121970114513341,387.0,97.65625,53.90625,7.031,0.0,385.0,83.59375,53.90625,7.031,3.141592653589793,344.0,87.5,47.65625,6.987,-2.0344439357957027,429.0,87.5,60.15625,6.987,2.0344439357957027
387,97.65625,53.90625,1.6967747702862386,0.0,-0.001,7.129,346,101.5625,47.65625,7.37,-1.0121970114513341,431,101.5625,60.15625,7.37,1.0121970114513341,388.0,104.6875,53.90625,7.031,0.0,386.0,90.625,53.90625,7.031,3.141592653589793,345.0,94.53125,47.65625,6.987,-2.0344439357957027,430.0,94.53125,60.15625,6.987,2.0344439357957027
388,104.6875,53.90625,1.6710952553175935,0.601,0.028,7.028,432,108.59375,60.15625,7.37,1.0121970114513341,394,111.71875,54.6875,7.074,0.11065722117389565,387.0,97.65625,53.90625,7.031,3.141592653589793,346.0,101.5625,47.65625,6.987,-2.0344439357957027,431.0,101.5625,60.15625,6.987,2.0344439357957027,351.0,108.59375,48.4375,6.72,-0.9505468408120752
389,128.90625,53.90625,1.6885320754801294,1.413,0.292,7.326,338,127.34375,46.875,7.202,-1.7894652726688385,358,134.375,49.21875,7.202,-0.7086262721276703,377.0,121.875,52.34375,7.202,-2.922923707715851,437.0,130.46875,60.9375,7.202,1.3521273809209546,409.0,135.9375,56.25,7.411,0.3217505543966422,424.0,123.4375,59.375,7.733,2.356194490192345
390,149.21875,53.90625,1.6215628497085781,0.077,-0.38,7.692,347,145.3125,47.65625,7.37,-2.129395642138459,414,155.46875,57.8125,7.37,0.5585993153435624,438.0,149.21875,60.9375,7.031,1.5707963267948966,419.0,142.96875,58.59375,7.812,2.498091544796509,372.0,157.03125,51.5625,8.156,-0.2914567944778671,332.0,152.34375,46.09375,8.414,-1.1902899496825317
391,168.75,53.90625,1.6467466553102426,-2.273,-0.354,6.846,339,171.09375,46.875,7.411,-1.2490457723982544,439,167.96875,60.9375,7.074,1.6814535479687922,410.0,162.5,56.25,6.675,2.782821983319221,359.0,164.0625,49.21875,6.629,-2.356194490192345,378.0,175.0,52.34375,6.442,-0.24497866312686414,,,,,
392,181.25,53.90625,1.6845360060041694,-1.829,0.114,7.21,348,185.15625,47.65625,7.37,-1.0121970114513341,393,188.28125,53.90625,7.031,0.0,433.0,184.375,60.15625,6.987,1.1071487177940904,340.0,178.125,46.875,7.694,-1.9890206563741257,425.0,175.78125,59.375,7.733,2.356194490192345,378.0,175.0,52.34375,6.442,-2.896613990462929
393,188.28125,53.90625,1.6734125293404694,1.546,0.068,7.146,433,184.375,60.15625,7.37,2.129395642138459,395,195.3125,54.6875,7.074,0.11065722117389565,392.0,181.25,53.90625,7.031,3.141592653589793,348.0,185.15625,47.65625,6.987,-2.0344439357957027,440.0,191.40625,60.9375,7.694,1.1525719972156676,352.0,192.1875,48.4375,6.72,-0.9505468408120752
394,111.71875,54.6875,1.5899802990625658,-2.678,0.066,6.512,388,104.6875,53.90625,7.074,-3.0309354324158977,351,108.59375,48.4375,6.987,-2.0344439357957027,432.0,108.59375,60.15625,6.298,2.0899424410414196,366.0,115.625,50.0,6.101,-0.8760580505981934,418.0,116.40625,58.59375,6.101,0.6947382761967031,,,,,
395,195.3125,54.6875,1.712273533765458,-1.516,0.05,7.136,353,199.21875,48.4375,7.37,-1.0121970114513341,440,191.40625,60.9375,7.37,2.129395642138459,393.0,188.28125,53.90625,7.074,-3.0309354324158977,396.0,202.34375,54.6875,7.031,0.0,352.0,192.1875,48.4375,6.987,-2.0344439357957027,441.0,198.4375,60.9375,6.987,1.1071487177940904
396,202.34375,54.6875,1.6430169221208832,0.655,0.044,7.092,442,206.25,60.9375,7.37,1.0121970114513341,441,198.4375,60.9375,7.37,2.129395642138459,400.0,209.375,55.46875,7.074,0.11065722117389565,395.0,195.3125,54.6875,7.031,3.141592653589793,353.0,199.21875,48.4375,6.987,-2.0344439357957027,360.0,206.25,49.21875,6.72,-0.9505468408120752
397,239.84375,54.6875,1.6384734498004327,-1.06,-0.475,7.675,447,241.40625,61.71875,7.202,1.3521273809209546,415,246.875,57.8125,7.694,0.4182243295792291,341.0,240.625,46.875,7.851,-1.4711276743037347,367.0,235.15625,50.0,6.629,-2.356194490192345,368.0,246.875,50.78125,8.043,-0.507098504392337,403.0,231.25,55.46875,8.629,3.050932766389048
398,252.34375,54.6875,1.63010657500176,-0.568,-0.498,7.155,448,252.34375,61.71875,7.031,1.5707963267948966,416,258.59375,57.8125,6.987,0.4636476090008061,368.0,246.875,50.78125,6.72,-2.5213431676069717,342.0,253.125,46.875,7.851,-1.4711276743037347,369.0,259.375,50.78125,8.043,-0.507098504392337,415.0,246.875,57.8125,6.298,2.62244653934327
399,264.84375,54.6875,1.6542054072030334,-0.303,-0.464,7.028,420,271.09375,58.59375,7.37,0.5585993153435624,349,265.625,47.65625,7.074,-1.460139105621001,449.0,264.84375,61.71875,7.031,1.5707963267948966,373.0,271.09375,51.5625,6.987,-0.4636476090008061,416.0,258.59375,57.8125,6.987,2.677945044588987,369.0,259.375,50.78125,6.72,-2.5213431676069717
400,209.375,55.46875,1.6555514180686737,-0.839,0.027,7.152,361,213.28125,49.21875,7.37,-1.0121970114513341,443,213.28125,61.71875,7.37,1.0121970114513341,396.0,202.34375,54.6875,7.074,-3.0309354324158977,360.0,206.25,49.21875,6.987,-2.0344439357957027,401.0,217.1875,55.46875,7.812,0.0,442.0,206.25,60.9375,6.298,2.0899424410414196
401,217.1875,55.46875,1.6937662364358876,2.63,0.015,7.323,361,213.28125,49.21875,7.37,-2.129395642138459,362,221.09375,49.21875,7.37,-1.0121970114513341,443.0,213.28125,61.71875,7.37,2.129395642138459,402.0,224.21875,55.46875,7.031,0.0,444.0,220.3125,61.71875,6.987,1.1071487177940904,400.0,209.375,55.46875,7.812,3.141592653589793
402,224.21875,55.46875,1.6957728495984896,1.107,0.031,7.129,363,228.125,49.21875,7.37,-1.0121970114513341,444,220.3125,61.71875,7.37,2.129395642138459,403.0,231.25,55.46875,7.031,0.0,401.0,217.1875,55.46875,7.031,3.141592653589793,362.0,221.09375,49.21875,6.987,-2.0344439357957027,445.0,227.34375,61.71875,6.987,1.1071487177940904
403,231.25,55.46875,1.6680958972032611,-0.874,0.028,7.287,445,227.34375,61.71875,7.37,2.129395642138459,402,224.21875,55.46875,7.031,3.141592653589793,446.0,234.375,61.71875,6.987,1.1071487177940904,363.0,228.125,49.21875,6.987,-2.0344439357957027,367.0,235.15625,50.0,6.72,-0.9505468408120752,397.0,239.84375,54.6875,8.629,-0.09065988720074511
404,278.125,55.46875,1.6615667671405387,-2.008,0.453,7.409,370,283.59375,50.78125,7.202,-0.7086262721276703,417,285.15625,57.8125,7.411,0.3217505543966422,354.0,277.34375,48.4375,7.074,-1.6814535479687922,451.0,278.125,62.5,7.031,1.5707963267948966,420.0,271.09375,58.59375,7.694,2.723368324010564,373.0,271.09375,51.5625,8.043,-2.6344941491974563
405,298.4375,55.46875,1.407066722247223,2.932,0.467,7.461,434,292.96875,60.15625,7.202,2.432966381462123,355,296.09375,48.4375,7.411,-1.892546881191539,452.0,299.21875,62.5,7.074,1.460139105621001,383.0,290.625,53.125,8.156,-2.8501358591119264,,,,,,,,,,
406,0.0,56.25,1.657517478468282,0.0,-0.262,6.875,356,0.0,49.21875,7.031,-1.5707963267948966,453,0.0,63.28125,7.031,1.5707963267948966,374.0,5.46875,52.34375,6.72,-0.6202494859828215,426.0,5.46875,60.15625,6.72,0.6202494859828215,,,,,,,,,,
407,11.71875,56.25,1.687229611802309,-1.06,0.507,7.193,374,5.46875,52.34375,7.37,-2.5829933382462307,375,17.96875,52.34375,7.37,-0.5585993153435624,426.0,5.46875,60.15625,7.37,2.5829933382462307,357.0,11.71875,49.21875,7.031,-1.5707963267948966,454.0,11.71875,63.28125,7.031,1.5707963267948966,421.0,17.96875,59.375,6.987,0.4636476090008061
408,24.21875,56.25,1.6624319199268982,2.16,-0.482,7.281,375,17.96875,52.34375,7.37,-2.5829933382462307,455,24.21875,63.28125,7.031,1.5707963267948966,421.0,17.96875,59.375,6.987,2.677945044588987,379.0,30.46875,53.125,6.987,-0.4636476090008061,427.0,29.6875,60.15625,6.72,0.6202494859828215,343.0,24.21875,47.65625,8.593,-1.5707963267948966
409,135.9375,56.25,1.6510833763696462,-1.974,0.304,7.05,358,134.375,49.21875,7.202,-1.7894652726688385,437,130.46875,60.9375,7.202,2.432966381462123,419.0,142.96875,58.59375,7.411,0.3217505543966422,389.0,128.90625,53.90625,7.411,-2.819842099193151,371.0,140.625,51.5625,6.629,-0.7853981633974483,450.0,137.5,62.5,6.442,1.3258176636680326
410,162.5,56.25,1.6588505268547162,-1.86,-0.312,7.114,359,164.0625,49.21875,7.202,-1.3521273809209546,372,157.03125,51.5625,7.202,-2.432966381462123,414.0,155.46875,57.8125,7.202,2.922923707715851,439.0,167.96875,60.9375,7.202,0.7086262721276703,456.0,160.9375,63.28125,7.202,1.7894652726688385,391.0,168.75,53.90625,6.675,-0.35877067027057225
411,35.9375,57.03125,1.668505993349856,-0.303,-0.464,7.028,435,42.1875,60.9375,7.37,0.5585993153435624,364,36.71875,50.0,7.074,-1.460139105621001,457.0,35.9375,64.0625,7.031,1.5707963267948966,384.0,42.1875,53.90625,6.987,-0.4636476090008061,427.0,29.6875,60.15625,6.987,2.677945044588987,379.0,30.46875,53.125,6.72,-2.5213431676069717
412,48.4375,57.03125,1.7014669917849992,2.112,0.517,7.085,380,54.6875,53.125,7.37,-0.5585993153435624,435,42.1875,60.9375,7.37,2.5829933382462307,365.0,48.4375,50.0,7.031,-1.5707963267948966,458.0,48.4375,64.0625,7.031,1.5707963267948966,384.0,42.1875,53.90625,6.987,-2.677945044588987,436.0,53.90625,60.9375,6.72,0.6202494859828215
413,59.375,57.8125,1.574858122318095,0.625,0.315,6.658,422,66.40625,59.375,7.202,0.21866894587394195,376,63.28125,52.34375,6.72,-0.9505468408120752,380.0,54.6875,53.125,6.629,-2.356194490192345,459.0,60.9375,64.0625,6.442,1.3258176636680326,436.0,53.90625,60.9375,6.298,2.62244653934327,,,,,
414,155.46875,57.8125,1.6900146199143833,1.403,-0.354,7.135,410,162.5,56.25,7.202,-0.21866894587394195,390,149.21875,53.90625,7.37,-2.5829933382462307,461.0,154.6875,64.84375,7.074,1.6814535479687922,438.0,149.21875,60.9375,6.987,2.677945044588987,456.0,160.9375,63.28125,7.733,0.7853981633974483,372.0,157.03125,51.5625,6.442,-1.3258176636680326
415,246.875,57.8125,1.6475059703824746,2.059,0.522,7.182,368,246.875,50.78125,7.031,-1.5707963267948966,397,239.84375,54.6875,7.694,-2.723368324010564,447.0,241.40625,61.71875,6.72,2.5213431676069717,448.0,252.34375,61.71875,6.72,0.6202494859828215,398.0,252.34375,54.6875,6.298,-0.5191461142465229,477.0,246.09375,66.40625,8.629,1.6614562139956417
416,258.59375,57.8125,1.6379005084360923,0.999,-0.506,7.267,448,252.34375,61.71875,7.37,2.5829933382462307,449,264.84375,61.71875,7.37,0.5585993153435624,369.0,259.375,50.78125,7.074,-1.460139105621001,398.0,252.34375,54.6875,6.987,-2.677945044588987,399.0,264.84375,54.6875,6.987,-0.4636476090008061,468.0,258.59375,65.625,7.812,1.5707963267948966
417,285.15625,57.8125,1.6314062372058569,-1.854,0.33,7.477,370,283.59375,50.78125,7.202,-1.7894652726688385,383,290.625,53.125,7.202,-0.7086262721276703,404.0,278.125,55.46875,7.411,-2.819842099193151,460.0,286.71875,64.0625,6.442,1.3258176636680326,434.0,292.96875,60.15625,8.156,0.2914567944778671,451.0,278.125,62.5,8.45,2.5535900500422257
418,116.40625,58.59375,1.5912546637344545,1.816,0.014,7.531,424,123.4375,59.375,7.074,0.11065722117389565,464,119.53125,65.625,7.694,1.1525719972156676,432.0,108.59375,60.15625,7.967,2.9441970937399127,463.0,112.5,65.625,8.043,2.0778948311872334,377.0,121.875,52.34375,8.304,-0.8519663271732721,394.0,111.71875,54.6875,6.101,-2.44685437739309
419,142.96875,58.59375,1.6289088322931216,2.947,0.374,7.177,371,140.625,51.5625,7.411,-1.892546881191539,409,135.9375,56.25,7.411,-2.819842099193151,465.0,142.96875,65.625,7.031,1.5707963267948966,450.0,137.5,62.5,6.72,2.5213431676069717,390.0,149.21875,53.90625,7.812,-0.6435011087932844,438.0,149.21875,60.9375,6.675,0.35877067027057225
420,271.09375,58.59375,1.6401509396191916,-0.072,-0.494,7.359,399,264.84375,54.6875,7.37,-2.5829933382462307,373,271.09375,51.5625,7.031,-1.5707963267948966,469.0,271.09375,65.625,7.031,1.5707963267948966,449.0,264.84375,61.71875,6.987,2.677945044588987,404.0,278.125,55.46875,7.694,-0.4182243295792291,451.0,278.125,62.5,8.043,0.507098504392337
421,17.96875,59.375,1.6803305868762124,1.57,-0.524,7.259,454,11.71875,63.28125,7.37,2.5829933382462307,455,24.21875,63.28125,7.37,0.5585993153435624,375.0,17.96875,52.34375,7.031,-1.5707963267948966,407.0,11.71875,56.25,6.987,-2.677945044588987,408.0,24.21875,56.25,6.987,-0.4636476090008061,479.0,17.96875,67.1875,7.812,1.5707963267948966
422,66.40625,59.375,1.6927227805520995,-2.414,0.166,7.284,413,59.375,57.8125,7.202,-2.922923707715851,459,60.9375,64.0625,7.202,2.432966381462123,470.0,67.96875,66.40625,7.202,1.3521273809209546,381.0,70.3125,53.125,7.37,-1.0121970114513341,423.0,73.4375,59.375,7.031,0.0,376.0,63.28125,52.34375,7.694,-1.9890206563741257
423,73.4375,59.375,1.6013559919317797,-1.059,0.041,7.013,428,80.46875,60.15625,7.074,0.11065722117389565,422,66.40625,59.375,7.031,3.141592653589793,382.0,76.5625,53.125,6.987,-1.1071487177940904,381.0,70.3125,53.125,6.987,-2.0344439357957027,462.0,76.5625,65.625,6.987,1.1071487177940904,,,,,
424,123.4375,59.375,1.6966319837609645,0.487,0.172,7.379,377,121.875,52.34375,7.202,-1.7894652726688385,437,130.46875,60.9375,7.202,0.21866894587394195,464.0,119.53125,65.625,7.37,2.129395642138459,418.0,116.40625,58.59375,7.074,-3.0309354324158977,475.0,126.5625,66.40625,7.694,1.1525719972156676,389.0,128.90625,53.90625,7.733,-0.7853981633974483
425,175.78125,59.375,1.6121358820642773,0.441,0.044,7.627,467,179.6875,65.625,7.37,1.0121970114513341,378,175.0,52.34375,7.074,-1.6814535479687922,466.0,172.65625,65.625,6.987,2.0344439357957027,392.0,181.25,53.90625,7.733,-0.7853981633974483,439.0,167.96875,60.9375,7.967,2.9441970937399127,433.0,184.375,60.15625,8.629,0.09065988720074511
426,5.46875,60.15625,1.6429849541517032,-1.226,-0.524,7.036,407,11.71875,56.25,7.37,-0.5585993153435624,478,5.46875,67.1875,7.031,1.5707963267948966,454.0,11.71875,63.28125,6.987,0.4636476090008061,406.0,0.0,56.25,6.72,-2.5213431676069717,374.0,5.46875,52.34375,7.812,-1.5707963267948966,453.0,0.0,63.28125,6.298,2.62244653934327
427,29.6875,60.15625,1.6546019610796479,0.022,-0.473,6.913,457,35.9375,64.0625,7.37,0.5585993153435624,379,30.46875,53.125,7.074,-1.460139105621001,480.0,29.6875,67.1875,7.031,1.5707963267948966,411.0,35.9375,57.03125,6.987,-0.4636476090008061,408.0,24.21875,56.25,6.72,-2.5213431676069717,455.0,24.21875,63.28125,6.298,2.62244653934327
428,80.46875,60.15625,1.640677879251979,-2.343,0.037,7.14,423,73.4375,59.375,7.074,-3.0309354324158977,429,87.5,60.15625,7.031,0.0,385.0,83.59375,53.90625,6.987,-1.1071487177940904,471.0,83.59375,66.40625,6.987,1.1071487177940904,462.0,76.5625,65.625,6.72,2.191045812777718,382.0,76.5625,53.125,8.043,-2.0778948311872334
429,87.5,60.15625,1.6614130192778784,3.141,-0.001,7.129,385,83.59375,53.90625,7.37,-2.129395642138459,471,83.59375,66.40625,7.37,2.129395642138459,430.0,94.53125,60.15625,7.031,0.0,428.0,80.46875,60.15625,7.031,3.141592653589793,386.0,90.625,53.90625,6.987,-1.1071487177940904,472.0,90.625,66.40625,6.987,1.1071487177940904
430,94.53125,60.15625,1.6745001384037317,3.141,-0.001,7.129,386,90.625,53.90625,7.37,-2.129395642138459,472,90.625,66.40625,7.37,2.129395642138459,431.0,101.5625,60.15625,7.031,0.0,429.0,87.5,60.15625,7.031,3.141592653589793,387.0,97.65625,53.90625,6.987,-1.1071487177940904,473.0,97.65625,66.40625,6.987,1.1071487177940904
431,101.5625,60.15625,1.674070222849071,3.141,-0.001,7.129,387,97.65625,53.90625,7.37,-2.129395642138459,473,97.65625,66.40625,7.37,2.129395642138459,432.0,108.59375,60.15625,7.031,0.0,430.0,94.53125,60.15625,7.031,3.141592653589793,388.0,104.6875,53.90625,6.987,-1.1071487177940904,474.0,104.6875,66.40625,6.987,1.1071487177940904
432,108.59375,60.15625,1.6765802499051903,-1.579,-0.048,7.126,388,104.6875,53.90625,7.37,-2.129395642138459,474,104.6875,66.40625,7.37,2.129395642138459,431.0,101.5625,60.15625,7.031,3.141592653589793,463.0,112.5,65.625,6.72,0.9505468408120752,418.0,116.40625,58.59375,7.967,-0.19739555984988075,394.0,111.71875,54.6875,6.298,-1.0516502125483738
433,184.375,60.15625,1.6751255249998838,-2.631,0.089,7.375,467,179.6875,65.625,7.202,2.279422598922567,393,188.28125,53.90625,7.37,-1.0121970114513341,440.0,191.40625,60.9375,7.074,0.11065722117389565,392.0,181.25,53.90625,6.987,-2.0344439357957027,476.0,187.5,66.40625,6.987,1.1071487177940904,425.0,175.78125,59.375,8.629,-3.050932766389048
434,292.96875,60.15625,1.583297620194675,-3.105,0.349,7.315,405,298.4375,55.46875,7.202,-0.7086262721276703,460,286.71875,64.0625,7.37,2.5829933382462307,383.0,290.625,53.125,7.411,-1.892546881191539,485.0,293.75,67.1875,7.074,1.460139105621001,452.0,299.21875,62.5,6.675,0.35877067027057225,417.0,285.15625,57.8125,8.156,-2.8501358591119264
435,42.1875,60.9375,1.67359032925244,-1.571,-0.524,7.129,411,35.9375,57.03125,7.37,-2.5829933382462307,412,48.4375,57.03125,7.37,-0.5585993153435624,384.0,42.1875,53.90625,7.031,-1.5707963267948966,486.0,42.1875,67.96875,7.031,1.5707963267948966,457.0,35.9375,64.0625,6.987,2.677945044588987,458.0,48.4375,64.0625,6.987,0.4636476090008061
436,53.90625,60.9375,1.6268289849570126,-0.517,0.522,6.989,487,54.6875,67.96875,7.074,1.460139105621001,459,60.9375,64.0625,7.694,0.4182243295792291,412.0,48.4375,57.03125,6.72,-2.5213431676069717,380.0,54.6875,53.125,7.851,-1.4711276743037347,458.0,48.4375,64.0625,6.298,2.62244653934327,413.0,59.375,57.8125,6.298,-0.5191461142465229
437,130.46875,60.9375,1.6937782301016675,0.375,0.223,7.034,389,128.90625,53.90625,7.202,-1.7894652726688385,409,135.9375,56.25,7.202,-0.7086262721276703,424.0,123.4375,59.375,7.202,-2.922923707715851,450.0,137.5,62.5,7.202,0.21866894587394195,475.0,126.5625,66.40625,6.72,2.191045812777718,481.0,132.8125,67.1875,6.675,1.2120256565243244
438,149.21875,60.9375,1.6471909687720088,1.384,0.484,7.179,390,149.21875,53.90625,7.031,-1.5707963267948966,414,155.46875,57.8125,6.987,-0.4636476090008061,461.0,154.6875,64.84375,6.72,0.6202494859828215,465.0,142.96875,65.625,7.812,2.498091544796509,419.0,142.96875,58.59375,6.675,-2.782821983319221,494.0,150.0,68.75,7.851,1.4711276743037347
439,167.96875,60.9375,1.6519452628159015,2.615,-0.289,7.282,410,162.5,56.25,7.202,-2.432966381462123,456,160.9375,63.28125,7.411,2.819842099193151,488.0,165.625,67.96875,7.411,1.892546881191539,391.0,168.75,53.90625,7.074,-1.460139105621001,466.0,172.65625,65.625,6.629,0.7853981633974483,425.0,175.78125,59.375,7.967,-0.19739555984988075
440,191.40625,60.9375,1.6646604452854938,-1.596,0.068,7.146,395,195.3125,54.6875,7.37,-1.0121970114513341,433,184.375,60.15625,7.074,-3.0309354324158977,441.0,198.4375,60.9375,7.031,0.0,482.0,194.53125,67.1875,6.987,1.1071487177940904,393.0,188.28125,53.90625,7.694,-1.9890206563741257,476.0,187.5,66.40625,6.72,2.191045812777718
441,198.4375,60.9375,1.69375342632529,-0.512,0.015,7.323,396,202.34375,54.6875,7.37,-1.0121970114513341,482,194.53125,67.1875,7.37,2.129395642138459,483.0,202.34375,67.1875,7.37,1.0121970114513341,440.0,191.40625,60.9375,7.031,3.141592653589793,395.0,195.3125,54.6875,6.987,-2.0344439357957027,442.0,206.25,60.9375,7.812,0.0
442,206.25,60.9375,1.6153025529016116,2.302,0.027,7.152,396,202.34375,54.6875,7.37,-2.129395642138459,483,202.34375,67.1875,7.37,2.129395642138459,443.0,213.28125,61.71875,7.074,0.11065722117389565,484.0,209.375,67.1875,6.987,1.1071487177940904,441.0,198.4375,60.9375,7.812,3.141592653589793,400.0,209.375,55.46875,6.298,-1.0516502125483738
443,213.28125,61.71875,1.6871395843217705,-2.487,0.044,7.092,400,209.375,55.46875,7.37,-2.129395642138459,401,217.1875,55.46875,7.37,-1.0121970114513341,442.0,206.25,60.9375,7.074,-3.0309354324158977,444.0,220.3125,61.71875,7.031,0.0,489.0,216.40625,67.96875,6.987,1.1071487177940904,484.0,209.375,67.1875,6.72,2.191045812777718
444,220.3125,61.71875,1.7030936422247722,1.107,0.031,7.129,402,224.21875,55.46875,7.37,-1.0121970114513341,489,216.40625,67.96875,7.37,2.129395642138459,445.0,227.34375,61.71875,7.031,0.0,443.0,213.28125,61.71875,7.031,3.141592653589793,401.0,217.1875,55.46875,6.987,-2.0344439357957027,490.0,223.4375,67.96875,6.987,1.1071487177940904
445,227.34375,61.71875,1.6720480259408976,-0.512,0.015,7.193,403,231.25,55.46875,7.37,-1.0121970114513341,490,223.4375,67.96875,7.37,2.129395642138459,491.0,231.25,67.96875,7.37,1.0121970114513341,444.0,220.3125,61.71875,7.031,3.141592653589793,446.0,234.375,61.71875,7.031,0.0,402.0,224.21875,55.46875,6.987,-2.0344439357957027
446,234.375,61.71875,1.6361824061521808,1.976,-0.009,7.081,492,238.28125,67.96875,7.37,1.0121970114513341,445,227.34375,61.71875,7.031,3.141592653589793,447.0,241.40625,61.71875,7.031,0.0,403.0,231.25,55.46875,6.987,-2.0344439357957027,491.0,231.25,67.96875,6.987,2.0344439357957027,,,,,
447,241.40625,61.71875,1.674035423132645,2.842,0.038,6.914,397,239.84375,54.6875,7.202,-1.7894652726688385,446,234.375,61.71875,7.031,3.141592653589793,492.0,238.28125,67.96875,6.987,2.0344439357957027,415.0,246.875,57.8125,6.72,-0.6202494859828215,477.0,246.09375,66.40625,6.629,0.7853981633974483,,,,,
448,252.34375,61.71875,1.684877262159092,0.224,0.52,7.222,468,258.59375,65.625,7.37,0.5585993153435624,416,258.59375,57.8125,7.37,-0.5585993153435624,398.0,252.34375,54.6875,7.031,-1.5707963267948966,495.0,252.34375,68.75,7.031,1.5707963267948966,415.0,246.875,57.8125,6.72,-2.5213431676069717,477.0,246.09375,66.40625,7.812,2.498091544796509
449,264.84375,61.71875,1.668527095731522,2.169,-0.492,7.33,416,258.59375,57.8125,7.37,-2.5829933382462307,468,258.59375,65.625,7.37,2.5829933382462307,469.0,271.09375,65.625,7.37,0.5585993153435624,399.0,264.84375,54.6875,7.031,-1.5707963267948966,420.0,271.09375,58.59375,6.987,-0.4636476090008061,496.0,264.0625,69.53125,7.851,1.6704649792860586
450,137.5,62.5,1.6589744494381495,-1.979,0.402,6.658,437,130.46875,60.9375,7.202,-2.922923707715851,419,142.96875,58.59375,6.72,-0.6202494859828215,481.0,132.8125,67.1875,6.629,2.356194490192345,409.0,135.9375,56.25,6.442,-1.8157749899217608,465.0,142.96875,65.625,6.298,0.5191461142465229,,,,,
451,278.125,62.5,1.5972346101737822,2.937,-0.433,7.682,404,278.125,55.46875,7.031,-1.5707963267948966,469,271.09375,65.625,7.694,2.723368324010564,493.0,282.03125,67.96875,6.72,0.9505468408120752,420.0,271.09375,58.59375,8.043,-2.6344941491974563,500.0,275.78125,70.3125,8.156,1.8622531212727638,417.0,285.15625,57.8125,8.45,-0.5880026035475675
452,299.21875,62.5,1.645415610190931,2.973,-0.438,7.191,485,293.75,67.1875,7.202,2.432966381462123,405,298.4375,55.46875,7.074,-1.6814535479687922,501.0,299.21875,70.3125,7.812,1.5707963267948966,434.0,292.96875,60.15625,6.675,-2.782821983319221,,,,,,,,,,
453,0.0,63.28125,1.6473233539366785,0.05,0.298,6.77,406,0.0,56.25,7.031,-1.5707963267948966,497,0.0,70.3125,7.031,1.5707963267948966,478.0,5.46875,67.1875,6.72,0.6202494859828215,426.0,5.46875,60.15625,6.298,-0.5191461142465229,,,,,,,,,,
454,11.71875,63.28125,1.6978516881714762,2.081,0.507,7.193,421,17.96875,59.375,7.37,-0.5585993153435624,478,5.46875,67.1875,7.37,2.5829933382462307,479.0,17.96875,67.1875,7.37,0.5585993153435624,407.0,11.71875,56.25,7.031,-1.5707963267948966,498.0,11.71875,70.3125,7.031,1.5707963267948966,426.0,5.46875,60.15625,6.987,-2.677945044588987
455,24.21875,63.28125,1.6818466442095914,1.734,-0.508,7.1,421,17.96875,59.375,7.37,-2.5829933382462307,479,17.96875,67.1875,7.37,2.5829933382462307,408.0,24.21875,56.25,7.031,-1.5707963267948966,480.0,29.6875,67.1875,6.72,0.6202494859828215,502.0,24.21875,71.09375,7.812,1.5707963267948966,427.0,29.6875,60.15625,6.298,-0.5191461142465229
456,160.9375,63.28125,1.630577581716825,-2.445,-0.267,7.138,410,162.5,56.25,7.202,-1.3521273809209546,439,167.96875,60.9375,7.411,-0.3217505543966422,499.0,158.59375,70.3125,7.411,1.892546881191539,414.0,155.46875,57.8125,7.733,-2.356194490192345,488.0,165.625,67.96875,6.629,0.7853981633974483,461.0,154.6875,64.84375,6.442,2.896613990462929
457,35.9375,64.0625,1.694857194977925,0.244,-0.492,7.129,427,29.6875,60.15625,7.37,-2.5829933382462307,486,42.1875,67.96875,7.37,0.5585993153435624,503.0,35.9375,71.09375,7.031,1.5707963267948966,411.0,35.9375,57.03125,7.031,-1.5707963267948966,480.0,29.6875,67.1875,6.987,2.677945044588987,435.0,42.1875,60.9375,6.987,-0.4636476090008061
458,48.4375,64.0625,1.7029644727221416,1.791,0.514,7.014,486,42.1875,67.96875,7.37,2.5829933382462307,487,54.6875,67.96875,7.37,0.5585993153435624,504.0,48.4375,71.09375,7.031,1.5707963267948966,412.0,48.4375,57.03125,7.031,-1.5707963267948966,435.0,42.1875,60.9375,6.987,-2.677945044588987,436.0,53.90625,60.9375,6.298,-0.5191461142465229
459,60.9375,64.0625,1.6889113930965798,-2.594,0.393,7.192,422,66.40625,59.375,7.202,-0.7086262721276703,487,54.6875,67.96875,7.37,2.5829933382462307,470.0,67.96875,66.40625,7.411,0.3217505543966422,505.0,60.9375,71.09375,7.031,1.5707963267948966,436.0,53.90625,60.9375,7.694,-2.723368324010564,413.0,59.375,57.8125,6.442,-1.8157749899217608
460,286.71875,64.0625,1.6415103332171372,0.559,0.468,6.936,434,292.96875,60.15625,7.37,-0.5585993153435624,507,287.5,71.09375,7.074,1.460139105621001,485.0,293.75,67.1875,7.694,0.4182243295792291,417.0,285.15625,57.8125,6.442,-1.8157749899217608,493.0,282.03125,67.96875,6.101,2.44685437739309,,,,,
461,154.6875,64.84375,1.6309232180103856,-1.355,-0.43,6.611,414,155.46875,57.8125,7.074,-1.460139105621001,438,149.21875,60.9375,6.72,-2.5213431676069717,499.0,158.59375,70.3125,6.72,0.9505468408120752,456.0,160.9375,63.28125,6.442,-0.24497866312686414,494.0,150.0,68.75,6.101,2.44685437739309,,,,,
462,76.5625,65.625,1.6507795107639072,1.89,0.073,7.424,471,83.59375,66.40625,7.074,0.11065722117389565,423,73.4375,59.375,6.987,-2.0344439357957027,428.0,80.46875,60.15625,6.72,-0.9505468408120752,506.0,72.65625,71.09375,6.72,2.191045812777718,520.0,79.6875,73.4375,8.414,1.1902899496825317,470.0,67.96875,66.40625,8.629,3.050932766389048
463,112.5,65.625,1.6441106063815987,2.415,-0.02,7.334,508,108.59375,71.875,7.37,2.129395642138459,464,119.53125,65.625,7.031,0.0,509.0,115.625,71.875,6.987,1.1071487177940904,432.0,108.59375,60.15625,6.72,-2.191045812777718,474.0,104.6875,66.40625,7.851,3.0419240010986313,418.0,116.40625,58.59375,8.043,-1.0636978224025597
464,119.53125,65.625,1.691104338430677,1.204,0.057,7.254,424,123.4375,59.375,7.37,-1.0121970114513341,509,115.625,71.875,7.37,2.129395642138459,475.0,126.5625,66.40625,7.074,0.11065722117389565,463.0,112.5,65.625,7.031,3.141592653589793,510.0,122.65625,71.875,6.987,1.1071487177940904,418.0,116.40625,58.59375,7.694,-1.9890206563741257
465,142.96875,65.625,1.6105575079713828,0.095,0.399,7.39,518,144.53125,72.65625,7.202,1.3521273809209546,419,142.96875,58.59375,7.031,-1.5707963267948966,494.0,150.0,68.75,7.694,0.4182243295792291,438.0,149.21875,60.9375,7.812,-0.6435011087932844,450.0,137.5,62.5,6.298,-2.62244653934327,511.0,137.5,71.875,8.304,2.289626326416521
466,172.65625,65.625,1.6568453903335891,-2.585,-0.195,6.946,488,165.625,67.96875,7.411,2.819842099193151,467,179.6875,65.625,7.031,0.0,425.0,175.78125,59.375,6.987,-1.1071487177940904,512.0,170.3125,71.875,6.675,1.9295669970654687,439.0,167.96875,60.9375,6.629,-2.356194490192345,,,,,
467,179.6875,65.625,1.6544959077249985,0.693,0.002,7.497,433,184.375,60.15625,7.202,-0.8621700546672264,425,175.78125,59.375,7.37,-2.129395642138459,513.0,183.59375,71.875,7.37,1.0121970114513341,466.0,172.65625,65.625,7.031,3.141592653589793,476.0,187.5,66.40625,7.851,0.09966865249116202,521.0,177.34375,73.4375,8.156,1.8622531212727638
468,258.59375,65.625,1.659713666632494,-2.96,-0.467,7.371,448,252.34375,61.71875,7.37,-2.5829933382462307,449,264.84375,61.71875,7.37,-0.5585993153435624,495.0,252.34375,68.75,6.987,2.677945044588987,496.0,264.0625,69.53125,6.72,0.6202494859828215,416.0,258.59375,57.8125,7.812,-1.5707963267948966,526.0,257.03125,73.4375,7.967,1.7681918866447774
469,271.09375,65.625,1.6139738343927295,2.468,-0.425,7.455,449,264.84375,61.71875,7.37,-2.5829933382462307,420,271.09375,58.59375,7.031,-1.5707963267948966,451.0,278.125,62.5,7.694,-0.4182243295792291,500.0,275.78125,70.3125,6.629,0.7853981633974483,527.0,269.53125,73.4375,7.967,1.7681918866447774,496.0,264.0625,69.53125,8.043,2.6344941491974563
470,67.96875,66.40625,1.6007519449458714,1.994,0.501,7.695,422,66.40625,59.375,7.202,-1.7894652726688385,459,60.9375,64.0625,7.411,-2.819842099193151,531.0,67.1875,74.21875,7.851,1.6704649792860586,506.0,72.65625,71.09375,6.629,0.7853981633974483,505.0,60.9375,71.09375,8.45,2.5535900500422257,462.0,76.5625,65.625,8.629,-0.09065988720074511
471,83.59375,66.40625,1.6857519884540904,-0.776,0.025,7.312,429,87.5,60.15625,7.37,-1.0121970114513341,514,87.5,72.65625,7.37,1.0121970114513341,462.0,76.5625,65.625,7.074,-3.0309354324158977,472.0,90.625,66.40625,7.031,0.0,428.0,80.46875,60.15625,6.987,-2.0344439357957027,520.0,79.6875,73.4375,8.043,2.0778948311872334
472,90.625,66.40625,1.711704642852161,0.0,-0.001,7.129,430,94.53125,60.15625,7.37,-1.0121970114513341,515,94.53125,72.65625,7.37,1.0121970114513341,473.0,97.65625,66.40625,7.031,0.0,471.0,83.59375,66.40625,7.031,3.141592653589793,429.0,87.5,60.15625,6.987,-2.0344439357957027,514.0,87.5,72.65625,6.987,2.0344439357957027
473,97.65625,66.40625,1.7005852949514446,0.0,-0.001,7.129,431,101.5625,60.15625,7.37,-1.0121970114513341,516,101.5625,72.65625,7.37,1.0121970114513341,474.0,104.6875,66.40625,7.031,0.0,472.0,90.625,66.40625,7.031,3.141592653589793,430.0,94.53125,60.15625,6.987,-2.0344439357957027,515.0,94.53125,72.65625,6.987,2.0344439357957027
474,104.6875,66.40625,1.678972371660421,-0.564,-0.028,7.158,432,108.59375,60.15625,7.37,-1.0121970114513341,473,97.65625,66.40625,7.031,3.141592653589793,431.0,101.5625,60.15625,6.987,-2.0344439357957027,516.0,101.5625,72.65625,6.987,2.0344439357957027,508.0,108.59375,71.875,6.72,0.9505468408120752,463.0,112.5,65.625,7.851,-0.09966865249116202
475,126.5625,66.40625,1.6666497856202156,-0.146,0.098,6.916,464,119.53125,65.625,7.074,-3.0309354324158977,517,129.6875,72.65625,6.987,1.1071487177940904,424.0,123.4375,59.375,7.694,-1.9890206563741257,437.0,130.46875,60.9375,6.72,-0.9505468408120752,510.0,122.65625,71.875,6.72,2.191045812777718,481.0,132.8125,67.1875,6.298,0.12435499454676144
476,187.5,66.40625,1.6954879509059062,2.519,0.094,7.174,482,194.53125,67.1875,7.074,0.11065722117389565,433,184.375,60.15625,6.987,-2.0344439357957027,522.0,190.625,73.4375,7.694,1.1525719972156676,440.0,191.40625,60.9375,6.72,-0.9505468408120752,513.0,183.59375,71.875,6.72,2.191045812777718,467.0,179.6875,65.625,7.851,-3.0419240010986313
477,246.09375,66.40625,1.611389437939882,1.704,0.136,7.658,448,252.34375,61.71875,7.812,-0.6435011087932844,495,252.34375,68.75,6.675,0.35877067027057225,447.0,241.40625,61.71875,6.629,-2.356194490192345,492.0,238.28125,67.96875,7.967,2.9441970937399127,536.0,249.21875,74.21875,8.414,1.1902899496825317,525.0,241.40625,73.4375,8.45,2.158798930342464
478,5.46875,67.1875,1.6753747571677309,-1.226,-0.524,6.906,454,11.71875,63.28125,7.37,-0.5585993153435624,426,5.46875,60.15625,7.031,-1.5707963267948966,528.0,5.46875,74.21875,7.031,1.5707963267948966,498.0,11.71875,70.3125,6.987,0.4636476090008061,453.0,0.0,63.28125,6.72,-2.5213431676069717,497.0,0.0,70.3125,6.298,2.62244653934327
479,17.96875,67.1875,1.7036169280966755,-2.082,-0.508,7.323,454,11.71875,63.28125,7.37,-2.5829933382462307,455,24.21875,63.28125,7.37,-0.5585993153435624,502.0,24.21875,71.09375,7.37,0.5585993153435624,529.0,17.96875,74.21875,7.031,1.5707963267948966,498.0,11.71875,70.3125,6.987,2.677945044588987,421.0,17.96875,59.375,7.812,-1.5707963267948966
480,29.6875,67.1875,1.6636715571830523,0.624,-0.507,6.976,503,35.9375,71.09375,7.37,0.5585993153435624,427,29.6875,60.15625,7.031,-1.5707963267948966,530.0,29.6875,74.21875,7.031,1.5707963267948966,457.0,35.9375,64.0625,6.987,-0.4636476090008061,502.0,24.21875,71.09375,6.72,2.5213431676069717,455.0,24.21875,63.28125,6.72,-2.5213431676069717
481,132.8125,67.1875,1.639006417392392,-2.718,0.115,6.506,437,130.46875,60.9375,6.675,-1.9295669970654687,450,137.5,62.5,6.629,-0.7853981633974483,511.0,137.5,71.875,6.629,0.7853981633974483,475.0,126.5625,66.40625,6.298,-3.017237659043032,517.0,129.6875,72.65625,6.298,2.0899424410414196,,,,,
482,194.53125,67.1875,1.6725071992746756,-0.939,0.025,7.222,441,198.4375,60.9375,7.37,-1.0121970114513341,522,190.625,73.4375,7.37,2.129395642138459,476.0,187.5,66.40625,7.074,-3.0309354324158977,440.0,191.40625,60.9375,6.987,-2.0344439357957027,519.0,198.4375,72.65625,6.72,0.9505468408120752,483.0,202.34375,67.1875,7.812,0.0
483,202.34375,67.1875,1.6560982130586235,3.051,0.025,7.215,441,198.4375,60.9375,7.37,-2.129395642138459,442,206.25,60.9375,7.37,-1.0121970114513341,484.0,209.375,67.1875,7.031,0.0,523.0,205.46875,73.4375,6.987,1.1071487177940904,519.0,198.4375,72.65625,6.72,2.191045812777718,482.0,194.53125,67.1875,7.812,3.141592653589793
484,209.375,67.1875,1.6789417526051116,1.268,0.06,7.028,523,205.46875,73.4375,7.37,2.129395642138459,489,216.40625,67.96875,7.074,0.11065722117389565,483.0,202.34375,67.1875,7.031,3.141592653589793,442.0,206.25,60.9375,6.987,-2.0344439357957027,524.0,212.5,73.4375,6.987,1.1071487177940904,443.0,213.28125,61.71875,6.72,-0.9505468408120752
485,293.75,67.1875,1.6425404244381716,-3.042,0.45,7.111,452,299.21875,62.5,7.202,-0.7086262721276703,507,287.5,71.09375,7.37,2.5829933382462307,434.0,292.96875,60.15625,7.074,-1.6814535479687922,537.0,293.75,74.21875,7.031,1.5707963267948966,460.0,286.71875,64.0625,7.694,-2.723368324010564,501.0,299.21875,70.3125,6.298,0.5191461142465229
486,42.1875,67.96875,1.682726555053734,-1.571,-0.524,7.129,457,35.9375,64.0625,7.37,-2.5829933382462307,458,48.4375,64.0625,7.37,-0.5585993153435624,435.0,42.1875,60.9375,7.031,-1.5707963267948966,538.0,42.1875,75.0,7.031,1.5707963267948966,503.0,35.9375,71.09375,6.987,2.677945044588987,504.0,48.4375,71.09375,6.987,0.4636476090008061
487,54.6875,67.96875,1.6941018675646489,-2.177,0.505,7.136,458,48.4375,64.0625,7.37,-2.5829933382462307,459,60.9375,64.0625,7.37,-0.5585993153435624,436.0,53.90625,60.9375,7.074,-1.6814535479687922,539.0,54.6875,75.0,7.031,1.5707963267948966,504.0,48.4375,71.09375,6.987,2.677945044588987,505.0,60.9375,71.09375,6.987,0.4636476090008061
488,165.625,67.96875,1.633285113262914,-0.326,-0.291,6.901,439,167.96875,60.9375,7.411,-1.2490457723982544,466,172.65625,65.625,7.411,-0.3217505543966422,499.0,158.59375,70.3125,7.411,2.819842099193151,456.0,160.9375,63.28125,6.629,-2.356194490192345,532.0,164.0625,74.21875,6.442,1.8157749899217608,512.0,170.3125,71.875,6.101,0.6947382761967031
489,216.40625,67.96875,1.671406469913893,-1.874,0.06,7.028,444,220.3125,61.71875,7.37,-1.0121970114513341,484,209.375,67.1875,7.074,-3.0309354324158977,490.0,223.4375,67.96875,7.031,0.0,443.0,213.28125,61.71875,6.987,-2.0344439357957027,533.0,219.53125,74.21875,6.987,1.1071487177940904,524.0,212.5,73.4375,6.72,2.191045812777718
490,223.4375,67.96875,1.6435912683660847,-0.512,0.015,7.323,445,227.34375,61.71875,7.37,-1.0121970114513341,533,219.53125,74.21875,7.37,2.129395642138459,534.0,227.34375,74.21875,7.37,1.0121970114513341,489.0,216.40625,67.96875,7.031,3.141592653589793,444.0,220.3125,61.71875,6.987,-2.0344439357957027,491.0,231.25,67.96875,7.812,0.0
491,231.25,67.96875,1.671681470785682,3.141,-0.001,7.259,445,227.34375,61.71875,7.37,-2.129395642138459,534,227.34375,74.21875,7.37,2.129395642138459,492.0,238.28125,67.96875,7.031,0.0,446.0,234.375,61.71875,6.987,-1.1071487177940904,535.0,234.375,74.21875,6.987,1.1071487177940904,490.0,223.4375,67.96875,7.812,3.141592653589793
492,238.28125,67.96875,1.6720234024382468,-2.121,-0.039,7.17,446,234.375,61.71875,7.37,-2.129395642138459,535,234.375,74.21875,7.37,2.129395642138459,491.0,231.25,67.96875,7.031,3.141592653589793,447.0,241.40625,61.71875,6.987,-1.1071487177940904,477.0,246.09375,66.40625,7.967,-0.19739555984988075,525.0,241.40625,73.4375,6.298,1.0516502125483738
493,282.03125,67.96875,1.641088996619843,1.548,0.52,6.574,541,281.25,75.0,7.074,1.6814535479687922,451,278.125,62.5,6.72,-2.191045812777718,500.0,275.78125,70.3125,6.675,2.782821983319221,507.0,287.5,71.09375,6.298,0.5191461142465229,460.0,286.71875,64.0625,6.101,-0.6947382761967031,,,,,
494,150.0,68.75,1.5900381501408087,-2.505,0.438,7.008,465,142.96875,65.625,7.694,-2.723368324010564,518,144.53125,72.65625,6.72,2.5213431676069717,540.0,152.34375,75.0,6.675,1.2120256565243244,438.0,149.21875,60.9375,7.851,-1.6704649792860586,461.0,154.6875,64.84375,6.101,-0.6947382761967031,,,,,
495,252.34375,68.75,1.6046122050441456,-0.923,0.488,6.724,448,252.34375,61.71875,7.031,-1.5707963267948966,468,258.59375,65.625,6.987,-0.4636476090008061,477.0,246.09375,66.40625,6.675,-2.782821983319221,526.0,257.03125,73.4375,6.629,0.7853981633974483,536.0,249.21875,74.21875,6.298,2.0899424410414196,,,,,
496,264.0625,69.53125,1.629293703673238,0.049,-0.47,7.271,468,258.59375,65.625,6.72,-2.5213431676069717,527,269.53125,73.4375,6.72,0.6202494859828215,449.0,264.84375,61.71875,7.851,-1.4711276743037347,469.0,271.09375,65.625,8.043,-0.507098504392337,526.0,257.03125,73.4375,8.043,2.6344941491974563,542.0,264.0625,75.78125,6.25,1.5707963267948966
497,0.0,70.3125,1.6184225365236231,0.05,0.298,6.965,453,0.0,63.28125,7.031,-1.5707963267948966,528,5.46875,74.21875,6.72,0.6202494859828215,543.0,0.0,78.125,7.812,1.5707963267948966,478.0,5.46875,67.1875,6.298,-0.5191461142465229,,,,,,,,,,
498,11.71875,70.3125,1.674518138221328,1.57,-0.524,7.259,528,5.46875,74.21875,7.37,2.5829933382462307,529,17.96875,74.21875,7.37,0.5585993153435624,454.0,11.71875,63.28125,7.031,-1.5707963267948966,478.0,5.46875,67.1875,6.987,-2.677945044588987,479.0,17.96875,67.1875,6.987,-0.4636476090008061,544.0,11.71875,78.125,7.812,1.5707963267948966
499,158.59375,70.3125,1.641273013101971,0.146,-0.37,7.314,456,160.9375,63.28125,7.411,-1.2490457723982544,488,165.625,67.96875,7.411,-0.3217505543966422,461.0,154.6875,64.84375,6.72,-2.191045812777718,532.0,164.0625,74.21875,6.72,0.6202494859828215,540.0,152.34375,75.0,7.812,2.498091544796509,555.0,158.59375,78.125,7.812,1.5707963267948966
500,275.78125,70.3125,1.6731521884766418,0.266,-0.347,7.25,541,281.25,75.0,7.202,0.7086262721276703,527,269.53125,73.4375,6.987,2.677945044588987,493.0,282.03125,67.96875,6.675,-0.35877067027057225,558.0,275.0,78.125,7.851,1.6704649792860586,469.0,271.09375,65.625,6.629,-2.356194490192345,451.0,278.125,62.5,8.156,-1.2793395323170296
501,299.21875,70.3125,1.6330344102571712,3.091,-0.299,7.161,537,293.75,74.21875,6.72,2.5213431676069717,452,299.21875,62.5,7.812,-1.5707963267948966,560.0,299.21875,78.125,7.812,1.5707963267948966,485.0,293.75,67.1875,6.298,-2.62244653934327,,,,,,,,,,
502,24.21875,71.09375,1.651068226585754,-1.917,0.523,7.036,479,17.96875,67.1875,7.37,-2.5829933382462307,545,24.21875,78.125,7.031,1.5707963267948966,529.0,17.96875,74.21875,6.987,2.677945044588987,480.0,29.6875,67.1875,6.72,-0.6202494859828215,455.0,24.21875,63.28125,7.812,-1.5707963267948966,530.0,29.6875,74.21875,6.298,0.5191461142465229
503,35.9375,71.09375,1.6976809097108538,0.244,-0.492,7.129,480,29.6875,67.1875,7.37,-2.5829933382462307,538,42.1875,75.0,7.37,0.5585993153435624,546.0,35.9375,78.125,7.031,1.5707963267948966,457.0,35.9375,64.0625,7.031,-1.5707963267948966,530.0,29.6875,74.21875,6.987,2.677945044588987,486.0,42.1875,67.96875,6.987,-0.4636476090008061
504,48.4375,71.09375,1.694889039082792,1.57,-0.524,7.129,538,42.1875,75.0,7.37,2.5829933382462307,539,54.6875,75.0,7.37,0.5585993153435624,547.0,48.4375,78.125,7.031,1.5707963267948966,458.0,48.4375,64.0625,7.031,-1.5707963267948966,487.0,54.6875,67.96875,6.987,-0.4636476090008061,486.0,42.1875,67.96875,6.987,-2.677945044588987
505,60.9375,71.09375,1.6980700380952056,-2.145,0.486,7.309,539,54.6875,75.0,7.37,2.5829933382462307,459,60.9375,64.0625,7.031,-1.5707963267948966,548.0,60.9375,78.125,7.031,1.5707963267948966,487.0,54.6875,67.96875,6.987,-2.677945044588987,531.0,67.1875,74.21875,6.987,0.4636476090008061,470.0,67.96875,66.40625,8.45,-0.5880026035475675
506,72.65625,71.09375,1.6408512019494963,1.346,0.49,6.826,520,79.6875,73.4375,7.411,0.3217505543966422,549,73.4375,78.125,7.074,1.460139105621001,462.0,76.5625,65.625,6.72,-0.9505468408120752,470.0,67.96875,66.40625,6.629,-2.356194490192345,531.0,67.1875,74.21875,6.298,2.62244653934327,,,,,
507,287.5,71.09375,1.6862977572455096,-2.672,0.482,7.022,485,293.75,67.1875,7.37,-0.5585993153435624,541,281.25,75.0,7.37,2.5829933382462307,460.0,286.71875,64.0625,7.074,-1.6814535479687922,559.0,287.5,78.125,7.031,1.5707963267948966,537.0,293.75,74.21875,6.987,0.4636476090008061,493.0,282.03125,67.96875,6.298,-2.62244653934327
508,108.59375,71.875,1.6383337246711813,-1.022,-0.027,7.036,463,112.5,65.625,7.37,-1.0121970114513341,516,101.5625,72.65625,7.074,3.0309354324158977,509.0,115.625,71.875,7.031,0.0,552.0,111.71875,78.125,6.987,1.1071487177940904,474.0,104.6875,66.40625,6.72,-2.191045812777718,,,,,
509,115.625,71.875,1.6774848264400615,-0.512,0.015,7.193,464,119.53125,65.625,7.37,-1.0121970114513341,552,111.71875,78.125,7.37,2.129395642138459,553.0,119.53125,78.125,7.37,1.0121970114513341,508.0,108.59375,71.875,7.031,3.141592653589793,510.0,122.65625,71.875,7.031,0.0,463.0,112.5,65.625,6.987,-2.0344439357957027
510,122.65625,71.875,1.6351282145989352,-1.997,0.05,6.96,517,129.6875,72.65625,7.074,0.11065722117389565,509,115.625,71.875,7.031,3.141592653589793,464.0,119.53125,65.625,6.987,-2.0344439357957027,553.0,119.53125,78.125,6.987,2.0344439357957027,475.0,126.5625,66.40625,6.72,-0.9505468408120752,,,,,
511,137.5,71.875,1.6458054917623497,-2.536,0.012,7.446,554,133.59375,78.125,7.37,2.129395642138459,518,144.53125,72.65625,7.074,0.11065722117389565,517.0,129.6875,72.65625,7.851,3.0419240010986313,481.0,132.8125,67.1875,6.629,-2.356194490192345,465.0,142.96875,65.625,8.304,-0.8519663271732721,,,,,
512,170.3125,71.875,1.6460628135288857,-3.078,-0.484,6.59,521,177.34375,73.4375,7.202,0.21866894587394195,466,172.65625,65.625,6.675,-1.2120256565243244,532.0,164.0625,74.21875,6.675,2.782821983319221,556.0,171.09375,78.125,6.298,1.446441332248135,488.0,165.625,67.96875,6.101,-2.44685437739309,,,,,
513,183.59375,71.875,1.6182352410817937,-1.879,-0.051,6.806,522,190.625,73.4375,7.202,0.21866894587394195,467,179.6875,65.625,7.37,-2.129395642138459,476.0,187.5,66.40625,6.72,-0.9505468408120752,521.0,177.34375,73.4375,6.442,2.896613990462929,557.0,182.8125,78.125,6.298,1.695151321341658,,,,,
514,87.5,72.65625,1.5944422844537343,-2.209,-0.048,7.107,471,83.59375,66.40625,7.37,-2.129395642138459,515,94.53125,72.65625,7.031,0.0,472.0,90.625,66.40625,6.987,-1.1071487177940904,520.0,79.6875,73.4375,7.851,3.0419240010986313,550.0,84.375,78.125,6.298,2.0899424410414196,,,,,
515,94.53125,72.65625,1.6358060938062424,0.912,-0.038,7.188,472,90.625,66.40625,7.37,-2.129395642138459,514,87.5,72.65625,7.031,3.141592653589793,516.0,101.5625,72.65625,7.031,0.0,473.0,97.65625,66.40625,6.987,-1.1071487177940904,551.0,97.65625,78.125,6.298,1.0516502125483738,568.0,91.40625,80.46875,8.414,1.9513027039072615
516,101.5625,72.65625,1.6870846334512675,-2.699,-0.002,7.146,473,97.65625,66.40625,7.37,-2.129395642138459,508,108.59375,71.875,7.074,-0.11065722117389565,515.0,94.53125,72.65625,7.031,3.141592653589793,474.0,104.6875,66.40625,6.987,-1.1071487177940904,565.0,104.6875,79.6875,7.694,1.1525719972156676,551.0,97.65625,78.125,6.72,2.191045812777718
517,129.6875,72.65625,1.6638262900989023,-0.529,-0.042,7.181,510,122.65625,71.875,7.074,-3.0309354324158977,475,126.5625,66.40625,6.987,-2.0344439357957027,554.0,133.59375,78.125,6.72,0.9505468408120752,511.0,137.5,71.875,7.851,-0.09966865249116202,569.0,127.34375,80.46875,8.156,1.8622531212727638,481.0,132.8125,67.1875,6.298,-1.0516502125483738
518,144.53125,72.65625,1.6569410541473022,-0.454,0.31,7.165,465,142.96875,65.625,7.202,-1.7894652726688385,511,137.5,71.875,7.074,-3.0309354324158977,494.0,150.0,68.75,6.72,-0.6202494859828215,561.0,146.875,78.90625,6.675,1.2120256565243244,540.0,152.34375,75.0,8.156,0.2914567944778671,,,,,
519,198.4375,72.65625,1.6002167961522535,1.758,0.015,7.294,523,205.46875,73.4375,7.074,0.11065722117389565,562,195.3125,78.90625,6.987,2.0344439357957027,483.0,202.34375,67.1875,6.72,-0.9505468408120752,482.0,194.53125,67.1875,6.72,-2.191045812777718,522.0,190.625,73.4375,7.851,3.0419240010986313,571.0,201.5625,80.46875,8.414,1.1902899496825317
520,79.6875,73.4375,1.6397569821611384,-1.497,0.077,7.693,506,72.65625,71.09375,7.411,-2.819842099193151,549,73.4375,78.125,7.812,2.498091544796509,514.0,87.5,72.65625,7.851,-0.09966865249116202,550.0,84.375,78.125,6.629,0.7853981633974483,471.0,83.59375,66.40625,8.043,-1.0636978224025597,462.0,76.5625,65.625,8.414,-1.9513027039072615
521,177.34375,73.4375,1.5435842621318576,1.289,-0.417,7.568,512,170.3125,71.875,7.202,-2.922923707715851,557,182.8125,78.125,7.202,0.7086262721276703,556.0,171.09375,78.125,7.812,2.498091544796509,513.0,183.59375,71.875,6.442,-0.24497866312686414,467.0,179.6875,65.625,8.156,-1.2793395323170296,587.0,177.34375,82.03125,8.593,1.5707963267948966
522,190.625,73.4375,1.5924934769601364,-0.516,-0.035,7.548,513,183.59375,71.875,7.202,-2.922923707715851,562,195.3125,78.90625,7.202,0.8621700546672264,482.0,194.53125,67.1875,7.37,-1.0121970114513341,476.0,187.5,66.40625,7.694,-1.9890206563741257,519.0,198.4375,72.65625,7.851,-0.09966865249116202,577.0,189.0625,81.25,7.967,1.7681918866447774
523,205.46875,73.4375,1.6529693230096856,-0.839,0.031,7.134,484,209.375,67.1875,7.37,-1.0121970114513341,519,198.4375,72.65625,7.074,-3.0309354324158977,524.0,212.5,73.4375,7.031,0.0,483.0,202.34375,67.1875,6.987,-2.0344439357957027,571.0,201.5625,80.46875,8.043,2.0778948311872334,563.0,208.59375,78.90625,6.298,1.0516502125483738
524,212.5,73.4375,1.6590805473699877,1.919,0.078,7.038,533,219.53125,74.21875,7.074,0.11065722117389565,523,205.46875,73.4375,7.031,3.141592653589793,484.0,209.375,67.1875,6.987,-2.0344439357957027,572.0,215.625,80.46875,7.694,1.1525719972156676,489.0,216.40625,67.96875,6.72,-0.9505468408120752,563.0,208.59375,78.90625,6.72,2.191045812777718
525,241.40625,73.4375,1.6225228581191662,0.79,-0.026,7.348,535,234.375,74.21875,7.074,3.0309354324158977,573,238.28125,80.46875,7.694,1.9890206563741257,564.0,245.3125,78.90625,6.72,0.9505468408120752,536.0,249.21875,74.21875,7.851,0.09966865249116202,492.0,238.28125,67.96875,6.298,-2.0899424410414196,477.0,246.09375,66.40625,8.45,-0.982793723247329
526,257.03125,73.4375,1.606580972878136,-0.907,-0.371,7.552,574,259.375,80.46875,7.411,1.2490457723982544,542,264.0625,75.78125,7.411,0.3217505543966422,536.0,249.21875,74.21875,7.851,3.0419240010986313,495.0,252.34375,68.75,6.629,-2.356194490192345,468.0,258.59375,65.625,7.967,-1.373400766945016,496.0,264.0625,69.53125,8.043,-0.507098504392337
527,269.53125,73.4375,1.6492359642938534,-1.451,-0.471,6.965,558,275.0,78.125,7.202,0.7086262721276703,500,275.78125,70.3125,6.987,-0.4636476090008061,496.0,264.0625,69.53125,6.72,-2.5213431676069717,469.0,271.09375,65.625,7.967,-1.373400766945016,542.0,264.0625,75.78125,5.949,2.7367008673047097,,,,,
528,5.46875,74.21875,1.691837477312132,0.0,-0.524,7.04,498,11.71875,70.3125,7.37,-0.5585993153435624,544,11.71875,78.125,7.37,0.5585993153435624,575.0,5.46875,81.25,7.031,1.5707963267948966,478.0,5.46875,67.1875,7.031,-1.5707963267948966,543.0,0.0,78.125,6.72,2.5213431676069717,497.0,0.0,70.3125,6.72,-2.5213431676069717
529,17.96875,74.21875,1.7084352631144684,1.059,-0.508,7.193,498,11.71875,70.3125,7.37,-2.5829933382462307,544,11.71875,78.125,7.37,2.5829933382462307,545.0,24.21875,78.125,7.37,0.5585993153435624,479.0,17.96875,67.1875,7.031,-1.5707963267948966,576.0,17.96875,81.25,7.031,1.5707963267948966,502.0,24.21875,71.09375,6.987,-0.4636476090008061
530,29.6875,74.21875,1.6358573470039532,1.225,0.523,7.036,546,35.9375,78.125,7.37,0.5585993153435624,480,29.6875,67.1875,7.031,-1.5707963267948966,503.0,35.9375,71.09375,6.987,-0.4636476090008061,545.0,24.21875,78.125,6.72,2.5213431676069717,580.0,29.6875,82.03125,7.812,1.5707963267948966,502.0,24.21875,71.09375,6.298,-2.62244653934327
531,67.1875,74.21875,1.6554975838005994,1.028,-0.517,7.281,548,60.9375,78.125,7.37,2.5829933382462307,549,73.4375,78.125,7.37,0.5585993153435624,505.0,60.9375,71.09375,6.987,-2.677945044588987,583.0,67.1875,82.03125,7.812,1.5707963267948966,470.0,67.96875,66.40625,7.851,-1.4711276743037347,506.0,72.65625,71.09375,6.298,-0.5191461142465229
532,164.0625,74.21875,1.610123394525629,0.294,-0.478,7.075,499,158.59375,70.3125,6.72,-2.5213431676069717,555,158.59375,78.125,6.72,2.5213431676069717,512.0,170.3125,71.875,6.675,-0.35877067027057225,586.0,164.84375,82.03125,7.851,1.4711276743037347,556.0,171.09375,78.125,8.043,0.507098504392337,488.0,165.625,67.96875,6.442,-1.3258176636680326
533,219.53125,74.21875,1.617883202078797,-0.939,0.025,7.222,490,223.4375,67.96875,7.37,-1.0121970114513341,572,215.625,80.46875,7.37,2.129395642138459,524.0,212.5,73.4375,7.074,-3.0309354324158977,489.0,216.40625,67.96875,6.987,-2.0344439357957027,566.0,223.4375,79.6875,6.72,0.9505468408120752,534.0,227.34375,74.21875,7.812,0.0
534,227.34375,74.21875,1.657937419047146,-2.979,0.016,7.1,490,223.4375,67.96875,7.37,-2.129395642138459,491,231.25,67.96875,7.37,-1.0121970114513341,535.0,234.375,74.21875,7.031,0.0,566.0,223.4375,79.6875,6.72,2.191045812777718,533.0,219.53125,74.21875,7.812,3.141592653589793,567.0,230.46875,79.6875,6.298,1.0516502125483738
535,234.375,74.21875,1.6410295950817864,-1.439,0.008,7.092,492,238.28125,67.96875,7.37,-1.0121970114513341,573,238.28125,80.46875,7.37,1.0121970114513341,525.0,241.40625,73.4375,7.074,-0.11065722117389565,534.0,227.34375,74.21875,7.031,3.141592653589793,491.0,231.25,67.96875,6.987,-2.0344439357957027,567.0,230.46875,79.6875,6.72,2.191045812777718
536,249.21875,74.21875,1.6359901970365993,-2.192,0.09,7.321,578,251.5625,81.25,7.411,1.2490457723982544,526,257.03125,73.4375,7.851,-0.09966865249116202,525.0,241.40625,73.4375,7.851,-3.0419240010986313,495.0,252.34375,68.75,6.298,-1.0516502125483738,564.0,245.3125,78.90625,6.101,2.2655346029916,477.0,246.09375,66.40625,8.414,-1.9513027039072615
537,293.75,74.21875,1.7008108278408187,2.517,0.506,6.976,559,287.5,78.125,7.37,2.5829933382462307,485,293.75,67.1875,7.031,-1.5707963267948966,579.0,293.75,81.25,7.031,1.5707963267948966,507.0,287.5,71.09375,6.987,-2.677945044588987,501.0,299.21875,70.3125,6.72,-0.6202494859828215,560.0,299.21875,78.125,6.72,0.6202494859828215
538,42.1875,75.0,1.6860812537664382,-1.571,-0.524,7.129,503,35.9375,71.09375,7.37,-2.5829933382462307,504,48.4375,71.09375,7.37,-0.5585993153435624,486.0,42.1875,67.96875,7.031,-1.5707963267948966,581.0,42.1875,82.03125,7.031,1.5707963267948966,546.0,35.9375,78.125,6.987,2.677945044588987,547.0,48.4375,78.125,6.987,0.4636476090008061
539,54.6875,75.0,1.6917434194701269,-1.571,-0.524,7.129,504,48.4375,71.09375,7.37,-2.5829933382462307,505,60.9375,71.09375,7.37,-0.5585993153435624,487.0,54.6875,67.96875,7.031,-1.5707963267948966,582.0,54.6875,82.03125,7.031,1.5707963267948966,547.0,48.4375,78.125,6.987,2.677945044588987,548.0,60.9375,78.125,6.987,0.4636476090008061
540,152.34375,75.0,1.6513112934099414,2.695,0.386,7.23,585,152.34375,82.03125,7.031,1.5707963267948966,555,158.59375,78.125,6.987,0.4636476090008061,561.0,146.875,78.90625,6.72,2.5213431676069717,499.0,158.59375,70.3125,7.812,-0.6435011087932844,494.0,150.0,68.75,6.675,-1.9295669970654687,518.0,144.53125,72.65625,8.156,-2.8501358591119264
541,281.25,75.0,1.6518701907659552,-0.953,-0.482,7.109,500,275.78125,70.3125,7.202,-2.432966381462123,507,287.5,71.09375,7.37,-0.5585993153435624,493.0,282.03125,67.96875,7.074,-1.460139105621001,589.0,281.25,82.03125,7.031,1.5707963267948966,558.0,275.0,78.125,6.987,2.677945044588987,559.0,287.5,78.125,6.987,0.4636476090008061
542,264.0625,75.78125,1.625501346189163,-2.498,0.476,6.722,588,267.96875,82.03125,7.37,1.0121970114513341,526,257.03125,73.4375,7.411,-2.819842099193151,574.0,259.375,80.46875,6.629,2.356194490192345,496.0,264.0625,69.53125,6.25,-1.5707963267948966,527.0,269.53125,73.4375,5.949,-0.40489178628508343,,,,,
543,0.0,78.125,1.629668241333593,-0.051,-0.299,6.965,591,0.0,85.15625,7.031,1.5707963267948966,528,5.46875,74.21875,6.72,-0.6202494859828215,497.0,0.0,70.3125,7.812,-1.5707963267948966,575.0,5.46875,81.25,6.298,0.5191461142465229,,,,,,,,,,
544,11.71875,78.125,1.6924989388048945,-1.571,-0.524,7.259,528,5.46875,74.21875,7.37,-2.5829933382462307,529,17.96875,74.21875,7.37,-0.5585993153435624,592.0,11.71875,85.15625,7.031,1.5707963267948966,575.0,5.46875,81.25,6.987,2.677945044588987,576.0,17.96875,81.25,6.987,0.4636476090008061,498.0,11.71875,70.3125,7.812,-1.5707963267948966
545,24.21875,78.125,1.6789282333158042,-2.518,-0.507,6.976,529,17.96875,74.21875,7.37,-2.5829933382462307,502,24.21875,71.09375,7.031,-1.5707963267948966,593.0,24.21875,85.15625,7.031,1.5707963267948966,576.0,17.96875,81.25,6.987,2.677945044588987,530.0,29.6875,74.21875,6.72,-0.6202494859828215,580.0,29.6875,82.03125,6.72,0.6202494859828215
546,35.9375,78.125,1.6918703913099709,1.059,-0.508,7.193,530,29.6875,74.21875,7.37,-2.5829933382462307,580,29.6875,82.03125,7.37,2.5829933382462307,581.0,42.1875,82.03125,7.37,0.5585993153435624,503.0,35.9375,71.09375,7.031,-1.5707963267948966,594.0,35.9375,85.15625,7.031,1.5707963267948966,538.0,42.1875,75.0,6.987,-0.4636476090008061
547,48.4375,78.125,1.6935347517888906,1.57,-0.524,7.129,581,42.1875,82.03125,7.37,2.5829933382462307,582,54.6875,82.03125,7.37,0.5585993153435624,595.0,48.4375,85.15625,7.031,1.5707963267948966,504.0,48.4375,71.09375,7.031,-1.5707963267948966,539.0,54.6875,75.0,6.987,-0.4636476090008061,538.0,42.1875,75.0,6.987,-2.677945044588987
548,60.9375,78.125,1.7132305131892183,2.081,0.507,7.193,531,67.1875,74.21875,7.37,-0.5585993153435624,582,54.6875,82.03125,7.37,2.5829933382462307,583.0,67.1875,82.03125,7.37,0.5585993153435624,505.0,60.9375,71.09375,7.031,-1.5707963267948966,596.0,60.9375,85.15625,7.031,1.5707963267948966,539.0,54.6875,75.0,6.987,-2.677945044588987
549,73.4375,78.125,1.674888616532846,-3.077,0.501,7.229,583,67.1875,82.03125,7.37,2.5829933382462307,531,67.1875,74.21875,7.37,-2.5829933382462307,506.0,72.65625,71.09375,7.074,-1.6814535479687922,597.0,73.4375,85.15625,7.031,1.5707963267948966,584.0,78.90625,82.03125,6.72,0.6202494859828215,520.0,79.6875,73.4375,7.812,-0.6435011087932844
550,84.375,78.125,1.6504608728679193,1.462,0.461,6.826,568,91.40625,80.46875,7.411,0.3217505543966422,598,85.15625,85.15625,7.074,1.460139105621001,584.0,78.90625,82.03125,6.72,2.5213431676069717,520.0,79.6875,73.4375,6.629,-2.356194490192345,514.0,87.5,72.65625,6.298,-1.0516502125483738,,,,,
551,97.65625,78.125,1.694329117704947,-0.74,0.183,6.785,565,104.6875,79.6875,7.202,0.21866894587394195,599,97.65625,85.15625,7.031,1.5707963267948966,516.0,101.5625,72.65625,6.72,-0.9505468408120752,568.0,91.40625,80.46875,6.675,2.782821983319221,515.0,94.53125,72.65625,6.298,-2.0899424410414196,,,,,
552,111.71875,78.125,1.6832605207153757,0.418,-0.084,7.147,565,104.6875,79.6875,7.202,2.922923707715851,509,115.625,71.875,7.37,-1.0121970114513341,600.0,109.375,85.15625,7.411,1.892546881191539,508.0,108.59375,71.875,6.987,-2.0344439357957027,553.0,119.53125,78.125,7.812,0.0,590.0,115.625,82.8125,6.101,0.8760580505981934
553,119.53125,78.125,1.6519844412864282,2.613,0.091,7.306,509,115.625,71.875,7.37,-2.129395642138459,601,121.875,85.15625,7.411,1.2490457723982544,510.0,122.65625,71.875,6.987,-1.1071487177940904,552.0,111.71875,78.125,7.812,3.141592653589793,569.0,127.34375,80.46875,8.156,0.2914567944778671,590.0,115.625,82.8125,6.101,2.2655346029916
554,133.59375,78.125,1.657672515025658,-0.007,0.249,7.05,511,137.5,71.875,7.37,-1.0121970114513341,570,140.625,80.46875,7.411,0.3217505543966422,602.0,134.375,85.15625,7.074,1.460139105621001,517.0,129.6875,72.65625,6.72,-2.191045812777718,569.0,127.34375,80.46875,6.675,2.782821983319221,,,,,
555,158.59375,78.125,1.6845361684081293,2.768,0.497,7.215,585,152.34375,82.03125,7.37,2.5829933382462307,586,164.84375,82.03125,7.37,0.5585993153435624,604.0,158.59375,85.15625,7.031,1.5707963267948966,540.0,152.34375,75.0,6.987,-2.677945044588987,532.0,164.0625,74.21875,6.72,-0.6202494859828215,499.0,158.59375,70.3125,7.812,-1.5707963267948966
556,171.09375,78.125,1.6622319104378287,-3.052,0.48,7.321,586,164.84375,82.03125,7.37,2.5829933382462307,587,177.34375,82.03125,7.37,0.5585993153435624,605.0,171.09375,85.15625,7.031,1.5707963267948966,521.0,177.34375,73.4375,7.812,-0.6435011087932844,532.0,164.0625,74.21875,8.043,-2.6344941491974563,512.0,170.3125,71.875,6.298,-1.695151321341658
557,182.8125,78.125,1.6563312021618906,2.534,0.452,6.848,521,177.34375,73.4375,7.202,-2.432966381462123,606,182.8125,85.15625,7.031,1.5707963267948966,577.0,189.0625,81.25,6.987,0.4636476090008061,587.0,177.34375,82.03125,6.72,2.5213431676069717,513.0,183.59375,71.875,6.298,-1.446441332248135,,,,,
558,275.0,78.125,1.6820944726213598,-0.356,-0.459,7.414,527,269.53125,73.4375,7.202,-2.432966381462123,589,281.25,82.03125,7.37,0.5585993153435624,610.0,275.0,85.15625,7.031,1.5707963267948966,541.0,281.25,75.0,6.987,-0.4636476090008061,500.0,275.78125,70.3125,7.851,-1.4711276743037347,588.0,267.96875,82.03125,8.043,2.6344941491974563
559,287.5,78.125,1.7006357031432842,-0.644,0.491,7.129,537,293.75,74.21875,7.37,-0.5585993153435624,589,281.25,82.03125,7.37,2.5829933382462307,611.0,287.5,85.15625,7.031,1.5707963267948966,507.0,287.5,71.09375,7.031,-1.5707963267948966,579.0,293.75,81.25,6.987,0.4636476090008061,541.0,281.25,75.0,6.987,-2.677945044588987
560,299.21875,78.125,1.6153736478474838,-3.092,0.298,6.965,612,299.21875,85.15625,7.031,1.5707963267948966,537,293.75,74.21875,6.72,-2.5213431676069717,501.0,299.21875,70.3125,7.812,-1.5707963267948966,579.0,293.75,81.25,6.298,2.62244653934327,,,,,,,,,,
561,146.875,78.90625,1.6590100957647989,0.733,0.446,6.487,540,152.34375,75.0,6.72,-0.6202494859828215,518,144.53125,72.65625,6.675,-1.9295669970654687,570.0,140.625,80.46875,6.442,2.896613990462929,585.0,152.34375,82.03125,6.298,0.5191461142465229,603.0,146.09375,85.15625,6.298,1.695151321341658,,,,,
562,195.3125,78.90625,1.581971465141299,-2.802,-0.327,6.711,522,190.625,73.4375,7.202,-2.279422598922567,519,198.4375,72.65625,6.987,-1.1071487177940904,577.0,189.0625,81.25,6.675,2.782821983319221,571.0,201.5625,80.46875,6.442,0.24497866312686414,607.0,195.3125,85.15625,6.25,1.5707963267948966,,,,,
563,208.59375,78.90625,1.669900114799163,-1.722,-0.013,6.744,572,215.625,80.46875,7.202,0.21866894587394195,571,201.5625,80.46875,7.202,2.922923707715851,524.0,212.5,73.4375,6.72,-0.9505468408120752,523.0,205.46875,73.4375,6.298,-2.0899424410414196,608.0,207.8125,85.15625,6.298,1.695151321341658,,,,,
564,245.3125,78.90625,1.638521767043028,-2.939,-0.2,6.599,573,238.28125,80.46875,7.202,2.922923707715851,525,241.40625,73.4375,6.72,-2.191045812777718,578.0,251.5625,81.25,6.675,0.35877067027057225,609.0,244.53125,85.15625,6.298,1.695151321341658,536.0,249.21875,74.21875,6.101,-0.8760580505981934,,,,,
565,104.6875,79.6875,1.5346082762074642,1.209,-0.148,7.586,551,97.65625,78.125,7.202,-2.922923707715851,552,111.71875,78.125,7.202,-0.21866894587394195,600.0,109.375,85.15625,7.202,0.8621700546672264,516.0,101.5625,72.65625,7.694,-1.9890206563741257,619.0,103.90625,88.28125,8.629,1.6614562139956417,,,,,
566,223.4375,79.6875,1.6362723458337127,2.124,0.013,7.351,613,219.53125,85.9375,7.37,2.129395642138459,567,230.46875,79.6875,7.031,0.0,534.0,227.34375,74.21875,6.72,-0.9505468408120752,533.0,219.53125,74.21875,6.72,-2.191045812777718,572.0,215.625,80.46875,7.851,3.0419240010986313,616.0,226.5625,87.5,8.414,1.1902899496825317
567,230.46875,79.6875,1.6543028338878862,-0.983,0.087,6.915,566,223.4375,79.6875,7.031,3.141592653589793,535,234.375,74.21875,6.72,-0.9505468408120752,614.0,232.8125,85.9375,6.675,1.2120256565243244,573.0,238.28125,80.46875,7.851,0.09966865249116202,534.0,227.34375,74.21875,6.298,-2.0899424410414196,,,,,
568,91.40625,80.46875,1.593801316463426,1.034,-0.485,7.656,550,84.375,78.125,7.411,-2.819842099193151,598,85.15625,85.15625,7.812,2.498091544796509,618.0,91.40625,88.28125,7.812,1.5707963267948966,599.0,97.65625,85.15625,7.812,0.6435011087932844,551.0,97.65625,78.125,6.675,-0.35877067027057225,515.0,94.53125,72.65625,8.414,-1.1902899496825317
569,127.34375,80.46875,1.5671024383874033,0.943,0.508,7.748,601,121.875,85.15625,7.202,2.432966381462123,554,133.59375,78.125,6.675,-0.35877067027057225,620.0,128.125,88.28125,7.851,1.4711276743037347,553.0,119.53125,78.125,8.156,-2.8501358591119264,517.0,129.6875,72.65625,8.156,-1.2793395323170296,602.0,134.375,85.15625,8.45,0.5880026035475675
570,140.625,80.46875,1.4818393145490374,1.635,0.486,7.499,603,146.09375,85.15625,7.202,0.7086262721276703,554,133.59375,78.125,7.411,-2.819842099193151,602.0,134.375,85.15625,7.812,2.498091544796509,561.0,146.875,78.90625,6.442,-0.24497866312686414,629.0,139.84375,89.0625,8.629,1.6614562139956417,,,,,
571,201.5625,80.46875,1.633327714264335,-1.459,0.156,7.621,563,208.59375,78.90625,7.202,-0.21866894587394195,607,195.3125,85.15625,7.812,2.498091544796509,608.0,207.8125,85.15625,7.812,0.6435011087932844,523.0,205.46875,73.4375,8.043,-1.0636978224025597,562.0,195.3125,78.90625,6.442,-2.896613990462929,519.0,198.4375,72.65625,8.414,-1.9513027039072615
572,215.625,80.46875,1.5832426699404998,-1.051,0.035,7.367,563,208.59375,78.90625,7.202,-2.922923707715851,533,219.53125,74.21875,7.37,-1.0121970114513341,524.0,212.5,73.4375,7.694,-1.9890206563741257,613.0,219.53125,85.9375,6.72,0.9505468408120752,566.0,223.4375,79.6875,7.851,-0.09966865249116202,,,,,
573,238.28125,80.46875,1.62616589875053,-1.636,-0.065,7.61,564,245.3125,78.90625,7.202,-0.21866894587394195,535,234.375,74.21875,7.37,-2.129395642138459,525.0,241.40625,73.4375,7.694,-1.1525719972156676,614.0,232.8125,85.9375,7.733,2.356194490192345,609.0,244.53125,85.15625,7.812,0.6435011087932844,567.0,230.46875,79.6875,7.851,-3.0419240010986313
574,259.375,80.46875,1.622188229910945,2.827,0.115,7.177,526,257.03125,73.4375,7.411,-1.892546881191539,617,262.5,87.5,7.694,1.1525719972156676,578.0,251.5625,81.25,7.851,3.0419240010986313,542.0,264.0625,75.78125,6.629,-0.7853981633974483,615.0,256.25,85.9375,6.298,2.0899424410414196,,,,,
575,5.46875,81.25,1.6749719064732103,1.225,0.523,7.036,592,11.71875,85.15625,7.37,0.5585993153435624,528,5.46875,74.21875,7.031,-1.5707963267948966,544.0,11.71875,78.125,6.987,-0.4636476090008061,591.0,0.0,85.15625,6.72,2.5213431676069717,621.0,5.46875,89.0625,7.812,1.5707963267948966,543.0,0.0,78.125,6.298,-2.62244653934327
576,17.96875,81.25,1.6733871508175486,1.57,-0.524,7.259,592,11.71875,85.15625,7.37,2.5829933382462307,593,24.21875,85.15625,7.37,0.5585993153435624,529.0,17.96875,74.21875,7.031,-1.5707963267948966,544.0,11.71875,78.125,6.987,-2.677945044588987,545.0,24.21875,78.125,6.987,-0.4636476090008061,622.0,17.96875,89.0625,7.812,1.5707963267948966
577,189.0625,81.25,1.6383383790465744,0.868,-0.477,7.363,606,182.8125,85.15625,7.37,2.5829933382462307,607,195.3125,85.15625,7.37,0.5585993153435624,557.0,182.8125,78.125,6.987,-2.677945044588987,633.0,189.0625,89.0625,7.812,1.5707963267948966,562.0,195.3125,78.90625,6.675,-0.35877067027057225,522.0,190.625,73.4375,7.967,-1.373400766945016
578,251.5625,81.25,1.577294624868047,2.157,-0.464,7.41,536,249.21875,74.21875,7.411,-1.892546881191539,564,245.3125,78.90625,6.675,-2.782821983319221,574.0,259.375,80.46875,7.851,-0.09966865249116202,637.0,250.78125,89.0625,7.851,1.6704649792860586,615.0,256.25,85.9375,6.629,0.7853981633974483,609.0,244.53125,85.15625,8.043,2.6344941491974563
579,293.75,81.25,1.6550018059953908,1.916,-0.524,7.036,611,287.5,85.15625,7.37,2.5829933382462307,537,293.75,74.21875,7.031,-1.5707963267948966,559.0,287.5,78.125,6.987,-2.677945044588987,612.0,299.21875,85.15625,6.72,0.6202494859828215,640.0,293.75,89.0625,7.812,1.5707963267948966,560.0,299.21875,78.125,6.298,-0.5191461142465229
580,29.6875,82.03125,1.6257608255446212,-1.226,-0.524,7.036,546,35.9375,78.125,7.37,-0.5585993153435624,623,29.6875,89.0625,7.031,1.5707963267948966,594.0,35.9375,85.15625,6.987,0.4636476090008061,545.0,24.21875,78.125,6.72,-2.5213431676069717,530.0,29.6875,74.21875,7.812,-1.5707963267948966,593.0,24.21875,85.15625,6.298,2.62244653934327
581,42.1875,82.03125,1.6919274437783793,-1.571,-0.524,7.129,546,35.9375,78.125,7.37,-2.5829933382462307,547,48.4375,78.125,7.37,-0.5585993153435624,538.0,42.1875,75.0,7.031,-1.5707963267948966,624.0,42.1875,89.0625,7.031,1.5707963267948966,594.0,35.9375,85.15625,6.987,2.677945044588987,595.0,48.4375,85.15625,6.987,0.4636476090008061
582,54.6875,82.03125,1.697871350383791,-1.571,-0.524,7.129,547,48.4375,78.125,7.37,-2.5829933382462307,548,60.9375,78.125,7.37,-0.5585993153435624,539.0,54.6875,75.0,7.031,-1.5707963267948966,625.0,54.6875,89.0625,7.031,1.5707963267948966,595.0,48.4375,85.15625,6.987,2.677945044588987,596.0,60.9375,85.15625,6.987,0.4636476090008061
583,67.1875,82.03125,1.664810080646566,-1.571,-0.524,7.259,548,60.9375,78.125,7.37,-2.5829933382462307,549,73.4375,78.125,7.37,-0.5585993153435624,626.0,67.1875,89.0625,7.031,1.5707963267948966,596.0,60.9375,85.15625,6.987,2.677945044588987,597.0,73.4375,85.15625,6.987,0.4636476090008061,531.0,67.1875,74.21875,7.812,-1.5707963267948966
584,78.90625,82.03125,1.641591193622113,-1.074,-0.518,7.064,627,78.90625,89.0625,7.031,1.5707963267948966,598,85.15625,85.15625,6.987,0.4636476090008061,549.0,73.4375,78.125,6.72,-2.5213431676069717,550.0,84.375,78.125,6.72,-0.6202494859828215,597.0,73.4375,85.15625,6.298,2.62244653934327,520.0,79.6875,73.4375,8.629,-1.4801364395941514
585,152.34375,82.03125,1.6737092264076538,-1.724,0.516,6.951,555,158.59375,78.125,7.37,-0.5585993153435624,540,152.34375,75.0,7.031,-1.5707963267948966,630.0,152.34375,89.0625,7.031,1.5707963267948966,603.0,146.09375,85.15625,6.987,2.677945044588987,604.0,158.59375,85.15625,6.987,0.4636476090008061,561.0,146.875,78.90625,6.298,-2.62244653934327
586,164.84375,82.03125,1.646178904165561,-2.126,0.507,7.266,555,158.59375,78.125,7.37,-2.5829933382462307,556,171.09375,78.125,7.37,-0.5585993153435624,631.0,164.84375,89.0625,7.031,1.5707963267948966,604.0,158.59375,85.15625,6.987,2.677945044588987,605.0,171.09375,85.15625,6.987,0.4636476090008061,532.0,164.0625,74.21875,7.851,-1.6704649792860586
587,177.34375,82.03125,1.5865899101782772,-1.917,0.523,7.167,556,171.09375,78.125,7.37,-2.5829933382462307,632,177.34375,89.0625,7.031,1.5707963267948966,605.0,171.09375,85.15625,6.987,2.677945044588987,557.0,182.8125,78.125,6.72,-0.6202494859828215,606.0,182.8125,85.15625,6.298,0.5191461142465229,521.0,177.34375,73.4375,8.593,-1.5707963267948966
588,267.96875,82.03125,1.6063523018262393,0.863,0.454,7.583,542,264.0625,75.78125,7.37,-2.129395642138459,638,268.75,89.0625,7.074,1.460139105621001,610.0,275.0,85.15625,7.694,0.4182243295792291,617.0,262.5,87.5,7.733,2.356194490192345,558.0,275.0,78.125,8.043,-0.507098504392337,,,,,
589,281.25,82.03125,1.6319782997845906,-1.571,-0.524,7.129,558,275.0,78.125,7.37,-2.5829933382462307,559,287.5,78.125,7.37,-0.5585993153435624,541.0,281.25,75.0,7.031,-1.5707963267948966,639.0,281.25,89.0625,7.031,1.5707963267948966,610.0,275.0,85.15625,6.987,2.677945044588987,611.0,287.5,85.15625,6.987,0.4636476090008061
590,115.625,82.8125,1.607815470172659,1.57,0.418,6.36,601,121.875,85.15625,6.675,0.35877067027057225,600,109.375,85.15625,6.675,2.782821983319221,628.0,115.625,89.0625,6.25,1.5707963267948966,553.0,119.53125,78.125,6.101,-0.8760580505981934,552.0,111.71875,78.125,6.101,-2.2655346029916,,,,,
591,0.0,85.15625,1.6542172930215278,0.0,-0.262,6.875,543,0.0,78.125,7.031,-1.5707963267948966,641,0.0,92.1875,7.031,1.5707963267948966,575.0,5.46875,81.25,6.72,-0.6202494859828215,621.0,5.46875,89.0625,6.72,0.6202494859828215,,,,,,,,,,
592,11.71875,85.15625,1.7141763988287906,0.311,-0.524,7.257,575,5.46875,81.25,7.37,-2.5829933382462307,576,17.96875,81.25,7.37,-0.5585993153435624,621.0,5.46875,89.0625,7.37,2.5829933382462307,622.0,17.96875,89.0625,7.37,0.5585993153435624,544.0,11.71875,78.125,7.031,-1.5707963267948966,642.0,11.71875,92.1875,7.031,1.5707963267948966
593,24.21875,85.15625,1.6805662358624642,1.734,-0.508,6.97,576,17.96875,81.25,7.37,-2.5829933382462307,622,17.96875,89.0625,7.37,2.5829933382462307,545.0,24.21875,78.125,7.031,-1.5707963267948966,643.0,24.21875,92.1875,7.031,1.5707963267948966,623.0,29.6875,89.0625,6.72,0.6202494859828215,580.0,29.6875,82.03125,6.298,-0.5191461142465229
594,35.9375,85.15625,1.6782282272405509,1.57,-0.524,7.129,623,29.6875,89.0625,7.37,2.5829933382462307,624,42.1875,89.0625,7.37,0.5585993153435624,644.0,35.9375,92.1875,7.031,1.5707963267948966,546.0,35.9375,78.125,7.031,-1.5707963267948966,581.0,42.1875,82.03125,6.987,-0.4636476090008061,580.0,29.6875,82.03125,6.987,-2.677945044588987
595,48.4375,85.15625,1.6861356841673483,1.57,-0.524,7.129,624,42.1875,89.0625,7.37,2.5829933382462307,625,54.6875,89.0625,7.37,0.5585993153435624,645.0,48.4375,92.1875,7.031,1.5707963267948966,547.0,48.4375,78.125,7.031,-1.5707963267948966,582.0,54.6875,82.03125,6.987,-0.4636476090008061,581.0,42.1875,82.03125,6.987,-2.677945044588987
596,60.9375,85.15625,1.6967130673001536,1.57,-0.524,7.129,625,54.6875,89.0625,7.37,2.5829933382462307,626,67.1875,89.0625,7.37,0.5585993153435624,646.0,60.9375,92.1875,7.031,1.5707963267948966,548.0,60.9375,78.125,7.031,-1.5707963267948966,583.0,67.1875,82.03125,6.987,-0.4636476090008061,582.0,54.6875,82.03125,6.987,-2.677945044588987
597,73.4375,85.15625,1.6716495044323503,1.916,-0.524,6.906,626,67.1875,89.0625,7.37,2.5829933382462307,549,73.4375,78.125,7.031,-1.5707963267948966,647.0,73.4375,92.1875,7.031,1.5707963267948966,583.0,67.1875,82.03125,6.987,-2.677945044588987,627.0,78.90625,89.0625,6.72,0.6202494859828215,584.0,78.90625,82.03125,6.298,-0.5191461142465229
598,85.15625,85.15625,1.6698927159957175,-2.759,0.459,7.21,627,78.90625,89.0625,7.37,2.5829933382462307,550,84.375,78.125,7.074,-1.6814535479687922,648.0,85.15625,92.1875,7.031,1.5707963267948966,584.0,78.90625,82.03125,6.987,-2.677945044588987,618.0,91.40625,88.28125,6.987,0.4636476090008061,568.0,91.40625,80.46875,7.812,-0.6435011087932844
599,97.65625,85.15625,1.6550238896340252,2.788,0.447,7.17,551,97.65625,78.125,7.031,-1.5707963267948966,649,97.65625,92.1875,7.031,1.5707963267948966,619.0,103.90625,88.28125,6.987,0.4636476090008061,618.0,91.40625,88.28125,6.987,2.677945044588987,568.0,91.40625,80.46875,7.812,-2.498091544796509,,,,,
600,109.375,85.15625,1.694442332709406,-0.057,-0.388,6.998,565,104.6875,79.6875,7.202,-2.279422598922567,628,115.625,89.0625,7.37,0.5585993153435624,552.0,111.71875,78.125,7.411,-1.2490457723982544,650.0,109.375,92.1875,7.031,1.5707963267948966,590.0,115.625,82.8125,6.675,-0.35877067027057225,619.0,103.90625,88.28125,6.298,2.62244653934327
601,121.875,85.15625,1.6898727370186903,3.082,0.4,7.113,569,127.34375,80.46875,7.202,-0.7086262721276703,628,115.625,89.0625,7.37,2.5829933382462307,553.0,119.53125,78.125,7.411,-1.892546881191539,651.0,121.875,92.1875,7.031,1.5707963267948966,620.0,128.125,88.28125,6.987,0.4636476090008061,590.0,115.625,82.8125,6.675,-2.782821983319221
602,134.375,85.15625,1.62477870217309,-2.648,-0.524,7.346,554,133.59375,78.125,7.074,-1.6814535479687922,652,134.375,92.1875,7.031,1.5707963267948966,620.0,128.125,88.28125,6.987,2.677945044588987,629.0,139.84375,89.0625,6.72,0.6202494859828215,570.0,140.625,80.46875,7.812,-0.6435011087932844,569.0,127.34375,80.46875,8.45,-2.5535900500422257
603,146.09375,85.15625,1.6462554496152981,-0.117,-0.464,7.043,570,140.625,80.46875,7.202,-2.432966381462123,629,139.84375,89.0625,7.37,2.5829933382462307,630.0,152.34375,89.0625,7.37,0.5585993153435624,653.0,146.09375,92.1875,7.031,1.5707963267948966,585.0,152.34375,82.03125,6.987,-0.4636476090008061,561.0,146.875,78.90625,6.298,-1.446441332248135
604,158.59375,85.15625,1.6879046403741835,1.57,-0.524,7.129,630,152.34375,89.0625,7.37,2.5829933382462307,631,164.84375,89.0625,7.37,0.5585993153435624,654.0,158.59375,92.1875,7.031,1.5707963267948966,555.0,158.59375,78.125,7.031,-1.5707963267948966,586.0,164.84375,82.03125,6.987,-0.4636476090008061,585.0,152.34375,82.03125,6.987,-2.677945044588987
605,171.09375,85.15625,1.6725474325521352,1.57,-0.524,7.129,631,164.84375,89.0625,7.37,2.5829933382462307,632,177.34375,89.0625,7.37,0.5585993153435624,655.0,171.09375,92.1875,7.031,1.5707963267948966,556.0,171.09375,78.125,7.031,-1.5707963267948966,587.0,177.34375,82.03125,6.987,-0.4636476090008061,586.0,164.84375,82.03125,6.987,-2.677945044588987
606,182.8125,85.15625,1.679741219678445,1.407,0.507,6.97,577,189.0625,81.25,7.37,-0.5585993153435624,633,189.0625,89.0625,7.37,0.5585993153435624,656.0,182.8125,92.1875,7.031,1.5707963267948966,557.0,182.8125,78.125,7.031,-1.5707963267948966,632.0,177.34375,89.0625,6.72,2.5213431676069717,587.0,177.34375,82.03125,6.298,-2.62244653934327
607,195.3125,85.15625,1.6815360705910152,-2.172,0.51,7.2,633,189.0625,89.0625,7.37,2.5829933382462307,577,189.0625,81.25,7.37,-2.5829933382462307,634.0,201.5625,89.0625,7.37,0.5585993153435624,657.0,195.3125,92.1875,7.031,1.5707963267948966,571.0,201.5625,80.46875,7.812,-0.6435011087932844,562.0,195.3125,78.90625,6.25,-1.5707963267948966
608,207.8125,85.15625,1.6559403477604793,2.536,0.477,7.176,635,214.0625,89.0625,7.37,0.5585993153435624,634,201.5625,89.0625,7.37,2.5829933382462307,658.0,207.8125,92.1875,7.031,1.5707963267948966,571.0,201.5625,80.46875,7.812,-2.498091544796509,563.0,208.59375,78.90625,6.298,-1.446441332248135,,,,,
609,244.53125,85.15625,1.618210724528863,-0.091,-0.481,7.321,636,238.28125,89.0625,7.37,2.5829933382462307,637,250.78125,89.0625,7.37,0.5585993153435624,661.0,244.53125,92.1875,7.031,1.5707963267948966,573.0,238.28125,80.46875,7.812,-2.498091544796509,578.0,251.5625,81.25,8.043,-0.507098504392337,564.0,245.3125,78.90625,6.298,-1.446441332248135
610,275.0,85.15625,1.6550813567795943,1.664,0.516,7.247,638,268.75,89.0625,7.37,2.5829933382462307,639,281.25,89.0625,7.37,0.5585993153435624,663.0,275.0,92.1875,7.031,1.5707963267948966,558.0,275.0,78.125,7.031,-1.5707963267948966,589.0,281.25,82.03125,6.987,-0.4636476090008061,588.0,267.96875,82.03125,7.694,-2.723368324010564
611,287.5,85.15625,1.6953803267187655,2.081,0.507,7.193,579,293.75,81.25,7.37,-0.5585993153435624,639,281.25,89.0625,7.37,2.5829933382462307,640.0,293.75,89.0625,7.37,0.5585993153435624,559.0,287.5,78.125,7.031,-1.5707963267948966,664.0,287.5,92.1875,7.031,1.5707963267948966,589.0,281.25,82.03125,6.987,-2.677945044588987
612,299.21875,85.15625,1.6432444289829051,3.141,-0.262,6.875,560,299.21875,78.125,7.031,-1.5707963267948966,665,299.21875,92.1875,7.031,1.5707963267948966,579.0,293.75,81.25,6.72,-2.5213431676069717,640.0,293.75,89.0625,6.72,2.5213431676069717,,,,,,,,,,
613,219.53125,85.9375,1.614985646423978,0.236,0.262,6.778,616,226.5625,87.5,7.202,0.21866894587394195,566,223.4375,79.6875,7.37,-1.0121970114513341,572.0,215.625,80.46875,6.72,-2.191045812777718,635.0,214.0625,89.0625,6.298,2.62244653934327,659.0,220.3125,92.1875,6.298,1.446441332248135,,,,,
614,232.8125,85.9375,1.6185804051048145,0.592,-0.454,6.689,573,238.28125,80.46875,7.733,-0.7853981633974483,567,230.46875,79.6875,6.675,-1.9295669970654687,616.0,226.5625,87.5,6.442,2.896613990462929,636.0,238.28125,89.0625,6.298,0.5191461142465229,660.0,232.03125,92.1875,6.298,1.695151321341658,,,,,
615,256.25,85.9375,1.6538152145106755,1.474,0.473,6.393,578,251.5625,81.25,6.629,-2.356194490192345,617,262.5,87.5,6.442,0.24497866312686414,574.0,259.375,80.46875,6.298,-1.0516502125483738,637.0,250.78125,89.0625,6.298,2.62244653934327,662.0,257.03125,92.1875,6.298,1.446441332248135,,,,,
616,226.5625,87.5,1.579799159791299,2.105,-0.52,7.617,613,219.53125,85.9375,7.202,-2.922923707715851,660,232.03125,92.1875,7.202,0.7086262721276703,659.0,220.3125,92.1875,7.812,2.498091544796509,614.0,232.8125,85.9375,6.442,-0.24497866312686414,566.0,223.4375,79.6875,8.414,-1.9513027039072615,685.0,225.78125,96.09375,8.629,1.6614562139956417
617,262.5,87.5,1.663950297072887,3.072,0.27,7.227,662,257.03125,92.1875,7.202,2.432966381462123,574,259.375,80.46875,7.694,-1.9890206563741257,588.0,267.96875,82.03125,7.733,-0.7853981633974483,666.0,263.28125,95.3125,7.851,1.4711276743037347,638.0,268.75,89.0625,6.442,0.24497866312686414,615.0,256.25,85.9375,6.442,-2.896613990462929
618,91.40625,88.28125,1.677896953353995,1.57,-0.524,7.39,648,85.15625,92.1875,7.37,2.5829933382462307,649,97.65625,92.1875,7.37,0.5585993153435624,599.0,97.65625,85.15625,6.987,-0.4636476090008061,598.0,85.15625,85.15625,6.987,-2.677945044588987,568.0,91.40625,80.46875,7.812,-1.5707963267948966,674.0,91.40625,96.09375,7.812,1.5707963267948966
619,103.90625,88.28125,1.628912335240041,1.964,-0.491,7.309,649,97.65625,92.1875,7.37,2.5829933382462307,599,97.65625,85.15625,6.987,-2.677945044588987,650.0,109.375,92.1875,6.72,0.6202494859828215,675.0,103.125,96.09375,7.851,1.6704649792860586,600.0,109.375,85.15625,6.298,-0.5191461142465229,565.0,104.6875,79.6875,8.629,-1.4801364395941514
620,128.125,88.28125,1.677962071577235,2.098,0.507,7.396,651,121.875,92.1875,7.37,2.5829933382462307,652,134.375,92.1875,7.37,0.5585993153435624,602.0,134.375,85.15625,6.987,-0.4636476090008061,601.0,121.875,85.15625,6.987,-2.677945044588987,677.0,128.125,96.09375,7.812,1.5707963267948966,569.0,127.34375,80.46875,7.851,-1.6704649792860586
621,5.46875,89.0625,1.65782914553955,-1.226,-0.524,7.036,592,11.71875,85.15625,7.37,-0.5585993153435624,667,5.46875,96.09375,7.031,1.5707963267948966,642.0,11.71875,92.1875,6.987,0.4636476090008061,591.0,0.0,85.15625,6.72,-2.5213431676069717,575.0,5.46875,81.25,7.812,-1.5707963267948966,641.0,0.0,92.1875,6.298,2.62244653934327
622,17.96875,89.0625,1.6796785635222886,-1.571,-0.524,7.259,592,11.71875,85.15625,7.37,-2.5829933382462307,593,24.21875,85.15625,7.37,-0.5585993153435624,668.0,17.96875,96.09375,7.031,1.5707963267948966,642.0,11.71875,92.1875,6.987,2.677945044588987,643.0,24.21875,92.1875,6.987,0.4636476090008061,576.0,17.96875,81.25,7.812,-1.5707963267948966
623,29.6875,89.0625,1.6497278210231152,-1.226,-0.524,6.906,594,35.9375,85.15625,7.37,-0.5585993153435624,580,29.6875,82.03125,7.031,-1.5707963267948966,669.0,29.6875,96.09375,7.031,1.5707963267948966,644.0,35.9375,92.1875,6.987,0.4636476090008061,593.0,24.21875,85.15625,6.72,-2.5213431676069717,643.0,24.21875,92.1875,6.298,2.62244653934327
624,42.1875,89.0625,1.6981141816802272,-1.571,-0.524,7.129,594,35.9375,85.15625,7.37,-2.5829933382462307,595,48.4375,85.15625,7.37,-0.5585993153435624,581.0,42.1875,82.03125,7.031,-1.5707963267948966,670.0,42.1875,96.09375,7.031,1.5707963267948966,644.0,35.9375,92.1875,6.987,2.677945044588987,645.0,48.4375,92.1875,6.987,0.4636476090008061
625,54.6875,89.0625,1.7075825189952165,-1.571,-0.524,7.129,595,48.4375,85.15625,7.37,-2.5829933382462307,596,60.9375,85.15625,7.37,-0.5585993153435624,582.0,54.6875,82.03125,7.031,-1.5707963267948966,671.0,54.6875,96.09375,7.031,1.5707963267948966,645.0,48.4375,92.1875,6.987,2.677945044588987,646.0,60.9375,92.1875,6.987,0.4636476090008061
626,67.1875,89.0625,1.692379048671339,-1.571,-0.524,7.129,596,60.9375,85.15625,7.37,-2.5829933382462307,597,73.4375,85.15625,7.37,-0.5585993153435624,583.0,67.1875,82.03125,7.031,-1.5707963267948966,672.0,67.1875,96.09375,7.031,1.5707963267948966,646.0,60.9375,92.1875,6.987,2.677945044588987,647.0,73.4375,92.1875,6.987,0.4636476090008061
627,78.90625,89.0625,1.634381740635328,-0.795,0.505,6.913,598,85.15625,85.15625,7.37,-0.5585993153435624,673,79.6875,96.09375,7.074,1.460139105621001,584.0,78.90625,82.03125,7.031,-1.5707963267948966,648.0,85.15625,92.1875,6.987,0.4636476090008061,597.0,73.4375,85.15625,6.72,-2.5213431676069717,647.0,73.4375,92.1875,6.298,2.62244653934327
628,115.625,89.0625,1.651838176285581,-1.571,-0.524,6.999,600,109.375,85.15625,7.37,-2.5829933382462307,601,121.875,85.15625,7.37,-0.5585993153435624,676.0,115.625,96.09375,7.031,1.5707963267948966,650.0,109.375,92.1875,6.987,2.677945044588987,651.0,121.875,92.1875,6.987,0.4636476090008061,590.0,115.625,82.8125,6.25,-1.5707963267948966
629,139.84375,89.0625,1.637577223489232,-0.827,-0.508,7.172,603,146.09375,85.15625,7.37,-0.5585993153435624,678,139.84375,96.09375,7.031,1.5707963267948966,653.0,146.09375,92.1875,6.987,0.4636476090008061,602.0,134.375,85.15625,6.72,-2.5213431676069717,652.0,134.375,92.1875,6.298,2.62244653934327,570.0,140.625,80.46875,8.629,-1.4801364395941514
630,152.34375,89.0625,1.701020200465881,-1.571,-0.524,7.129,603,146.09375,85.15625,7.37,-2.5829933382462307,604,158.59375,85.15625,7.37,-0.5585993153435624,585.0,152.34375,82.03125,7.031,-1.5707963267948966,679.0,152.34375,96.09375,7.031,1.5707963267948966,653.0,146.09375,92.1875,6.987,2.677945044588987,654.0,158.59375,92.1875,6.987,0.4636476090008061
631,164.84375,89.0625,1.6863366169150722,-1.571,-0.524,7.129,604,158.59375,85.15625,7.37,-2.5829933382462307,605,171.09375,85.15625,7.37,-0.5585993153435624,586.0,164.84375,82.03125,7.031,-1.5707963267948966,680.0,164.84375,96.09375,7.031,1.5707963267948966,654.0,158.59375,92.1875,6.987,2.677945044588987,655.0,171.09375,92.1875,6.987,0.4636476090008061
632,177.34375,89.0625,1.6328729373057136,-1.917,0.523,6.906,605,171.09375,85.15625,7.37,-2.5829933382462307,587,177.34375,82.03125,7.031,-1.5707963267948966,681.0,177.34375,96.09375,7.031,1.5707963267948966,655.0,171.09375,92.1875,6.987,2.677945044588987,606.0,182.8125,85.15625,6.72,-0.6202494859828215,656.0,182.8125,92.1875,6.298,0.5191461142465229
633,189.0625,89.0625,1.6721923516024568,-1.571,-0.524,7.259,606,182.8125,85.15625,7.37,-2.5829933382462307,607,195.3125,85.15625,7.37,-0.5585993153435624,682.0,189.0625,96.09375,7.031,1.5707963267948966,656.0,182.8125,92.1875,6.987,2.677945044588987,657.0,195.3125,92.1875,6.987,0.4636476090008061,577.0,189.0625,81.25,7.812,-1.5707963267948966
634,201.5625,89.0625,1.6424589854565894,-1.571,-0.524,7.39,607,195.3125,85.15625,7.37,-2.5829933382462307,608,207.8125,85.15625,7.37,-0.5585993153435624,683.0,201.5625,96.09375,7.031,1.5707963267948966,657.0,195.3125,92.1875,6.987,2.677945044588987,658.0,207.8125,92.1875,6.987,0.4636476090008061,571.0,201.5625,80.46875,8.593,-1.5707963267948966
635,214.0625,89.0625,1.629696205505812,1.547,0.428,6.935,608,207.8125,85.15625,7.37,-2.5829933382462307,684,214.0625,96.09375,7.031,1.5707963267948966,659.0,220.3125,92.1875,6.987,0.4636476090008061,658.0,207.8125,92.1875,6.987,2.677945044588987,613.0,219.53125,85.9375,6.298,-0.5191461142465229,,,,,
636,238.28125,89.0625,1.6333597053921527,-1.724,0.516,7.211,609,244.53125,85.15625,7.37,-0.5585993153435624,686,238.28125,96.09375,7.031,1.5707963267948966,661.0,244.53125,92.1875,6.987,0.4636476090008061,660.0,232.03125,92.1875,6.987,2.677945044588987,614.0,232.8125,85.9375,6.298,-2.62244653934327,573.0,238.28125,80.46875,8.593,-1.5707963267948966
637,250.78125,89.0625,1.6407701319022803,-0.814,-0.501,7.087,609,244.53125,85.15625,7.37,-2.5829933382462307,687,250.78125,96.09375,7.031,1.5707963267948966,662.0,257.03125,92.1875,6.987,0.4636476090008061,661.0,244.53125,92.1875,6.987,2.677945044588987,578.0,251.5625,81.25,7.851,-1.4711276743037347,615.0,256.25,85.9375,6.298,-0.5191461142465229
638,268.75,89.0625,1.6397557019068347,1.31,0.375,7.209,610,275.0,85.15625,7.37,-0.5585993153435624,588,267.96875,82.03125,7.074,-1.6814535479687922,688.0,269.53125,96.09375,7.074,1.460139105621001,663.0,275.0,92.1875,6.987,0.4636476090008061,617.0,262.5,87.5,6.442,-2.896613990462929,666.0,263.28125,95.3125,8.304,2.289626326416521
639,281.25,89.0625,1.6468673838628376,-1.571,-0.524,7.129,610,275.0,85.15625,7.37,-2.5829933382462307,611,287.5,85.15625,7.37,-0.5585993153435624,589.0,281.25,82.03125,7.031,-1.5707963267948966,689.0,281.25,96.09375,7.031,1.5707963267948966,663.0,275.0,92.1875,6.987,2.677945044588987,664.0,287.5,92.1875,6.987,0.4636476090008061
640,293.75,89.0625,1.646128343024358,-1.917,0.523,7.036,611,287.5,85.15625,7.37,-2.5829933382462307,690,293.75,96.09375,7.031,1.5707963267948966,664.0,287.5,92.1875,6.987,2.677945044588987,612.0,299.21875,85.15625,6.72,-0.6202494859828215,579.0,293.75,81.25,7.812,-1.5707963267948966,665.0,299.21875,92.1875,6.298,0.5191461142465229
641,0.0,92.1875,1.6442408451346817,0.05,0.298,6.77,591,0.0,85.15625,7.031,-1.5707963267948966,691,0.0,99.21875,7.031,1.5707963267948966,667.0,5.46875,96.09375,6.72,0.6202494859828215,621.0,5.46875,89.0625,6.298,-0.5191461142465229,,,,,,,,,,
642,11.71875,92.1875,1.7014476032382488,1.57,-0.524,7.129,667,5.46875,96.09375,7.37,2.5829933382462307,668,17.96875,96.09375,7.37,0.5585993153435624,692.0,11.71875,99.21875,7.031,1.5707963267948966,592.0,11.71875,85.15625,7.031,-1.5707963267948966,622.0,17.96875,89.0625,6.987,-0.4636476090008061,621.0,5.46875,89.0625,6.987,-2.677945044588987
643,24.21875,92.1875,1.6624931713674835,1.916,-0.524,6.906,668,17.96875,96.09375,7.37,2.5829933382462307,593,24.21875,85.15625,7.031,-1.5707963267948966,693.0,24.21875,99.21875,7.031,1.5707963267948966,622.0,17.96875,89.0625,6.987,-2.677945044588987,669.0,29.6875,96.09375,6.72,0.6202494859828215,623.0,29.6875,89.0625,6.298,-0.5191461142465229
644,35.9375,92.1875,1.6574341988529517,1.57,-0.524,7.129,669,29.6875,96.09375,7.37,2.5829933382462307,670,42.1875,96.09375,7.37,0.5585993153435624,694.0,35.9375,99.21875,7.031,1.5707963267948966,594.0,35.9375,85.15625,7.031,-1.5707963267948966,624.0,42.1875,89.0625,6.987,-0.4636476090008061,623.0,29.6875,89.0625,6.987,-2.677945044588987
645,48.4375,92.1875,1.6719049748924604,1.57,-0.524,7.129,670,42.1875,96.09375,7.37,2.5829933382462307,671,54.6875,96.09375,7.37,0.5585993153435624,695.0,48.4375,99.21875,7.031,1.5707963267948966,595.0,48.4375,85.15625,7.031,-1.5707963267948966,625.0,54.6875,89.0625,6.987,-0.4636476090008061,624.0,42.1875,89.0625,6.987,-2.677945044588987
646,60.9375,92.1875,1.6771828738066117,1.57,-0.524,7.129,671,54.6875,96.09375,7.37,2.5829933382462307,672,67.1875,96.09375,7.37,0.5585993153435624,696.0,60.9375,99.21875,7.031,1.5707963267948966,596.0,60.9375,85.15625,7.031,-1.5707963267948966,626.0,67.1875,89.0625,6.987,-0.4636476090008061,625.0,54.6875,89.0625,6.987,-2.677945044588987
647,73.4375,92.1875,1.6581081092951122,1.791,0.514,7.014,672,67.1875,96.09375,7.37,2.5829933382462307,673,79.6875,96.09375,7.37,0.5585993153435624,697.0,73.4375,99.21875,7.031,1.5707963267948966,597.0,73.4375,85.15625,7.031,-1.5707963267948966,626.0,67.1875,89.0625,6.987,-2.677945044588987,627.0,78.90625,89.0625,6.298,-0.5191461142465229
648,85.15625,92.1875,1.6752739218321646,1.661,0.497,7.085,618,91.40625,88.28125,7.37,-0.5585993153435624,674,91.40625,96.09375,7.37,0.5585993153435624,698.0,85.15625,99.21875,7.031,1.5707963267948966,598.0,85.15625,85.15625,7.031,-1.5707963267948966,627.0,78.90625,89.0625,6.987,-2.677945044588987,673.0,79.6875,96.09375,6.72,2.5213431676069717
649,97.65625,92.1875,1.7018505669494781,2.16,-0.514,7.148,618,91.40625,88.28125,7.37,-2.5829933382462307,619,103.90625,88.28125,7.37,-0.5585993153435624,674.0,91.40625,96.09375,7.37,2.5829933382462307,599.0,97.65625,85.15625,7.031,-1.5707963267948966,699.0,97.65625,99.21875,7.031,1.5707963267948966,675.0,103.125,96.09375,6.72,0.6202494859828215
650,109.375,92.1875,1.6678575221959848,0.372,-0.498,7.085,675,103.125,96.09375,7.37,2.5829933382462307,676,115.625,96.09375,7.37,0.5585993153435624,700.0,109.375,99.21875,7.031,1.5707963267948966,600.0,109.375,85.15625,7.031,-1.5707963267948966,628.0,115.625,89.0625,6.987,-0.4636476090008061,619.0,103.90625,88.28125,6.72,-2.5213431676069717
651,121.875,92.1875,1.6744126347153625,2.081,0.507,7.193,620,128.125,88.28125,7.37,-0.5585993153435624,676,115.625,96.09375,7.37,2.5829933382462307,677.0,128.125,96.09375,7.37,0.5585993153435624,601.0,121.875,85.15625,7.031,-1.5707963267948966,701.0,121.875,99.21875,7.031,1.5707963267948966,628.0,115.625,89.0625,6.987,-2.677945044588987
652,134.375,92.1875,1.6542413209145013,1.734,-0.508,6.97,620,128.125,88.28125,7.37,-2.5829933382462307,677,128.125,96.09375,7.37,2.5829933382462307,602.0,134.375,85.15625,7.031,-1.5707963267948966,702.0,134.375,99.21875,7.031,1.5707963267948966,678.0,139.84375,96.09375,6.72,0.6202494859828215,629.0,139.84375,89.0625,6.298,-0.5191461142465229
653,146.09375,92.1875,1.6714236444333535,1.57,-0.524,7.129,678,139.84375,96.09375,7.37,2.5829933382462307,679,152.34375,96.09375,7.37,0.5585993153435624,703.0,146.09375,99.21875,7.031,1.5707963267948966,603.0,146.09375,85.15625,7.031,-1.5707963267948966,630.0,152.34375,89.0625,6.987,-0.4636476090008061,629.0,139.84375,89.0625,6.987,-2.677945044588987
654,158.59375,92.1875,1.6607304160151413,1.57,-0.524,7.129,679,152.34375,96.09375,7.37,2.5829933382462307,680,164.84375,96.09375,7.37,0.5585993153435624,704.0,158.59375,99.21875,7.031,1.5707963267948966,604.0,158.59375,85.15625,7.031,-1.5707963267948966,631.0,164.84375,89.0625,6.987,-0.4636476090008061,630.0,152.34375,89.0625,6.987,-2.677945044588987
655,171.09375,92.1875,1.6538661981727485,1.57,-0.524,7.129,680,164.84375,96.09375,7.37,2.5829933382462307,681,177.34375,96.09375,7.37,0.5585993153435624,705.0,171.09375,99.21875,7.031,1.5707963267948966,605.0,171.09375,85.15625,7.031,-1.5707963267948966,632.0,177.34375,89.0625,6.987,-0.4636476090008061,631.0,164.84375,89.0625,6.987,-2.677945044588987
656,182.8125,92.1875,1.6542097508598994,1.225,0.523,6.906,682,189.0625,96.09375,7.37,0.5585993153435624,606,182.8125,85.15625,7.031,-1.5707963267948966,706.0,182.8125,99.21875,7.031,1.5707963267948966,633.0,189.0625,89.0625,6.987,-0.4636476090008061,681.0,177.34375,96.09375,6.72,2.5213431676069717,632.0,177.34375,89.0625,6.298,-2.62244653934327
657,195.3125,92.1875,1.6904533936885924,1.57,-0.524,7.129,682,189.0625,96.09375,7.37,2.5829933382462307,683,201.5625,96.09375,7.37,0.5585993153435624,707.0,195.3125,99.21875,7.031,1.5707963267948966,607.0,195.3125,85.15625,7.031,-1.5707963267948966,634.0,201.5625,89.0625,6.987,-0.4636476090008061,633.0,189.0625,89.0625,6.987,-2.677945044588987
658,207.8125,92.1875,1.6834841119882649,1.57,-0.524,7.129,683,201.5625,96.09375,7.37,2.5829933382462307,684,214.0625,96.09375,7.37,0.5585993153435624,708.0,207.8125,99.21875,7.031,1.5707963267948966,608.0,207.8125,85.15625,7.031,-1.5707963267948966,635.0,214.0625,89.0625,6.987,-0.4636476090008061,634.0,201.5625,89.0625,6.987,-2.677945044588987
659,220.3125,92.1875,1.6478281969988617,2.864,0.481,7.036,684,214.0625,96.09375,7.37,2.5829933382462307,709,220.3125,99.21875,7.031,1.5707963267948966,635.0,214.0625,89.0625,6.987,-2.677945044588987,685.0,225.78125,96.09375,6.72,0.6202494859828215,616.0,226.5625,87.5,7.812,-0.6435011087932844,613.0,219.53125,85.9375,6.298,-1.695151321341658
660,232.03125,92.1875,1.673078394063537,-0.117,-0.464,7.043,616,226.5625,87.5,7.202,-2.432966381462123,685,225.78125,96.09375,7.37,2.5829933382462307,686.0,238.28125,96.09375,7.37,0.5585993153435624,710.0,232.03125,99.21875,7.031,1.5707963267948966,636.0,238.28125,89.0625,6.987,-0.4636476090008061,614.0,232.8125,85.9375,6.298,-1.446441332248135
661,244.53125,92.1875,1.648625715489176,1.57,-0.524,7.129,686,238.28125,96.09375,7.37,2.5829933382462307,687,250.78125,96.09375,7.37,0.5585993153435624,711.0,244.53125,99.21875,7.031,1.5707963267948966,609.0,244.53125,85.15625,7.031,-1.5707963267948966,637.0,250.78125,89.0625,6.987,-0.4636476090008061,636.0,238.28125,89.0625,6.987,-2.677945044588987
662,257.03125,92.1875,1.6450455837094855,-2.654,0.447,6.979,617,262.5,87.5,7.202,-0.7086262721276703,687,250.78125,96.09375,7.37,2.5829933382462307,712.0,257.03125,99.21875,7.031,1.5707963267948966,637.0,250.78125,89.0625,6.987,-2.677945044588987,666.0,263.28125,95.3125,6.987,0.4636476090008061,615.0,256.25,85.9375,6.298,-1.695151321341658
663,275.0,92.1875,1.658799855030521,0.969,0.494,7.028,689,281.25,96.09375,7.37,0.5585993153435624,713,275.78125,99.21875,7.074,1.460139105621001,610.0,275.0,85.15625,7.031,-1.5707963267948966,638.0,268.75,89.0625,6.987,-2.677945044588987,639.0,281.25,89.0625,6.987,-0.4636476090008061,688.0,269.53125,96.09375,6.72,2.5213431676069717
664,287.5,92.1875,1.692125726280507,1.57,-0.524,7.129,689,281.25,96.09375,7.37,2.5829933382462307,690,293.75,96.09375,7.37,0.5585993153435624,714.0,287.5,99.21875,7.031,1.5707963267948966,611.0,287.5,85.15625,7.031,-1.5707963267948966,640.0,293.75,89.0625,6.987,-0.4636476090008061,639.0,281.25,89.0625,6.987,-2.677945044588987
665,299.21875,92.1875,1.6291469282811617,3.091,-0.299,6.77,612,299.21875,85.15625,7.031,-1.5707963267948966,715,299.21875,99.21875,7.031,1.5707963267948966,690.0,293.75,96.09375,6.72,2.5213431676069717,640.0,293.75,89.0625,6.298,-2.62244653934327,,,,,,,,,,
666,263.28125,95.3125,1.6252148803676483,-1.695,0.421,7.362,712,257.03125,99.21875,7.37,2.5829933382462307,662,257.03125,92.1875,6.987,-2.677945044588987,617.0,262.5,87.5,7.851,-1.6704649792860586,688.0,269.53125,96.09375,6.298,0.12435499454676144,638.0,268.75,89.0625,8.304,-0.8519663271732721,,,,,
667,5.46875,96.09375,1.6932103502033036,-1.52,0.419,6.881,642,11.71875,92.1875,7.37,-0.5585993153435624,621,5.46875,89.0625,7.031,-1.5707963267948966,692.0,11.71875,99.21875,6.987,0.4636476090008061,641.0,0.0,92.1875,6.72,-2.5213431676069717,691.0,0.0,99.21875,6.298,2.62244653934327,,,,,
668,17.96875,96.09375,1.7048444341308362,-1.571,-0.419,7.149,642,11.71875,92.1875,7.37,-2.5829933382462307,643,24.21875,92.1875,7.37,-0.5585993153435624,622.0,17.96875,89.0625,7.031,-1.5707963267948966,692.0,11.71875,99.21875,6.987,2.677945044588987,693.0,24.21875,99.21875,6.987,0.4636476090008061,,,,,
669,29.6875,96.09375,1.6608492425398231,-1.52,0.419,6.881,644,35.9375,92.1875,7.37,-0.5585993153435624,623,29.6875,89.0625,7.031,-1.5707963267948966,694.0,35.9375,99.21875,6.987,0.4636476090008061,643.0,24.21875,92.1875,6.72,-2.5213431676069717,693.0,24.21875,99.21875,6.298,2.62244653934327,,,,,
670,42.1875,96.09375,1.7021886248436564,-1.571,-0.419,7.149,644,35.9375,92.1875,7.37,-2.5829933382462307,645,48.4375,92.1875,7.37,-0.5585993153435624,624.0,42.1875,89.0625,7.031,-1.5707963267948966,694.0,35.9375,99.21875,6.987,2.677945044588987,695.0,48.4375,99.21875,6.987,0.4636476090008061,,,,,
671,54.6875,96.09375,1.7125036674161438,-1.571,-0.419,7.149,645,48.4375,92.1875,7.37,-2.5829933382462307,646,60.9375,92.1875,7.37,-0.5585993153435624,625.0,54.6875,89.0625,7.031,-1.5707963267948966,695.0,48.4375,99.21875,6.987,2.677945044588987,696.0,60.9375,99.21875,6.987,0.4636476090008061,,,,,
672,67.1875,96.09375,1.7030719073721425,-1.571,-0.419,7.149,646,60.9375,92.1875,7.37,-2.5829933382462307,647,73.4375,92.1875,7.37,-0.5585993153435624,626.0,67.1875,89.0625,7.031,-1.5707963267948966,696.0,60.9375,99.21875,6.987,2.677945044588987,697.0,73.4375,99.21875,6.987,0.4636476090008061,,,,,
673,79.6875,96.09375,1.6623756994836862,-1.717,-0.447,6.89,647,73.4375,92.1875,7.37,-2.5829933382462307,627,78.90625,89.0625,7.074,-1.6814535479687922,697.0,73.4375,99.21875,6.987,2.677945044588987,648.0,85.15625,92.1875,6.72,-0.6202494859828215,698.0,85.15625,99.21875,6.298,0.5191461142465229,,,,,
674,91.40625,96.09375,1.6965532941376986,-1.571,-0.419,7.305,648,85.15625,92.1875,7.37,-2.5829933382462307,649,97.65625,92.1875,7.37,-0.5585993153435624,698.0,85.15625,99.21875,6.987,2.677945044588987,699.0,97.65625,99.21875,6.987,0.4636476090008061,618.0,91.40625,88.28125,7.812,-1.5707963267948966,,,,,
675,103.125,96.09375,1.6435729865771942,-1.435,0.443,7.045,650,109.375,92.1875,7.37,-0.5585993153435624,700,109.375,99.21875,6.987,0.4636476090008061,649.0,97.65625,92.1875,6.72,-2.5213431676069717,619.0,103.90625,88.28125,7.851,-1.4711276743037347,699.0,97.65625,99.21875,6.298,2.62244653934327,,,,,
676,115.625,96.09375,1.698879263072733,-1.571,-0.419,7.149,650,109.375,92.1875,7.37,-2.5829933382462307,651,121.875,92.1875,7.37,-0.5585993153435624,628.0,115.625,89.0625,7.031,-1.5707963267948966,700.0,109.375,99.21875,6.987,2.677945044588987,701.0,121.875,99.21875,6.987,0.4636476090008061,,,,,
677,128.125,96.09375,1.6957762770485665,-1.571,-0.419,7.305,651,121.875,92.1875,7.37,-2.5829933382462307,652,134.375,92.1875,7.37,-0.5585993153435624,701.0,121.875,99.21875,6.987,2.677945044588987,702.0,134.375,99.21875,6.987,0.4636476090008061,620.0,128.125,88.28125,7.812,-1.5707963267948966,,,,,
678,139.84375,96.09375,1.6860504617808973,-1.52,0.419,6.881,653,146.09375,92.1875,7.37,-0.5585993153435624,629,139.84375,89.0625,7.031,-1.5707963267948966,703.0,146.09375,99.21875,6.987,0.4636476090008061,652.0,134.375,92.1875,6.72,-2.5213431676069717,702.0,134.375,99.21875,6.298,2.62244653934327,,,,,
679,152.34375,96.09375,1.7067289271797408,-1.571,-0.419,7.149,653,146.09375,92.1875,7.37,-2.5829933382462307,654,158.59375,92.1875,7.37,-0.5585993153435624,630.0,152.34375,89.0625,7.031,-1.5707963267948966,703.0,146.09375,99.21875,6.987,2.677945044588987,704.0,158.59375,99.21875,6.987,0.4636476090008061,,,,,
680,164.84375,96.09375,1.6972830319900758,-1.571,-0.419,7.149,654,158.59375,92.1875,7.37,-2.5829933382462307,655,171.09375,92.1875,7.37,-0.5585993153435624,631.0,164.84375,89.0625,7.031,-1.5707963267948966,704.0,158.59375,99.21875,6.987,2.677945044588987,705.0,171.09375,99.21875,6.987,0.4636476090008061,,,,,
681,177.34375,96.09375,1.6460268099247524,-1.623,-0.42,6.881,655,171.09375,92.1875,7.37,-2.5829933382462307,632,177.34375,89.0625,7.031,-1.5707963267948966,705.0,171.09375,99.21875,6.987,2.677945044588987,656.0,182.8125,92.1875,6.72,-0.6202494859828215,706.0,182.8125,99.21875,6.298,0.5191461142465229,,,,,
682,189.0625,96.09375,1.6896518184871587,-1.571,-0.419,7.149,656,182.8125,92.1875,7.37,-2.5829933382462307,657,195.3125,92.1875,7.37,-0.5585993153435624,633.0,189.0625,89.0625,7.031,-1.5707963267948966,706.0,182.8125,99.21875,6.987,2.677945044588987,707.0,195.3125,99.21875,6.987,0.4636476090008061,,,,,
683,201.5625,96.09375,1.6945821886852714,-1.571,-0.419,7.149,657,195.3125,92.1875,7.37,-2.5829933382462307,658,207.8125,92.1875,7.37,-0.5585993153435624,634.0,201.5625,89.0625,7.031,-1.5707963267948966,707.0,195.3125,99.21875,6.987,2.677945044588987,708.0,207.8125,99.21875,6.987,0.4636476090008061,,,,,
684,214.0625,96.09375,1.663747397926733,-1.571,-0.419,7.149,658,207.8125,92.1875,7.37,-2.5829933382462307,659,220.3125,92.1875,7.37,-0.5585993153435624,635.0,214.0625,89.0625,7.031,-1.5707963267948966,708.0,207.8125,99.21875,6.987,2.677945044588987,709.0,220.3125,99.21875,6.987,0.4636476090008061,,,,,
685,225.78125,96.09375,1.6424622800642696,-1.442,0.441,7.201,660,232.03125,92.1875,7.37,-0.5585993153435624,710,232.03125,99.21875,6.987,0.4636476090008061,659.0,220.3125,92.1875,6.72,-2.5213431676069717,709.0,220.3125,99.21875,6.298,2.62244653934327,616.0,226.5625,87.5,8.629,-1.4801364395941514,,,,,
686,238.28125,96.09375,1.6927073915639403,-1.571,-0.419,7.149,660,232.03125,92.1875,7.37,-2.5829933382462307,661,244.53125,92.1875,7.37,-0.5585993153435624,636.0,238.28125,89.0625,7.031,-1.5707963267948966,710.0,232.03125,99.21875,6.987,2.677945044588987,711.0,244.53125,99.21875,6.987,0.4636476090008061,,,,,
687,250.78125,96.09375,1.6913342798923316,-1.571,-0.419,7.149,661,244.53125,92.1875,7.37,-2.5829933382462307,662,257.03125,92.1875,7.37,-0.5585993153435624,637.0,250.78125,89.0625,7.031,-1.5707963267948966,711.0,244.53125,99.21875,6.987,2.677945044588987,712.0,257.03125,99.21875,6.987,0.4636476090008061,,,,,
688,269.53125,96.09375,1.6008978851976368,-1.121,-0.482,6.77,638,268.75,89.0625,7.074,-1.6814535479687922,713,275.78125,99.21875,6.987,0.4636476090008061,663.0,275.0,92.1875,6.72,-0.6202494859828215,666.0,263.28125,95.3125,6.298,-3.017237659043032,,,,,,,,,,
689,281.25,96.09375,1.6671421993941884,-1.548,-0.433,7.011,663,275.0,92.1875,7.37,-2.5829933382462307,664,287.5,92.1875,7.37,-0.5585993153435624,639.0,281.25,89.0625,7.031,-1.5707963267948966,714.0,287.5,99.21875,6.987,0.4636476090008061,713.0,275.78125,99.21875,6.298,2.62244653934327,,,,,
690,293.75,96.09375,1.6797937180913793,-1.623,-0.42,6.881,664,287.5,92.1875,7.37,-2.5829933382462307,640,293.75,89.0625,7.031,-1.5707963267948966,714.0,287.5,99.21875,6.987,2.677945044588987,665.0,299.21875,92.1875,6.72,-0.6202494859828215,715.0,299.21875,99.21875,6.298,0.5191461142465229,,,,,
691,0.0,99.21875,1.5984945154206587,-1.045,-0.517,6.664,641,0.0,92.1875,7.031,-1.5707963267948966,667,5.46875,96.09375,6.298,-0.5191461142465229,,,,,,,,,,,,,,,,,,,,
692,11.71875,99.21875,1.657581569285467,-1.571,0.0,7.002,642,11.71875,92.1875,7.031,-1.5707963267948966,667,5.46875,96.09375,6.987,-2.677945044588987,668.0,17.96875,96.09375,6.987,-0.4636476090008061,,,,,,,,,,,,,,,
693,24.21875,99.21875,1.6261449767804632,-1.585,-0.037,6.772,643,24.21875,92.1875,7.031,-1.5707963267948966,668,17.96875,96.09375,6.987,-2.677945044588987,669.0,29.6875,96.09375,6.298,-0.5191461142465229,,,,,,,,,,,,,,,
694,35.9375,99.21875,1.6297517903940837,-1.571,0.0,7.002,644,35.9375,92.1875,7.031,-1.5707963267948966,669,29.6875,96.09375,6.987,-2.677945044588987,670.0,42.1875,96.09375,6.987,-0.4636476090008061,,,,,,,,,,,,,,,
695,48.4375,99.21875,1.6510119869888995,-1.571,0.0,7.002,645,48.4375,92.1875,7.031,-1.5707963267948966,670,42.1875,96.09375,6.987,-2.677945044588987,671.0,54.6875,96.09375,6.987,-0.4636476090008061,,,,,,,,,,,,,,,
696,60.9375,99.21875,1.6526711080941647,-1.571,0.0,7.002,646,60.9375,92.1875,7.031,-1.5707963267948966,671,54.6875,96.09375,6.987,-2.677945044588987,672.0,67.1875,96.09375,6.987,-0.4636476090008061,,,,,,,,,,,,,,,
697,73.4375,99.21875,1.6316484424890054,-1.571,0.0,7.002,647,73.4375,92.1875,7.031,-1.5707963267948966,672,67.1875,96.09375,6.987,-2.677945044588987,673.0,79.6875,96.09375,6.987,-0.4636476090008061,,,,,,,,,,,,,,,
698,85.15625,99.21875,1.6225842984577068,-1.558,0.036,6.772,648,85.15625,92.1875,7.031,-1.5707963267948966,674,91.40625,96.09375,6.987,-0.4636476090008061,673.0,79.6875,96.09375,6.298,-2.62244653934327,,,,,,,,,,,,,,,
699,97.65625,99.21875,1.6444871515680215,-1.585,-0.037,6.772,649,97.65625,92.1875,7.031,-1.5707963267948966,674,91.40625,96.09375,6.987,-2.677945044588987,675.0,103.125,96.09375,6.298,-0.5191461142465229,,,,,,,,,,,,,,,
700,109.375,99.21875,1.6320067179380415,-1.571,0.0,7.002,650,109.375,92.1875,7.031,-1.5707963267948966,675,103.125,96.09375,6.987,-2.677945044588987,676.0,115.625,96.09375,6.987,-0.4636476090008061,,,,,,,,,,,,,,,
701,121.875,99.21875,1.6427611460191387,-1.571,0.0,7.002,651,121.875,92.1875,7.031,-1.5707963267948966,676,115.625,96.09375,6.987,-2.677945044588987,677.0,128.125,96.09375,6.987,-0.4636476090008061,,,,,,,,,,,,,,,
702,134.375,99.21875,1.6031799480518836,-1.585,-0.037,6.772,652,134.375,92.1875,7.031,-1.5707963267948966,677,128.125,96.09375,6.987,-2.677945044588987,678.0,139.84375,96.09375,6.298,-0.5191461142465229,,,,,,,,,,,,,,,
703,146.09375,99.21875,1.645812469416488,-1.571,0.0,7.002,653,146.09375,92.1875,7.031,-1.5707963267948966,678,139.84375,96.09375,6.987,-2.677945044588987,679.0,152.34375,96.09375,6.987,-0.4636476090008061,,,,,,,,,,,,,,,
704,158.59375,99.21875,1.6452044664922865,-1.571,0.0,7.002,654,158.59375,92.1875,7.031,-1.5707963267948966,679,152.34375,96.09375,6.987,-2.677945044588987,680.0,164.84375,96.09375,6.987,-0.4636476090008061,,,,,,,,,,,,,,,
705,171.09375,99.21875,1.6205414766528854,-1.571,0.0,7.002,655,171.09375,92.1875,7.031,-1.5707963267948966,680,164.84375,96.09375,6.987,-2.677945044588987,681.0,177.34375,96.09375,6.987,-0.4636476090008061,,,,,,,,,,,,,,,
706,182.8125,99.21875,1.615080029877373,-1.558,0.036,6.772,656,182.8125,92.1875,7.031,-1.5707963267948966,682,189.0625,96.09375,6.987,-0.4636476090008061,681.0,177.34375,96.09375,6.298,-2.62244653934327,,,,,,,,,,,,,,,
707,195.3125,99.21875,1.6435989124621262,-1.571,0.0,7.002,657,195.3125,92.1875,7.031,-1.5707963267948966,682,189.0625,96.09375,6.987,-2.677945044588987,683.0,201.5625,96.09375,6.987,-0.4636476090008061,,,,,,,,,,,,,,,
708,207.8125,99.21875,1.6278840441148243,-1.571,0.0,7.002,658,207.8125,92.1875,7.031,-1.5707963267948966,683,201.5625,96.09375,6.987,-2.677945044588987,684.0,214.0625,96.09375,6.987,-0.4636476090008061,,,,,,,,,,,,,,,
709,220.3125,99.21875,1.5982957496669796,-1.585,-0.037,6.772,659,220.3125,92.1875,7.031,-1.5707963267948966,684,214.0625,96.09375,6.987,-2.677945044588987,685.0,225.78125,96.09375,6.298,-0.5191461142465229,,,,,,,,,,,,,,,
710,232.03125,99.21875,1.638929995097331,-1.571,0.0,7.002,660,232.03125,92.1875,7.031,-1.5707963267948966,685,225.78125,96.09375,6.987,-2.677945044588987,686.0,238.28125,96.09375,6.987,-0.4636476090008061,,,,,,,,,,,,,,,
711,244.53125,99.21875,1.6330553601297253,-1.571,0.0,7.002,661,244.53125,92.1875,7.031,-1.5707963267948966,686,238.28125,96.09375,6.987,-2.677945044588987,687.0,250.78125,96.09375,6.987,-0.4636476090008061,,,,,,,,,,,,,,,
712,257.03125,99.21875,1.6119369309731528,-1.595,-0.064,7.129,666,263.28125,95.3125,7.37,-0.5585993153435624,662,257.03125,92.1875,7.031,-1.5707963267948966,687.0,250.78125,96.09375,6.987,-2.677945044588987,,,,,,,,,,,,,,,
713,275.78125,99.21875,1.6434639780257174,-1.642,-0.111,6.786,663,275.0,92.1875,7.074,-1.6814535479687922,688,269.53125,96.09375,6.987,-2.677945044588987,689.0,281.25,96.09375,6.298,-0.5191461142465229,,,,,,,,,,,,,,,
714,287.5,99.21875,1.6439395831654817,-1.571,0.0,7.002,664,287.5,92.1875,7.031,-1.5707963267948966,689,281.25,96.09375,6.987,-2.677945044588987,690.0,293.75,96.09375,6.987,-0.4636476090008061,,,,,,,,,,,,,,,
715,299.21875,99.21875,1.583942241446845,-2.097,0.516,6.664,665,299.21875,92.1875,7.031,-1.5707963267948966,690,293.75,96.09375,6.298,-2.62244653934327,,,,,,,,,,,,,,,,,,,,
