id,x,y,psi,avg_angle,phi6,avg_dist,nbr1_id,nbr1_x,nbr1_y,nbr1_dist,nbr1_angle,nbr2_id,nbr2_x,nbr2_y,nbr2_dist,nbr2_angle,nbr3_id,nbr3_x,nbr3_y,nbr3_dist,nbr3_angle,nbr4_id,nbr4_x,nbr4_y,nbr4_dist,nbr4_angle,nbr5_id,nbr5_x,nbr5_y,nbr5_dist,nbr5_angle,nbr6_id,nbr6_x,nbr6_y,nbr6_dist,nbr6_angle
1,0.0,0.0,1.5969614018667575,0.525,0.006,6.664,2,7.03125,0.0,7.031,0.0,47,3.125,5.46875,6.298,1.0516502125483738,,,,,,,,,,,,,,,,,,,,
2,7.03125,0.0,1.6447666104964302,1.621,0.037,6.77,1,0.0,0.0,7.031,3.141592653589793,3,14.0625,0.0,7.031,0.0,47.0,3.125,5.46875,6.72,2.191045812777718,48.0,10.15625,5.46875,6.298,1.0516502125483738,,,,,,,,,,
3,14.0625,0.0,1.6575458208246636,1.57,-0.001,6.875,2,7.03125,0.0,7.031,3.141592653589793,4,21.09375,0.0,7.031,0.0,48.0,10.15625,5.46875,6.72,2.191045812777718,49.0,17.96875,5.46875,6.72,0.9505468408120752,,,,,,,,,,
4,21.09375,0.0,1.6556539588410035,1.52,-0.038,6.77,3,14.0625,0.0,7.031,3.141592653589793,5,28.125,0.0,7.031,0.0,50.0,25.0,5.46875,6.72,0.9505468408120752,49.0,17.96875,5.46875,6.298,2.0899424410414196,,,,,,,,,,
5,28.125,0.0,1.6493174711987206,1.52,-0.038,6.77,4,21.09375,0.0,7.031,3.141592653589793,6,35.15625,0.0,7.031,0.0,51.0,32.03125,5.46875,6.72,0.9505468408120752,50.0,25.0,5.46875,6.298,2.0899424410414196,,,,,,,,,,
6,35.15625,0.0,1.63791878556361,1.52,-0.038,6.77,5,28.125,0.0,7.031,3.141592653589793,7,42.1875,0.0,7.031,0.0,52.0,39.0625,5.46875,6.72,0.9505468408120752,51.0,32.03125,5.46875,6.298,2.0899424410414196,,,,,,,,,,
7,42.1875,0.0,1.6143025748280142,1.52,-0.038,6.965,6,35.15625,0.0,7.031,3.141592653589793,53,46.09375,5.46875,6.72,0.9505468408120752,8.0,50.0,0.0,7.812,0.0,52.0,39.0625,5.46875,6.298,2.0899424410414196,,,,,,,,,,
8,50.0,0.0,1.6209242174788012,1.621,0.037,6.965,9,57.03125,0.0,7.031,0.0,53,46.09375,5.46875,6.72,2.191045812777718,7.0,42.1875,0.0,7.812,3.141592653589793,54.0,53.125,5.46875,6.298,1.0516502125483738,,,,,,,,,,
9,57.03125,0.0,1.6416731047354556,1.57,-0.001,7.071,8,50.0,0.0,7.031,3.141592653589793,54,53.125,5.46875,6.72,2.191045812777718,55.0,60.9375,5.46875,6.72,0.9505468408120752,10.0,64.84375,0.0,7.812,0.0,,,,,,,,,,
10,64.84375,0.0,1.6268056751797246,1.621,0.037,7.161,55,60.9375,5.46875,6.72,2.191045812777718,9,57.03125,0.0,7.812,3.141592653589793,11.0,72.65625,0.0,7.812,0.0,56.0,67.96875,5.46875,6.298,1.0516502125483738,,,,,,,,,,
11,72.65625,0.0,1.6337131298983554,1.779,0.313,7.716,56,67.96875,5.46875,7.202,2.279422598922567,33,79.6875,3.125,7.694,0.4182243295792291,10.0,64.84375,0.0,7.812,3.141592653589793,75.0,75.0,7.8125,8.156,1.2793395323170296,,,,,,,,,,
12,92.1875,0.0,1.6074792244895049,1.298,-0.414,7.238,71,90.625,7.03125,7.202,1.7894652726688385,13,99.21875,0.0,7.031,0.0,34.0,85.9375,3.125,6.987,2.677945044588987,57.0,97.65625,5.46875,7.733,0.7853981633974483,,,,,,,,,,
13,99.21875,0.0,1.5262581290966946,1.802,-0.352,7.009,12,92.1875,0.0,7.031,3.141592653589793,35,105.46875,3.125,6.987,0.4636476090008061,,,,,,,,,,,,,,,,,,,,
14,110.9375,0.0,1.629766057245223,1.557,-0.037,7.032,36,117.1875,3.125,6.987,0.4636476090008061,76,110.9375,7.8125,7.812,1.5707963267948966,35.0,105.46875,3.125,6.298,2.62244653934327,,,,,,,,,,,,,,,
15,123.4375,0.0,1.6171359829017595,1.493,-0.119,6.993,36,117.1875,3.125,6.987,2.677945044588987,37,130.46875,3.125,7.694,0.4182243295792291,62.0,124.21875,6.25,6.298,1.446441332248135,,,,,,,,,,,,,,,
16,136.71875,0.0,1.603853306386236,1.57,-0.001,6.741,37,130.46875,3.125,6.987,2.677945044588987,38,142.96875,3.125,6.987,0.4636476090008061,63.0,136.71875,6.25,6.25,1.5707963267948966,,,,,,,,,,,,,,,
17,150.0,0.0,1.618451680215334,1.319,-0.372,7.749,18,157.03125,0.0,7.031,0.0,38,142.96875,3.125,7.694,2.723368324010564,77.0,148.4375,7.8125,7.967,1.7681918866447774,64.0,155.46875,6.25,8.304,0.8519663271732721,,,,,,,,,,
18,157.03125,0.0,1.5946499928634568,1.82,0.489,6.59,17,150.0,0.0,7.031,3.141592653589793,64,155.46875,6.25,6.442,1.8157749899217608,39.0,162.5,3.125,6.298,0.5191461142465229,,,,,,,,,,,,,,,
19,168.75,0.0,1.6287660925591574,1.57,-0.001,7.002,72,168.75,7.03125,7.031,1.5707963267948966,39,162.5,3.125,6.987,2.677945044588987,40.0,175.0,3.125,6.987,0.4636476090008061,,,,,,,,,,,,,,,
20,180.46875,0.0,1.6493397357561324,1.5,-0.111,6.786,73,181.25,7.03125,7.074,1.460139105621001,41,186.71875,3.125,6.987,0.4636476090008061,40.0,175.0,3.125,6.298,2.62244653934327,,,,,,,,,,,,,,,
21,193.75,0.0,1.5988912507125792,1.343,-0.34,7.288,58,198.4375,5.46875,7.202,0.8621700546672264,41,186.71875,3.125,7.694,2.723368324010564,22.0,201.5625,0.0,7.812,0.0,65.0,192.1875,6.25,6.442,1.8157749899217608,,,,,,,,,,
22,201.5625,0.0,1.5988381527041844,1.52,-0.038,7.161,59,205.46875,5.46875,6.72,0.9505468408120752,21,193.75,0.0,7.812,3.141592653589793,23.0,209.375,0.0,7.812,0.0,58.0,198.4375,5.46875,6.298,2.0899424410414196,,,,,,,,,,
23,209.375,0.0,1.4187880073911772,2.156,0.104,7.173,66,212.5,6.25,6.987,1.1071487177940904,59,205.46875,5.46875,6.72,2.191045812777718,22.0,201.5625,0.0,7.812,3.141592653589793,,,,,,,,,,,,,,,
24,213.28125,0.0,1.3313353759642377,1.079,-0.427,6.643,42,219.53125,3.125,6.987,0.4636476090008061,66,212.5,6.25,6.298,1.695151321341658,,,,,,,,,,,,,,,,,,,,
25,225.78125,0.0,1.645192093401852,1.57,-0.001,6.741,42,219.53125,3.125,6.987,2.677945044588987,43,232.03125,3.125,6.987,0.4636476090008061,67.0,225.78125,6.25,6.25,1.5707963267948966,,,,,,,,,,,,,,,
26,238.28125,0.0,1.6560196668735507,1.57,-0.001,6.741,43,232.03125,3.125,6.987,2.677945044588987,44,244.53125,3.125,6.987,0.4636476090008061,68.0,238.28125,6.25,6.25,1.5707963267948966,,,,,,,,,,,,,,,
27,250.78125,0.0,1.6556071587814531,1.57,-0.001,6.741,44,244.53125,3.125,6.987,2.677945044588987,45,257.03125,3.125,6.987,0.4636476090008061,69.0,250.78125,6.25,6.25,1.5707963267948966,,,,,,,,,,,,,,,
28,264.0625,0.0,1.6040651900747152,1.328,-0.36,7.753,74,262.5,7.03125,7.202,1.7894652726688385,45,257.03125,3.125,7.694,2.723368324010564,29.0,271.875,0.0,7.812,0.0,70.0,269.53125,6.25,8.304,0.8519663271732721,,,,,,,,,,
29,271.875,0.0,1.6561915814583963,1.395,-0.132,7.18,60,276.5625,5.46875,7.202,0.8621700546672264,30,278.90625,0.0,7.031,0.0,28.0,264.0625,0.0,7.812,3.141592653589793,70.0,269.53125,6.25,6.675,1.9295669970654687,,,,,,,,,,
30,278.90625,0.0,1.5273230392492654,1.926,-0.231,6.426,29,271.875,0.0,7.031,3.141592653589793,46,284.375,3.125,6.298,0.5191461142465229,60.0,276.5625,5.46875,5.949,1.97568811307998,,,,,,,,,,,,,,,
31,291.40625,0.0,1.6032218491424977,1.362,-0.314,7.716,61,296.09375,5.46875,7.202,0.8621700546672264,46,284.375,3.125,7.694,2.723368324010564,32.0,299.21875,0.0,7.812,0.0,78.0,289.0625,7.8125,8.156,1.8622531212727638,,,,,,,,,,
32,299.21875,0.0,1.568682017563029,2.615,-0.007,7.055,31,291.40625,0.0,7.812,3.141592653589793,61,296.09375,5.46875,6.298,2.0899424410414196,,,,,,,,,,,,,,,,,,,,
33,79.6875,3.125,1.610286947473221,1.715,0.261,6.89,79,82.8125,9.375,6.987,1.1071487177940904,11,72.65625,0.0,7.694,-2.723368324010564,75.0,75.0,7.8125,6.629,2.356194490192345,34.0,85.9375,3.125,6.25,0.0,,,,,,,,,,
34,85.9375,3.125,1.6050965142384492,1.375,-0.318,6.581,12,92.1875,0.0,6.987,-0.4636476090008061,79,82.8125,9.375,6.987,2.0344439357957027,33.0,79.6875,3.125,6.25,3.141592653589793,71.0,90.625,7.03125,6.101,0.6947382761967031,,,,,,,,,,
35,105.46875,3.125,1.6409164033072154,2.091,-0.46,7.211,76,110.9375,7.8125,7.202,0.7086262721276703,82,103.125,10.15625,7.411,1.892546881191539,13.0,99.21875,0.0,6.987,-2.677945044588987,57.0,97.65625,5.46875,8.156,2.8501358591119264,14.0,110.9375,0.0,6.298,-0.5191461142465229,,,,,
36,117.1875,3.125,1.702012526584309,1.37,-0.503,7.311,83,117.96875,10.15625,7.074,1.460139105621001,14,110.9375,0.0,6.987,-2.677945044588987,15.0,123.4375,0.0,6.987,-0.4636476090008061,62.0,124.21875,6.25,7.694,0.4182243295792291,76.0,110.9375,7.8125,7.812,2.498091544796509,,,,,
37,130.46875,3.125,1.6182345835400478,1.589,-0.43,6.981,16,136.71875,0.0,6.987,-0.4636476090008061,62,124.21875,6.25,6.987,2.677945044588987,63.0,136.71875,6.25,6.987,0.4636476090008061,15.0,123.4375,0.0,7.694,-2.723368324010564,80.0,130.46875,9.375,6.25,1.5707963267948966,,,,,
38,142.96875,3.125,1.6560542328802155,1.751,0.517,7.189,77,148.4375,7.8125,7.202,0.7086262721276703,84,142.1875,10.15625,7.074,1.6814535479687922,63.0,136.71875,6.25,6.987,2.677945044588987,16.0,136.71875,0.0,6.987,-2.677945044588987,17.0,150.0,0.0,7.694,-0.4182243295792291,,,,,
39,162.5,3.125,1.685925658117261,1.721,0.492,7.085,72,168.75,7.03125,7.37,0.5585993153435624,85,161.71875,10.15625,7.074,1.6814535479687922,19.0,168.75,0.0,6.987,-0.4636476090008061,64.0,155.46875,6.25,7.694,2.723368324010564,18.0,157.03125,0.0,6.298,-2.62244653934327,,,,,
40,175.0,3.125,1.6725278399826369,1.594,-0.433,7.011,73,181.25,7.03125,7.37,0.5585993153435624,72,168.75,7.03125,7.37,2.5829933382462307,86.0,175.0,10.15625,7.031,1.5707963267948966,19.0,168.75,0.0,6.987,-2.677945044588987,20.0,180.46875,0.0,6.298,-0.5191461142465229,,,,,
41,186.71875,3.125,1.654231560742698,1.42,-0.462,6.955,87,187.5,10.15625,7.074,1.460139105621001,20,180.46875,0.0,6.987,-2.677945044588987,21.0,193.75,0.0,7.694,-0.4182243295792291,73.0,181.25,7.03125,6.72,2.5213431676069717,65.0,192.1875,6.25,6.298,0.5191461142465229,,,,,
42,219.53125,3.125,1.6851502571951773,1.591,0.429,6.981,24,213.28125,0.0,6.987,-2.677945044588987,25,225.78125,0.0,6.987,-0.4636476090008061,67.0,225.78125,6.25,6.987,0.4636476090008061,66.0,212.5,6.25,7.694,2.723368324010564,81.0,219.53125,9.375,6.25,1.5707963267948966,,,,,
43,232.03125,3.125,1.713332090678734,1.57,-0.419,6.996,88,232.03125,10.15625,7.031,1.5707963267948966,25,225.78125,0.0,6.987,-2.677945044588987,67.0,225.78125,6.25,6.987,2.677945044588987,26.0,238.28125,0.0,6.987,-0.4636476090008061,68.0,238.28125,6.25,6.987,0.4636476090008061,,,,,
44,244.53125,3.125,1.7149732911295223,1.57,-0.419,6.996,89,244.53125,10.15625,7.031,1.5707963267948966,26,238.28125,0.0,6.987,-2.677945044588987,68.0,238.28125,6.25,6.987,2.677945044588987,27.0,250.78125,0.0,6.987,-0.4636476090008061,69.0,250.78125,6.25,6.987,0.4636476090008061,,,,,
45,257.03125,3.125,1.6997652135872479,1.716,0.496,7.092,90,256.25,10.15625,7.074,1.6814535479687922,27,250.78125,0.0,6.987,-2.677945044588987,69.0,250.78125,6.25,6.987,2.677945044588987,28.0,264.0625,0.0,7.694,-0.4182243295792291,74.0,262.5,7.03125,6.72,0.6202494859828215,,,,,
46,284.375,3.125,1.6674101766676908,2.116,-0.386,7.294,31,291.40625,0.0,7.694,-0.4182243295792291,91,281.25,10.15625,7.694,1.9890206563741257,78.0,289.0625,7.8125,6.629,0.7853981633974483,60.0,276.5625,5.46875,8.156,2.8501358591119264,30.0,278.90625,0.0,6.298,-2.62244653934327,,,,,
47,3.125,5.46875,1.7110078991371724,0.051,0.0,6.881,96,7.03125,11.71875,7.37,1.0121970114513341,48,10.15625,5.46875,7.031,0.0,95.0,0.0,11.71875,6.987,2.0344439357957027,2.0,7.03125,0.0,6.72,-0.9505468408120752,1.0,0.0,0.0,6.298,-2.0899424410414196,,,,,
48,10.15625,5.46875,1.6747558871852537,0.345,0.0,7.036,97,14.0625,11.71875,7.37,1.0121970114513341,47,3.125,5.46875,7.031,3.141592653589793,96.0,7.03125,11.71875,6.987,2.0344439357957027,3.0,14.0625,0.0,6.72,-0.9505468408120752,49.0,17.96875,5.46875,7.812,0.0,2.0,7.03125,0.0,6.298,-2.0899424410414196
49,17.96875,5.46875,1.6579889065077533,2.795,-0.001,7.036,97,14.0625,11.71875,7.37,2.129395642138459,50,25.0,5.46875,7.031,0.0,98.0,21.09375,11.71875,6.987,1.1071487177940904,3.0,14.0625,0.0,6.72,-2.191045812777718,48.0,10.15625,5.46875,7.812,3.141592653589793,4.0,21.09375,0.0,6.298,-1.0516502125483738
50,25.0,5.46875,1.671092166586123,2.795,-0.001,6.906,98,21.09375,11.71875,7.37,2.129395642138459,51,32.03125,5.46875,7.031,0.0,49.0,17.96875,5.46875,7.031,3.141592653589793,99.0,28.125,11.71875,6.987,1.1071487177940904,4.0,21.09375,0.0,6.72,-2.191045812777718,5.0,28.125,0.0,6.298,-1.0516502125483738
51,32.03125,5.46875,1.6862878009671332,2.795,-0.001,6.906,99,28.125,11.71875,7.37,2.129395642138459,52,39.0625,5.46875,7.031,0.0,50.0,25.0,5.46875,7.031,3.141592653589793,100.0,35.15625,11.71875,6.987,1.1071487177940904,5.0,28.125,0.0,6.72,-2.191045812777718,6.0,35.15625,0.0,6.298,-1.0516502125483738
52,39.0625,5.46875,1.704525074781999,2.978,-0.017,6.97,101,42.96875,11.71875,7.37,1.0121970114513341,100,35.15625,11.71875,7.37,2.129395642138459,53.0,46.09375,5.46875,7.031,0.0,51.0,32.03125,5.46875,7.031,3.141592653589793,6.0,35.15625,0.0,6.72,-2.191045812777718,7.0,42.1875,0.0,6.298,-1.0516502125483738
53,46.09375,5.46875,1.714663006417983,0.946,-0.017,6.976,102,50.0,11.71875,7.37,1.0121970114513341,54,53.125,5.46875,7.031,0.0,52.0,39.0625,5.46875,7.031,3.141592653589793,101.0,42.96875,11.71875,6.987,2.0344439357957027,7.0,42.1875,0.0,6.72,-2.191045812777718,8.0,50.0,0.0,6.72,-0.9505468408120752
54,53.125,5.46875,1.6933531787844656,0.118,-0.01,6.928,53,46.09375,5.46875,7.031,3.141592653589793,102,50.0,11.71875,6.987,2.0344439357957027,92.0,57.03125,10.9375,6.72,0.9505468408120752,9.0,57.03125,0.0,6.72,-0.9505468408120752,55.0,60.9375,5.46875,7.812,0.0,8.0,50.0,0.0,6.298,-2.0899424410414196
55,60.9375,5.46875,1.6571427118052249,2.571,0.017,6.884,56,67.96875,5.46875,7.031,0.0,9,57.03125,0.0,6.72,-2.191045812777718,10.0,64.84375,0.0,6.72,-0.9505468408120752,92.0,57.03125,10.9375,6.72,2.191045812777718,54.0,53.125,5.46875,7.812,3.141592653589793,93.0,64.0625,10.9375,6.298,1.0516502125483738
56,67.96875,5.46875,1.6892412204531972,1.914,0.132,7.012,11,72.65625,0.0,7.202,-0.8621700546672264,75,75.0,7.8125,7.411,0.3217505543966422,108.0,70.3125,12.5,7.411,1.2490457723982544,55.0,60.9375,5.46875,7.031,3.141592653589793,93.0,64.0625,10.9375,6.72,2.191045812777718,10.0,64.84375,0.0,6.298,-2.0899424410414196
57,97.65625,5.46875,1.684197617189343,1.901,-0.315,7.541,82,103.125,10.15625,7.202,0.7086262721276703,71,90.625,7.03125,7.202,2.922923707715851,109.0,95.3125,12.5,7.411,1.892546881191539,12.0,92.1875,0.0,7.733,-2.356194490192345,35.0,105.46875,3.125,8.156,-0.2914567944778671,,,,,
58,198.4375,5.46875,1.6961066201562773,2.609,-0.004,6.886,21,193.75,0.0,7.202,-2.279422598922567,59,205.46875,5.46875,7.031,0.0,104.0,193.75,11.71875,7.812,2.214297435588181,105.0,200.78125,11.71875,6.675,1.2120256565243244,65.0,192.1875,6.25,6.298,3.017237659043032,22.0,201.5625,0.0,6.298,-1.0516502125483738
59,205.46875,5.46875,1.6983023826152164,2.431,0.069,7.005,66,212.5,6.25,7.074,0.11065722117389565,58,198.4375,5.46875,7.031,3.141592653589793,23.0,209.375,0.0,6.72,-0.9505468408120752,22.0,201.5625,0.0,6.72,-2.191045812777718,105.0,200.78125,11.71875,7.812,2.214297435588181,106.0,207.8125,11.71875,6.675,1.2120256565243244
60,276.5625,5.46875,1.6677676535354506,-1.282,-0.189,6.947,29,271.875,0.0,7.202,-2.279422598922567,70,269.53125,6.25,7.074,3.0309354324158977,107.0,274.21875,11.71875,6.675,1.9295669970654687,91.0,281.25,10.15625,6.629,0.7853981633974483,46.0,284.375,3.125,8.156,-0.2914567944778671,30.0,278.90625,0.0,5.949,-1.1659045405098132
61,296.09375,5.46875,1.6693100713982671,2.706,-0.14,6.981,31,291.40625,0.0,7.202,-2.279422598922567,78,289.0625,7.8125,7.411,2.819842099193151,113.0,292.96875,12.5,7.694,1.9890206563741257,32.0,299.21875,0.0,6.298,-1.0516502125483738,94.0,299.21875,10.9375,6.298,1.0516502125483738,,,,,
62,124.21875,6.25,1.6674516270821251,2.205,0.478,7.061,83,117.96875,10.15625,7.37,2.5829933382462307,114,124.21875,13.28125,7.031,1.5707963267948966,80.0,130.46875,9.375,6.987,0.4636476090008061,37.0,130.46875,3.125,6.987,-0.4636476090008061,36.0,117.1875,3.125,7.694,-2.723368324010564,15.0,123.4375,0.0,6.298,-1.695151321341658
63,136.71875,6.25,1.6241677897513085,-1.664,0.457,6.786,37,130.46875,3.125,6.987,-2.677945044588987,38,142.96875,3.125,6.987,-0.4636476090008061,80.0,130.46875,9.375,6.987,2.677945044588987,84.0,142.1875,10.15625,6.72,0.6202494859828215,16.0,136.71875,0.0,6.25,-1.5707963267948966,,,,,
64,155.46875,6.25,1.6387604089153731,-1.272,-0.309,7.242,77,148.4375,7.8125,7.202,2.922923707715851,85,161.71875,10.15625,7.37,0.5585993153435624,39.0,162.5,3.125,7.694,-0.4182243295792291,18.0,157.03125,0.0,6.442,-1.3258176636680326,110.0,153.90625,12.5,6.442,1.8157749899217608,17.0,150.0,0.0,8.304,-2.289626326416521
65,192.1875,6.25,1.5547948233702191,-1.971,0.444,6.285,21,193.75,0.0,6.442,-1.3258176636680326,41,186.71875,3.125,6.298,-2.62244653934327,58.0,198.4375,5.46875,6.298,-0.12435499454676144,87.0,187.5,10.15625,6.101,2.44685437739309,,,,,,,,,,
66,212.5,6.25,1.6949056039813168,1.6,0.235,7.182,106,207.8125,11.71875,7.202,2.279422598922567,59,205.46875,5.46875,7.074,-3.0309354324158977,23.0,209.375,0.0,6.987,-2.0344439357957027,42.0,219.53125,3.125,7.694,-0.4182243295792291,81.0,219.53125,9.375,7.694,0.4182243295792291,111.0,214.0625,12.5,6.442,1.3258176636680326
67,225.78125,6.25,1.7163414670016501,2.081,-0.508,6.935,88,232.03125,10.15625,7.37,0.5585993153435624,116,225.78125,13.28125,7.031,1.5707963267948966,42.0,219.53125,3.125,6.987,-2.677945044588987,43.0,232.03125,3.125,6.987,-0.4636476090008061,81.0,219.53125,9.375,6.987,2.677945044588987,25.0,225.78125,0.0,6.25,-1.5707963267948966
68,238.28125,6.25,1.6845469669794346,1.57,-0.524,6.999,88,232.03125,10.15625,7.37,2.5829933382462307,89,244.53125,10.15625,7.37,0.5585993153435624,117.0,238.28125,13.28125,7.031,1.5707963267948966,43.0,232.03125,3.125,6.987,-2.677945044588987,44.0,244.53125,3.125,6.987,-0.4636476090008061,26.0,238.28125,0.0,6.25,-1.5707963267948966
69,250.78125,6.25,1.6540099993625683,2.134,-0.497,7.027,89,244.53125,10.15625,7.37,2.5829933382462307,44,244.53125,3.125,6.987,-2.677945044588987,45.0,257.03125,3.125,6.987,-0.4636476090008061,90.0,256.25,10.15625,6.72,0.6202494859828215,121.0,250.0,14.0625,7.851,1.6704649792860586,27.0,250.78125,0.0,6.25,-1.5707963267948966
70,269.53125,6.25,1.65385315079463,0.381,-0.174,7.128,107,274.21875,11.71875,7.202,0.8621700546672264,74,262.5,7.03125,7.074,3.0309354324158977,60.0,276.5625,5.46875,7.074,-0.11065722117389565,29.0,271.875,0.0,6.675,-1.2120256565243244,112.0,267.96875,12.5,6.442,1.8157749899217608,28.0,264.0625,0.0,8.304,-2.289626326416521
71,90.625,7.03125,1.6634721283147036,2.052,-0.277,7.178,12,92.1875,0.0,7.202,-1.3521273809209546,57,97.65625,5.46875,7.202,-0.21866894587394195,118.0,89.0625,14.0625,7.202,1.7894652726688385,109.0,95.3125,12.5,7.202,0.8621700546672264,79.0,82.8125,9.375,8.156,2.8501358591119264,34.0,85.9375,3.125,6.101,-2.44685437739309
72,168.75,7.03125,1.6465624098501503,-1.117,0.51,7.125,39,162.5,3.125,7.37,-2.5829933382462307,40,175.0,3.125,7.37,-0.5585993153435624,19.0,168.75,0.0,7.031,-1.5707963267948966,86.0,175.0,10.15625,6.987,0.4636476090008061,85.0,161.71875,10.15625,7.694,2.723368324010564,115.0,169.53125,13.28125,6.298,1.446441332248135
73,181.25,7.03125,1.6434267736660124,-2.173,0.494,7.028,40,175.0,3.125,7.37,-2.5829933382462307,20,180.46875,0.0,7.074,-1.6814535479687922,120.0,181.25,14.0625,7.031,1.5707963267948966,86.0,175.0,10.15625,6.987,2.677945044588987,87.0,187.5,10.15625,6.987,0.4636476090008061,41.0,186.71875,3.125,6.72,-0.6202494859828215
74,262.5,7.03125,1.6692703163401539,1.366,-0.339,7.132,28,264.0625,0.0,7.202,-1.3521273809209546,70,269.53125,6.25,7.074,-0.11065722117389565,122.0,261.71875,14.0625,7.074,1.6814535479687922,90.0,256.25,10.15625,6.987,2.677945044588987,112.0,267.96875,12.5,7.733,0.7853981633974483,45.0,257.03125,3.125,6.72,-2.5213431676069717
75,75.0,7.8125,1.6384950586514433,-2.617,0.279,7.311,56,67.96875,5.46875,7.411,-2.819842099193151,123,75.78125,14.84375,7.074,1.460139105621001,108.0,70.3125,12.5,6.629,2.356194490192345,33.0,79.6875,3.125,6.629,-0.7853981633974483,79.0,82.8125,9.375,7.967,0.19739555984988075,11.0,72.65625,0.0,8.156,-1.8622531212727638
76,110.9375,7.8125,1.629399323951025,-1.077,0.482,7.511,35,105.46875,3.125,7.202,-2.432966381462123,83,117.96875,10.15625,7.411,0.3217505543966422,36.0,117.1875,3.125,7.812,-0.6435011087932844,14.0,110.9375,0.0,7.812,-1.5707963267948966,119.0,113.28125,14.0625,6.675,1.2120256565243244,82.0,103.125,10.15625,8.156,2.8501358591119264
77,148.4375,7.8125,1.6615176430847949,1.425,-0.316,7.242,38,142.96875,3.125,7.202,-2.432966381462123,64,155.46875,6.25,7.202,-0.21866894587394195,124.0,146.875,14.84375,7.202,1.7894652726688385,110.0,153.90625,12.5,7.202,0.7086262721276703,84.0,142.1875,10.15625,6.675,2.782821983319221,17.0,150.0,0.0,7.967,-1.373400766945016
78,289.0625,7.8125,1.6448958127631106,-3.082,-0.232,7.358,61,296.09375,5.46875,7.411,-0.3217505543966422,125,285.9375,14.84375,7.694,1.9890206563741257,46.0,284.375,3.125,6.629,-2.356194490192345,31.0,291.40625,0.0,8.156,-1.2793395323170296,91.0,281.25,10.15625,8.156,2.8501358591119264,113.0,292.96875,12.5,6.101,0.8760580505981934
79,82.8125,9.375,1.5982157508992103,-0.714,-0.192,7.36,33,79.6875,3.125,6.987,-2.0344439357957027,34,85.9375,3.125,6.987,-1.1071487177940904,118.0,89.0625,14.0625,7.812,0.6435011087932844,75.0,75.0,7.8125,7.967,-2.9441970937399127,71.0,90.625,7.03125,8.156,-0.2914567944778671,126.0,82.8125,15.625,6.25,1.5707963267948966
80,130.46875,9.375,1.6517291266695744,0.128,0.479,6.77,114,124.21875,13.28125,7.37,2.5829933382462307,129,131.25,16.40625,7.074,1.460139105621001,62.0,124.21875,6.25,6.987,-2.677945044588987,63.0,136.71875,6.25,6.987,-0.4636476090008061,37.0,130.46875,3.125,6.25,-1.5707963267948966,103.0,135.9375,11.71875,5.949,0.40489178628508343
81,219.53125,9.375,1.619944206224348,2.228,-0.509,7.205,116,225.78125,13.28125,7.37,0.5585993153435624,67,225.78125,6.25,6.987,-0.4636476090008061,66.0,212.5,6.25,7.694,-2.723368324010564,111.0,214.0625,12.5,6.298,2.62244653934327,42.0,219.53125,3.125,6.25,-1.5707963267948966,152.0,218.75,17.96875,8.629,1.6614562139956417
82,103.125,10.15625,1.6633901399098372,2.4,-0.239,7.509,57,97.65625,5.46875,7.202,-2.432966381462123,35,105.46875,3.125,7.411,-1.2490457723982544,137.0,100.78125,17.1875,7.411,1.892546881191539,127.0,107.03125,15.625,6.72,0.9505468408120752,109.0,95.3125,12.5,8.156,2.8501358591119264,76.0,110.9375,7.8125,8.156,-0.2914567944778671
83,117.96875,10.15625,1.6684422167609834,1.465,0.408,7.003,62,124.21875,6.25,7.37,-0.5585993153435624,76,110.9375,7.8125,7.411,-2.819842099193151,36.0,117.1875,3.125,7.074,-1.6814535479687922,138.0,118.75,17.1875,7.074,1.460139105621001,114.0,124.21875,13.28125,6.987,0.4636476090008061,119.0,113.28125,14.0625,6.101,2.44685437739309
84,142.1875,10.15625,1.6979637751531582,-3.062,-0.318,6.825,139,139.84375,17.1875,7.411,1.892546881191539,38,142.96875,3.125,7.074,-1.460139105621001,63.0,136.71875,6.25,6.72,-2.5213431676069717,77.0,148.4375,7.8125,6.675,-0.35877067027057225,124.0,146.875,14.84375,6.629,0.7853981633974483,103.0,135.9375,11.71875,6.442,2.896613990462929
85,161.71875,10.15625,1.5913359152933697,2.898,-0.358,7.444,64,155.46875,6.25,7.37,-2.5829933382462307,39,162.5,3.125,7.074,-1.460139105621001,72.0,168.75,7.03125,7.694,-0.4182243295792291,140.0,158.59375,17.1875,7.694,1.9890206563741257,130.0,164.0625,16.40625,6.675,1.2120256565243244,110.0,153.90625,12.5,8.156,2.8501358591119264
86,175.0,10.15625,1.6890422593676027,0.948,0.512,6.958,120,181.25,14.0625,7.37,0.5585993153435624,141,175.78125,17.1875,7.074,1.460139105621001,40.0,175.0,3.125,7.031,-1.5707963267948966,72.0,168.75,7.03125,6.987,-2.677945044588987,73.0,181.25,7.03125,6.987,-0.4636476090008061,115.0,169.53125,13.28125,6.298,2.62244653934327
87,187.5,10.15625,1.6577532863635864,-1.584,0.398,6.841,120,181.25,14.0625,7.37,2.5829933382462307,41,186.71875,3.125,7.074,-1.6814535479687922,142.0,188.28125,17.1875,7.074,1.460139105621001,73.0,181.25,7.03125,6.987,-2.677945044588987,104.0,193.75,11.71875,6.442,0.24497866312686414,65.0,192.1875,6.25,6.101,-0.6947382761967031
88,232.03125,10.15625,1.6774686168599924,-1.571,-0.524,7.129,67,225.78125,6.25,7.37,-2.5829933382462307,68,238.28125,6.25,7.37,-0.5585993153435624,43.0,232.03125,3.125,7.031,-1.5707963267948966,143.0,232.03125,17.1875,7.031,1.5707963267948966,116.0,225.78125,13.28125,6.987,2.677945044588987,117.0,238.28125,13.28125,6.987,0.4636476090008061
89,244.53125,10.15625,1.6718178404074862,-2.948,-0.479,7.092,68,238.28125,6.25,7.37,-2.5829933382462307,69,250.78125,6.25,7.37,-0.5585993153435624,144.0,243.75,17.1875,7.074,1.6814535479687922,44.0,244.53125,3.125,7.031,-1.5707963267948966,117.0,238.28125,13.28125,6.987,2.677945044588987,121.0,250.0,14.0625,6.72,0.6202494859828215
90,256.25,10.15625,1.7204737650179525,0.515,-0.469,7.114,121,250.0,14.0625,7.37,2.5829933382462307,45,257.03125,3.125,7.074,-1.460139105621001,74.0,262.5,7.03125,6.987,-0.4636476090008061,69.0,250.78125,6.25,6.72,-2.5213431676069717,122.0,261.71875,14.0625,6.72,0.6202494859828215,153.0,256.25,17.96875,7.812,1.5707963267948966
91,281.25,10.15625,1.6299378328513994,-0.918,-0.219,7.164,107,274.21875,11.71875,7.202,2.922923707715851,46,284.375,3.125,7.694,-1.1525719972156676,131.0,278.90625,16.40625,6.675,1.9295669970654687,60.0,276.5625,5.46875,6.629,-2.356194490192345,125.0,285.9375,14.84375,6.629,0.7853981633974483,78.0,289.0625,7.8125,8.156,-0.2914567944778671
92,57.03125,10.9375,1.6905703163017376,1.195,-0.036,6.984,136,60.9375,17.1875,7.37,1.0121970114513341,102,50.0,11.71875,7.074,3.0309354324158977,93.0,64.0625,10.9375,7.031,0.0,135.0,53.90625,17.1875,6.987,2.0344439357957027,54.0,53.125,5.46875,6.72,-2.191045812777718,55.0,60.9375,5.46875,6.72,-0.9505468408120752
93,64.0625,10.9375,1.6956065803827527,0.957,0.023,6.7,92,57.03125,10.9375,7.031,3.141592653589793,136,60.9375,17.1875,6.987,2.0344439357957027,128.0,67.96875,16.40625,6.72,0.9505468408120752,56.0,67.96875,5.46875,6.72,-0.9505468408120752,108.0,70.3125,12.5,6.442,0.24497866312686414,55.0,60.9375,5.46875,6.298,-2.0899424410414196
94,299.21875,10.9375,1.6079079168049113,2.891,-0.49,6.59,154,299.21875,17.96875,7.031,1.5707963267948966,113,292.96875,12.5,6.442,2.896613990462929,61.0,296.09375,5.46875,6.298,-2.0899424410414196,,,,,,,,,,,,,,,
95,0.0,11.71875,1.6108510950304538,-0.014,-0.037,6.772,96,7.03125,11.71875,7.031,0.0,47,3.125,5.46875,6.987,-1.1071487177940904,132.0,3.125,17.1875,6.298,1.0516502125483738,,,,,,,,,,,,,,,
96,7.03125,11.71875,1.6748687116766803,-2.796,0.0,6.906,47,3.125,5.46875,7.37,-2.129395642138459,95,0.0,11.71875,7.031,3.141592653589793,97.0,14.0625,11.71875,7.031,0.0,48.0,10.15625,5.46875,6.987,-1.1071487177940904,132.0,3.125,17.1875,6.72,2.191045812777718,133.0,10.15625,17.1875,6.298,1.0516502125483738
97,14.0625,11.71875,1.7189301850589134,3.051,0.025,7.085,48,10.15625,5.46875,7.37,-2.129395642138459,49,17.96875,5.46875,7.37,-1.0121970114513341,96.0,7.03125,11.71875,7.031,3.141592653589793,98.0,21.09375,11.71875,7.031,0.0,145.0,17.1875,17.96875,6.987,1.1071487177940904,133.0,10.15625,17.1875,6.72,2.191045812777718
98,21.09375,11.71875,1.7134646115603605,-0.512,0.015,7.193,50,25.0,5.46875,7.37,-1.0121970114513341,145,17.1875,17.96875,7.37,2.129395642138459,146.0,25.0,17.96875,7.37,1.0121970114513341,97.0,14.0625,11.71875,7.031,3.141592653589793,99.0,28.125,11.71875,7.031,0.0,49.0,17.96875,5.46875,6.987,-2.0344439357957027
99,28.125,11.71875,1.7067560272728433,0.0,-0.001,7.129,51,32.03125,5.46875,7.37,-1.0121970114513341,147,32.03125,17.96875,7.37,1.0121970114513341,100.0,35.15625,11.71875,7.031,0.0,98.0,21.09375,11.71875,7.031,3.141592653589793,50.0,25.0,5.46875,6.987,-2.0344439357957027,146.0,25.0,17.96875,6.987,2.0344439357957027
100,35.15625,11.71875,1.688865260019926,0.0,-0.001,7.259,52,39.0625,5.46875,7.37,-1.0121970114513341,148,39.0625,17.96875,7.37,1.0121970114513341,99.0,28.125,11.71875,7.031,3.141592653589793,51.0,32.03125,5.46875,6.987,-2.0344439357957027,147.0,32.03125,17.96875,6.987,2.0344439357957027,101.0,42.96875,11.71875,7.812,0.0
101,42.96875,11.71875,1.6578242280540805,-2.921,-0.01,7.145,52,39.0625,5.46875,7.37,-2.129395642138459,148,39.0625,17.96875,7.37,2.129395642138459,102.0,50.0,11.71875,7.031,0.0,53.0,46.09375,5.46875,6.987,-1.1071487177940904,100.0,35.15625,11.71875,7.812,3.141592653589793,134.0,46.09375,17.1875,6.298,1.0516502125483738
102,50.0,11.71875,1.6607060382542294,-1.947,-0.036,6.984,53,46.09375,5.46875,7.37,-2.129395642138459,92,57.03125,10.9375,7.074,-0.11065722117389565,101.0,42.96875,11.71875,7.031,3.141592653589793,54.0,53.125,5.46875,6.987,-1.1071487177940904,134.0,46.09375,17.1875,6.72,2.191045812777718,135.0,53.90625,17.1875,6.72,0.9505468408120752
103,135.9375,11.71875,1.5567935389157148,1.655,0.137,6.435,139,139.84375,17.1875,6.72,0.9505468408120752,129,131.25,16.40625,6.629,2.356194490192345,84.0,142.1875,10.15625,6.442,-0.24497866312686414,80.0,130.46875,9.375,5.949,-2.7367008673047097,,,,,,,,,,
104,193.75,11.71875,1.6440593197726079,0.986,0.164,7.201,105,200.78125,11.71875,7.031,0.0,149,196.875,17.96875,6.987,1.1071487177940904,142.0,188.28125,17.1875,7.733,2.356194490192345,58.0,198.4375,5.46875,7.812,-0.9272952180016122,87.0,187.5,10.15625,6.442,-2.896613990462929,,,,,
105,200.78125,11.71875,1.6666193052941516,0.036,0.062,7.151,149,196.875,17.96875,7.37,2.129395642138459,106,207.8125,11.71875,7.031,0.0,104.0,193.75,11.71875,7.031,3.141592653589793,150.0,203.90625,17.96875,6.987,1.1071487177940904,59.0,205.46875,5.46875,7.812,-0.9272952180016122,58.0,198.4375,5.46875,6.675,-1.9295669970654687
106,207.8125,11.71875,1.6823593030964812,0.684,0.094,6.927,66,212.5,6.25,7.202,-0.8621700546672264,150,203.90625,17.96875,7.37,2.129395642138459,105.0,200.78125,11.71875,7.031,3.141592653589793,151.0,210.9375,17.96875,6.987,1.1071487177940904,59.0,205.46875,5.46875,6.675,-1.9295669970654687,111.0,214.0625,12.5,6.298,0.12435499454676144
107,274.21875,11.71875,1.7145509946351718,-1.056,-0.193,6.903,70,269.53125,6.25,7.202,-2.279422598922567,91,281.25,10.15625,7.202,-0.21866894587394195,156.0,271.875,18.75,7.411,1.892546881191539,60.0,276.5625,5.46875,6.675,-1.2120256565243244,131.0,278.90625,16.40625,6.629,0.7853981633974483,112.0,267.96875,12.5,6.298,3.017237659043032
108,70.3125,12.5,1.413808557198642,-1.349,0.413,6.608,56,67.96875,5.46875,7.411,-1.892546881191539,75,75.0,7.8125,6.629,-0.7853981633974483,93.0,64.0625,10.9375,6.442,-2.896613990462929,123.0,75.78125,14.84375,5.949,0.40489178628508343,,,,,,,,,,
109,95.3125,12.5,1.625556553171427,-0.661,-0.257,7.143,71,90.625,7.03125,7.202,-2.279422598922567,137,100.78125,17.1875,7.202,0.7086262721276703,57.0,97.65625,5.46875,7.411,-1.2490457723982544,118.0,89.0625,14.0625,6.442,2.896613990462929,155.0,93.75,18.75,6.442,1.8157749899217608,82.0,103.125,10.15625,8.156,-0.2914567944778671
110,153.90625,12.5,1.6955579140508155,2.641,-0.283,7.208,77,148.4375,7.8125,7.202,-2.432966381462123,124,146.875,14.84375,7.411,2.819842099193151,157.0,151.5625,19.53125,7.411,1.892546881191539,140.0,158.59375,17.1875,6.629,0.7853981633974483,64.0,155.46875,6.25,6.442,-1.3258176636680326,85.0,161.71875,10.15625,8.156,-0.2914567944778671
111,214.0625,12.5,1.5519592196309484,2.967,0.118,6.508,152,218.75,17.96875,7.202,0.8621700546672264,66,212.5,6.25,6.442,-1.8157749899217608,106.0,207.8125,11.71875,6.298,-3.017237659043032,81.0,219.53125,9.375,6.298,-0.5191461142465229,151.0,210.9375,17.96875,6.298,2.0899424410414196,,,,,
112,267.96875,12.5,1.5942752218861935,-1.449,-0.231,6.857,156,271.875,18.75,7.37,1.0121970114513341,74,262.5,7.03125,7.733,-2.356194490192345,122.0,261.71875,14.0625,6.442,2.896613990462929,70.0,269.53125,6.25,6.442,-1.3258176636680326,107.0,274.21875,11.71875,6.298,-0.12435499454676144,,,,,
113,292.96875,12.5,1.6393834765182562,0.081,-0.249,7.192,159,291.40625,19.53125,7.202,1.7894652726688385,125,285.9375,14.84375,7.411,2.819842099193151,61.0,296.09375,5.46875,7.694,-1.1525719972156676,94.0,299.21875,10.9375,6.442,-0.24497866312686414,154.0,299.21875,17.96875,8.304,0.7188299996216245,78.0,289.0625,7.8125,6.101,-2.2655346029916
114,124.21875,13.28125,1.6626771194243202,-0.051,0.439,7.167,160,125.78125,20.3125,7.202,1.3521273809209546,80,130.46875,9.375,7.37,-0.5585993153435624,62.0,124.21875,6.25,7.031,-1.5707963267948966,83.0,117.96875,10.15625,6.987,-2.677945044588987,129.0,131.25,16.40625,7.694,0.4182243295792291,138.0,118.75,17.1875,6.72,2.5213431676069717
115,169.53125,13.28125,1.6539238514435641,2.458,0.487,6.951,141,175.78125,17.1875,7.37,0.5585993153435624,161,169.53125,20.3125,7.031,1.5707963267948966,72.0,168.75,7.03125,6.298,-1.695151321341658,86.0,175.0,10.15625,6.298,-0.5191461142465229,130.0,164.0625,16.40625,6.298,2.62244653934327,85.0,161.71875,10.15625,8.414,-2.761086276477428
116,225.78125,13.28125,1.673828244382934,1.044,-0.513,7.243,81,219.53125,9.375,7.37,-2.5829933382462307,143,232.03125,17.1875,7.37,0.5585993153435624,67.0,225.78125,6.25,7.031,-1.5707963267948966,88.0,232.03125,10.15625,6.987,-0.4636476090008061,158.0,225.78125,19.53125,6.25,1.5707963267948966,152.0,218.75,17.96875,8.45,2.5535900500422257
117,238.28125,13.28125,1.6609017404299624,2.172,-0.495,7.028,143,232.03125,17.1875,7.37,2.5829933382462307,162,237.5,20.3125,7.074,1.6814535479687922,68.0,238.28125,6.25,7.031,-1.5707963267948966,88.0,232.03125,10.15625,6.987,-2.677945044588987,89.0,244.53125,10.15625,6.987,-0.4636476090008061,144.0,243.75,17.1875,6.72,0.6202494859828215
118,89.0625,14.0625,1.6611470033044213,2.748,-0.276,6.99,71,90.625,7.03125,7.202,-1.3521273809209546,164,86.71875,21.09375,7.411,1.892546881191539,79.0,82.8125,9.375,7.812,-2.498091544796509,155.0,93.75,18.75,6.629,0.7853981633974483,126.0,82.8125,15.625,6.442,2.896613990462929,109.0,95.3125,12.5,6.442,-0.24497866312686414
119,113.28125,14.0625,1.638796967703265,0.475,-0.493,6.509,165,113.28125,21.09375,7.031,1.5707963267948966,76,110.9375,7.8125,6.675,-1.9295669970654687,127.0,107.03125,15.625,6.442,2.896613990462929,138.0,118.75,17.1875,6.298,0.5191461142465229,83.0,117.96875,10.15625,6.101,-0.6947382761967031,,,,,
120,181.25,14.0625,1.6593069489727208,-1.29,0.507,7.132,86,175.0,10.15625,7.37,-2.5829933382462307,87,187.5,10.15625,7.37,-0.5585993153435624,73.0,181.25,7.03125,7.031,-1.5707963267948966,166.0,181.25,21.09375,7.031,1.5707963267948966,142.0,188.28125,17.1875,7.694,0.4182243295792291,141.0,175.78125,17.1875,6.298,2.62244653934327
121,250.0,14.0625,1.6546279539546282,-0.976,-0.481,7.221,90,256.25,10.15625,7.37,-0.5585993153435624,153,256.25,17.96875,7.37,0.5585993153435624,167.0,250.0,21.09375,7.031,1.5707963267948966,144.0,243.75,17.1875,6.987,2.677945044588987,89.0,244.53125,10.15625,6.72,-2.5213431676069717,69.0,250.78125,6.25,7.851,-1.4711276743037347
122,261.71875,14.0625,1.6422318047580362,-2.149,0.499,6.726,74,262.5,7.03125,7.074,-1.460139105621001,90,256.25,10.15625,6.72,-2.5213431676069717,153.0,256.25,17.96875,6.72,2.5213431676069717,163.0,264.0625,20.3125,6.675,1.2120256565243244,112.0,267.96875,12.5,6.442,-0.24497866312686414,,,,,
123,75.78125,14.84375,1.635661971027838,2.56,0.089,7.358,75,75.0,7.8125,7.074,-1.6814535479687922,126,82.8125,15.625,7.074,0.11065722117389565,128.0,67.96875,16.40625,7.967,2.9441970937399127,168.0,71.875,21.875,8.043,2.0778948311872334,169.0,79.6875,21.875,8.043,1.0636978224025597,108.0,70.3125,12.5,5.949,-2.7367008673047097
124,146.875,14.84375,1.6942210697779079,0.0,-0.297,7.081,77,148.4375,7.8125,7.202,-1.3521273809209546,171,145.3125,21.875,7.202,1.7894652726688385,139.0,139.84375,17.1875,7.411,2.819842099193151,110.0,153.90625,12.5,7.411,-0.3217505543966422,84.0,142.1875,10.15625,6.629,-2.356194490192345,157.0,151.5625,19.53125,6.629,0.7853981633974483
125,285.9375,14.84375,1.6504920084140593,-0.812,-0.243,7.258,131,278.90625,16.40625,7.202,2.922923707715851,159,291.40625,19.53125,7.202,0.7086262721276703,172.0,283.59375,21.875,7.411,1.892546881191539,113.0,292.96875,12.5,7.411,-0.3217505543966422,78.0,289.0625,7.8125,7.694,-1.1525719972156676,91.0,281.25,10.15625,6.629,-2.356194490192345
126,82.8125,15.625,1.6358088108587794,1.269,-0.132,6.695,123,75.78125,14.84375,7.074,-3.0309354324158977,169,79.6875,21.875,6.987,2.0344439357957027,164.0,86.71875,21.09375,6.72,0.9505468408120752,118.0,89.0625,14.0625,6.442,-0.24497866312686414,79.0,82.8125,9.375,6.25,-1.5707963267948966,,,,,
127,107.03125,15.625,1.5868715904965542,1.657,-0.29,6.87,82,103.125,10.15625,6.72,-2.191045812777718,119,113.28125,14.0625,6.442,-0.24497866312686414,137.0,100.78125,17.1875,6.442,2.896613990462929,170.0,105.46875,21.875,6.442,1.8157749899217608,165.0,113.28125,21.09375,8.304,0.7188299996216245,,,,,
128,67.96875,16.40625,1.4586838158078135,2.088,-0.135,7.094,136,60.9375,17.1875,7.074,3.0309354324158977,175,64.84375,22.65625,6.987,2.0344439357957027,168.0,71.875,21.875,6.72,0.9505468408120752,93.0,64.0625,10.9375,6.72,-2.191045812777718,123.0,75.78125,14.84375,7.967,-0.19739555984988075,,,,,
129,131.25,16.40625,1.613193617561756,-1.344,0.324,7.198,80,130.46875,9.375,7.074,-1.6814535479687922,114,124.21875,13.28125,7.694,-2.723368324010564,160.0,125.78125,20.3125,6.72,2.5213431676069717,103.0,135.9375,11.71875,6.629,-0.7853981633974483,176.0,132.8125,22.65625,6.442,1.3258176636680326,139.0,139.84375,17.1875,8.629,0.09065988720074511
130,164.0625,16.40625,1.5480671139340194,0.116,0.312,6.498,161,169.53125,20.3125,6.72,0.6202494859828215,85,161.71875,10.15625,6.675,-1.9295669970654687,115.0,169.53125,13.28125,6.298,-0.5191461142465229,177.0,163.28125,22.65625,6.298,1.695151321341658,,,,,,,,,,
131,278.90625,16.40625,1.6762936015592993,1.533,-0.226,7.088,125,285.9375,14.84375,7.202,-0.21866894587394195,172,283.59375,21.875,7.202,0.8621700546672264,185.0,276.5625,23.4375,7.411,1.892546881191539,156.0,271.875,18.75,7.411,2.819842099193151,91.0,281.25,10.15625,6.675,-1.2120256565243244,107.0,274.21875,11.71875,6.629,-2.356194490192345
132,3.125,17.1875,1.6904852529977028,0.084,0.0,6.808,133,10.15625,17.1875,7.031,0.0,186,0.0,24.21875,7.694,1.9890206563741257,96.0,7.03125,11.71875,6.72,-0.9505468408120752,95.0,0.0,11.71875,6.298,-2.0899424410414196,173.0,6.25,22.65625,6.298,1.0516502125483738,,,,,
133,10.15625,17.1875,1.6485792948382143,2.122,0.069,6.923,145,17.1875,17.96875,7.074,0.11065722117389565,132,3.125,17.1875,7.031,3.141592653589793,187.0,13.28125,24.21875,7.694,1.1525719972156676,97.0,14.0625,11.71875,6.72,-0.9505468408120752,173.0,6.25,22.65625,6.72,2.191045812777718,96.0,7.03125,11.71875,6.298,-2.0899424410414196
134,46.09375,17.1875,1.674754739677201,0.776,-0.019,7.044,181,50.0,23.4375,7.37,1.0121970114513341,148,39.0625,17.96875,7.074,3.0309354324158977,180.0,42.96875,23.4375,6.987,2.0344439357957027,102.0,50.0,11.71875,6.72,-0.9505468408120752,135.0,53.90625,17.1875,7.812,0.0,101.0,42.96875,11.71875,6.298,-2.0899424410414196
135,53.90625,17.1875,1.6613367212200394,-2.631,-0.037,7.107,181,50.0,23.4375,7.37,2.129395642138459,136,60.9375,17.1875,7.031,0.0,92.0,57.03125,10.9375,6.987,-1.1071487177940904,102.0,50.0,11.71875,6.72,-2.191045812777718,174.0,57.8125,22.65625,6.72,0.9505468408120752,134.0,46.09375,17.1875,7.812,3.141592653589793
136,60.9375,17.1875,1.6659733232337839,-1.594,-0.052,6.913,92,57.03125,10.9375,7.37,-2.129395642138459,128,67.96875,16.40625,7.074,-0.11065722117389565,135.0,53.90625,17.1875,7.031,3.141592653589793,93.0,64.0625,10.9375,6.987,-1.1071487177940904,175.0,64.84375,22.65625,6.72,0.9505468408120752,174.0,57.8125,22.65625,6.298,2.0899424410414196
137,100.78125,17.1875,1.6636955164298608,2.946,-0.238,6.927,109,95.3125,12.5,7.202,-2.432966381462123,155,93.75,18.75,7.202,2.922923707715851,82.0,103.125,10.15625,7.411,-1.2490457723982544,182.0,98.4375,23.4375,6.675,1.9295669970654687,170.0,105.46875,21.875,6.629,0.7853981633974483,127.0,107.03125,15.625,6.442,-0.24497866312686414
138,118.75,17.1875,1.6400845257012697,-0.617,0.418,6.951,189,120.3125,24.21875,7.202,1.3521273809209546,83,117.96875,10.15625,7.074,-1.6814535479687922,160.0,125.78125,20.3125,7.694,0.4182243295792291,114.0,124.21875,13.28125,6.72,-0.6202494859828215,165.0,113.28125,21.09375,6.72,2.5213431676069717,119.0,113.28125,14.0625,6.298,-2.62244653934327
139,139.84375,17.1875,1.5940898943714448,-1.001,-0.24,7.408,171,145.3125,21.875,7.202,0.7086262721276703,84,142.1875,10.15625,7.411,-1.2490457723982544,124.0,146.875,14.84375,7.411,-0.3217505543966422,190.0,139.0625,24.21875,7.074,1.6814535479687922,103.0,135.9375,11.71875,6.72,-2.191045812777718,129.0,131.25,16.40625,8.629,-3.050932766389048
140,158.59375,17.1875,1.6041294168870028,2.655,-0.286,7.228,177,163.28125,22.65625,7.202,0.8621700546672264,191,157.03125,24.21875,7.202,1.7894652726688385,157.0,151.5625,19.53125,7.411,2.819842099193151,85.0,161.71875,10.15625,7.694,-1.1525719972156676,110.0,153.90625,12.5,6.629,-2.356194490192345,,,,,
141,175.78125,17.1875,1.6868310271907119,3.128,-0.491,7.05,115,169.53125,13.28125,7.37,-2.5829933382462307,86,175.0,10.15625,7.074,-1.6814535479687922,161.0,169.53125,20.3125,6.987,2.677945044588987,166.0,181.25,21.09375,6.72,0.6202494859828215,200.0,175.0,25.0,7.851,1.6704649792860586,120.0,181.25,14.0625,6.298,-0.5191461142465229
142,188.28125,17.1875,1.616167720142638,2.952,0.485,7.593,192,186.71875,24.21875,7.202,1.7894652726688385,87,187.5,10.15625,7.074,-1.6814535479687922,120.0,181.25,14.0625,7.694,-2.723368324010564,104.0,193.75,11.71875,7.733,-0.7853981633974483,183.0,192.96875,23.4375,7.812,0.9272952180016122,166.0,181.25,21.09375,8.043,2.6344941491974563
143,232.03125,17.1875,1.6340896875598785,-2.449,-0.465,6.991,196,230.46875,24.21875,7.202,1.7894652726688385,116,225.78125,13.28125,7.37,-2.5829933382462307,117.0,238.28125,13.28125,7.37,-0.5585993153435624,88.0,232.03125,10.15625,7.031,-1.5707963267948966,158.0,225.78125,19.53125,6.675,2.782821983319221,162.0,237.5,20.3125,6.298,0.5191461142465229
144,243.75,17.1875,1.6923666943932745,-0.303,-0.464,7.028,167,250.0,21.09375,7.37,0.5585993153435624,89,244.53125,10.15625,7.074,-1.460139105621001,197.0,243.75,24.21875,7.031,1.5707963267948966,121.0,250.0,14.0625,6.987,-0.4636476090008061,162.0,237.5,20.3125,6.987,2.677945044588987,117.0,238.28125,13.28125,6.72,-2.5213431676069717
145,17.1875,17.96875,1.6659613673319982,-0.939,0.025,7.222,98,21.09375,11.71875,7.37,-1.0121970114513341,187,13.28125,24.21875,7.37,2.129395642138459,133.0,10.15625,17.1875,7.074,-3.0309354324158977,97.0,14.0625,11.71875,6.987,-2.0344439357957027,178.0,21.09375,23.4375,6.72,0.9505468408120752,146.0,25.0,17.96875,7.812,0.0
146,25.0,17.96875,1.6925388260097385,-2.985,0.009,7.151,98,21.09375,11.71875,7.37,-2.129395642138459,147,32.03125,17.96875,7.031,0.0,99.0,28.125,11.71875,6.987,-1.1071487177940904,188.0,28.125,24.21875,6.987,1.1071487177940904,178.0,21.09375,23.4375,6.72,2.191045812777718,145.0,17.1875,17.96875,7.812,3.141592653589793
147,32.03125,17.96875,1.7026113300993544,-1.944,-0.026,7.085,99,28.125,11.71875,7.37,-2.129395642138459,188,28.125,24.21875,7.37,2.129395642138459,148.0,39.0625,17.96875,7.031,0.0,146.0,25.0,17.96875,7.031,3.141592653589793,100.0,35.15625,11.71875,6.987,-1.1071487177940904,179.0,35.9375,23.4375,6.72,0.9505468408120752
148,39.0625,17.96875,1.6825415335718228,-1.006,-0.036,6.977,100,35.15625,11.71875,7.37,-2.129395642138459,101,42.96875,11.71875,7.37,-1.0121970114513341,134.0,46.09375,17.1875,7.074,-0.11065722117389565,147.0,32.03125,17.96875,7.031,3.141592653589793,180.0,42.96875,23.4375,6.72,0.9505468408120752,179.0,35.9375,23.4375,6.298,2.0899424410414196
149,196.875,17.96875,1.6799933411152177,-1.559,0.047,7.172,105,200.78125,11.71875,7.37,-1.0121970114513341,150,203.90625,17.96875,7.031,0.0,104.0,193.75,11.71875,6.987,-2.0344439357957027,183.0,192.96875,23.4375,6.72,2.191045812777718,184.0,200.0,23.4375,6.298,1.0516502125483738,142.0,188.28125,17.1875,8.629,-3.050932766389048
150,203.90625,17.96875,1.6886311137486063,-1.199,0.025,7.085,106,207.8125,11.71875,7.37,-1.0121970114513341,193,207.8125,24.21875,7.37,1.0121970114513341,151.0,210.9375,17.96875,7.031,0.0,149.0,196.875,17.96875,7.031,3.141592653589793,105.0,200.78125,11.71875,6.987,-2.0344439357957027,184.0,200.0,23.4375,6.72,2.191045812777718
151,210.9375,17.96875,1.6230331662637405,-0.153,-0.007,7.081,194,214.84375,24.21875,7.37,1.0121970114513341,150,203.90625,17.96875,7.031,3.141592653589793,193.0,207.8125,24.21875,6.987,2.0344439357957027,106.0,207.8125,11.71875,6.987,-2.0344439357957027,152.0,218.75,17.96875,7.812,0.0,111.0,214.0625,12.5,6.298,-1.0516502125483738
152,218.75,17.96875,1.6422237825294457,1.455,0.059,7.504,111,214.0625,12.5,7.202,-2.279422598922567,158,225.78125,19.53125,7.202,0.21866894587394195,194.0,214.84375,24.21875,7.37,2.129395642138459,195.0,221.875,24.21875,6.987,1.1071487177940904,151.0,210.9375,17.96875,7.812,3.141592653589793,116.0,225.78125,13.28125,8.45,-0.5880026035475675
153,256.25,17.96875,1.650062119618199,-1.494,0.491,7.216,121,250.0,14.0625,7.37,-2.5829933382462307,167,250.0,21.09375,6.987,2.677945044588987,122.0,261.71875,14.0625,6.72,-0.6202494859828215,90.0,256.25,10.15625,7.812,-1.5707963267948966,163.0,264.0625,20.3125,8.156,0.2914567944778671,198.0,256.25,24.21875,6.25,1.5707963267948966
154,299.21875,17.96875,1.5666634720781216,-2.887,-0.402,7.572,94,299.21875,10.9375,7.031,-1.5707963267948966,199,296.09375,24.21875,6.987,2.0344439357957027,159.0,291.40625,19.53125,7.967,2.9441970937399127,113.0,292.96875,12.5,8.304,-2.4227626539681686,,,,,,,,,,
155,93.75,18.75,1.6521347041500927,-1.271,-0.323,6.862,137,100.78125,17.1875,7.202,-0.21866894587394195,164,86.71875,21.09375,7.411,2.819842099193151,118.0,89.0625,14.0625,6.629,-2.356194490192345,182.0,98.4375,23.4375,6.629,0.7853981633974483,109.0,95.3125,12.5,6.442,-1.3258176636680326,,,,,
156,271.875,18.75,1.664241490398004,-1.188,-0.2,7.244,112,267.96875,12.5,7.37,-2.129395642138459,107,274.21875,11.71875,7.411,-1.2490457723982544,131.0,278.90625,16.40625,7.411,-0.3217505543966422,201.0,269.53125,25.0,6.675,1.9295669970654687,185.0,276.5625,23.4375,6.629,0.7853981633974483,163.0,264.0625,20.3125,7.967,2.9441970937399127
157,151.5625,19.53125,1.7031118865429467,0.037,-0.299,7.088,204,150.0,26.5625,7.202,1.7894652726688385,191,157.03125,24.21875,7.202,0.7086262721276703,110.0,153.90625,12.5,7.411,-1.2490457723982544,140.0,158.59375,17.1875,7.411,-0.3217505543966422,171.0,145.3125,21.875,6.675,2.782821983319221,124.0,146.875,14.84375,6.629,-2.356194490192345
158,225.78125,19.53125,1.6543113982301705,-1.287,0.422,6.571,152,218.75,17.96875,7.202,-2.922923707715851,143,232.03125,17.1875,6.675,-0.35877067027057225,196.0,230.46875,24.21875,6.629,0.7853981633974483,116.0,225.78125,13.28125,6.25,-1.5707963267948966,195.0,221.875,24.21875,6.101,2.2655346029916,,,,,
159,291.40625,19.53125,1.681384415670284,2.39,-0.267,7.428,113,292.96875,12.5,7.202,-1.3521273809209546,125,285.9375,14.84375,7.202,-2.432966381462123,205.0,289.0625,26.5625,7.411,1.892546881191539,199.0,296.09375,24.21875,6.629,0.7853981633974483,154.0,299.21875,17.96875,7.967,-0.19739555984988075,172.0,283.59375,21.875,8.156,2.8501358591119264
160,125.78125,20.3125,1.6755906756037984,-1.009,0.363,7.032,114,124.21875,13.28125,7.202,-1.7894652726688385,176,132.8125,22.65625,7.411,0.3217505543966422,138.0,118.75,17.1875,7.694,-2.723368324010564,129.0,131.25,16.40625,6.72,-0.6202494859828215,189.0,120.3125,24.21875,6.72,2.5213431676069717,203.0,127.34375,26.5625,6.442,1.3258176636680326
161,169.53125,20.3125,1.665767637873213,-2.985,-0.421,6.948,200,175.0,25.0,7.202,0.7086262721276703,209,168.75,27.34375,7.074,1.6814535479687922,115.0,169.53125,13.28125,7.031,-1.5707963267948966,141.0,175.78125,17.1875,6.987,-0.4636476090008061,130.0,164.0625,16.40625,6.72,-2.5213431676069717,177.0,163.28125,22.65625,6.675,2.782821983319221
162,237.5,20.3125,1.6994549900285296,0.617,-0.488,7.134,197,243.75,24.21875,7.37,0.5585993153435624,117,238.28125,13.28125,7.074,-1.460139105621001,210.0,237.5,27.34375,7.031,1.5707963267948966,144.0,243.75,17.1875,6.987,-0.4636476090008061,196.0,230.46875,24.21875,8.043,2.6344941491974563,143.0,232.03125,17.1875,6.298,-2.62244653934327
163,264.0625,20.3125,1.5749429281164502,0.733,-0.33,7.593,201,269.53125,25.0,7.202,0.7086262721276703,122,261.71875,14.0625,6.675,-1.9295669970654687,156.0,271.875,18.75,7.967,-0.19739555984988075,215.0,262.5,28.125,7.967,1.7681918866447774,153.0,256.25,17.96875,8.156,-2.8501358591119264,,,,,
164,86.71875,21.09375,1.714012808518065,-2.36,-0.133,7.162,208,90.625,27.34375,7.37,1.0121970114513341,118,89.0625,14.0625,7.411,-1.2490457723982544,155.0,93.75,18.75,7.411,-0.3217505543966422,169.0,79.6875,21.875,7.074,3.0309354324158977,207.0,83.59375,27.34375,6.987,2.0344439357957027,126.0,82.8125,15.625,6.72,-2.191045812777718
165,113.28125,21.09375,1.654011348720971,1.008,0.322,7.362,119,113.28125,14.0625,7.031,-1.5707963267948966,189,120.3125,24.21875,7.694,0.4182243295792291,202.0,109.375,26.5625,6.72,2.191045812777718,138.0,118.75,17.1875,6.72,-0.6202494859828215,170.0,105.46875,21.875,7.851,3.0419240010986313,222.0,115.625,28.90625,8.156,1.2793395323170296
166,181.25,21.09375,1.6535082570295392,-0.468,-0.512,7.342,200,175.0,25.0,7.37,2.5829933382462307,120,181.25,14.0625,7.031,-1.5707963267948966,141.0,175.78125,17.1875,6.72,-2.5213431676069717,142.0,188.28125,17.1875,8.043,-0.507098504392337,192.0,186.71875,24.21875,6.298,0.5191461142465229,228.0,181.25,29.6875,8.593,1.5707963267948966
167,250.0,21.09375,1.6862065049199282,-1.06,-0.508,7.065,144,243.75,17.1875,7.37,-2.5829933382462307,121,250.0,14.0625,7.031,-1.5707963267948966,214.0,250.0,28.125,7.031,1.5707963267948966,153.0,256.25,17.96875,6.987,-0.4636476090008061,197.0,243.75,24.21875,6.987,2.677945044588987,198.0,256.25,24.21875,6.987,0.4636476090008061
168,71.875,21.875,1.6545471207998221,1.242,-0.064,7.226,175,64.84375,22.65625,7.074,3.0309354324158977,212,68.75,28.125,6.987,2.0344439357957027,206.0,75.78125,27.34375,6.72,0.9505468408120752,128.0,67.96875,16.40625,6.72,-2.191045812777718,169.0,79.6875,21.875,7.812,0.0,123.0,75.78125,14.84375,8.043,-1.0636978224025597
169,79.6875,21.875,1.6541558258811668,-1.747,-0.027,7.226,164,86.71875,21.09375,7.074,-0.11065722117389565,126,82.8125,15.625,6.987,-1.1071487177940904,207.0,83.59375,27.34375,6.72,0.9505468408120752,206.0,75.78125,27.34375,6.72,2.191045812777718,168.0,71.875,21.875,7.812,3.141592653589793,123.0,75.78125,14.84375,8.043,-2.0778948311872334
170,105.46875,21.875,1.697565188679547,1.691,-0.224,6.905,182,98.4375,23.4375,7.202,2.922923707715851,221,103.90625,28.90625,7.202,1.7894652726688385,165.0,113.28125,21.09375,7.851,-0.09966865249116202,137.0,100.78125,17.1875,6.629,-2.356194490192345,127.0,107.03125,15.625,6.442,-1.3258176636680326,202.0,109.375,26.5625,6.101,0.8760580505981934
171,145.3125,21.875,1.6339567458054696,3.053,-0.3,6.843,124,146.875,14.84375,7.202,-1.3521273809209546,139,139.84375,17.1875,7.202,-2.432966381462123,157.0,151.5625,19.53125,6.675,-0.35877067027057225,190.0,139.0625,24.21875,6.675,2.782821983319221,213.0,142.96875,28.125,6.675,1.9295669970654687,204.0,150.0,26.5625,6.629,0.7853981633974483
172,283.59375,21.875,1.6138773034549454,-0.766,-0.253,7.269,131,278.90625,16.40625,7.202,-2.279422598922567,185,276.5625,23.4375,7.202,2.922923707715851,205.0,289.0625,26.5625,7.202,0.7086262721276703,125.0,285.9375,14.84375,7.411,-1.2490457723982544,216.0,282.03125,28.125,6.442,1.8157749899217608,159.0,291.40625,19.53125,8.156,-0.2914567944778671
173,6.25,22.65625,1.6177236969149698,-1.713,-0.019,6.592,187,13.28125,24.21875,7.202,0.21866894587394195,133,10.15625,17.1875,6.72,-0.9505468408120752,186.0,0.0,24.21875,6.442,2.896613990462929,132.0,3.125,17.1875,6.298,-2.0899424410414196,217.0,5.46875,28.90625,6.298,1.695151321341658,,,,,
174,57.8125,22.65625,1.6438237358630698,1.92,-0.044,6.998,220,53.90625,28.90625,7.37,2.129395642138459,175,64.84375,22.65625,7.031,0.0,211.0,61.71875,28.125,6.72,0.9505468408120752,135.0,53.90625,17.1875,6.72,-2.191045812777718,181.0,50.0,23.4375,7.851,3.0419240010986313,136.0,60.9375,17.1875,6.298,-1.0516502125483738
175,64.84375,22.65625,1.6818239782668185,-1.954,-0.062,6.805,168,71.875,21.875,7.074,-0.11065722117389565,174,57.8125,22.65625,7.031,3.141592653589793,128.0,67.96875,16.40625,6.987,-1.1071487177940904,136.0,60.9375,17.1875,6.72,-2.191045812777718,212.0,68.75,28.125,6.72,0.9505468408120752,211.0,61.71875,28.125,6.298,2.0899424410414196
176,132.8125,22.65625,1.637309255865533,2.546,0.351,6.885,160,125.78125,20.3125,7.411,-2.819842099193151,226,135.15625,29.6875,7.411,1.2490457723982544,203.0,127.34375,26.5625,6.72,2.5213431676069717,129.0,131.25,16.40625,6.442,-1.8157749899217608,190.0,139.0625,24.21875,6.442,0.24497866312686414,,,,,
177,163.28125,22.65625,1.6813384638157487,-1.649,-0.307,6.837,140,158.59375,17.1875,7.202,-2.279422598922567,209,168.75,27.34375,7.202,0.7086262721276703,227.0,161.71875,29.6875,7.202,1.7894652726688385,161.0,169.53125,20.3125,6.675,-0.35877067027057225,191.0,157.03125,24.21875,6.442,2.896613990462929,130.0,164.0625,16.40625,6.298,-1.446441332248135
178,21.09375,23.4375,1.6396689426768407,1.815,0.02,7.06,188,28.125,24.21875,7.074,0.11065722117389565,234,24.21875,30.46875,7.694,1.1525719972156676,146.0,25.0,17.96875,6.72,-0.9505468408120752,145.0,17.1875,17.96875,6.72,-2.191045812777718,187.0,13.28125,24.21875,7.851,3.0419240010986313,218.0,17.96875,28.90625,6.298,2.0899424410414196
179,35.9375,23.4375,1.6267619220430367,2.365,-0.018,7.043,223,32.03125,29.6875,7.37,2.129395642138459,180,42.96875,23.4375,7.031,0.0,224.0,39.0625,29.6875,6.987,1.1071487177940904,147.0,32.03125,17.96875,6.72,-2.191045812777718,188.0,28.125,24.21875,7.851,3.0419240010986313,148.0,39.0625,17.96875,6.298,-1.0516502125483738
180,42.96875,23.4375,1.7056641692618237,-2.631,-0.037,6.976,224,39.0625,29.6875,7.37,2.129395642138459,181,50.0,23.4375,7.031,0.0,179.0,35.9375,23.4375,7.031,3.141592653589793,134.0,46.09375,17.1875,6.987,-1.1071487177940904,148.0,39.0625,17.96875,6.72,-2.191045812777718,219.0,46.875,28.90625,6.72,0.9505468408120752
181,50.0,23.4375,1.6931272219915205,-0.957,-0.034,7.107,134,46.09375,17.1875,7.37,-2.129395642138459,135,53.90625,17.1875,7.37,-1.0121970114513341,180.0,42.96875,23.4375,7.031,3.141592653589793,220.0,53.90625,28.90625,6.72,0.9505468408120752,174.0,57.8125,22.65625,7.851,-0.09966865249116202,219.0,46.875,28.90625,6.298,2.0899424410414196
182,98.4375,23.4375,1.6798211424801388,-0.168,-0.285,6.936,170,105.46875,21.875,7.202,-0.21866894587394195,221,103.90625,28.90625,7.733,0.7853981633974483,137.0,100.78125,17.1875,6.675,-1.2120256565243244,155.0,93.75,18.75,6.629,-2.356194490192345,225.0,96.875,29.6875,6.442,1.8157749899217608,,,,,
183,192.96875,23.4375,1.7056352336122855,1.624,-0.025,7.1,230,196.875,29.6875,7.37,1.0121970114513341,229,189.0625,29.6875,7.37,2.129395642138459,184.0,200.0,23.4375,7.031,0.0,149.0,196.875,17.96875,6.72,-0.9505468408120752,142.0,188.28125,17.1875,7.812,-2.214297435588181,192.0,186.71875,24.21875,6.298,3.017237659043032
184,200.0,23.4375,1.6660330500963623,0.776,0.017,7.043,231,203.90625,29.6875,7.37,1.0121970114513341,183,192.96875,23.4375,7.031,3.141592653589793,230.0,196.875,29.6875,6.987,2.0344439357957027,150.0,203.90625,17.96875,6.72,-0.9505468408120752,193.0,207.8125,24.21875,7.851,0.09966865249116202,149.0,196.875,17.96875,6.298,-2.0899424410414196
185,276.5625,23.4375,1.7060072218722258,-0.188,-0.258,7.141,201,269.53125,25.0,7.202,2.922923707715851,172,283.59375,21.875,7.202,-0.21866894587394195,238.0,275.0,30.46875,7.202,1.7894652726688385,216.0,282.03125,28.125,7.202,0.7086262721276703,131.0,278.90625,16.40625,7.411,-1.2490457723982544,156.0,271.875,18.75,6.629,-2.356194490192345
186,0.0,24.21875,1.6464375568344243,0.227,-0.446,7.288,217,5.46875,28.90625,7.202,0.7086262721276703,132,3.125,17.1875,7.694,-1.1525719972156676,244.0,0.0,32.03125,7.812,1.5707963267948966,173.0,6.25,22.65625,6.442,-0.24497866312686414,,,,,,,,,,
187,13.28125,24.21875,1.6584329280197543,-0.539,-0.048,7.452,173,6.25,22.65625,7.202,-2.922923707715851,145,17.1875,17.96875,7.37,-1.0121970114513341,133.0,10.15625,17.1875,7.694,-1.9890206563741257,178.0,21.09375,23.4375,7.851,-0.09966865249116202,218.0,17.96875,28.90625,6.629,0.7853981633974483,245.0,11.71875,32.03125,7.967,1.7681918866447774
188,28.125,24.21875,1.6688583942469108,-1.136,0.008,7.229,147,32.03125,17.96875,7.37,-1.0121970114513341,234,24.21875,30.46875,7.37,2.129395642138459,178.0,21.09375,23.4375,7.074,-3.0309354324158977,146.0,25.0,17.96875,6.987,-2.0344439357957027,223.0,32.03125,29.6875,6.72,0.9505468408120752,179.0,35.9375,23.4375,7.851,-0.09966865249116202
189,120.3125,24.21875,1.6960299219516572,0.248,0.339,7.143,138,118.75,17.1875,7.202,-1.7894652726688385,239,121.875,31.25,7.202,1.3521273809209546,203.0,127.34375,26.5625,7.411,0.3217505543966422,165.0,113.28125,21.09375,7.694,-2.723368324010564,160.0,125.78125,20.3125,6.72,-0.6202494859828215,222.0,115.625,28.90625,6.629,2.356194490192345
190,139.0625,24.21875,1.580235720892443,-2.149,-0.318,6.728,139,139.84375,17.1875,7.074,-1.460139105621001,226,135.15625,29.6875,6.72,2.191045812777718,171.0,145.3125,21.875,6.675,-0.35877067027057225,176.0,132.8125,22.65625,6.442,-2.896613990462929,,,,,,,,,,
191,157.03125,24.21875,1.6232524811291986,2.448,-0.267,7.145,140,158.59375,17.1875,7.202,-1.3521273809209546,157,151.5625,19.53125,7.202,-2.432966381462123,227.0,161.71875,29.6875,7.202,0.8621700546672264,204.0,150.0,26.5625,7.411,2.819842099193151,240.0,154.6875,31.25,7.411,1.892546881191539,177.0,163.28125,22.65625,6.442,-0.24497866312686414
192,186.71875,24.21875,1.6083087966780751,0.822,0.029,6.696,142,188.28125,17.1875,7.202,-1.3521273809209546,228,181.25,29.6875,7.733,2.356194490192345,166.0,181.25,21.09375,6.298,-2.62244653934327,183.0,192.96875,23.4375,6.298,-0.12435499454676144,229.0,189.0625,29.6875,5.949,1.1659045405098132,,,,,
193,207.8125,24.21875,1.65436033680134,-2.366,0.017,7.043,150,203.90625,17.96875,7.37,-2.129395642138459,194,214.84375,24.21875,7.031,0.0,151.0,210.9375,17.96875,6.987,-1.1071487177940904,231.0,203.90625,29.6875,6.72,2.191045812777718,184.0,200.0,23.4375,7.851,-3.0419240010986313,232.0,210.9375,29.6875,6.298,1.0516502125483738
194,214.84375,24.21875,1.6894960433947732,3.051,0.025,7.085,151,210.9375,17.96875,7.37,-2.129395642138459,152,218.75,17.96875,7.37,-1.0121970114513341,193.0,207.8125,24.21875,7.031,3.141592653589793,195.0,221.875,24.21875,7.031,0.0,235.0,217.96875,30.46875,6.987,1.1071487177940904,232.0,210.9375,29.6875,6.72,2.191045812777718
195,221.875,24.21875,1.6599182442949303,0.626,0.053,7.178,235,217.96875,30.46875,7.37,2.129395642138459,194,214.84375,24.21875,7.031,3.141592653589793,236.0,225.0,30.46875,6.987,1.1071487177940904,152.0,218.75,17.96875,6.987,-2.0344439357957027,158.0,225.78125,19.53125,6.101,-0.8760580505981934,196.0,230.46875,24.21875,8.593,0.0
196,230.46875,24.21875,1.6267851876344688,-0.046,0.482,7.386,143,232.03125,17.1875,7.202,-1.3521273809209546,210,237.5,27.34375,7.694,0.4182243295792291,158.0,225.78125,19.53125,6.629,-2.356194490192345,162.0,237.5,20.3125,8.043,-0.507098504392337,237.0,232.03125,30.46875,6.442,1.3258176636680326,236.0,225.0,30.46875,8.304,2.289626326416521
197,243.75,24.21875,1.698825932736897,-3.087,-0.474,7.136,162,237.5,20.3125,7.37,-2.5829933382462307,214,250.0,28.125,7.37,0.5585993153435624,241.0,242.96875,31.25,7.074,1.6814535479687922,144.0,243.75,17.1875,7.031,-1.5707963267948966,210.0,237.5,27.34375,6.987,2.677945044588987,167.0,250.0,21.09375,6.987,-0.4636476090008061
198,256.25,24.21875,1.671371721046357,2.598,0.43,7.01,215,262.5,28.125,7.37,0.5585993153435624,214,250.0,28.125,7.37,2.5829933382462307,242.0,255.46875,31.25,7.074,1.6814535479687922,167.0,250.0,21.09375,6.987,-2.677945044588987,153.0,256.25,17.96875,6.25,-1.5707963267948966,,,,,
199,296.09375,24.21875,1.6999062173096748,2.664,-0.206,6.947,205,289.0625,26.5625,7.411,2.819842099193151,243,293.75,31.25,7.411,1.892546881191539,154.0,299.21875,17.96875,6.987,-1.1071487177940904,159.0,291.40625,19.53125,6.629,-2.356194490192345,233.0,299.21875,29.6875,6.298,1.0516502125483738,,,,,
200,175.0,25.0,1.6557068554632277,-1.82,-0.414,7.331,161,169.53125,20.3125,7.202,-2.432966381462123,166,181.25,21.09375,7.37,-0.5585993153435624,246.0,174.21875,32.03125,7.074,1.6814535479687922,228.0,181.25,29.6875,7.812,0.6435011087932844,209.0,168.75,27.34375,6.675,2.782821983319221,141.0,175.78125,17.1875,7.851,-1.4711276743037347
201,269.53125,25.0,1.6678642032128053,1.052,-0.288,7.412,163,264.0625,20.3125,7.202,-2.432966381462123,185,276.5625,23.4375,7.202,-0.21866894587394195,215.0,262.5,28.125,7.694,2.723368324010564,238.0,275.0,30.46875,7.733,0.7853981633974483,156.0,271.875,18.75,6.675,-1.2120256565243244,249.0,267.96875,32.8125,7.967,1.7681918866447774
202,109.375,26.5625,1.5709788236384343,1.821,0.445,6.651,165,113.28125,21.09375,6.72,-0.9505468408120752,257,109.375,34.375,7.812,1.5707963267948966,222.0,115.625,28.90625,6.675,0.35877067027057225,170.0,105.46875,21.875,6.101,-2.2655346029916,221.0,103.90625,28.90625,5.949,2.7367008673047097,,,,,
203,127.34375,26.5625,1.664792398919357,1.302,0.337,7.105,239,121.875,31.25,7.202,2.432966381462123,189,120.3125,24.21875,7.411,-2.819842099193151,176.0,132.8125,22.65625,6.72,-0.6202494859828215,160.0,125.78125,20.3125,6.442,-1.8157749899217608,247.0,128.90625,32.8125,6.442,1.3258176636680326,226.0,135.15625,29.6875,8.414,0.3805063771123649
204,150.0,26.5625,1.6878081611318556,-2.038,-0.275,6.919,157,151.5625,19.53125,7.202,-1.3521273809209546,213,142.96875,28.125,7.202,2.922923707715851,191.0,157.03125,24.21875,7.411,-0.3217505543966422,171.0,145.3125,21.875,6.629,-2.356194490192345,240.0,154.6875,31.25,6.629,0.7853981633974483,248.0,148.4375,32.8125,6.442,1.8157749899217608
205,289.0625,26.5625,1.677892318226705,-2.692,-0.252,7.088,172,283.59375,21.875,7.202,-2.432966381462123,216,282.03125,28.125,7.202,2.922923707715851,159.0,291.40625,19.53125,7.411,-1.2490457723982544,199.0,296.09375,24.21875,7.411,-0.3217505543966422,250.0,286.71875,32.8125,6.675,1.9295669970654687,243.0,293.75,31.25,6.629,0.7853981633974483
206,75.78125,27.34375,1.6668478378208664,1.195,-0.036,7.114,252,79.6875,33.59375,7.37,1.0121970114513341,212,68.75,28.125,7.074,3.0309354324158977,251.0,72.65625,33.59375,6.987,2.0344439357957027,168.0,71.875,21.875,6.72,-2.191045812777718,169.0,79.6875,21.875,6.72,-0.9505468408120752,207.0,83.59375,27.34375,7.812,0.0
207,83.59375,27.34375,1.6874518041200997,2.984,-0.01,7.151,252,79.6875,33.59375,7.37,2.129395642138459,208,90.625,27.34375,7.031,0.0,253.0,86.71875,33.59375,6.987,1.1071487177940904,164.0,86.71875,21.09375,6.987,-1.1071487177940904,169.0,79.6875,21.875,6.72,-2.191045812777718,206.0,75.78125,27.34375,7.812,3.141592653589793
208,90.625,27.34375,1.5859240564453194,2.086,0.083,7.228,164,86.71875,21.09375,7.37,-2.129395642138459,253,86.71875,33.59375,7.37,2.129395642138459,207.0,83.59375,27.34375,7.031,3.141592653589793,256.0,93.75,34.375,7.694,1.1525719972156676,225.0,96.875,29.6875,6.675,0.35877067027057225,,,,,
209,168.75,27.34375,1.7103154052132585,-2.725,-0.346,7.128,177,163.28125,22.65625,7.202,-2.432966381462123,246,174.21875,32.03125,7.202,0.7086262721276703,259.0,167.1875,34.375,7.202,1.7894652726688385,227.0,161.71875,29.6875,7.411,2.819842099193151,161.0,169.53125,20.3125,7.074,-1.460139105621001,200.0,175.0,25.0,6.675,-0.35877067027057225
210,237.5,27.34375,1.6875914785200916,2.272,-0.495,6.967,260,236.71875,34.375,7.074,1.6814535479687922,162,237.5,20.3125,7.031,-1.5707963267948966,197.0,243.75,24.21875,6.987,-0.4636476090008061,196.0,230.46875,24.21875,7.694,-2.723368324010564,241.0,242.96875,31.25,6.72,0.6202494859828215,237.0,232.03125,30.46875,6.298,2.62244653934327
211,61.71875,28.125,1.6197496366204527,2.365,-0.018,7.043,254,57.8125,34.375,7.37,2.129395642138459,212,68.75,28.125,7.031,0.0,255.0,64.84375,34.375,6.987,1.1071487177940904,174.0,57.8125,22.65625,6.72,-2.191045812777718,220.0,53.90625,28.90625,7.851,3.0419240010986313,175.0,64.84375,22.65625,6.298,-1.0516502125483738
212,68.75,28.125,1.7078723957157997,-2.087,-0.056,6.984,255,64.84375,34.375,7.37,2.129395642138459,206,75.78125,27.34375,7.074,-0.11065722117389565,211.0,61.71875,28.125,7.031,3.141592653589793,168.0,71.875,21.875,6.987,-1.1071487177940904,175.0,64.84375,22.65625,6.72,-2.191045812777718,251.0,72.65625,33.59375,6.72,0.9505468408120752
213,142.96875,28.125,1.6273224516752756,0.695,-0.258,7.144,204,150.0,26.5625,7.202,-0.21866894587394195,248,148.4375,32.8125,7.202,0.7086262721276703,171.0,145.3125,21.875,6.675,-1.2120256565243244,258.0,140.625,34.375,6.675,1.9295669970654687,226.0,135.15625,29.6875,7.967,2.9441970937399127,,,,,
214,250.0,28.125,1.6427045858621385,-2.332,-0.489,7.139,197,243.75,24.21875,7.37,-2.5829933382462307,198,256.25,24.21875,7.37,-0.5585993153435624,268.0,249.21875,35.15625,7.074,1.6814535479687922,167.0,250.0,21.09375,7.031,-1.5707963267948966,241.0,242.96875,31.25,7.694,2.723368324010564,242.0,255.46875,31.25,6.298,0.5191461142465229
215,262.5,28.125,1.6984846720931022,2.204,-0.386,7.649,249,267.96875,32.8125,7.202,0.7086262721276703,198,256.25,24.21875,7.37,-2.5829933382462307,242.0,255.46875,31.25,7.694,2.723368324010564,201.0,269.53125,25.0,7.694,-0.4182243295792291,163.0,264.0625,20.3125,7.967,-1.373400766945016,277.0,260.9375,35.9375,7.967,1.7681918866447774
216,282.03125,28.125,1.6970813814844066,1.564,-0.288,7.015,185,276.5625,23.4375,7.202,-2.432966381462123,205,289.0625,26.5625,7.202,-0.21866894587394195,269.0,280.46875,35.15625,7.202,1.7894652726688385,238.0,275.0,30.46875,7.411,2.819842099193151,250.0,286.71875,32.8125,6.629,0.7853981633974483,172.0,283.59375,21.875,6.442,-1.3258176636680326
217,5.46875,28.90625,1.6343833499721798,2.683,0.477,6.607,186,0.0,24.21875,7.202,-2.432966381462123,245,11.71875,32.03125,6.987,0.4636476090008061,173.0,6.25,22.65625,6.298,-1.446441332248135,244.0,0.0,32.03125,6.298,2.62244653934327,261.0,5.46875,35.15625,6.25,1.5707963267948966,,,,,
218,17.96875,28.90625,1.63592399426127,2.439,0.504,6.521,245,11.71875,32.03125,6.987,2.677945044588987,187,13.28125,24.21875,6.629,-2.356194490192345,234.0,24.21875,30.46875,6.442,0.24497866312686414,178.0,21.09375,23.4375,6.298,-1.0516502125483738,262.0,17.96875,35.15625,6.25,1.5707963267948966,,,,,
219,46.875,28.90625,1.6385055801240698,2.185,-0.034,7.107,265,50.78125,35.15625,7.37,1.0121970114513341,264,42.96875,35.15625,7.37,2.129395642138459,220.0,53.90625,28.90625,7.031,0.0,180.0,42.96875,23.4375,6.72,-2.191045812777718,224.0,39.0625,29.6875,7.851,3.0419240010986313,181.0,50.0,23.4375,6.298,-1.0516502125483738
220,53.90625,28.90625,1.7114159837096596,-0.599,-0.054,7.113,174,57.8125,22.65625,7.37,-1.0121970114513341,219,46.875,28.90625,7.031,3.141592653589793,265.0,50.78125,35.15625,6.987,2.0344439357957027,181.0,50.0,23.4375,6.72,-2.191045812777718,254.0,57.8125,34.375,6.72,0.9505468408120752,211.0,61.71875,28.125,7.851,-0.09966865249116202
221,103.90625,28.90625,1.6267928508136447,-2.267,-0.237,7.113,170,105.46875,21.875,7.202,-1.3521273809209546,225,96.875,29.6875,7.074,3.0309354324158977,266.0,100.78125,35.15625,6.987,2.0344439357957027,182.0,98.4375,23.4375,7.733,-2.356194490192345,257.0,109.375,34.375,7.733,0.7853981633974483,202.0,109.375,26.5625,5.949,-0.40489178628508343
222,115.625,28.90625,1.623913349720028,-3.086,0.325,7.252,270,116.40625,35.9375,7.074,1.460139105621001,239,121.875,31.25,6.675,0.35877067027057225,202.0,109.375,26.5625,6.675,-2.782821983319221,189.0,120.3125,24.21875,6.629,-0.7853981633974483,165.0,113.28125,21.09375,8.156,-1.8622531212727638,257.0,109.375,34.375,8.304,2.4227626539681686
223,32.03125,29.6875,1.6715376929779169,1.876,-0.025,7.219,179,35.9375,23.4375,7.37,-1.0121970114513341,224,39.0625,29.6875,7.031,0.0,188.0,28.125,24.21875,6.72,-2.191045812777718,234.0,24.21875,30.46875,7.851,3.0419240010986313,279.0,35.9375,36.71875,8.043,1.0636978224025597,263.0,28.90625,35.15625,6.298,2.0899424410414196
224,39.0625,29.6875,1.6686466003436118,-0.425,-0.035,7.275,180,42.96875,23.4375,7.37,-1.0121970114513341,223,32.03125,29.6875,7.031,3.141592653589793,179.0,35.9375,23.4375,6.987,-2.0344439357957027,279.0,35.9375,36.71875,7.694,1.9890206563741257,264.0,42.96875,35.15625,6.72,0.9505468408120752,219.0,46.875,28.90625,7.851,-0.09966865249116202
225,96.875,29.6875,1.60686737942295,-0.612,-0.235,6.728,221,103.90625,28.90625,7.074,-0.11065722117389565,266,100.78125,35.15625,6.72,0.9505468408120752,208.0,90.625,27.34375,6.675,-2.782821983319221,182.0,98.4375,23.4375,6.442,-1.3258176636680326,,,,,,,,,,
226,135.15625,29.6875,1.6597231275882904,0.117,-0.227,7.407,258,140.625,34.375,7.202,0.7086262721276703,176,132.8125,22.65625,7.411,-1.892546881191539,247.0,128.90625,32.8125,6.987,2.677945044588987,190.0,139.0625,24.21875,6.72,-0.9505468408120752,213.0,142.96875,28.125,7.967,-0.19739555984988075,283.0,132.8125,37.5,8.156,1.8622531212727638
227,161.71875,29.6875,1.6964316530090682,-1.318,-0.276,7.11,177,163.28125,22.65625,7.202,-1.3521273809209546,191,157.03125,24.21875,7.202,-2.279422598922567,240.0,154.6875,31.25,7.202,2.922923707715851,259.0,167.1875,34.375,7.202,0.7086262721276703,209.0,168.75,27.34375,7.411,-0.3217505543966422,271.0,160.15625,35.9375,6.442,1.8157749899217608
228,181.25,29.6875,1.6393845574750963,1.464,-0.116,7.639,272,185.15625,35.9375,7.37,1.0121970114513341,246,174.21875,32.03125,7.411,2.819842099193151,280.0,178.125,36.71875,7.694,1.9890206563741257,192.0,186.71875,24.21875,7.733,-0.7853981633974483,200.0,175.0,25.0,7.812,-2.498091544796509,229.0,189.0625,29.6875,7.812,0.0
229,189.0625,29.6875,1.687561626468056,-0.513,0.015,7.172,183,192.96875,23.4375,7.37,-1.0121970114513341,272,185.15625,35.9375,7.37,2.129395642138459,267.0,192.96875,35.15625,6.72,0.9505468408120752,228.0,181.25,29.6875,7.812,3.141592653589793,230.0,196.875,29.6875,7.812,0.0,192.0,186.71875,24.21875,5.949,-1.97568811307998
230,196.875,29.6875,1.6511571549099016,-2.985,0.009,7.151,183,192.96875,23.4375,7.37,-2.129395642138459,231,203.90625,29.6875,7.031,0.0,184.0,200.0,23.4375,6.987,-1.1071487177940904,273.0,200.0,35.9375,6.987,1.1071487177940904,267.0,192.96875,35.15625,6.72,2.191045812777718,229.0,189.0625,29.6875,7.812,3.141592653589793
231,203.90625,29.6875,1.700700168657094,1.943,0.025,7.085,184,200.0,23.4375,7.37,-2.129395642138459,273,200.0,35.9375,7.37,2.129395642138459,232.0,210.9375,29.6875,7.031,0.0,230.0,196.875,29.6875,7.031,3.141592653589793,274.0,207.03125,35.9375,6.987,1.1071487177940904,193.0,207.8125,24.21875,6.72,-0.9505468408120752
232,210.9375,29.6875,1.6888322666424656,1.593,0.051,6.913,274,207.03125,35.9375,7.37,2.129395642138459,235,217.96875,30.46875,7.074,0.11065722117389565,231.0,203.90625,29.6875,7.031,3.141592653589793,275.0,214.0625,35.9375,6.987,1.1071487177940904,194.0,214.84375,24.21875,6.72,-0.9505468408120752,193.0,207.8125,24.21875,6.298,-2.0899424410414196
233,299.21875,29.6875,1.5481141127544649,2.882,-0.256,6.274,199,296.09375,24.21875,6.298,-2.0899424410414196,278,299.21875,35.9375,6.25,1.5707963267948966,,,,,,,,,,,,,,,,,,,,
234,24.21875,30.46875,1.6509393659794083,-1.501,0.071,7.3,188,28.125,24.21875,7.37,-1.0121970114513341,178,21.09375,23.4375,7.694,-1.9890206563741257,262.0,17.96875,35.15625,7.812,2.498091544796509,223.0,32.03125,29.6875,7.851,-0.09966865249116202,263.0,28.90625,35.15625,6.629,0.7853981633974483,218.0,17.96875,28.90625,6.442,-2.896613990462929
235,217.96875,30.46875,1.6844675484602667,-1.549,0.051,6.913,195,221.875,24.21875,7.37,-1.0121970114513341,232,210.9375,29.6875,7.074,-3.0309354324158977,236.0,225.0,30.46875,7.031,0.0,194.0,214.84375,24.21875,6.987,-2.0344439357957027,275.0,214.0625,35.9375,6.72,2.191045812777718,276.0,221.09375,35.9375,6.298,1.0516502125483738
236,225.0,30.46875,1.677918172671479,0.091,0.05,7.24,281,228.90625,36.71875,7.37,1.0121970114513341,237,232.03125,30.46875,7.031,0.0,235.0,217.96875,30.46875,7.031,3.141592653589793,195.0,221.875,24.21875,6.987,-2.0344439357957027,276.0,221.09375,35.9375,6.72,2.191045812777718,196.0,230.46875,24.21875,8.304,-0.8519663271732721
237,232.03125,30.46875,1.6231078838567643,2.233,-0.13,6.572,236,225.0,30.46875,7.031,3.141592653589793,281,228.90625,36.71875,6.987,2.0344439357957027,196.0,230.46875,24.21875,6.442,-1.8157749899217608,210.0,237.5,27.34375,6.298,-0.5191461142465229,260.0,236.71875,34.375,6.101,0.6947382761967031,,,,,
238,275.0,30.46875,1.6675414110810427,-0.824,-0.31,7.36,185,276.5625,23.4375,7.202,-1.3521273809209546,269,280.46875,35.15625,7.202,0.7086262721276703,285.0,273.4375,37.5,7.202,1.7894652726688385,216.0,282.03125,28.125,7.411,-0.3217505543966422,249.0,267.96875,32.8125,7.411,2.819842099193151,201.0,269.53125,25.0,7.733,-2.356194490192345
239,121.875,31.25,1.6893009686253622,-0.786,0.289,7.026,189,120.3125,24.21875,7.202,-1.7894652726688385,203,127.34375,26.5625,7.202,-0.7086262721276703,247.0,128.90625,32.8125,7.202,0.21866894587394195,270.0,116.40625,35.9375,7.202,2.432966381462123,222.0,115.625,28.90625,6.675,-2.782821983319221,282.0,124.21875,37.5,6.675,1.2120256565243244
240,154.6875,31.25,1.6777899623166213,-0.071,-0.258,6.888,227,161.71875,29.6875,7.202,-0.21866894587394195,271,160.15625,35.9375,7.202,0.7086262721276703,191.0,157.03125,24.21875,7.411,-1.2490457723982544,204.0,150.0,26.5625,6.629,-2.356194490192345,248.0,148.4375,32.8125,6.442,2.896613990462929,284.0,153.125,37.5,6.442,1.8157749899217608
241,242.96875,31.25,1.6130354103724414,-0.025,-0.456,7.146,268,249.21875,35.15625,7.37,0.5585993153435624,197,243.75,24.21875,7.074,-1.460139105621001,286.0,242.96875,38.28125,7.031,1.5707963267948966,260.0,236.71875,34.375,6.987,2.677945044588987,214.0,250.0,28.125,7.694,-0.4182243295792291,210.0,237.5,27.34375,6.72,-2.5213431676069717
242,255.46875,31.25,1.6667011579228233,1.685,-0.447,7.248,277,260.9375,35.9375,7.202,0.7086262721276703,268,249.21875,35.15625,7.37,2.5829933382462307,198.0,256.25,24.21875,7.074,-1.460139105621001,215.0,262.5,28.125,7.694,-0.4182243295792291,293.0,254.6875,39.0625,7.851,1.6704649792860586,214.0,250.0,28.125,6.298,-2.62244653934327
243,293.75,31.25,1.683438531245911,2.862,-0.343,7.104,278,299.21875,35.9375,7.202,0.7086262721276703,250,286.71875,32.8125,7.202,2.922923707715851,199.0,296.09375,24.21875,7.411,-1.2490457723982544,287.0,292.96875,38.28125,7.074,1.6814535479687922,205.0,289.0625,26.5625,6.629,-2.356194490192345,,,,,
244,0.0,32.03125,1.6318388670976558,0.0,-0.262,6.86,288,0.0,39.0625,7.031,1.5707963267948966,186,0.0,24.21875,7.812,-1.5707963267948966,217.0,5.46875,28.90625,6.298,-0.5191461142465229,261.0,5.46875,35.15625,6.298,0.5191461142465229,,,,,,,,,,
245,11.71875,32.03125,1.6835479529440707,0.098,-0.494,7.158,289,11.71875,39.0625,7.031,1.5707963267948966,217,5.46875,28.90625,6.987,-2.677945044588987,261.0,5.46875,35.15625,6.987,2.677945044588987,218.0,17.96875,28.90625,6.987,-0.4636476090008061,262.0,17.96875,35.15625,6.987,0.4636476090008061,187.0,13.28125,24.21875,7.967,-1.373400766945016
246,174.21875,32.03125,1.6699985252557943,2.922,-0.296,7.102,209,168.75,27.34375,7.202,-2.432966381462123,228,181.25,29.6875,7.411,-0.3217505543966422,259.0,167.1875,34.375,7.411,2.819842099193151,292.0,171.875,39.0625,7.411,1.892546881191539,200.0,175.0,25.0,7.074,-1.460139105621001,280.0,178.125,36.71875,6.101,0.8760580505981934
247,128.90625,32.8125,1.6465388681371445,-2.756,0.343,6.672,239,121.875,31.25,7.202,-2.922923707715851,226,135.15625,29.6875,6.987,-0.4636476090008061,282.0,124.21875,37.5,6.629,2.356194490192345,203.0,127.34375,26.5625,6.442,-1.8157749899217608,283.0,132.8125,37.5,6.101,0.8760580505981934,,,,,
248,148.4375,32.8125,1.6690228710879471,-3.003,-0.248,6.893,213,142.96875,28.125,7.202,-2.432966381462123,291,146.09375,39.0625,6.675,1.9295669970654687,284.0,153.125,37.5,6.629,0.7853981633974483,258.0,140.625,34.375,7.967,2.9441970937399127,240.0,154.6875,31.25,6.442,-0.24497866312686414,204.0,150.0,26.5625,6.442,-1.3258176636680326
249,267.96875,32.8125,1.6888087060963335,1.407,-0.341,7.446,215,262.5,28.125,7.202,-2.432966381462123,285,273.4375,37.5,7.202,0.7086262721276703,298.0,266.40625,39.84375,7.202,1.7894652726688385,238.0,275.0,30.46875,7.411,-0.3217505543966422,277.0,260.9375,35.9375,7.694,2.723368324010564,201.0,269.53125,25.0,7.967,-1.373400766945016
250,286.71875,32.8125,1.6363279693669353,0.519,-0.274,7.114,243,293.75,31.25,7.202,-0.21866894587394195,299,285.15625,39.84375,7.202,1.7894652726688385,269.0,280.46875,35.15625,6.675,2.782821983319221,205.0,289.0625,26.5625,6.675,-1.2120256565243244,216.0,282.03125,28.125,6.629,-2.356194490192345,287.0,292.96875,38.28125,8.304,0.7188299996216245
251,72.65625,33.59375,1.6672378138322437,2.578,-0.028,7.158,294,68.75,39.84375,7.37,2.129395642138459,252,79.6875,33.59375,7.031,0.0,295.0,75.78125,39.84375,6.987,1.1071487177940904,206.0,75.78125,27.34375,6.987,-1.1071487177940904,212.0,68.75,28.125,6.72,-2.191045812777718,255.0,64.84375,34.375,7.851,3.0419240010986313
252,79.6875,33.59375,1.7106311574175157,2.63,0.015,7.193,206,75.78125,27.34375,7.37,-2.129395642138459,207,83.59375,27.34375,7.37,-1.0121970114513341,295.0,75.78125,39.84375,7.37,2.129395642138459,251.0,72.65625,33.59375,7.031,3.141592653589793,253.0,86.71875,33.59375,7.031,0.0,296.0,82.8125,39.84375,6.987,1.1071487177940904
253,86.71875,33.59375,1.6975271573322461,1.626,0.05,7.136,208,90.625,27.34375,7.37,-1.0121970114513341,296,82.8125,39.84375,7.37,2.129395642138459,256.0,93.75,34.375,7.074,0.11065722117389565,252.0,79.6875,33.59375,7.031,3.141592653589793,207.0,83.59375,27.34375,6.987,-2.0344439357957027,297.0,89.84375,39.84375,6.987,1.1071487177940904
254,57.8125,34.375,1.702402487691312,1.376,-0.045,7.092,211,61.71875,28.125,7.37,-1.0121970114513341,301,61.71875,40.625,7.37,1.0121970114513341,265.0,50.78125,35.15625,7.074,3.0309354324158977,255.0,64.84375,34.375,7.031,0.0,300.0,54.6875,40.625,6.987,2.0344439357957027,220.0,53.90625,28.90625,6.72,-2.191045812777718
255,64.84375,34.375,1.6664354658546112,-0.564,-0.028,7.158,212,68.75,28.125,7.37,-1.0121970114513341,254,57.8125,34.375,7.031,3.141592653589793,211.0,61.71875,28.125,6.987,-2.0344439357957027,301.0,61.71875,40.625,6.987,2.0344439357957027,294.0,68.75,39.84375,6.72,0.9505468408120752,251.0,72.65625,33.59375,7.851,-0.09966865249116202
256,93.75,34.375,1.6387447683998788,2.119,0.095,7.186,302,97.65625,40.625,7.37,1.0121970114513341,253,86.71875,33.59375,7.074,-3.0309354324158977,266.0,100.78125,35.15625,7.074,0.11065722117389565,208.0,90.625,27.34375,7.694,-1.9890206563741257,297.0,89.84375,39.84375,6.72,2.191045812777718,,,,,
257,109.375,34.375,1.6248222678602082,-0.497,0.263,7.713,270,116.40625,35.9375,7.202,0.21866894587394195,308,111.71875,41.40625,7.411,1.2490457723982544,221.0,103.90625,28.90625,7.733,-2.356194490192345,202.0,109.375,26.5625,7.812,-1.5707963267948966,303.0,104.6875,40.625,7.812,2.214297435588181,222.0,115.625,28.90625,8.304,-0.7188299996216245
258,140.625,34.375,1.6790749318281546,0.915,-0.285,7.317,226,135.15625,29.6875,7.202,-2.432966381462123,291,146.09375,39.0625,7.202,0.7086262721276703,213.0,142.96875,28.125,6.675,-1.2120256565243244,248.0,148.4375,32.8125,7.967,-0.19739555984988075,304.0,139.0625,40.625,6.442,1.8157749899217608,283.0,132.8125,37.5,8.414,2.761086276477428
259,167.1875,34.375,1.6668463153743744,-2.767,-0.275,7.176,209,168.75,27.34375,7.202,-1.3521273809209546,227,161.71875,29.6875,7.202,-2.432966381462123,271.0,160.15625,35.9375,7.202,2.922923707715851,246.0,174.21875,32.03125,7.411,-0.3217505543966422,309.0,164.84375,41.40625,7.411,1.892546881191539,292.0,171.875,39.0625,6.629,0.7853981633974483
260,236.71875,34.375,1.6273712903844086,-1.561,-0.402,6.998,286,242.96875,38.28125,7.37,0.5585993153435624,210,237.5,27.34375,7.074,-1.460139105621001,241.0,242.96875,31.25,6.987,-0.4636476090008061,281.0,228.90625,36.71875,8.156,2.8501358591119264,305.0,235.9375,40.625,6.298,1.695151321341658,237.0,232.03125,30.46875,6.101,-2.44685437739309
261,5.46875,35.15625,1.6731005705571975,1.225,0.523,6.776,289,11.71875,39.0625,7.37,0.5585993153435624,312,5.46875,42.1875,7.031,1.5707963267948966,245.0,11.71875,32.03125,6.987,-0.4636476090008061,288.0,0.0,39.0625,6.72,2.5213431676069717,244.0,0.0,32.03125,6.298,-2.62244653934327,217.0,5.46875,28.90625,6.25,-1.5707963267948966
262,17.96875,35.15625,1.6503810280863631,2.679,0.503,7.028,289,11.71875,39.0625,7.37,2.5829933382462307,313,17.96875,42.1875,7.031,1.5707963267948966,245.0,11.71875,32.03125,6.987,-2.677945044588987,290.0,23.4375,39.0625,6.72,0.6202494859828215,234.0,24.21875,30.46875,7.812,-0.6435011087932844,218.0,17.96875,28.90625,6.25,-1.5707963267948966
263,28.90625,35.15625,1.6051197434782807,1.292,0.378,6.785,279,35.9375,36.71875,7.202,0.21866894587394195,314,29.6875,42.1875,7.074,1.460139105621001,290.0,23.4375,39.0625,6.72,2.5213431676069717,234.0,24.21875,30.46875,6.629,-2.356194490192345,223.0,32.03125,29.6875,6.298,-1.0516502125483738,,,,,
264,42.96875,35.15625,1.6610986426944216,1.151,-0.079,7.191,279,35.9375,36.71875,7.202,2.922923707715851,219,46.875,28.90625,7.37,-1.0121970114513341,307.0,46.875,41.40625,7.37,1.0121970114513341,224.0,39.0625,29.6875,6.72,-2.191045812777718,265.0,50.78125,35.15625,7.812,0.0,306.0,40.625,41.40625,6.675,1.9295669970654687
265,50.78125,35.15625,1.6737805552720613,-1.766,-0.045,7.222,219,46.875,28.90625,7.37,-2.129395642138459,307,46.875,41.40625,7.37,2.129395642138459,254.0,57.8125,34.375,7.074,-0.11065722117389565,220.0,53.90625,28.90625,6.987,-1.1071487177940904,300.0,54.6875,40.625,6.72,0.9505468408120752,264.0,42.96875,35.15625,7.812,3.141592653589793
266,100.78125,35.15625,1.6390513195823475,-1.775,-0.043,7.071,256,93.75,34.375,7.074,-3.0309354324158977,221,103.90625,28.90625,6.987,-1.1071487177940904,225.0,96.875,29.6875,6.72,-2.191045812777718,303.0,104.6875,40.625,6.72,0.9505468408120752,302.0,97.65625,40.625,6.298,2.0899424410414196,257.0,109.375,34.375,8.629,-0.09065988720074511
267,192.96875,35.15625,1.6636833938695668,1.574,0.001,7.184,311,196.875,41.40625,7.37,1.0121970114513341,310,189.0625,41.40625,7.37,2.129395642138459,273.0,200.0,35.9375,7.074,0.11065722117389565,229.0,189.0625,29.6875,6.72,-2.191045812777718,230.0,196.875,29.6875,6.72,-0.9505468408120752,272.0,185.15625,35.9375,7.851,3.0419240010986313
268,249.21875,35.15625,1.6652601566408032,-2.885,-0.444,7.121,321,247.65625,42.1875,7.202,1.7894652726688385,241,242.96875,31.25,7.37,-2.5829933382462307,242.0,255.46875,31.25,7.37,-0.5585993153435624,214.0,250.0,28.125,7.074,-1.460139105621001,286.0,242.96875,38.28125,6.987,2.677945044588987,293.0,254.6875,39.0625,6.72,0.6202494859828215
269,280.46875,35.15625,1.6692605247004333,2.82,-0.316,7.054,216,282.03125,28.125,7.202,-1.3521273809209546,238,275.0,30.46875,7.202,-2.432966381462123,322.0,278.90625,42.1875,7.202,1.7894652726688385,285.0,273.4375,37.5,7.411,2.819842099193151,250.0,286.71875,32.8125,6.675,-0.35877067027057225,299.0,285.15625,39.84375,6.629,0.7853981633974483
270,116.40625,35.9375,1.6794400566341317,-0.027,0.234,7.272,239,121.875,31.25,7.202,-0.7086262721276703,257,109.375,34.375,7.202,-2.922923707715851,308.0,111.71875,41.40625,7.202,2.279422598922567,222.0,115.625,28.90625,7.074,-1.6814535479687922,315.0,119.53125,42.1875,6.987,1.1071487177940904,282.0,124.21875,37.5,7.967,0.19739555984988075
271,160.15625,35.9375,1.68647769013464,2.695,-0.24,7.11,240,154.6875,31.25,7.202,-2.432966381462123,259,167.1875,34.375,7.202,-0.21866894587394195,284.0,153.125,37.5,7.202,2.922923707715851,309.0,164.84375,41.40625,7.202,0.8621700546672264,323.0,157.8125,42.96875,7.411,1.892546881191539,227.0,161.71875,29.6875,6.442,-1.3258176636680326
272,185.15625,35.9375,1.6592273658645686,0.273,-0.08,7.177,228,181.25,29.6875,7.37,-2.129395642138459,229,189.0625,29.6875,7.37,-1.0121970114513341,280.0,178.125,36.71875,7.074,3.0309354324158977,310.0,189.0625,41.40625,6.72,0.9505468408120752,316.0,182.8125,42.1875,6.675,1.9295669970654687,267.0,192.96875,35.15625,7.851,-0.09966865249116202
273,200.0,35.9375,1.6663935897503295,-1.154,0.043,6.958,231,203.90625,29.6875,7.37,-1.0121970114513341,267,192.96875,35.15625,7.074,-3.0309354324158977,274.0,207.03125,35.9375,7.031,0.0,230.0,196.875,29.6875,6.987,-2.0344439357957027,317.0,203.125,42.1875,6.987,1.1071487177940904,311.0,196.875,41.40625,6.298,2.0899424410414196
274,207.03125,35.9375,1.7062105300524733,1.107,0.031,7.129,232,210.9375,29.6875,7.37,-1.0121970114513341,317,203.125,42.1875,7.37,2.129395642138459,275.0,214.0625,35.9375,7.031,0.0,273.0,200.0,35.9375,7.031,3.141592653589793,231.0,203.90625,29.6875,6.987,-2.0344439357957027,318.0,210.15625,42.1875,6.987,1.1071487177940904
275,214.0625,35.9375,1.7126963033656049,0.589,0.041,7.021,318,210.15625,42.1875,7.37,2.129395642138459,276,221.09375,35.9375,7.031,0.0,274.0,207.03125,35.9375,7.031,3.141592653589793,232.0,210.9375,29.6875,6.987,-2.0344439357957027,319.0,217.1875,42.1875,6.987,1.1071487177940904,235.0,217.96875,30.46875,6.72,-0.9505468408120752
276,221.09375,35.9375,1.655066918514961,1.587,0.049,7.043,319,217.1875,42.1875,7.37,2.129395642138459,275,214.0625,35.9375,7.031,3.141592653589793,320.0,224.21875,42.1875,6.987,1.1071487177940904,236.0,225.0,30.46875,6.72,-0.9505468408120752,281.0,228.90625,36.71875,7.851,0.09966865249116202,235.0,217.96875,30.46875,6.298,-2.0899424410414196
277,260.9375,35.9375,1.6373848420111958,-0.095,-0.399,7.274,242,255.46875,31.25,7.202,-2.432966381462123,325,260.15625,42.96875,7.074,1.6814535479687922,293.0,254.6875,39.0625,6.987,2.677945044588987,249.0,267.96875,32.8125,7.694,-0.4182243295792291,298.0,266.40625,39.84375,6.72,0.6202494859828215,215.0,262.5,28.125,7.967,-1.373400766945016
278,299.21875,35.9375,1.6476814734397052,-2.967,0.392,6.789,243,293.75,31.25,7.202,-2.432966381462123,326,299.21875,42.96875,7.031,1.5707963267948966,287.0,292.96875,38.28125,6.675,2.782821983319221,233.0,299.21875,29.6875,6.25,-1.5707963267948966,,,,,,,,,,
279,35.9375,36.71875,1.6509647901099258,-1.716,-0.049,7.512,264,42.96875,35.15625,7.202,-0.21866894587394195,263,28.90625,35.15625,7.202,-2.922923707715851,224.0,39.0625,29.6875,7.694,-1.1525719972156676,306.0,40.625,41.40625,6.629,0.7853981633974483,223.0,32.03125,29.6875,8.043,-2.0778948311872334,314.0,29.6875,42.1875,8.304,2.4227626539681686
280,178.125,36.71875,1.6132984556146264,0.974,-0.191,7.15,316,182.8125,42.1875,7.202,0.8621700546672264,272,185.15625,35.9375,7.074,-0.11065722117389565,228.0,181.25,29.6875,7.694,-1.1525719972156676,292.0,171.875,39.0625,6.675,2.782821983319221,330.0,175.78125,44.53125,8.156,1.8622531212727638,246.0,174.21875,32.03125,6.101,-2.2655346029916
281,228.90625,36.71875,1.6437867904075092,2.594,0.126,7.316,320,224.21875,42.1875,7.202,2.279422598922567,236,225.0,30.46875,7.37,-2.129395642138459,237.0,232.03125,30.46875,6.987,-1.1071487177940904,276.0,221.09375,35.9375,7.851,-3.0419240010986313,305.0,235.9375,40.625,8.043,0.507098504392337,324.0,230.46875,42.96875,6.442,1.3258176636680326
282,124.21875,37.5,1.6547002320306958,-1.473,0.179,7.194,239,121.875,31.25,6.675,-1.9295669970654687,327,126.5625,43.75,6.675,1.2120256565243244,315.0,119.53125,42.1875,6.629,2.356194490192345,247.0,128.90625,32.8125,6.629,-0.7853981633974483,270.0,116.40625,35.9375,7.967,-2.9441970937399127,283.0,132.8125,37.5,8.593,0.0
283,132.8125,37.5,1.5046706475915903,-0.847,-0.328,7.554,328,133.59375,44.53125,7.074,1.460139105621001,304,139.0625,40.625,6.987,0.4636476090008061,226.0,135.15625,29.6875,8.156,-1.2793395323170296,247.0,128.90625,32.8125,6.101,-2.2655346029916,258.0,140.625,34.375,8.414,-0.3805063771123649,282.0,124.21875,37.5,8.593,3.141592653589793
284,153.125,37.5,1.6582147522615758,2.056,-0.245,6.98,291,146.09375,39.0625,7.202,2.922923707715851,271,160.15625,35.9375,7.202,-0.21866894587394195,329.0,151.5625,44.53125,7.202,1.7894652726688385,323.0,157.8125,42.96875,7.202,0.8621700546672264,248.0,148.4375,32.8125,6.629,-2.356194490192345,240.0,154.6875,31.25,6.442,-1.3258176636680326
285,273.4375,37.5,1.6805330294126923,1.951,-0.322,7.272,238,275.0,30.46875,7.202,-1.3521273809209546,249,267.96875,32.8125,7.202,-2.432966381462123,331.0,271.875,44.53125,7.202,1.7894652726688385,322.0,278.90625,42.1875,7.202,0.7086262721276703,298.0,266.40625,39.84375,7.411,2.819842099193151,269.0,280.46875,35.15625,7.411,-0.3217505543966422
286,242.96875,38.28125,1.6324913401474617,-3.016,-0.409,7.017,334,241.40625,45.3125,7.202,1.7894652726688385,260,236.71875,34.375,7.37,-2.5829933382462307,305.0,235.9375,40.625,7.411,2.819842099193151,241.0,242.96875,31.25,7.031,-1.5707963267948966,268.0,249.21875,35.15625,6.987,-0.4636476090008061,321.0,247.65625,42.1875,6.101,0.6947382761967031
287,292.96875,38.28125,1.644606478817655,-2.291,-0.314,7.418,243,293.75,31.25,7.074,-1.460139105621001,326,299.21875,42.96875,7.812,0.6435011087932844,332.0,290.625,44.53125,6.675,1.9295669970654687,278.0,299.21875,35.9375,6.675,-0.35877067027057225,299.0,285.15625,39.84375,7.967,2.9441970937399127,250.0,286.71875,32.8125,8.304,-2.4227626539681686
288,0.0,39.0625,1.6521644911546156,-0.051,-0.299,6.77,244,0.0,32.03125,7.031,-1.5707963267948966,335,0.0,46.09375,7.031,1.5707963267948966,261.0,5.46875,35.15625,6.72,-0.6202494859828215,312.0,5.46875,42.1875,6.298,0.5191461142465229,,,,,,,,,,
289,11.71875,39.0625,1.7074803023169167,-1.571,-0.524,7.129,261,5.46875,35.15625,7.37,-2.5829933382462307,262,17.96875,35.15625,7.37,-0.5585993153435624,245.0,11.71875,32.03125,7.031,-1.5707963267948966,336.0,11.71875,46.09375,7.031,1.5707963267948966,312.0,5.46875,42.1875,6.987,2.677945044588987,313.0,17.96875,42.1875,6.987,0.4636476090008061
290,23.4375,39.0625,1.650144235989427,-1.074,-0.518,7.064,337,23.4375,46.09375,7.031,1.5707963267948966,314,29.6875,42.1875,6.987,0.4636476090008061,262.0,17.96875,35.15625,6.72,-2.5213431676069717,263.0,28.90625,35.15625,6.72,-0.6202494859828215,313.0,17.96875,42.1875,6.298,2.62244653934327,234.0,24.21875,30.46875,8.629,-1.4801364395941514
291,146.09375,39.0625,1.6555673547983802,0.543,-0.268,7.181,258,140.625,34.375,7.202,-2.432966381462123,284,153.125,37.5,7.202,-0.21866894587394195,304.0,139.0625,40.625,7.202,2.922923707715851,344.0,145.3125,46.09375,7.074,1.6814535479687922,329.0,151.5625,44.53125,7.733,0.7853981633974483,248.0,148.4375,32.8125,6.675,-1.2120256565243244
292,171.875,39.0625,1.686588788564214,2.662,-0.242,7.043,246,174.21875,32.03125,7.411,-1.2490457723982544,309,164.84375,41.40625,7.411,2.819842099193151,345.0,169.53125,46.09375,7.411,1.892546881191539,330.0,175.78125,44.53125,6.72,0.9505468408120752,280.0,178.125,36.71875,6.675,-0.35877067027057225,259.0,167.1875,34.375,6.629,-2.356194490192345
293,254.6875,39.0625,1.681776567584899,-2.729,-0.412,7.196,346,253.125,46.09375,7.202,1.7894652726688385,277,260.9375,35.9375,6.987,-0.4636476090008061,321.0,247.65625,42.1875,7.694,2.723368324010564,268.0,249.21875,35.15625,6.72,-2.5213431676069717,325.0,260.15625,42.96875,6.72,0.6202494859828215,242.0,255.46875,31.25,7.851,-1.4711276743037347
294,68.75,39.84375,1.701074694116571,1.758,-0.029,7.028,251,72.65625,33.59375,7.37,-1.0121970114513341,301,61.71875,40.625,7.074,3.0309354324158977,295.0,75.78125,39.84375,7.031,0.0,339.0,65.625,46.09375,6.987,2.0344439357957027,340.0,71.875,46.09375,6.987,1.1071487177940904,255.0,64.84375,34.375,6.72,-2.191045812777718
295,75.78125,39.84375,1.7125593146618387,1.107,0.031,7.129,252,79.6875,33.59375,7.37,-1.0121970114513341,340,71.875,46.09375,7.37,2.129395642138459,296.0,82.8125,39.84375,7.031,0.0,294.0,68.75,39.84375,7.031,3.141592653589793,251.0,72.65625,33.59375,6.987,-2.0344439357957027,341.0,78.90625,46.09375,6.987,1.1071487177940904
296,82.8125,39.84375,1.710350899725586,1.107,0.031,7.129,253,86.71875,33.59375,7.37,-1.0121970114513341,341,78.90625,46.09375,7.37,2.129395642138459,297.0,89.84375,39.84375,7.031,0.0,295.0,75.78125,39.84375,7.031,3.141592653589793,252.0,79.6875,33.59375,6.987,-2.0344439357957027,342.0,85.9375,46.09375,6.987,1.1071487177940904
297,89.84375,39.84375,1.663492262404137,0.594,0.042,7.221,343,93.75,46.09375,7.37,1.0121970114513341,342,85.9375,46.09375,7.37,2.129395642138459,296.0,82.8125,39.84375,7.031,3.141592653589793,253.0,86.71875,33.59375,6.987,-2.0344439357957027,256.0,93.75,34.375,6.72,-0.9505468408120752,302.0,97.65625,40.625,7.851,0.09966865249116202
298,266.40625,39.84375,1.699650363274904,1.117,-0.378,7.099,249,267.96875,32.8125,7.202,-1.3521273809209546,331,271.875,44.53125,7.202,0.7086262721276703,285.0,273.4375,37.5,7.411,-0.3217505543966422,352.0,265.625,46.875,7.074,1.6814535479687922,325.0,260.15625,42.96875,6.987,2.677945044588987,277.0,260.9375,35.9375,6.72,-2.5213431676069717
299,285.15625,39.84375,1.6582159428062708,0.797,-0.296,7.146,250,286.71875,32.8125,7.202,-1.3521273809209546,332,290.625,44.53125,7.202,0.7086262721276703,353.0,283.59375,46.875,7.202,1.7894652726688385,322.0,278.90625,42.1875,6.675,2.782821983319221,269.0,280.46875,35.15625,6.629,-2.356194490192345,287.0,292.96875,38.28125,7.967,-0.19739555984988075
300,54.6875,40.625,1.6746296443555375,2.543,-0.054,7.113,347,50.78125,46.875,7.37,2.129395642138459,301,61.71875,40.625,7.031,0.0,254.0,57.8125,34.375,6.987,-1.1071487177940904,265.0,50.78125,35.15625,6.72,-2.191045812777718,338.0,58.59375,46.09375,6.72,0.9505468408120752,307.0,46.875,41.40625,7.851,3.0419240010986313
301,61.71875,40.625,1.6642754246566103,-1.594,-0.052,6.913,254,57.8125,34.375,7.37,-2.129395642138459,294,68.75,39.84375,7.074,-0.11065722117389565,300.0,54.6875,40.625,7.031,3.141592653589793,255.0,64.84375,34.375,6.987,-1.1071487177940904,339.0,65.625,46.09375,6.72,0.9505468408120752,338.0,58.59375,46.09375,6.298,2.0899424410414196
302,97.65625,40.625,1.6586203689686296,-2.558,0.036,7.043,256,93.75,34.375,7.37,-2.129395642138459,303,104.6875,40.625,7.031,0.0,348.0,100.78125,46.875,6.987,1.1071487177940904,343.0,93.75,46.09375,6.72,2.191045812777718,297.0,89.84375,39.84375,7.851,-3.0419240010986313,266.0,100.78125,35.15625,6.298,-1.0516502125483738
303,104.6875,40.625,1.6981343018011412,1.856,0.039,7.166,348,100.78125,46.875,7.37,2.129395642138459,308,111.71875,41.40625,7.074,0.11065722117389565,302.0,97.65625,40.625,7.031,3.141592653589793,349.0,107.8125,46.875,6.987,1.1071487177940904,266.0,100.78125,35.15625,6.72,-2.191045812777718,257.0,109.375,34.375,7.812,-0.9272952180016122
304,139.0625,40.625,1.6772559246089191,1.16,-0.427,6.984,291,146.09375,39.0625,7.202,-0.21866894587394195,283,132.8125,37.5,6.987,-2.677945044588987,328.0,133.59375,44.53125,6.72,2.5213431676069717,258.0,140.625,34.375,6.442,-1.3258176636680326,350.0,139.0625,46.875,6.25,1.5707963267948966,344.0,145.3125,46.09375,8.304,0.7188299996216245
305,235.9375,40.625,1.6239056078442495,1.856,-0.402,6.996,334,241.40625,45.3125,7.202,0.7086262721276703,286,242.96875,38.28125,7.411,-0.3217505543966422,358.0,235.15625,47.65625,7.074,1.6814535479687922,281.0,228.90625,36.71875,8.043,-2.6344941491974563,260.0,236.71875,34.375,6.298,-1.446441332248135,324.0,230.46875,42.96875,5.949,2.7367008673047097
306,40.625,41.40625,1.6681241948260646,-0.284,-0.004,6.571,359,42.1875,48.4375,7.202,1.3521273809209546,264,42.96875,35.15625,6.675,-1.2120256565243244,279.0,35.9375,36.71875,6.629,-2.356194490192345,307.0,46.875,41.40625,6.25,0.0,333.0,35.9375,45.3125,6.101,2.44685437739309,,,,,
307,46.875,41.40625,1.615960693128517,-1.428,-0.022,7.335,264,42.96875,35.15625,7.37,-2.129395642138459,265,50.78125,35.15625,7.37,-1.0121970114513341,347.0,50.78125,46.875,6.72,0.9505468408120752,300.0,54.6875,40.625,7.851,-0.09966865249116202,306.0,40.625,41.40625,6.25,3.141592653589793,359.0,42.1875,48.4375,8.45,2.158798930342464
308,111.71875,41.40625,1.6335201930191479,-0.054,0.125,7.208,270,116.40625,35.9375,7.202,-0.8621700546672264,257,109.375,34.375,7.411,-1.892546881191539,303.0,104.6875,40.625,7.074,-3.0309354324158977,354.0,114.84375,47.65625,6.987,1.1071487177940904,349.0,107.8125,46.875,6.72,2.191045812777718,315.0,119.53125,42.1875,7.851,0.09966865249116202
309,164.84375,41.40625,1.6911266419805926,-1.383,-0.232,7.211,271,160.15625,35.9375,7.202,-2.279422598922567,323,157.8125,42.96875,7.202,2.922923707715851,259.0,167.1875,34.375,7.411,-1.2490457723982544,292.0,171.875,39.0625,7.411,-0.3217505543966422,360.0,162.5,48.4375,7.411,1.892546881191539,345.0,169.53125,46.09375,6.629,0.7853981633974483
310,189.0625,41.40625,1.6764259425284802,0.849,-0.076,6.932,267,192.96875,35.15625,7.37,-1.0121970114513341,272,185.15625,35.9375,6.72,-2.191045812777718,351.0,192.96875,46.875,6.72,0.9505468408120752,311.0,196.875,41.40625,7.812,0.0,355.0,186.71875,47.65625,6.675,1.9295669970654687,316.0,182.8125,42.1875,6.298,3.017237659043032
311,196.875,41.40625,1.63515777572954,2.634,0.062,6.985,267,192.96875,35.15625,7.37,-2.129395642138459,361,199.21875,48.4375,7.411,1.2490457723982544,351.0,192.96875,46.875,6.72,2.191045812777718,310.0,189.0625,41.40625,7.812,3.141592653589793,317.0,203.125,42.1875,6.298,0.12435499454676144,273.0,200.0,35.9375,6.298,-1.0516502125483738
312,5.46875,42.1875,1.669296977601623,1.225,0.523,6.906,336,11.71875,46.09375,7.37,0.5585993153435624,261,5.46875,35.15625,7.031,-1.5707963267948966,364.0,5.46875,49.21875,7.031,1.5707963267948966,289.0,11.71875,39.0625,6.987,-0.4636476090008061,335.0,0.0,46.09375,6.72,2.5213431676069717,288.0,0.0,39.0625,6.298,-2.62244653934327
313,17.96875,42.1875,1.6781230375933327,1.916,-0.524,6.906,336,11.71875,46.09375,7.37,2.5829933382462307,262,17.96875,35.15625,7.031,-1.5707963267948966,365.0,17.96875,49.21875,7.031,1.5707963267948966,289.0,11.71875,39.0625,6.987,-2.677945044588987,337.0,23.4375,46.09375,6.72,0.6202494859828215,290.0,23.4375,39.0625,6.298,-0.5191461142465229
314,29.6875,42.1875,1.680154925591968,-2.606,0.448,7.292,337,23.4375,46.09375,7.37,2.5829933382462307,263,28.90625,35.15625,7.074,-1.6814535479687922,366.0,29.6875,49.21875,7.031,1.5707963267948966,290.0,23.4375,39.0625,6.987,-2.677945044588987,333.0,35.9375,45.3125,6.987,0.4636476090008061,279.0,35.9375,36.71875,8.304,-0.7188299996216245
315,119.53125,42.1875,1.6587984354912912,1.966,0.172,7.214,327,126.5625,43.75,7.202,0.21866894587394195,354,114.84375,47.65625,7.202,2.279422598922567,367.0,121.875,49.21875,7.411,1.2490457723982544,270.0,116.40625,35.9375,6.987,-2.0344439357957027,308.0,111.71875,41.40625,7.851,-3.0419240010986313,282.0,124.21875,37.5,6.629,-0.7853981633974483
316,182.8125,42.1875,1.656649738630257,1.43,-0.186,7.077,280,178.125,36.71875,7.202,-2.279422598922567,330,175.78125,44.53125,7.411,2.819842099193151,355.0,186.71875,47.65625,6.72,0.9505468408120752,272.0,185.15625,35.9375,6.675,-1.2120256565243244,372.0,180.46875,50.0,8.156,1.8622531212727638,310.0,189.0625,41.40625,6.298,-0.12435499454676144
317,203.125,42.1875,1.639099032612223,-1.211,0.042,6.892,274,207.03125,35.9375,7.37,-1.0121970114513341,361,199.21875,48.4375,7.37,2.129395642138459,318.0,210.15625,42.1875,7.031,0.0,273.0,200.0,35.9375,6.987,-2.0344439357957027,311.0,196.875,41.40625,6.298,-3.017237659043032,356.0,206.25,47.65625,6.298,1.0516502125483738
318,210.15625,42.1875,1.6667788713602532,-0.947,0.016,6.976,275,214.0625,35.9375,7.37,-1.0121970114513341,317,203.125,42.1875,7.031,3.141592653589793,319.0,217.1875,42.1875,7.031,0.0,274.0,207.03125,35.9375,6.987,-2.0344439357957027,356.0,206.25,47.65625,6.72,2.191045812777718,357.0,214.0625,47.65625,6.72,0.9505468408120752
319,217.1875,42.1875,1.7046328554049075,0.538,0.025,6.951,276,221.09375,35.9375,7.37,-1.0121970114513341,318,210.15625,42.1875,7.031,3.141592653589793,320.0,224.21875,42.1875,7.031,0.0,275.0,214.0625,35.9375,6.987,-2.0344439357957027,362.0,220.3125,48.4375,6.987,1.1071487177940904,357.0,214.0625,47.65625,6.298,2.0899424410414196
320,224.21875,42.1875,1.6921319178581504,1.082,0.076,6.979,281,228.90625,36.71875,7.202,-0.8621700546672264,362,220.3125,48.4375,7.37,2.129395642138459,319.0,217.1875,42.1875,7.031,3.141592653589793,276.0,221.09375,35.9375,6.987,-2.0344439357957027,363.0,227.34375,48.4375,6.987,1.1071487177940904,324.0,230.46875,42.96875,6.298,0.12435499454676144
321,247.65625,42.1875,1.6451227626821654,-0.002,-0.398,6.963,268,249.21875,35.15625,7.202,-1.3521273809209546,368,246.875,49.21875,7.074,1.6814535479687922,334.0,241.40625,45.3125,6.987,2.677945044588987,293.0,254.6875,39.0625,7.694,-0.4182243295792291,346.0,253.125,46.09375,6.72,0.6202494859828215,286.0,242.96875,38.28125,6.101,-2.44685437739309
322,278.90625,42.1875,1.6566990935484605,2.82,-0.316,7.054,269,280.46875,35.15625,7.202,-1.3521273809209546,285,273.4375,37.5,7.202,-2.432966381462123,369.0,277.34375,49.21875,7.202,1.7894652726688385,331.0,271.875,44.53125,7.411,2.819842099193151,299.0,285.15625,39.84375,6.675,-0.35877067027057225,353.0,283.59375,46.875,6.629,0.7853981633974483
323,157.8125,42.96875,1.6820274549697527,0.466,-0.223,7.11,284,153.125,37.5,7.202,-2.279422598922567,309,164.84375,41.40625,7.202,-0.21866894587394195,371.0,156.25,50.0,7.202,1.7894652726688385,360.0,162.5,48.4375,7.202,0.8621700546672264,271.0,160.15625,35.9375,7.411,-1.2490457723982544,329.0,151.5625,44.53125,6.442,2.896613990462929
324,230.46875,42.96875,1.621284049911269,2.446,-0.002,6.323,358,235.15625,47.65625,6.629,0.7853981633974483,281,228.90625,36.71875,6.442,-1.8157749899217608,320.0,224.21875,42.1875,6.298,-3.017237659043032,363.0,227.34375,48.4375,6.298,2.0899424410414196,305.0,235.9375,40.625,5.949,-0.40489178628508343,,,,,
325,260.15625,42.96875,1.7041082137652825,-2.705,-0.41,7.066,373,258.59375,50.0,7.202,1.7894652726688385,277,260.9375,35.9375,7.074,-1.460139105621001,298.0,266.40625,39.84375,6.987,-0.4636476090008061,346.0,253.125,46.09375,7.694,2.723368324010564,293.0,254.6875,39.0625,6.72,-2.5213431676069717,352.0,265.625,46.875,6.72,0.6202494859828215
326,299.21875,42.96875,1.4853065769921463,-2.625,0.307,7.512,278,299.21875,35.9375,7.031,-1.5707963267948966,374,296.09375,50.0,7.694,1.9890206563741257,287.0,292.96875,38.28125,7.812,-2.498091544796509,,,,,,,,,,,,,,,
327,126.5625,43.75,1.6754760955260317,2.34,0.202,6.966,315,119.53125,42.1875,7.202,-2.922923707715851,367,121.875,49.21875,7.202,2.279422598922567,328.0,133.59375,44.53125,7.074,0.11065722117389565,282.0,124.21875,37.5,6.675,-1.9295669970654687,370.0,128.90625,50.0,6.675,1.2120256565243244,,,,,
328,133.59375,44.53125,1.6656181401568193,0.955,0.292,6.905,370,128.90625,50.0,7.202,2.279422598922567,375,135.9375,51.5625,7.411,1.2490457723982544,283.0,132.8125,37.5,7.074,-1.6814535479687922,327.0,126.5625,43.75,7.074,-3.0309354324158977,304.0,139.0625,40.625,6.72,-0.6202494859828215,350.0,139.0625,46.875,5.949,0.40489178628508343
329,151.5625,44.53125,1.7048459429075877,2.984,-0.241,7.072,284,153.125,37.5,7.202,-1.3521273809209546,371,156.25,50.0,7.202,0.8621700546672264,376.0,149.21875,51.5625,7.411,1.892546881191539,291.0,146.09375,39.0625,7.733,-2.356194490192345,344.0,145.3125,46.09375,6.442,2.896613990462929,323.0,157.8125,42.96875,6.442,-0.24497866312686414
330,175.78125,44.53125,1.6730492628617175,-0.748,-0.233,7.189,377,174.21875,51.5625,7.202,1.7894652726688385,372,180.46875,50.0,7.202,0.8621700546672264,316.0,182.8125,42.1875,7.411,-0.3217505543966422,292.0,171.875,39.0625,6.72,-2.191045812777718,345.0,169.53125,46.09375,6.442,2.896613990462929,280.0,178.125,36.71875,8.156,-1.2793395323170296
331,271.875,44.53125,1.7107712784177205,1.23,-0.328,7.149,285,273.4375,37.5,7.202,-1.3521273809209546,298,266.40625,39.84375,7.202,-2.432966381462123,378.0,270.3125,51.5625,7.202,1.7894652726688385,369.0,277.34375,49.21875,7.202,0.7086262721276703,322.0,278.90625,42.1875,7.411,-0.3217505543966422,352.0,265.625,46.875,6.675,2.782821983319221
332,290.625,44.53125,1.6315241731882957,2.697,-0.336,7.245,299,285.15625,39.84375,7.202,-2.432966381462123,379,289.0625,51.5625,7.202,1.7894652726688385,353.0,283.59375,46.875,7.411,2.819842099193151,374.0,296.09375,50.0,7.733,0.7853981633974483,287.0,292.96875,38.28125,6.675,-1.2120256565243244,,,,,
333,35.9375,45.3125,1.6421400345201036,-2.198,0.47,7.178,366,29.6875,49.21875,7.37,2.5829933382462307,380,35.9375,52.34375,7.031,1.5707963267948966,359.0,42.1875,48.4375,6.987,0.4636476090008061,314.0,29.6875,42.1875,6.987,-2.677945044588987,306.0,40.625,41.40625,6.101,-0.6947382761967031,279.0,35.9375,36.71875,8.593,-1.5707963267948966
334,241.40625,45.3125,1.6947947209371101,-1.496,-0.366,6.998,286,242.96875,38.28125,7.202,-1.3521273809209546,305,235.9375,40.625,7.202,-2.432966381462123,389.0,239.84375,52.34375,7.202,1.7894652726688385,321.0,247.65625,42.1875,6.987,-0.4636476090008061,368.0,246.875,49.21875,6.72,0.6202494859828215,358.0,235.15625,47.65625,6.675,2.782821983319221
335,0.0,46.09375,1.6564959930177687,-0.051,-0.299,6.77,288,0.0,39.0625,7.031,-1.5707963267948966,390,0.0,53.125,7.031,1.5707963267948966,312.0,5.46875,42.1875,6.72,-0.6202494859828215,364.0,5.46875,49.21875,6.298,0.5191461142465229,,,,,,,,,,
336,11.71875,46.09375,1.7142755852155285,-1.571,-0.524,7.129,312,5.46875,42.1875,7.37,-2.5829933382462307,313,17.96875,42.1875,7.37,-0.5585993153435624,289.0,11.71875,39.0625,7.031,-1.5707963267948966,391.0,11.71875,53.125,7.031,1.5707963267948966,364.0,5.46875,49.21875,6.987,2.677945044588987,365.0,17.96875,49.21875,6.987,0.4636476090008061
337,23.4375,46.09375,1.6497645390670996,-1.226,-0.524,6.906,314,29.6875,42.1875,7.37,-0.5585993153435624,290,23.4375,39.0625,7.031,-1.5707963267948966,392.0,23.4375,53.125,7.031,1.5707963267948966,366.0,29.6875,49.21875,6.987,0.4636476090008061,313.0,17.96875,42.1875,6.72,-2.5213431676069717,365.0,17.96875,49.21875,6.298,2.62244653934327
338,58.59375,46.09375,1.6440625384558332,2.365,-0.018,7.043,381,54.6875,52.34375,7.37,2.129395642138459,339,65.625,46.09375,7.031,0.0,382.0,61.71875,52.34375,6.987,1.1071487177940904,300.0,54.6875,40.625,6.72,-2.191045812777718,347.0,50.78125,46.875,7.851,3.0419240010986313,301.0,61.71875,40.625,6.298,-1.0516502125483738
339,65.625,46.09375,1.6546571771661738,2.984,-0.01,6.891,382,61.71875,52.34375,7.37,2.129395642138459,338,58.59375,46.09375,7.031,3.141592653589793,383.0,68.75,52.34375,6.987,1.1071487177940904,294.0,68.75,39.84375,6.987,-1.1071487177940904,301.0,61.71875,40.625,6.72,-2.191045812777718,340.0,71.875,46.09375,6.25,0.0
340,71.875,46.09375,1.6662334810308483,0.0,-0.001,6.999,295,75.78125,39.84375,7.37,-1.0121970114513341,384,75.78125,52.34375,7.37,1.0121970114513341,341.0,78.90625,46.09375,7.031,0.0,294.0,68.75,39.84375,6.987,-2.0344439357957027,383.0,68.75,52.34375,6.987,2.0344439357957027,339.0,65.625,46.09375,6.25,3.141592653589793
341,78.90625,46.09375,1.6775262994087123,0.0,-0.001,7.129,296,82.8125,39.84375,7.37,-1.0121970114513341,385,82.8125,52.34375,7.37,1.0121970114513341,342.0,85.9375,46.09375,7.031,0.0,340.0,71.875,46.09375,7.031,3.141592653589793,295.0,75.78125,39.84375,6.987,-2.0344439357957027,384.0,75.78125,52.34375,6.987,2.0344439357957027
342,85.9375,46.09375,1.6789072641576996,0.0,-0.001,7.259,297,89.84375,39.84375,7.37,-1.0121970114513341,386,89.84375,52.34375,7.37,1.0121970114513341,341.0,78.90625,46.09375,7.031,3.141592653589793,296.0,82.8125,39.84375,6.987,-2.0344439357957027,385.0,82.8125,52.34375,6.987,2.0344439357957027,343.0,93.75,46.09375,7.812,0.0
343,93.75,46.09375,1.658368086502972,1.765,0.044,7.222,297,89.84375,39.84375,7.37,-2.129395642138459,386,89.84375,52.34375,7.37,2.129395642138459,348.0,100.78125,46.875,7.074,0.11065722117389565,387.0,96.875,52.34375,6.987,1.1071487177940904,302.0,97.65625,40.625,6.72,-0.9505468408120752,342.0,85.9375,46.09375,7.812,3.141592653589793
344,145.3125,46.09375,1.5899920130071612,-3.094,-0.225,6.919,291,146.09375,39.0625,7.074,-1.460139105621001,376,149.21875,51.5625,6.72,0.9505468408120752,388.0,142.96875,52.34375,6.675,1.9295669970654687,329.0,151.5625,44.53125,6.442,-0.24497866312686414,350.0,139.0625,46.875,6.298,3.017237659043032,304.0,139.0625,40.625,8.304,-2.4227626539681686
345,169.53125,46.09375,1.683819830959954,1.841,-0.236,7.084,377,174.21875,51.5625,7.202,0.8621700546672264,292,171.875,39.0625,7.411,-1.2490457723982544,396.0,167.1875,53.125,7.411,1.892546881191539,360.0,162.5,48.4375,7.411,2.819842099193151,309.0,164.84375,41.40625,6.629,-2.356194490192345,330.0,175.78125,44.53125,6.442,-0.24497866312686414
346,253.125,46.09375,1.6583893635927536,0.436,-0.41,7.066,293,254.6875,39.0625,7.202,-1.3521273809209546,399,252.34375,53.125,7.074,1.6814535479687922,368.0,246.875,49.21875,6.987,2.677945044588987,325.0,260.15625,42.96875,7.694,-0.4182243295792291,321.0,247.65625,42.1875,6.72,-2.5213431676069717,373.0,258.59375,50.0,6.72,0.6202494859828215
347,50.78125,46.875,1.6867832214394851,-0.05,-0.078,7.13,300,54.6875,40.625,7.37,-1.0121970114513341,393,47.65625,53.125,6.987,2.0344439357957027,381.0,54.6875,52.34375,6.72,0.9505468408120752,307.0,46.875,41.40625,6.72,-2.191045812777718,338.0,58.59375,46.09375,7.851,-0.09966865249116202,,,,,
348,100.78125,46.875,1.6699736755184449,-1.874,0.06,7.028,303,104.6875,40.625,7.37,-1.0121970114513341,343,93.75,46.09375,7.074,-3.0309354324158977,349.0,107.8125,46.875,7.031,0.0,302.0,97.65625,40.625,6.987,-2.0344439357957027,394.0,103.90625,53.125,6.987,1.1071487177940904,387.0,96.875,52.34375,6.72,2.191045812777718
349,107.8125,46.875,1.7174478261353168,1.268,0.06,7.028,394,103.90625,53.125,7.37,2.129395642138459,354,114.84375,47.65625,7.074,0.11065722117389565,348.0,100.78125,46.875,7.031,3.141592653589793,303.0,104.6875,40.625,6.987,-2.0344439357957027,395.0,110.9375,53.125,6.987,1.1071487177940904,308.0,111.71875,41.40625,6.72,-0.9505468408120752
350,139.0625,46.875,1.4739159785128164,-0.823,-0.472,6.304,388,142.96875,52.34375,6.72,0.9505468408120752,344,145.3125,46.09375,6.298,-0.12435499454676144,304.0,139.0625,40.625,6.25,-1.5707963267948966,328.0,133.59375,44.53125,5.949,-2.7367008673047097,,,,,,,,,,
351,192.96875,46.875,1.5782080206697495,-2.31,-0.055,6.524,310,189.0625,41.40625,6.72,-2.191045812777718,311,196.875,41.40625,6.72,-0.9505468408120752,361.0,199.21875,48.4375,6.442,0.24497866312686414,397.0,191.40625,53.125,6.442,1.8157749899217608,355.0,186.71875,47.65625,6.298,3.017237659043032,,,,,
352,265.625,46.875,1.6304268234951187,2.362,-0.369,7.126,298,266.40625,39.84375,7.074,-1.460139105621001,373,258.59375,50.0,7.694,2.723368324010564,325.0,260.15625,42.96875,6.72,-2.5213431676069717,331.0,271.875,44.53125,6.675,-0.35877067027057225,378.0,270.3125,51.5625,6.629,0.7853981633974483,406.0,264.0625,54.6875,7.967,1.7681918866447774
353,283.59375,46.875,1.6377712450916742,-0.615,-0.311,6.927,299,285.15625,39.84375,7.202,-1.3521273809209546,379,289.0625,51.5625,7.202,0.7086262721276703,332.0,290.625,44.53125,7.411,-0.3217505543966422,369.0,277.34375,49.21875,6.675,2.782821983319221,322.0,278.90625,42.1875,6.629,-2.356194490192345,400.0,282.03125,53.125,6.442,1.8157749899217608
354,114.84375,47.65625,1.7097262355774463,1.511,0.128,7.147,315,119.53125,42.1875,7.202,-0.8621700546672264,367,121.875,49.21875,7.202,0.21866894587394195,349.0,107.8125,46.875,7.074,-3.0309354324158977,308.0,111.71875,41.40625,6.987,-2.0344439357957027,403.0,117.96875,54.6875,7.694,1.1525719972156676,395.0,110.9375,53.125,6.72,2.191045812777718
355,186.71875,47.65625,1.6629813368107014,0.685,-0.203,6.795,404,185.15625,54.6875,7.202,1.7894652726688385,397,191.40625,53.125,7.202,0.8621700546672264,316.0,182.8125,42.1875,6.72,-2.191045812777718,310.0,189.0625,41.40625,6.675,-1.2120256565243244,372.0,180.46875,50.0,6.675,2.782821983319221,351.0,192.96875,46.875,6.298,-0.12435499454676144
356,206.25,47.65625,1.7016040581343461,0.507,-0.047,6.883,361,199.21875,48.4375,7.074,3.0309354324158977,318,210.15625,42.1875,6.72,-0.9505468408120752,398.0,210.15625,53.125,6.72,0.9505468408120752,357.0,214.0625,47.65625,7.812,0.0,401.0,203.90625,53.90625,6.675,1.9295669970654687,317.0,203.125,42.1875,6.298,-2.0899424410414196
357,214.0625,47.65625,1.6222168006966404,2.636,0.057,7.001,318,210.15625,42.1875,6.72,-2.191045812777718,398,210.15625,53.125,6.72,2.191045812777718,356.0,206.25,47.65625,7.812,3.141592653589793,409.0,216.40625,55.46875,8.156,1.2793395323170296,362.0,220.3125,48.4375,6.298,0.12435499454676144,319.0,217.1875,42.1875,6.298,-1.0516502125483738
358,235.15625,47.65625,1.6967054157031307,-2.416,-0.246,6.974,305,235.9375,40.625,7.074,-1.460139105621001,402,232.03125,53.90625,6.987,2.0344439357957027,334.0,241.40625,45.3125,6.675,-0.35877067027057225,363.0,227.34375,48.4375,7.851,3.0419240010986313,324.0,230.46875,42.96875,6.629,-2.356194490192345,389.0,239.84375,52.34375,6.629,0.7853981633974483
359,42.1875,48.4375,1.5929243024675248,-3.036,0.494,7.51,306,40.625,41.40625,7.202,-1.7894652726688385,393,47.65625,53.125,7.202,0.7086262721276703,380.0,35.9375,52.34375,7.37,2.5829933382462307,333.0,35.9375,45.3125,6.987,-2.677945044588987,412.0,41.40625,56.25,7.851,1.6704649792860586,307.0,46.875,41.40625,8.45,-0.982793723247329
360,162.5,48.4375,1.6739724449594717,-1.301,-0.236,7.084,323,157.8125,42.96875,7.202,-2.279422598922567,309,164.84375,41.40625,7.411,-1.2490457723982544,345.0,169.53125,46.09375,7.411,-0.3217505543966422,408.0,160.15625,55.46875,7.411,1.892546881191539,396.0,167.1875,53.125,6.629,0.7853981633974483,371.0,156.25,50.0,6.442,2.896613990462929
361,199.21875,48.4375,1.6156472282796088,-1.003,0.046,7.1,401,203.90625,53.90625,7.202,0.8621700546672264,317,203.125,42.1875,7.37,-1.0121970114513341,311.0,196.875,41.40625,7.411,-1.892546881191539,356.0,206.25,47.65625,7.074,-0.11065722117389565,351.0,192.96875,46.875,6.442,-2.896613990462929,,,,,
362,220.3125,48.4375,1.6893845848683418,-0.82,0.027,7.183,320,224.21875,42.1875,7.37,-1.0121970114513341,405,224.21875,54.6875,7.37,1.0121970114513341,363.0,227.34375,48.4375,7.031,0.0,319.0,217.1875,42.1875,6.987,-2.0344439357957027,409.0,216.40625,55.46875,8.043,2.0778948311872334,357.0,214.0625,47.65625,6.298,-3.017237659043032
363,227.34375,48.4375,1.6876608543497276,-0.7,-0.047,7.059,402,232.03125,53.90625,7.202,0.8621700546672264,362,220.3125,48.4375,7.031,3.141592653589793,405.0,224.21875,54.6875,6.987,2.0344439357957027,320.0,224.21875,42.1875,6.987,-2.0344439357957027,358.0,235.15625,47.65625,7.851,-0.09966865249116202,324.0,230.46875,42.96875,6.298,-1.0516502125483738
364,5.46875,49.21875,1.65864512316096,1.225,0.523,7.036,391,11.71875,53.125,7.37,0.5585993153435624,312,5.46875,42.1875,7.031,-1.5707963267948966,336.0,11.71875,46.09375,6.987,-0.4636476090008061,390.0,0.0,53.125,6.72,2.5213431676069717,417.0,5.46875,57.03125,7.812,1.5707963267948966,335.0,0.0,46.09375,6.298,-2.62244653934327
365,17.96875,49.21875,1.6654268478752643,1.916,-0.524,6.906,391,11.71875,53.125,7.37,2.5829933382462307,313,17.96875,42.1875,7.031,-1.5707963267948966,410.0,17.96875,56.25,7.031,1.5707963267948966,336.0,11.71875,46.09375,6.987,-2.677945044588987,392.0,23.4375,53.125,6.72,0.6202494859828215,337.0,23.4375,46.09375,6.298,-0.5191461142465229
366,29.6875,49.21875,1.7153534902514864,-0.644,0.491,7.129,333,35.9375,45.3125,7.37,-0.5585993153435624,392,23.4375,53.125,7.37,2.5829933382462307,411.0,29.6875,56.25,7.031,1.5707963267948966,314.0,29.6875,42.1875,7.031,-1.5707963267948966,380.0,35.9375,52.34375,6.987,0.4636476090008061,337.0,23.4375,46.09375,6.987,-2.677945044588987
367,121.875,49.21875,1.6605876967570654,-0.454,0.145,7.099,327,126.5625,43.75,7.202,-0.8621700546672264,354,114.84375,47.65625,7.202,-2.922923707715851,315.0,119.53125,42.1875,7.411,-1.892546881191539,370.0,128.90625,50.0,7.074,0.11065722117389565,407.0,125.0,55.46875,6.987,1.1071487177940904,403.0,117.96875,54.6875,6.72,2.191045812777718
368,246.875,49.21875,1.6969607895550676,-2.705,-0.41,7.066,414,245.3125,56.25,7.202,1.7894652726688385,321,247.65625,42.1875,7.074,-1.460139105621001,346.0,253.125,46.09375,6.987,-0.4636476090008061,389.0,239.84375,52.34375,7.694,2.723368324010564,334.0,241.40625,45.3125,6.72,-2.5213431676069717,399.0,252.34375,53.125,6.72,0.6202494859828215
369,277.34375,49.21875,1.656460664060015,-1.646,-0.331,6.966,322,278.90625,42.1875,7.202,-1.3521273809209546,331,271.875,44.53125,7.202,-2.432966381462123,415.0,275.78125,56.25,7.202,1.7894652726688385,378.0,270.3125,51.5625,7.411,2.819842099193151,353.0,283.59375,46.875,6.675,-0.35877067027057225,400.0,282.03125,53.125,6.101,0.6947382761967031
370,128.90625,50.0,1.7106282546220783,0.677,0.139,6.977,328,133.59375,44.53125,7.202,-0.8621700546672264,375,135.9375,51.5625,7.202,0.21866894587394195,367.0,121.875,49.21875,7.074,-3.0309354324158977,413.0,132.03125,56.25,6.987,1.1071487177940904,407.0,125.0,55.46875,6.72,2.191045812777718,327.0,126.5625,43.75,6.675,-1.9295669970654687
371,156.25,50.0,1.6893919350817148,3.133,-0.21,7.03,323,157.8125,42.96875,7.202,-1.3521273809209546,329,151.5625,44.53125,7.202,-2.279422598922567,376.0,149.21875,51.5625,7.202,2.922923707715851,419.0,153.90625,57.03125,7.411,1.892546881191539,408.0,160.15625,55.46875,6.72,0.9505468408120752,360.0,162.5,48.4375,6.442,-0.24497866312686414
372,180.46875,50.0,1.683255760325866,-0.993,-0.265,7.051,330,175.78125,44.53125,7.202,-2.279422598922567,420,178.90625,57.03125,7.202,1.7894652726688385,355.0,186.71875,47.65625,6.675,-0.35877067027057225,404.0,185.15625,54.6875,6.629,0.7853981633974483,377.0,174.21875,51.5625,6.442,2.896613990462929,316.0,182.8125,42.1875,8.156,-1.2793395323170296
373,258.59375,50.0,1.6486820187253712,1.004,-0.397,7.276,325,260.15625,42.96875,7.202,-1.3521273809209546,406,264.0625,54.6875,7.202,0.7086262721276703,399.0,252.34375,53.125,6.987,2.677945044588987,352.0,265.625,46.875,7.694,-0.4182243295792291,346.0,253.125,46.09375,6.72,-2.5213431676069717,425.0,257.8125,57.8125,7.851,1.6704649792860586
374,296.09375,50.0,1.6712067856585622,-2.591,-0.209,7.404,379,289.0625,51.5625,7.202,2.922923707715851,416,299.21875,56.25,6.987,1.1071487177940904,326.0,299.21875,42.96875,7.694,-1.1525719972156676,332.0,290.625,44.53125,7.733,-2.356194490192345,,,,,,,,,,
375,135.9375,51.5625,1.5972804650229584,2.221,0.172,6.817,370,128.90625,50.0,7.202,-2.922923707715851,328,133.59375,44.53125,7.411,-1.892546881191539,388.0,142.96875,52.34375,7.074,0.11065722117389565,418.0,139.0625,57.03125,6.298,1.0516502125483738,413.0,132.03125,56.25,6.101,2.2655346029916,,,,,
376,149.21875,51.5625,1.6561403779039394,-1.938,-0.149,6.97,371,156.25,50.0,7.202,-0.21866894587394195,419,153.90625,57.03125,7.202,0.8621700546672264,329.0,151.5625,44.53125,7.411,-1.2490457723982544,424.0,146.09375,57.8125,6.987,2.0344439357957027,344.0,145.3125,46.09375,6.72,-2.191045812777718,388.0,142.96875,52.34375,6.298,3.017237659043032
377,174.21875,51.5625,1.6691064669436155,-2.675,-0.223,7.11,330,175.78125,44.53125,7.202,-1.3521273809209546,345,169.53125,46.09375,7.202,-2.279422598922567,396.0,167.1875,53.125,7.202,2.922923707715851,420.0,178.90625,57.03125,7.202,0.8621700546672264,433.0,171.875,58.59375,7.411,1.892546881191539,372.0,180.46875,50.0,6.442,-0.24497866312686414
378,270.3125,51.5625,1.6682832175422762,0.409,-0.35,7.084,331,271.875,44.53125,7.202,-1.3521273809209546,415,275.78125,56.25,7.202,0.7086262721276703,369.0,277.34375,49.21875,7.411,-0.3217505543966422,435.0,269.53125,58.59375,7.074,1.6814535479687922,406.0,264.0625,54.6875,6.987,2.677945044588987,352.0,265.625,46.875,6.629,-2.356194490192345
379,289.0625,51.5625,1.6555036039673758,-2.445,-0.327,7.05,332,290.625,44.53125,7.202,-1.3521273809209546,353,283.59375,46.875,7.202,-2.432966381462123,374.0,296.09375,50.0,7.202,-0.21866894587394195,400.0,282.03125,53.125,7.202,2.922923707715851,426.0,287.5,57.8125,6.442,1.8157749899217608,,,,,
380,35.9375,52.34375,1.6703586183067716,2.52,-0.514,7.221,359,42.1875,48.4375,7.37,-0.5585993153435624,411,29.6875,56.25,7.37,2.5829933382462307,333.0,35.9375,45.3125,7.031,-1.5707963267948966,366.0,29.6875,49.21875,6.987,-2.677945044588987,412.0,41.40625,56.25,6.72,0.6202494859828215,444.0,35.15625,60.15625,7.851,1.6704649792860586
381,54.6875,52.34375,1.6233590965700562,1.171,-0.055,6.919,338,58.59375,46.09375,7.37,-1.0121970114513341,427,58.59375,58.59375,7.37,1.0121970114513341,393.0,47.65625,53.125,7.074,3.0309354324158977,382.0,61.71875,52.34375,7.031,0.0,347.0,50.78125,46.875,6.72,-2.191045812777718,422.0,52.34375,57.8125,5.949,1.97568811307998
382,61.71875,52.34375,1.7066960369290547,0.511,0.016,7.065,339,65.625,46.09375,7.37,-1.0121970114513341,381,54.6875,52.34375,7.031,3.141592653589793,383.0,68.75,52.34375,7.031,0.0,338.0,58.59375,46.09375,6.987,-2.0344439357957027,427.0,58.59375,58.59375,6.987,2.0344439357957027,428.0,64.84375,58.59375,6.987,1.1071487177940904
383,68.75,52.34375,1.7049202096844918,-2.631,0.016,7.065,428,64.84375,58.59375,7.37,2.129395642138459,384,75.78125,52.34375,7.031,0.0,382.0,61.71875,52.34375,7.031,3.141592653589793,340.0,71.875,46.09375,6.987,-1.1071487177940904,339.0,65.625,46.09375,6.987,-2.0344439357957027,429.0,71.875,58.59375,6.987,1.1071487177940904
384,75.78125,52.34375,1.6775372853970305,3.141,-0.001,7.129,340,71.875,46.09375,7.37,-2.129395642138459,429,71.875,58.59375,7.37,2.129395642138459,385.0,82.8125,52.34375,7.031,0.0,383.0,68.75,52.34375,7.031,3.141592653589793,341.0,78.90625,46.09375,6.987,-1.1071487177940904,430.0,78.90625,58.59375,6.987,1.1071487177940904
385,82.8125,52.34375,1.6613314182650232,-2.921,-0.01,7.014,341,78.90625,46.09375,7.37,-2.129395642138459,430,78.90625,58.59375,7.37,2.129395642138459,386.0,89.84375,52.34375,7.031,0.0,384.0,75.78125,52.34375,7.031,3.141592653589793,342.0,85.9375,46.09375,6.987,-1.1071487177940904,423.0,85.9375,57.8125,6.298,1.0516502125483738
386,89.84375,52.34375,1.6836207040723399,3.051,0.025,7.085,342,85.9375,46.09375,7.37,-2.129395642138459,343,93.75,46.09375,7.37,-1.0121970114513341,385.0,82.8125,52.34375,7.031,3.141592653589793,387.0,96.875,52.34375,7.031,0.0,431.0,92.96875,58.59375,6.987,1.1071487177940904,423.0,85.9375,57.8125,6.72,2.191045812777718
387,96.875,52.34375,1.7051060865375889,1.268,0.06,7.028,431,92.96875,58.59375,7.37,2.129395642138459,394,103.90625,53.125,7.074,0.11065722117389565,386.0,89.84375,52.34375,7.031,3.141592653589793,343.0,93.75,46.09375,6.987,-2.0344439357957027,432.0,100.0,58.59375,6.987,1.1071487177940904,348.0,100.78125,46.875,6.72,-0.9505468408120752
388,142.96875,52.34375,1.6220641211170292,-2.395,-0.022,6.528,375,135.9375,51.5625,7.074,-3.0309354324158977,350,139.0625,46.875,6.72,-2.191045812777718,344.0,145.3125,46.09375,6.675,-1.2120256565243244,376.0,149.21875,51.5625,6.298,-0.12435499454676144,424.0,146.09375,57.8125,6.298,1.0516502125483738,418.0,139.0625,57.03125,6.101,2.2655346029916
389,239.84375,52.34375,1.6830014080672733,-1.453,-0.319,7.236,334,241.40625,45.3125,7.202,-1.3521273809209546,439,238.28125,59.375,7.202,1.7894652726688385,368.0,246.875,49.21875,7.694,-0.4182243295792291,414.0,245.3125,56.25,6.72,0.6202494859828215,358.0,235.15625,47.65625,6.629,-2.356194490192345,402.0,232.03125,53.90625,7.967,2.9441970937399127
390,0.0,53.125,1.657256042279344,0.0,-0.262,6.875,335,0.0,46.09375,7.031,-1.5707963267948966,441,0.0,60.15625,7.031,1.5707963267948966,364.0,5.46875,49.21875,6.72,-0.6202494859828215,417.0,5.46875,57.03125,6.72,0.6202494859828215,,,,,,,,,,
391,11.71875,53.125,1.7160711798991433,-1.06,0.507,7.193,364,5.46875,49.21875,7.37,-2.5829933382462307,365,17.96875,49.21875,7.37,-0.5585993153435624,417.0,5.46875,57.03125,7.37,2.5829933382462307,336.0,11.71875,46.09375,7.031,-1.5707963267948966,442.0,11.71875,60.15625,7.031,1.5707963267948966,410.0,17.96875,56.25,6.987,0.4636476090008061
392,23.4375,53.125,1.6678308692729868,-1.226,-0.524,6.906,366,29.6875,49.21875,7.37,-0.5585993153435624,337,23.4375,46.09375,7.031,-1.5707963267948966,443.0,23.4375,60.15625,7.031,1.5707963267948966,411.0,29.6875,56.25,6.987,0.4636476090008061,365.0,17.96875,49.21875,6.72,-2.5213431676069717,410.0,17.96875,56.25,6.298,2.62244653934327
393,47.65625,53.125,1.7042036414276207,0.908,-0.282,6.992,359,42.1875,48.4375,7.202,-2.432966381462123,381,54.6875,52.34375,7.074,-0.11065722117389565,445.0,46.875,60.15625,7.074,1.6814535479687922,347.0,50.78125,46.875,6.987,-1.1071487177940904,412.0,41.40625,56.25,6.987,2.677945044588987,422.0,52.34375,57.8125,6.629,0.7853981633974483
394,103.90625,53.125,1.6700359255885946,-1.874,0.06,7.028,349,107.8125,46.875,7.37,-1.0121970114513341,387,96.875,52.34375,7.074,-3.0309354324158977,395.0,110.9375,53.125,7.031,0.0,348.0,100.78125,46.875,6.987,-2.0344439357957027,436.0,107.03125,59.375,6.987,1.1071487177940904,432.0,100.0,58.59375,6.72,2.191045812777718
395,110.9375,53.125,1.6814113041808707,1.621,0.084,7.167,403,117.96875,54.6875,7.202,0.21866894587394195,436,107.03125,59.375,7.37,2.129395642138459,394.0,103.90625,53.125,7.031,3.141592653589793,349.0,107.8125,46.875,6.987,-2.0344439357957027,446.0,114.0625,60.15625,7.694,1.1525719972156676,354.0,114.84375,47.65625,6.72,-0.9505468408120752
396,167.1875,53.125,1.6768858170973804,1.758,-0.232,7.211,377,174.21875,51.5625,7.202,-0.21866894587394195,433,171.875,58.59375,7.202,0.8621700546672264,408.0,160.15625,55.46875,7.411,2.819842099193151,345.0,169.53125,46.09375,7.411,-1.2490457723982544,447.0,164.84375,60.15625,7.411,1.892546881191539,360.0,162.5,48.4375,6.629,-2.356194490192345
397,191.40625,53.125,1.5788716960165212,3.061,-0.337,6.65,355,186.71875,47.65625,7.202,-2.279422598922567,421,196.875,57.03125,6.72,0.6202494859828215,351.0,192.96875,46.875,6.442,-1.3258176636680326,404.0,185.15625,54.6875,6.442,2.896613990462929,437.0,189.84375,59.375,6.442,1.8157749899217608,,,,,
398,210.15625,53.125,1.603237782691006,-1.62,0.021,6.603,356,206.25,47.65625,6.72,-2.191045812777718,357,214.0625,47.65625,6.72,-0.9505468408120752,409.0,216.40625,55.46875,6.675,0.35877067027057225,401.0,203.90625,53.90625,6.298,3.017237659043032,,,,,,,,,,
399,252.34375,53.125,1.6854427048392602,2.701,-0.415,7.255,425,257.8125,57.8125,7.202,0.7086262721276703,346,253.125,46.09375,7.074,-1.460139105621001,373.0,258.59375,50.0,6.987,-0.4636476090008061,414.0,245.3125,56.25,7.694,2.723368324010564,368.0,246.875,49.21875,6.72,-2.5213431676069717,452.0,251.5625,60.9375,7.851,1.6704649792860586
400,282.03125,53.125,1.6627589610770124,0.911,-0.345,6.835,379,289.0625,51.5625,7.202,-0.21866894587394195,426,287.5,57.8125,7.202,0.7086262721276703,448.0,281.25,60.15625,7.074,1.6814535479687922,415.0,275.78125,56.25,6.987,2.677945044588987,353.0,283.59375,46.875,6.442,-1.3258176636680326,369.0,277.34375,49.21875,6.101,-2.44685437739309
401,203.90625,53.90625,1.6243310940397866,0.786,-0.24,6.95,361,199.21875,48.4375,7.202,-2.279422598922567,450,202.34375,60.9375,7.202,1.7894652726688385,421.0,196.875,57.03125,7.694,2.723368324010564,356.0,206.25,47.65625,6.675,-1.2120256565243244,434.0,208.59375,58.59375,6.629,0.7853981633974483,398.0,210.15625,53.125,6.298,-0.12435499454676144
402,232.03125,53.90625,1.6681519972948726,-1.738,-0.134,7.505,363,227.34375,48.4375,7.202,-2.279422598922567,358,235.15625,47.65625,6.987,-1.1071487177940904,438.0,228.125,59.375,6.72,2.191045812777718,405.0,224.21875,54.6875,7.851,3.0419240010986313,389.0,239.84375,52.34375,7.967,-0.19739555984988075,439.0,238.28125,59.375,8.304,0.7188299996216245
403,117.96875,54.6875,1.6547459888629512,-1.134,0.113,7.066,395,110.9375,53.125,7.202,-2.922923707715851,407,125.0,55.46875,7.074,0.11065722117389565,449.0,121.09375,60.9375,6.987,1.1071487177940904,354.0,114.84375,47.65625,7.694,-1.9890206563741257,367.0,121.875,49.21875,6.72,-0.9505468408120752,446.0,114.0625,60.15625,6.72,2.191045812777718
404,185.15625,54.6875,1.6910670971887245,1.268,-0.29,6.796,355,186.71875,47.65625,7.202,-1.3521273809209546,454,183.59375,61.71875,7.202,1.7894652726688385,420.0,178.90625,57.03125,6.675,2.782821983319221,372.0,180.46875,50.0,6.629,-2.356194490192345,437.0,189.84375,59.375,6.629,0.7853981633974483,397.0,191.40625,53.125,6.442,-0.24497866312686414
405,224.21875,54.6875,1.5978797761084989,-0.627,-0.088,7.191,362,220.3125,48.4375,7.37,-2.129395642138459,363,227.34375,48.4375,6.987,-1.1071487177940904,451.0,221.09375,60.9375,6.987,2.0344439357957027,402.0,232.03125,53.90625,7.851,-0.09966865249116202,409.0,216.40625,55.46875,7.851,3.0419240010986313,438.0,228.125,59.375,6.101,0.8760580505981934
406,264.0625,54.6875,1.6989682888648563,-0.382,-0.406,7.156,373,258.59375,50.0,7.202,-2.432966381462123,455,263.28125,61.71875,7.074,1.6814535479687922,425.0,257.8125,57.8125,6.987,2.677945044588987,378.0,270.3125,51.5625,6.987,-0.4636476090008061,435.0,269.53125,58.59375,6.72,0.6202494859828215,352.0,265.625,46.875,7.967,-1.373400766945016
407,125.0,55.46875,1.6911406402382323,0.785,0.089,6.927,413,132.03125,56.25,7.074,0.11065722117389565,403,117.96875,54.6875,7.074,-3.0309354324158977,367.0,121.875,49.21875,6.987,-2.0344439357957027,453.0,128.125,61.71875,6.987,1.1071487177940904,370.0,128.90625,50.0,6.72,-0.9505468408120752,449.0,121.09375,60.9375,6.72,2.191045812777718
408,160.15625,55.46875,1.6689516121262047,-0.91,-0.228,7.128,360,162.5,48.4375,7.411,-1.2490457723982544,396,167.1875,53.125,7.411,-0.3217505543966422,371.0,156.25,50.0,6.72,-2.191045812777718,447.0,164.84375,60.15625,6.629,0.7853981633974483,419.0,153.90625,57.03125,6.442,2.896613990462929,461.0,157.8125,63.28125,8.156,1.8622531212727638
409,216.40625,55.46875,1.660994489408811,-0.67,-0.068,7.521,457,214.84375,62.5,7.202,1.7894652726688385,451,221.09375,60.9375,7.202,0.8621700546672264,398.0,210.15625,53.125,6.675,-2.782821983319221,405.0,224.21875,54.6875,7.851,-0.09966865249116202,362.0,220.3125,48.4375,8.043,-1.0636978224025597,357.0,214.0625,47.65625,8.156,-1.8622531212727638
410,17.96875,56.25,1.6457341384078186,1.916,-0.524,7.036,442,11.71875,60.15625,7.37,2.5829933382462307,365,17.96875,49.21875,7.031,-1.5707963267948966,391.0,11.71875,53.125,6.987,-2.677945044588987,443.0,23.4375,60.15625,6.72,0.6202494859828215,465.0,17.96875,64.0625,7.812,1.5707963267948966,392.0,23.4375,53.125,6.298,-0.5191461142465229
411,29.6875,56.25,1.710217495941244,2.112,0.517,7.085,380,35.9375,52.34375,7.37,-0.5585993153435624,443,23.4375,60.15625,7.37,2.5829933382462307,366.0,29.6875,49.21875,7.031,-1.5707963267948966,458.0,29.6875,63.28125,7.031,1.5707963267948966,392.0,23.4375,53.125,6.987,-2.677945044588987,444.0,35.15625,60.15625,6.72,0.6202494859828215
412,41.40625,56.25,1.6879630174917373,0.541,-0.471,7.243,444,35.15625,60.15625,7.37,2.5829933382462307,393,47.65625,53.125,6.987,-0.4636476090008061,380.0,35.9375,52.34375,6.72,-2.5213431676069717,445.0,46.875,60.15625,6.72,0.6202494859828215,466.0,41.40625,64.0625,7.812,1.5707963267948966,359.0,42.1875,48.4375,7.851,-1.4711276743037347
413,132.03125,56.25,1.628121467177381,0.657,0.101,6.824,418,139.0625,57.03125,7.074,0.11065722117389565,407,125.0,55.46875,7.074,-3.0309354324158977,370.0,128.90625,50.0,6.987,-2.0344439357957027,456.0,135.15625,62.5,6.987,1.1071487177940904,453.0,128.125,61.71875,6.72,2.191045812777718,375.0,135.9375,51.5625,6.101,-0.8760580505981934
414,245.3125,56.25,1.633173098321033,0.347,-0.401,7.496,368,246.875,49.21875,7.202,-1.3521273809209546,399,252.34375,53.125,7.694,-0.4182243295792291,439.0,238.28125,59.375,7.694,2.723368324010564,389.0,239.84375,52.34375,6.72,-2.5213431676069717,452.0,251.5625,60.9375,7.812,0.6435011087932844,474.0,244.53125,64.0625,7.851,1.6704649792860586
415,275.78125,56.25,1.6857598585253197,-0.894,-0.385,6.977,369,277.34375,49.21875,7.202,-1.3521273809209546,378,270.3125,51.5625,7.202,-2.432966381462123,462.0,275.0,63.28125,7.074,1.6814535479687922,400.0,282.03125,53.125,6.987,-0.4636476090008061,448.0,281.25,60.15625,6.72,0.6202494859828215,435.0,269.53125,58.59375,6.675,2.782821983319221
416,299.21875,56.25,1.6046266384085541,2.712,-0.099,6.772,463,299.21875,63.28125,7.031,1.5707963267948966,374,296.09375,50.0,6.987,-2.0344439357957027,440.0,293.75,59.375,6.298,2.62244653934327,,,,,,,,,,,,,,,
417,5.46875,57.03125,1.653880050054246,-1.226,-0.524,7.036,391,11.71875,53.125,7.37,-0.5585993153435624,464,5.46875,64.0625,7.031,1.5707963267948966,442.0,11.71875,60.15625,6.987,0.4636476090008061,390.0,0.0,53.125,6.72,-2.5213431676069717,364.0,5.46875,49.21875,7.812,-1.5707963267948966,441.0,0.0,60.15625,6.298,2.62244653934327
418,139.0625,57.03125,1.6515701954264166,1.431,0.092,6.709,424,146.09375,57.8125,7.074,0.11065722117389565,413,132.03125,56.25,7.074,-3.0309354324158977,459.0,142.1875,63.28125,6.987,1.1071487177940904,456.0,135.15625,62.5,6.72,2.191045812777718,375.0,135.9375,51.5625,6.298,-2.0899424410414196,388.0,142.96875,52.34375,6.101,-0.8760580505981934
419,153.90625,57.03125,1.6724901145300712,-2.735,-0.125,7.274,376,149.21875,51.5625,7.202,-2.279422598922567,460,150.0,63.28125,7.37,2.129395642138459,461.0,157.8125,63.28125,7.37,1.0121970114513341,371.0,156.25,50.0,7.411,-1.2490457723982544,424.0,146.09375,57.8125,7.851,3.0419240010986313,408.0,160.15625,55.46875,6.442,-0.24497866312686414
420,178.90625,57.03125,1.663471100373278,-1.941,-0.255,7.054,372,180.46875,50.0,7.202,-1.3521273809209546,377,174.21875,51.5625,7.202,-2.279422598922567,433.0,171.875,58.59375,7.202,2.922923707715851,471.0,176.5625,64.0625,7.411,1.892546881191539,404.0,185.15625,54.6875,6.675,-0.35877067027057225,454.0,183.59375,61.71875,6.629,0.7853981633974483
421,196.875,57.03125,1.6612430208108862,1.847,-0.457,7.149,472,195.3125,64.0625,7.202,1.7894652726688385,437,189.84375,59.375,7.411,2.819842099193151,401.0,203.90625,53.90625,7.694,-0.4182243295792291,397.0,191.40625,53.125,6.72,-2.5213431676069717,450.0,202.34375,60.9375,6.72,0.6202494859828215,,,,,
422,52.34375,57.8125,1.5061175213270088,-2.357,-0.315,6.225,393,47.65625,53.125,6.629,-2.356194490192345,427,58.59375,58.59375,6.298,0.12435499454676144,467.0,53.125,64.0625,6.298,1.446441332248135,381.0,54.6875,52.34375,5.949,-1.1659045405098132,445.0,46.875,60.15625,5.949,2.7367008673047097,,,,,
423,85.9375,57.8125,1.642755950186325,1.562,0.035,6.921,468,82.03125,64.0625,7.37,2.129395642138459,431,92.96875,58.59375,7.074,0.11065722117389565,430.0,78.90625,58.59375,7.074,3.0309354324158977,469.0,89.0625,64.0625,6.987,1.1071487177940904,386.0,89.84375,52.34375,6.72,-0.9505468408120752,385.0,82.8125,52.34375,6.298,-2.0899424410414196
424,146.09375,57.8125,1.649434304277032,-1.709,-0.009,6.942,418,139.0625,57.03125,7.074,-3.0309354324158977,376,149.21875,51.5625,6.987,-1.1071487177940904,460.0,150.0,63.28125,6.72,0.9505468408120752,459.0,142.1875,63.28125,6.72,2.191045812777718,419.0,153.90625,57.03125,7.851,-0.09966865249116202,388.0,142.96875,52.34375,6.298,-2.0899424410414196
425,257.8125,57.8125,1.6942825040646639,-1.019,-0.423,7.137,399,252.34375,53.125,7.202,-2.432966381462123,479,257.03125,64.84375,7.074,1.6814535479687922,452.0,251.5625,60.9375,6.987,2.677945044588987,406.0,264.0625,54.6875,6.987,-0.4636476090008061,455.0,263.28125,61.71875,6.72,0.6202494859828215,373.0,258.59375,50.0,7.851,-1.4711276743037347
426,287.5,57.8125,1.6224107507911567,-3.086,-0.486,6.602,400,282.03125,53.125,7.202,-2.432966381462123,448,281.25,60.15625,6.675,2.782821983319221,379.0,289.0625,51.5625,6.442,-1.3258176636680326,440.0,293.75,59.375,6.442,0.24497866312686414,475.0,287.5,64.0625,6.25,1.5707963267948966,,,,,
427,58.59375,58.59375,1.671112036247881,-2.829,0.091,6.973,480,60.15625,65.625,7.202,1.3521273809209546,381,54.6875,52.34375,7.37,-2.129395642138459,382.0,61.71875,52.34375,6.987,-1.1071487177940904,467.0,53.125,64.0625,7.733,2.356194490192345,422.0,52.34375,57.8125,6.298,-3.017237659043032,428.0,64.84375,58.59375,6.25,0.0
428,64.84375,58.59375,1.6870621896595266,-2.569,0.036,7.179,383,68.75,52.34375,7.37,-1.0121970114513341,429,71.875,58.59375,7.031,0.0,382.0,61.71875,52.34375,6.987,-2.0344439357957027,476.0,67.96875,64.84375,6.987,1.1071487177940904,427.0,58.59375,58.59375,6.25,3.141592653589793,480.0,60.15625,65.625,8.45,2.158798930342464
429,71.875,58.59375,1.7105625521823533,1.107,0.031,7.129,384,75.78125,52.34375,7.37,-1.0121970114513341,476,67.96875,64.84375,7.37,2.129395642138459,430.0,78.90625,58.59375,7.031,0.0,428.0,64.84375,58.59375,7.031,3.141592653589793,383.0,68.75,52.34375,6.987,-2.0344439357957027,477.0,75.0,64.84375,6.987,1.1071487177940904
430,78.90625,58.59375,1.6695446114360117,-1.268,0.005,7.022,385,82.8125,52.34375,7.37,-1.0121970114513341,477,75.0,64.84375,7.37,2.129395642138459,423.0,85.9375,57.8125,7.074,-0.11065722117389565,429.0,71.875,58.59375,7.031,3.141592653589793,384.0,75.78125,52.34375,6.987,-2.0344439357957027,468.0,82.03125,64.0625,6.298,1.0516502125483738
431,92.96875,58.59375,1.675271166754538,-1.549,0.051,6.913,387,96.875,52.34375,7.37,-1.0121970114513341,423,85.9375,57.8125,7.074,-3.0309354324158977,432.0,100.0,58.59375,7.031,0.0,386.0,89.84375,52.34375,6.987,-2.0344439357957027,469.0,89.0625,64.0625,6.72,2.191045812777718,470.0,96.09375,64.0625,6.298,1.0516502125483738
432,100.0,58.59375,1.7113086514400124,1.626,0.07,6.92,436,107.03125,59.375,7.074,0.11065722117389565,431,92.96875,58.59375,7.031,3.141592653589793,387.0,96.875,52.34375,6.987,-2.0344439357957027,478.0,103.125,64.84375,6.987,1.1071487177940904,394.0,103.90625,53.125,6.72,-0.9505468408120752,470.0,96.09375,64.0625,6.72,2.191045812777718
433,171.875,58.59375,1.680963230999449,0.27,-0.219,7.237,396,167.1875,53.125,7.202,-2.279422598922567,420,178.90625,57.03125,7.202,-0.21866894587394195,447.0,164.84375,60.15625,7.202,2.922923707715851,471.0,176.5625,64.0625,7.202,0.8621700546672264,482.0,170.3125,65.625,7.202,1.7894652726688385,377.0,174.21875,51.5625,7.411,-1.2490457723982544
434,208.59375,58.59375,1.5800838284863665,1.542,-0.458,7.232,457,214.84375,62.5,7.37,0.5585993153435624,483,207.8125,65.625,7.074,1.6814535479687922,450.0,202.34375,60.9375,6.675,2.782821983319221,401.0,203.90625,53.90625,6.629,-2.356194490192345,409.0,216.40625,55.46875,8.414,-0.3805063771123649,,,,,
435,269.53125,58.59375,1.6625168875161194,1.58,-0.405,7.085,462,275.0,63.28125,7.202,0.7086262721276703,378,270.3125,51.5625,7.074,-1.460139105621001,455.0,263.28125,61.71875,6.987,2.677945044588987,406.0,264.0625,54.6875,6.72,-2.5213431676069717,415.0,275.78125,56.25,6.675,-0.35877067027057225,488.0,268.75,66.40625,7.851,1.6704649792860586
436,107.03125,59.375,1.6877161784640735,-2.553,0.078,7.035,395,110.9375,53.125,7.37,-1.0121970114513341,432,100.0,58.59375,7.074,-3.0309354324158977,446.0,114.0625,60.15625,7.074,0.11065722117389565,394.0,103.90625,53.125,6.987,-2.0344439357957027,481.0,110.15625,65.625,6.987,1.1071487177940904,478.0,103.125,64.84375,6.72,2.191045812777718
437,189.84375,59.375,1.653857328151975,-0.17,-0.311,6.927,487,188.28125,66.40625,7.202,1.7894652726688385,472,195.3125,64.0625,7.202,0.7086262721276703,421.0,196.875,57.03125,7.411,-0.3217505543966422,454.0,183.59375,61.71875,6.675,2.782821983319221,404.0,185.15625,54.6875,6.629,-2.356194490192345,397.0,191.40625,53.125,6.442,-1.3258176636680326
438,228.125,59.375,1.6792277779446476,2.752,-0.193,6.665,451,221.09375,60.9375,7.202,2.922923707715851,402,232.03125,53.90625,6.72,-0.9505468408120752,484.0,225.78125,65.625,6.675,1.9295669970654687,473.0,232.8125,64.0625,6.629,0.7853981633974483,405.0,224.21875,54.6875,6.101,-2.2655346029916,,,,,
439,238.28125,59.375,1.5335089467053458,0.464,-0.432,7.671,389,239.84375,52.34375,7.202,-1.3521273809209546,473,232.8125,64.0625,7.202,2.432966381462123,414.0,245.3125,56.25,7.694,-0.4182243295792291,474.0,244.53125,64.0625,7.812,0.6435011087932844,496.0,238.28125,67.1875,7.812,1.5707963267948966,402.0,232.03125,53.90625,8.304,-2.4227626539681686
440,293.75,59.375,1.4945741764512863,1.631,-0.479,7.017,463,299.21875,63.28125,6.72,0.6202494859828215,475,287.5,64.0625,7.812,2.498091544796509,498.0,293.75,67.1875,7.812,1.5707963267948966,426.0,287.5,57.8125,6.442,-2.896613990462929,416.0,299.21875,56.25,6.298,-0.5191461142465229,,,,,
441,0.0,60.15625,1.655460100980308,0.05,0.298,6.77,390,0.0,53.125,7.031,-1.5707963267948966,489,0.0,67.1875,7.031,1.5707963267948966,464.0,5.46875,64.0625,6.72,0.6202494859828215,417.0,5.46875,57.03125,6.298,-0.5191461142465229,,,,,,,,,,
442,11.71875,60.15625,1.715088609017257,2.081,0.507,7.193,410,17.96875,56.25,7.37,-0.5585993153435624,464,5.46875,64.0625,7.37,2.5829933382462307,465.0,17.96875,64.0625,7.37,0.5585993153435624,391.0,11.71875,53.125,7.031,-1.5707963267948966,490.0,11.71875,67.1875,7.031,1.5707963267948966,417.0,5.46875,57.03125,6.987,-2.677945044588987
443,23.4375,60.15625,1.6975676847398864,-0.625,0.506,6.976,411,29.6875,56.25,7.37,-0.5585993153435624,392,23.4375,53.125,7.031,-1.5707963267948966,491.0,23.4375,67.1875,7.031,1.5707963267948966,458.0,29.6875,63.28125,6.987,0.4636476090008061,410.0,17.96875,56.25,6.72,-2.5213431676069717,465.0,17.96875,64.0625,6.72,2.5213431676069717
444,35.15625,60.15625,1.6249632327799717,-0.615,-0.491,7.107,412,41.40625,56.25,7.37,-0.5585993153435624,466,41.40625,64.0625,7.37,0.5585993153435624,492.0,35.15625,67.1875,7.031,1.5707963267948966,411.0,29.6875,56.25,6.72,-2.5213431676069717,380.0,35.9375,52.34375,7.851,-1.4711276743037347,458.0,29.6875,63.28125,6.298,2.62244653934327
445,46.875,60.15625,1.6672819124824771,0.36,-0.496,6.818,467,53.125,64.0625,7.37,0.5585993153435624,393,47.65625,53.125,7.074,-1.460139105621001,493.0,47.65625,67.1875,7.074,1.460139105621001,412.0,41.40625,56.25,6.72,-2.5213431676069717,466.0,41.40625,64.0625,6.72,2.5213431676069717,422.0,52.34375,57.8125,5.949,-0.40489178628508343
446,114.0625,60.15625,1.6645236449358904,-0.441,0.096,7.045,449,121.09375,60.9375,7.074,0.11065722117389565,436,107.03125,59.375,7.074,-3.0309354324158977,485.0,117.1875,66.40625,6.987,1.1071487177940904,395.0,110.9375,53.125,7.694,-1.9890206563741257,403.0,117.96875,54.6875,6.72,-0.9505468408120752,481.0,110.15625,65.625,6.72,2.191045812777718
447,164.84375,60.15625,1.6465427969445527,0.997,-0.271,7.185,433,171.875,58.59375,7.202,-0.21866894587394195,396,167.1875,53.125,7.411,-1.2490457723982544,461.0,157.8125,63.28125,7.694,2.723368324010564,482.0,170.3125,65.625,7.733,0.7853981633974483,408.0,160.15625,55.46875,6.629,-2.356194490192345,486.0,163.28125,66.40625,6.442,1.8157749899217608
448,281.25,60.15625,1.6765587753788311,0.266,-0.446,6.976,475,287.5,64.0625,7.37,0.5585993153435624,400,282.03125,53.125,7.074,-1.460139105621001,497.0,281.25,67.1875,7.031,1.5707963267948966,462.0,275.0,63.28125,6.987,2.677945044588987,415.0,275.78125,56.25,6.72,-2.5213431676069717,426.0,287.5,57.8125,6.675,-0.35877067027057225
449,121.09375,60.9375,1.67182582694619,0.785,0.089,6.927,453,128.125,61.71875,7.074,0.11065722117389565,446,114.0625,60.15625,7.074,-3.0309354324158977,403.0,117.96875,54.6875,6.987,-2.0344439357957027,494.0,124.21875,67.1875,6.987,1.1071487177940904,407.0,125.0,55.46875,6.72,-0.9505468408120752,485.0,117.1875,66.40625,6.72,2.191045812777718
450,202.34375,60.9375,1.6675625555888869,1.821,-0.359,7.116,401,203.90625,53.90625,7.202,-1.3521273809209546,483,207.8125,65.625,7.202,0.7086262721276703,500.0,200.78125,67.96875,7.202,1.7894652726688385,472.0,195.3125,64.0625,7.694,2.723368324010564,421.0,196.875,57.03125,6.72,-2.5213431676069717,434.0,208.59375,58.59375,6.675,-0.35877067027057225
451,221.09375,60.9375,1.6848830318241739,0.182,-0.212,6.817,409,216.40625,55.46875,7.202,-2.279422598922567,438,228.125,59.375,7.202,-0.21866894587394195,405.0,224.21875,54.6875,6.987,-1.1071487177940904,484.0,225.78125,65.625,6.629,0.7853981633974483,457.0,214.84375,62.5,6.442,2.896613990462929,495.0,219.53125,67.1875,6.442,1.8157749899217608
452,251.5625,60.9375,1.649939374004084,-2.573,-0.408,7.378,501,250.0,67.96875,7.202,1.7894652726688385,425,257.8125,57.8125,6.987,-0.4636476090008061,474.0,244.53125,64.0625,7.694,2.723368324010564,479.0,257.03125,64.84375,6.72,0.6202494859828215,414.0,245.3125,56.25,7.812,-2.498091544796509,399.0,252.34375,53.125,7.851,-1.4711276743037347
453,128.125,61.71875,1.6727595066593293,0.785,0.089,6.927,456,135.15625,62.5,7.074,0.11065722117389565,449,121.09375,60.9375,7.074,-3.0309354324158977,407.0,125.0,55.46875,6.987,-2.0344439357957027,499.0,131.25,67.96875,6.987,1.1071487177940904,413.0,132.03125,56.25,6.72,-0.9505468408120752,494.0,124.21875,67.1875,6.72,2.191045812777718
454,183.59375,61.71875,1.6621165560201279,-1.301,-0.306,7.085,404,185.15625,54.6875,7.202,-1.3521273809209546,471,176.5625,64.0625,7.411,2.819842099193151,437.0,189.84375,59.375,6.675,-0.35877067027057225,420.0,178.90625,57.03125,6.629,-2.356194490192345,487.0,188.28125,66.40625,6.629,0.7853981633974483,506.0,182.03125,69.53125,7.967,1.7681918866447774
455,263.28125,61.71875,1.7020555124270063,2.235,-0.421,7.007,488,268.75,66.40625,7.202,0.7086262721276703,406,264.0625,54.6875,7.074,-1.460139105621001,504.0,262.5,68.75,7.074,1.6814535479687922,435.0,269.53125,58.59375,6.987,-0.4636476090008061,479.0,257.03125,64.84375,6.987,2.677945044588987,425.0,257.8125,57.8125,6.72,-2.5213431676069717
456,135.15625,62.5,1.6939632048939635,0.785,0.089,6.927,459,142.1875,63.28125,7.074,0.11065722117389565,453,128.125,61.71875,7.074,-3.0309354324158977,413.0,132.03125,56.25,6.987,-2.0344439357957027,502.0,138.28125,68.75,6.987,1.1071487177940904,418.0,139.0625,57.03125,6.72,-0.9505468408120752,499.0,131.25,67.96875,6.72,2.191045812777718
457,214.84375,62.5,1.6287411654668393,1.814,-0.335,7.09,409,216.40625,55.46875,7.202,-1.3521273809209546,507,213.28125,69.53125,7.202,1.7894652726688385,434.0,208.59375,58.59375,7.37,-2.5829933382462307,483.0,207.8125,65.625,7.694,2.723368324010564,495.0,219.53125,67.1875,6.629,0.7853981633974483,451.0,221.09375,60.9375,6.442,-0.24497866312686414
458,29.6875,63.28125,1.6779128225502165,1.916,-0.524,7.036,491,23.4375,67.1875,7.37,2.5829933382462307,411,29.6875,56.25,7.031,-1.5707963267948966,443.0,23.4375,60.15625,6.987,-2.677945044588987,492.0,35.15625,67.1875,6.72,0.6202494859828215,517.0,29.6875,71.09375,7.812,1.5707963267948966,444.0,35.15625,60.15625,6.298,-0.5191461142465229
459,142.1875,63.28125,1.669853971494896,-1.188,0.061,6.935,456,135.15625,62.5,7.074,-3.0309354324158977,418,139.0625,57.03125,6.987,-2.0344439357957027,424.0,146.09375,57.8125,6.72,-0.9505468408120752,502.0,138.28125,68.75,6.72,2.191045812777718,460.0,150.0,63.28125,7.812,0.0,503.0,145.3125,68.75,6.298,1.0516502125483738
460,150.0,63.28125,1.7042458950217743,-3.111,0.028,7.317,503,145.3125,68.75,7.202,2.279422598922567,419,153.90625,57.03125,7.37,-1.0121970114513341,505.0,153.125,69.53125,6.987,1.1071487177940904,424.0,146.09375,57.8125,6.72,-2.191045812777718,461.0,157.8125,63.28125,7.812,0.0,459.0,142.1875,63.28125,7.812,3.141592653589793
461,157.8125,63.28125,1.6093222723532736,-2.61,-0.02,7.802,419,153.90625,57.03125,7.37,-2.129395642138459,447,164.84375,60.15625,7.694,-0.4182243295792291,460.0,150.0,63.28125,7.812,3.141592653589793,505.0,153.125,69.53125,7.812,2.214297435588181,521.0,159.375,71.09375,7.967,1.373400766945016,408.0,160.15625,55.46875,8.156,-1.2793395323170296
462,275.0,63.28125,1.6892694251416707,-0.523,-0.45,7.109,435,269.53125,58.59375,7.202,-2.432966381462123,497,281.25,67.1875,7.37,0.5585993153435624,415.0,275.78125,56.25,7.074,-1.460139105621001,514.0,275.0,70.3125,7.031,1.5707963267948966,488.0,268.75,66.40625,6.987,2.677945044588987,448.0,281.25,60.15625,6.987,-0.4636476090008061
463,299.21875,63.28125,1.6282325958091384,3.141,-0.262,7.071,416,299.21875,56.25,7.031,-1.5707963267948966,440,293.75,59.375,6.72,-2.5213431676069717,498.0,293.75,67.1875,6.72,2.5213431676069717,525.0,299.21875,71.09375,7.812,1.5707963267948966,,,,,,,,,,
464,5.46875,64.0625,1.6760818060434373,-1.226,-0.524,6.906,442,11.71875,60.15625,7.37,-0.5585993153435624,417,5.46875,57.03125,7.031,-1.5707963267948966,515.0,5.46875,71.09375,7.031,1.5707963267948966,490.0,11.71875,67.1875,6.987,0.4636476090008061,441.0,0.0,60.15625,6.72,-2.5213431676069717,489.0,0.0,67.1875,6.298,2.62244653934327
465,17.96875,64.0625,1.6117867585008312,-2.348,-0.506,7.044,442,11.71875,60.15625,7.37,-2.5829933382462307,516,17.1875,71.09375,7.074,1.6814535479687922,490.0,11.71875,67.1875,6.987,2.677945044588987,443.0,23.4375,60.15625,6.72,-0.6202494859828215,410.0,17.96875,56.25,7.812,-1.5707963267948966,491.0,23.4375,67.1875,6.298,0.5191461142465229
466,41.40625,64.0625,1.6532068250040102,-1.728,0.513,7.151,444,35.15625,60.15625,7.37,-2.5829933382462307,518,41.40625,71.09375,7.031,1.5707963267948966,493.0,47.65625,67.1875,6.987,0.4636476090008061,492.0,35.15625,67.1875,6.987,2.677945044588987,445.0,46.875,60.15625,6.72,-0.6202494859828215,412.0,41.40625,56.25,7.812,-1.5707963267948966
467,53.125,64.0625,1.641644268439141,-1.866,0.422,6.859,480,60.15625,65.625,7.202,0.21866894587394195,445,46.875,60.15625,7.37,-2.5829933382462307,427.0,58.59375,58.59375,7.733,-0.7853981633974483,422.0,52.34375,57.8125,6.298,-1.695151321341658,493.0,47.65625,67.1875,6.298,2.62244653934327,508.0,53.125,70.3125,6.25,1.5707963267948966
468,82.03125,64.0625,1.680607809554226,1.153,-0.012,7.085,423,85.9375,57.8125,7.37,-1.0121970114513341,509,78.125,70.3125,7.37,2.129395642138459,510.0,85.9375,70.3125,7.37,1.0121970114513341,477.0,75.0,64.84375,7.074,3.0309354324158977,469.0,89.0625,64.0625,7.031,0.0,430.0,78.90625,58.59375,6.298,-2.0899424410414196
469,89.0625,64.0625,1.7122019926866254,0.541,0.026,6.957,470,96.09375,64.0625,7.031,0.0,468,82.03125,64.0625,7.031,3.141592653589793,423.0,85.9375,57.8125,6.987,-2.0344439357957027,510.0,85.9375,70.3125,6.987,2.0344439357957027,511.0,92.1875,70.3125,6.987,1.1071487177940904,431.0,92.96875,58.59375,6.72,-0.9505468408120752
470,96.09375,64.0625,1.6552014485775743,1.593,0.051,6.913,511,92.1875,70.3125,7.37,2.129395642138459,478,103.125,64.84375,7.074,0.11065722117389565,469.0,89.0625,64.0625,7.031,3.141592653589793,512.0,99.21875,70.3125,6.987,1.1071487177940904,432.0,100.0,58.59375,6.72,-0.9505468408120752,431.0,92.96875,58.59375,6.298,-2.0899424410414196
471,176.5625,64.0625,1.6485630904157405,-1.255,-0.292,7.24,433,171.875,58.59375,7.202,-2.279422598922567,420,178.90625,57.03125,7.411,-1.2490457723982544,454.0,183.59375,61.71875,7.411,-0.3217505543966422,506.0,182.03125,69.53125,7.733,0.7853981633974483,482.0,170.3125,65.625,6.442,2.896613990462929,,,,,
472,195.3125,64.0625,1.6843391066476403,-1.449,-0.353,7.239,421,196.875,57.03125,7.202,-1.3521273809209546,437,189.84375,59.375,7.202,-2.432966381462123,522.0,193.75,71.09375,7.202,1.7894652726688385,487.0,188.28125,66.40625,7.411,2.819842099193151,450.0,202.34375,60.9375,7.694,-0.4182243295792291,500.0,200.78125,67.96875,6.72,0.6202494859828215
473,232.8125,64.0625,1.6279488722208348,2.312,-0.427,6.755,439,238.28125,59.375,7.202,-0.7086262721276703,484,225.78125,65.625,7.202,2.922923707715851,438.0,228.125,59.375,6.629,-2.356194490192345,513.0,231.25,70.3125,6.442,1.8157749899217608,496.0,238.28125,67.1875,6.298,0.5191461142465229,,,,,
474,244.53125,64.0625,1.6376705345355813,0.761,-0.425,7.356,523,243.75,71.09375,7.074,1.6814535479687922,496,238.28125,67.1875,6.987,2.677945044588987,452.0,251.5625,60.9375,7.694,-0.4182243295792291,501.0,250.0,67.96875,6.72,0.6202494859828215,439.0,238.28125,59.375,7.812,-2.498091544796509,414.0,245.3125,56.25,7.851,-1.4711276743037347
475,287.5,64.0625,1.6928787030696208,-1.772,0.51,7.073,448,281.25,60.15625,7.37,-2.5829933382462307,524,287.5,71.09375,7.031,1.5707963267948966,498.0,293.75,67.1875,6.987,0.4636476090008061,497.0,281.25,67.1875,6.987,2.677945044588987,440.0,293.75,59.375,7.812,-0.6435011087932844,426.0,287.5,57.8125,6.25,-1.5707963267948966
476,67.96875,64.84375,1.6860534119502377,1.504,0.012,7.44,429,71.875,58.59375,7.37,-1.0121970114513341,477,75.0,64.84375,7.031,0.0,428.0,64.84375,58.59375,6.987,-2.0344439357957027,519.0,64.84375,71.09375,6.987,2.0344439357957027,480.0,60.15625,65.625,7.851,3.0419240010986313,530.0,71.09375,72.65625,8.414,1.1902899496825317
477,75.0,64.84375,1.6893908025290674,-1.044,-0.002,6.952,430,78.90625,58.59375,7.37,-1.0121970114513341,468,82.03125,64.0625,7.074,-0.11065722117389565,476.0,67.96875,64.84375,7.031,3.141592653589793,429.0,71.875,58.59375,6.987,-2.0344439357957027,509.0,78.125,70.3125,6.298,1.0516502125483738,,,,,
478,103.125,64.84375,1.702271018192343,0.785,0.089,6.927,481,110.15625,65.625,7.074,0.11065722117389565,470,96.09375,64.0625,7.074,-3.0309354324158977,432.0,100.0,58.59375,6.987,-2.0344439357957027,520.0,106.25,71.09375,6.987,1.1071487177940904,436.0,107.03125,59.375,6.72,-0.9505468408120752,512.0,99.21875,70.3125,6.72,2.191045812777718
479,257.03125,64.84375,1.6984121549204607,-2.012,-0.427,7.045,425,257.8125,57.8125,7.074,-1.460139105621001,529,256.25,71.875,7.074,1.6814535479687922,455.0,263.28125,61.71875,6.987,-0.4636476090008061,501.0,250.0,67.96875,7.694,2.723368324010564,452.0,251.5625,60.9375,6.72,-2.5213431676069717,504.0,262.5,68.75,6.72,0.6202494859828215
480,60.15625,65.625,1.5930318414705698,-1.358,0.128,7.726,427,58.59375,58.59375,7.202,-1.7894652726688385,467,53.125,64.0625,7.202,-2.922923707715851,519.0,64.84375,71.09375,7.202,0.8621700546672264,476.0,67.96875,64.84375,7.851,-0.09966865249116202,428.0,64.84375,58.59375,8.45,-0.982793723247329,508.0,53.125,70.3125,8.45,2.5535900500422257
481,110.15625,65.625,1.674199580833673,2.73,0.106,6.875,485,117.1875,66.40625,7.074,0.11065722117389565,478,103.125,64.84375,7.074,-3.0309354324158977,436.0,107.03125,59.375,6.987,-2.0344439357957027,446.0,114.0625,60.15625,6.72,-0.9505468408120752,520.0,106.25,71.09375,6.72,2.191045812777718,526.0,112.5,71.875,6.675,1.2120256565243244
482,170.3125,65.625,1.6784440942025356,-2.927,-0.175,7.315,433,171.875,58.59375,7.202,-1.3521273809209546,486,163.28125,66.40625,7.074,3.0309354324158977,527.0,167.1875,71.875,6.987,2.0344439357957027,447.0,164.84375,60.15625,7.733,-2.356194490192345,471.0,176.5625,64.0625,6.442,-0.24497866312686414,532.0,175.0,72.65625,8.45,0.982793723247329
483,207.8125,65.625,1.6510289654068797,-2.122,-0.367,7.091,450,202.34375,60.9375,7.202,-2.432966381462123,500,200.78125,67.96875,7.411,2.819842099193151,434.0,208.59375,58.59375,7.074,-1.460139105621001,457.0,214.84375,62.5,7.694,-0.4182243295792291,507.0,213.28125,69.53125,6.72,0.6202494859828215,528.0,206.25,71.875,6.442,1.8157749899217608
484,225.78125,65.625,1.6178769192584173,0.089,-0.273,6.871,473,232.8125,64.0625,7.202,-0.21866894587394195,513,231.25,70.3125,7.202,0.7086262721276703,533.0,225.0,72.65625,7.074,1.6814535479687922,438.0,228.125,59.375,6.675,-1.2120256565243244,451.0,221.09375,60.9375,6.629,-2.356194490192345,495.0,219.53125,67.1875,6.442,2.896613990462929
485,117.1875,66.40625,1.6596322538951647,-3.066,0.121,6.955,526,112.5,71.875,7.202,2.279422598922567,494,124.21875,67.1875,7.074,0.11065722117389565,481.0,110.15625,65.625,7.074,-3.0309354324158977,446.0,114.0625,60.15625,6.987,-2.0344439357957027,449.0,121.09375,60.9375,6.72,-0.9505468408120752,531.0,119.53125,72.65625,6.675,1.2120256565243244
486,163.28125,66.40625,1.6185471797340918,0.016,-0.178,6.527,482,170.3125,65.625,7.074,-0.11065722117389565,527,167.1875,71.875,6.72,0.9505468408120752,447.0,164.84375,60.15625,6.442,-1.3258176636680326,461.0,157.8125,63.28125,6.298,-2.62244653934327,521.0,159.375,71.09375,6.101,2.2655346029916,,,,,
487,188.28125,66.40625,1.6566279627740121,0.409,-0.35,7.084,437,189.84375,59.375,7.202,-1.3521273809209546,522,193.75,71.09375,7.202,0.7086262721276703,472.0,195.3125,64.0625,7.411,-0.3217505543966422,535.0,187.5,73.4375,7.074,1.6814535479687922,506.0,182.03125,69.53125,6.987,2.677945044588987,454.0,183.59375,61.71875,6.629,-2.356194490192345
488,268.75,66.40625,1.6694053508643898,-0.967,-0.434,7.186,455,263.28125,61.71875,7.202,-2.432966381462123,514,275.0,70.3125,7.37,0.5585993153435624,536.0,268.75,73.4375,7.031,1.5707963267948966,462.0,275.0,63.28125,6.987,-0.4636476090008061,504.0,262.5,68.75,6.675,2.782821983319221,435.0,269.53125,58.59375,7.851,-1.4711276743037347
489,0.0,67.1875,1.6477699673935282,0.05,0.298,6.77,441,0.0,60.15625,7.031,-1.5707963267948966,537,0.0,74.21875,7.031,1.5707963267948966,515.0,5.46875,71.09375,6.72,0.6202494859828215,464.0,5.46875,64.0625,6.298,-0.5191461142465229,,,,,,,,,,
490,11.71875,67.1875,1.7070595833300164,1.727,-0.514,7.021,515,5.46875,71.09375,7.37,2.5829933382462307,442,11.71875,60.15625,7.031,-1.5707963267948966,538.0,11.71875,74.21875,7.031,1.5707963267948966,464.0,5.46875,64.0625,6.987,-2.677945044588987,465.0,17.96875,64.0625,6.987,-0.4636476090008061,516.0,17.1875,71.09375,6.72,0.6202494859828215
491,23.4375,67.1875,1.711222874837632,2.109,0.516,7.078,458,29.6875,63.28125,7.37,-0.5585993153435624,516,17.1875,71.09375,7.37,2.5829933382462307,517.0,29.6875,71.09375,7.37,0.5585993153435624,443.0,23.4375,60.15625,7.031,-1.5707963267948966,539.0,23.4375,74.21875,7.031,1.5707963267948966,465.0,17.96875,64.0625,6.298,-2.62244653934327
492,35.15625,67.1875,1.6942792005800713,0.624,-0.507,6.976,518,41.40625,71.09375,7.37,0.5585993153435624,444,35.15625,60.15625,7.031,-1.5707963267948966,540.0,35.15625,74.21875,7.031,1.5707963267948966,466.0,41.40625,64.0625,6.987,-0.4636476090008061,517.0,29.6875,71.09375,6.72,2.5213431676069717,458.0,29.6875,63.28125,6.72,-2.5213431676069717
493,47.65625,67.1875,1.6659132622062587,2.489,0.489,6.843,518,41.40625,71.09375,7.37,2.5829933382462307,445,46.875,60.15625,7.074,-1.6814535479687922,541.0,47.65625,74.21875,7.031,1.5707963267948966,466.0,41.40625,64.0625,6.987,-2.677945044588987,508.0,53.125,70.3125,6.298,0.5191461142465229,467.0,53.125,64.0625,6.298,-0.5191461142465229
494,124.21875,67.1875,1.6696478556721153,-2.478,0.103,7.007,531,119.53125,72.65625,7.202,2.279422598922567,499,131.25,67.96875,7.074,0.11065722117389565,485.0,117.1875,66.40625,7.074,-3.0309354324158977,449.0,121.09375,60.9375,6.987,-2.0344439357957027,534.0,127.34375,73.4375,6.987,1.1071487177940904,453.0,128.125,61.71875,6.72,-0.9505468408120752
495,219.53125,67.1875,1.6533715751493165,1.092,-0.285,6.854,544,217.96875,74.21875,7.202,1.7894652726688385,533,225.0,72.65625,7.733,0.7853981633974483,507.0,213.28125,69.53125,6.675,2.782821983319221,457.0,214.84375,62.5,6.629,-2.356194490192345,484.0,225.78125,65.625,6.442,-0.24497866312686414,451.0,221.09375,60.9375,6.442,-1.3258176636680326
496,238.28125,67.1875,1.6547969411375651,3.072,-0.446,7.119,545,236.71875,74.21875,7.202,1.7894652726688385,474,244.53125,64.0625,6.987,-0.4636476090008061,513.0,231.25,70.3125,7.694,2.723368324010564,523.0,243.75,71.09375,6.72,0.6202494859828215,439.0,238.28125,59.375,7.812,-1.5707963267948966,473.0,232.8125,64.0625,6.298,-2.62244653934327
497,281.25,67.1875,1.6897067481928878,0.244,-0.492,7.129,462,275.0,63.28125,7.37,-2.5829933382462307,524,287.5,71.09375,7.37,0.5585993153435624,546.0,281.25,74.21875,7.031,1.5707963267948966,448.0,281.25,60.15625,7.031,-1.5707963267948966,514.0,275.0,70.3125,6.987,2.677945044588987,475.0,287.5,64.0625,6.987,-0.4636476090008061
498,293.75,67.1875,1.667972914346937,2.517,0.506,7.237,524,287.5,71.09375,7.37,2.5829933382462307,475,287.5,64.0625,6.987,-2.677945044588987,463.0,299.21875,63.28125,6.72,-0.6202494859828215,525.0,299.21875,71.09375,6.72,0.6202494859828215,440.0,293.75,59.375,7.812,-1.5707963267948966,551.0,293.75,75.0,7.812,1.5707963267948966
499,131.25,67.96875,1.6963080488941076,0.785,0.089,6.927,502,138.28125,68.75,7.074,0.11065722117389565,494,124.21875,67.1875,7.074,-3.0309354324158977,453.0,128.125,61.71875,6.987,-2.0344439357957027,543.0,134.375,74.21875,6.987,1.1071487177940904,456.0,135.15625,62.5,6.72,-0.9505468408120752,534.0,127.34375,73.4375,6.72,2.191045812777718
500,200.78125,67.96875,1.7092373986893206,0.65,-0.386,7.137,450,202.34375,60.9375,7.202,-1.3521273809209546,483,207.8125,65.625,7.411,-0.3217505543966422,549.0,200.0,75.0,7.074,1.6814535479687922,522.0,193.75,71.09375,7.694,2.723368324010564,472.0,195.3125,64.0625,6.72,-2.5213431676069717,528.0,206.25,71.875,6.72,0.6202494859828215
501,250.0,67.96875,1.6597512009968902,0.047,-0.421,7.175,452,251.5625,60.9375,7.202,-1.3521273809209546,529,256.25,71.875,7.37,0.5585993153435624,550.0,249.21875,75.0,7.074,1.6814535479687922,523.0,243.75,71.09375,6.987,2.677945044588987,479.0,257.03125,64.84375,7.694,-0.4182243295792291,474.0,244.53125,64.0625,6.72,-2.5213431676069717
502,138.28125,68.75,1.7051771269485085,-1.516,0.07,6.92,499,131.25,67.96875,7.074,-3.0309354324158977,503,145.3125,68.75,7.031,0.0,456.0,135.15625,62.5,6.987,-2.0344439357957027,547.0,141.40625,75.0,6.987,1.1071487177940904,459.0,142.1875,63.28125,6.72,-0.9505468408120752,543.0,134.375,74.21875,6.72,2.191045812777718
503,145.3125,68.75,1.6063453344517193,1.268,0.062,7.123,460,150.0,63.28125,7.202,-0.8621700546672264,547,141.40625,75.0,7.37,2.129395642138459,502.0,138.28125,68.75,7.031,3.141592653589793,548.0,148.4375,75.0,6.987,1.1071487177940904,505.0,153.125,69.53125,7.851,0.09966865249116202,459.0,142.1875,63.28125,6.298,-2.0899424410414196
504,262.5,68.75,1.6753054648502972,1.33,-0.414,7.057,455,263.28125,61.71875,7.074,-1.460139105621001,555,261.71875,75.78125,7.074,1.6814535479687922,529.0,256.25,71.875,6.987,2.677945044588987,479.0,257.03125,64.84375,6.72,-2.5213431676069717,536.0,268.75,73.4375,7.812,0.6435011087932844,488.0,268.75,66.40625,6.675,-0.35877067027057225
505,153.125,69.53125,1.6473523840154995,2.493,0.151,7.284,548,148.4375,75.0,7.202,2.279422598922567,556,155.46875,76.5625,7.411,1.2490457723982544,460.0,150.0,63.28125,6.987,-2.0344439357957027,461.0,157.8125,63.28125,7.812,-0.9272952180016122,503.0,145.3125,68.75,7.851,-3.0419240010986313,521.0,159.375,71.09375,6.442,0.24497866312686414
506,182.03125,69.53125,1.6542677343469585,-0.727,-0.387,7.363,557,181.25,76.5625,7.074,1.6814535479687922,487,188.28125,66.40625,6.987,-0.4636476090008061,532.0,175.0,72.65625,7.694,2.723368324010564,471.0,176.5625,64.0625,7.733,-2.356194490192345,535.0,187.5,73.4375,6.72,0.6202494859828215,454.0,183.59375,61.71875,7.967,-1.373400766945016
507,213.28125,69.53125,1.6563183390901672,2.61,-0.325,6.846,457,214.84375,62.5,7.202,-1.3521273809209546,528,206.25,71.875,7.411,2.819842099193151,483.0,207.8125,65.625,6.72,-2.5213431676069717,495.0,219.53125,67.1875,6.675,-0.35877067027057225,544.0,217.96875,74.21875,6.629,0.7853981633974483,554.0,211.71875,75.78125,6.442,1.8157749899217608
508,53.125,70.3125,1.6228525056655887,1.602,0.502,7.15,542,59.375,74.21875,7.37,0.5585993153435624,541,47.65625,74.21875,6.72,2.5213431676069717,568.0,53.125,78.125,7.812,1.5707963267948966,493.0,47.65625,67.1875,6.298,-2.62244653934327,467.0,53.125,64.0625,6.25,-1.5707963267948966,480.0,60.15625,65.625,8.45,-0.5880026035475675
509,78.125,70.3125,1.6642216066000086,0.561,-0.126,7.343,552,82.8125,75.78125,7.202,0.8621700546672264,468,82.03125,64.0625,7.37,-1.0121970114513341,530.0,71.09375,72.65625,7.411,2.819842099193151,510.0,85.9375,70.3125,7.812,0.0,569.0,76.5625,78.125,7.967,1.7681918866447774,477.0,75.0,64.84375,6.298,-2.0899424410414196
510,85.9375,70.3125,1.6139377878442063,2.916,0.0,7.068,468,82.03125,64.0625,7.37,-2.129395642138459,469,89.0625,64.0625,6.987,-1.1071487177940904,559.0,89.0625,77.34375,7.694,1.1525719972156676,509.0,78.125,70.3125,7.812,3.141592653589793,552.0,82.8125,75.78125,6.298,2.0899424410414196,511.0,92.1875,70.3125,6.25,0.0
511,92.1875,70.3125,1.6836327110014713,0.225,-0.001,6.938,470,96.09375,64.0625,7.37,-1.0121970114513341,512,99.21875,70.3125,7.031,0.0,469.0,89.0625,64.0625,6.987,-2.0344439357957027,559.0,89.0625,77.34375,7.694,1.9890206563741257,553.0,95.3125,75.78125,6.298,1.0516502125483738,510.0,85.9375,70.3125,6.25,3.141592653589793
512,99.21875,70.3125,1.6500506427221024,2.333,0.097,7.115,520,106.25,71.09375,7.074,0.11065722117389565,511,92.1875,70.3125,7.031,3.141592653589793,470.0,96.09375,64.0625,6.987,-2.0344439357957027,478.0,103.125,64.84375,6.72,-0.9505468408120752,553.0,95.3125,75.78125,6.72,2.191045812777718,570.0,101.5625,78.125,8.156,1.2793395323170296
513,231.25,70.3125,1.6536185369372571,-0.552,-0.373,6.968,484,225.78125,65.625,7.202,-2.432966381462123,562,230.46875,77.34375,7.074,1.6814535479687922,496.0,238.28125,67.1875,7.694,-0.4182243295792291,545.0,236.71875,74.21875,6.72,0.6202494859828215,533.0,225.0,72.65625,6.675,2.782821983319221,473.0,232.8125,64.0625,6.442,-1.3258176636680326
514,275.0,70.3125,1.690504901460011,-3.087,-0.474,7.136,488,268.75,66.40625,7.37,-2.5829933382462307,546,281.25,74.21875,7.37,0.5585993153435624,563.0,274.21875,77.34375,7.074,1.6814535479687922,462.0,275.0,63.28125,7.031,-1.5707963267948966,536.0,268.75,73.4375,6.987,2.677945044588987,497.0,281.25,67.1875,6.987,-0.4636476090008061
515,5.46875,71.09375,1.6971807079481191,-1.226,-0.524,6.906,490,11.71875,67.1875,7.37,-0.5585993153435624,464,5.46875,64.0625,7.031,-1.5707963267948966,564.0,5.46875,78.125,7.031,1.5707963267948966,538.0,11.71875,74.21875,6.987,0.4636476090008061,489.0,0.0,67.1875,6.72,-2.5213431676069717,537.0,0.0,74.21875,6.298,2.62244653934327
516,17.1875,71.09375,1.6399553107654816,-0.759,-0.505,6.913,491,23.4375,67.1875,7.37,-0.5585993153435624,465,17.96875,64.0625,7.074,-1.460139105621001,565.0,17.1875,78.125,7.031,1.5707963267948966,539.0,23.4375,74.21875,6.987,0.4636476090008061,490.0,11.71875,67.1875,6.72,-2.5213431676069717,538.0,11.71875,74.21875,6.298,2.62244653934327
517,29.6875,71.09375,1.663692846502087,-1.917,0.523,7.036,491,23.4375,67.1875,7.37,-2.5829933382462307,566,29.6875,78.125,7.031,1.5707963267948966,539.0,23.4375,74.21875,6.987,2.677945044588987,492.0,35.15625,67.1875,6.72,-0.6202494859828215,458.0,29.6875,63.28125,7.812,-1.5707963267948966,540.0,35.15625,74.21875,6.298,0.5191461142465229
518,41.40625,71.09375,1.6889173524643872,-1.571,-0.524,7.129,492,35.15625,67.1875,7.37,-2.5829933382462307,493,47.65625,67.1875,7.37,-0.5585993153435624,466.0,41.40625,64.0625,7.031,-1.5707963267948966,567.0,41.40625,78.125,7.031,1.5707963267948966,540.0,35.15625,74.21875,6.987,2.677945044588987,541.0,47.65625,74.21875,6.987,0.4636476090008061
519,64.84375,71.09375,1.6513723225271437,2.445,0.517,6.636,480,60.15625,65.625,7.202,-2.279422598922567,476,67.96875,64.84375,6.987,-1.1071487177940904,530.0,71.09375,72.65625,6.442,0.24497866312686414,542.0,59.375,74.21875,6.298,2.62244653934327,558.0,64.84375,77.34375,6.25,1.5707963267948966,,,,,
520,106.25,71.09375,1.6127522330897648,0.907,0.085,7.086,512,99.21875,70.3125,7.074,-3.0309354324158977,478,103.125,64.84375,6.987,-2.0344439357957027,560.0,109.375,77.34375,6.987,1.1071487177940904,481.0,110.15625,65.625,6.72,-0.9505468408120752,526.0,112.5,71.875,6.298,0.12435499454676144,570.0,101.5625,78.125,8.45,2.158798930342464
521,159.375,71.09375,1.6870820163710047,-0.502,0.163,7.011,561,162.5,77.34375,6.987,1.1071487177940904,556,155.46875,76.5625,6.72,2.191045812777718,527.0,167.1875,71.875,7.851,0.09966865249116202,461.0,157.8125,63.28125,7.967,-1.7681918866447774,505.0,153.125,69.53125,6.442,-2.896613990462929,486.0,163.28125,66.40625,6.101,-0.8760580505981934
522,193.75,71.09375,1.6380591998323923,-0.742,-0.387,7.203,472,195.3125,64.0625,7.202,-1.3521273809209546,487,188.28125,66.40625,7.202,-2.432966381462123,549.0,200.0,75.0,7.37,0.5585993153435624,573.0,192.96875,78.125,7.074,1.6814535479687922,500.0,200.78125,67.96875,7.694,-0.4182243295792291,535.0,187.5,73.4375,6.675,2.782821983319221
523,243.75,71.09375,1.7030242539452123,-2.012,-0.427,7.045,474,244.53125,64.0625,7.074,-1.460139105621001,574,242.96875,78.125,7.074,1.6814535479687922,501.0,250.0,67.96875,6.987,-0.4636476090008061,545.0,236.71875,74.21875,7.694,2.723368324010564,496.0,238.28125,67.1875,6.72,-2.5213431676069717,550.0,249.21875,75.0,6.72,0.6202494859828215
524,287.5,71.09375,1.692176489820215,-2.626,-0.49,7.2,497,281.25,67.1875,7.37,-2.5829933382462307,498,293.75,67.1875,7.37,-0.5585993153435624,551.0,293.75,75.0,7.37,0.5585993153435624,575.0,286.71875,78.125,7.074,1.6814535479687922,475.0,287.5,64.0625,7.031,-1.5707963267948966,546.0,281.25,74.21875,6.987,2.677945044588987
525,299.21875,71.09375,1.6404034130488463,3.141,-0.262,7.071,576,299.21875,78.125,7.031,1.5707963267948966,498,293.75,67.1875,6.72,-2.5213431676069717,551.0,293.75,75.0,6.72,2.5213431676069717,463.0,299.21875,63.28125,7.812,-1.5707963267948966,,,,,,,,,,
526,112.5,71.875,1.6782955637487045,0.208,0.107,6.756,485,117.1875,66.40625,7.202,-0.8621700546672264,531,119.53125,72.65625,7.074,0.11065722117389565,571.0,115.625,78.125,6.987,1.1071487177940904,481.0,110.15625,65.625,6.675,-1.9295669970654687,520.0,106.25,71.09375,6.298,-3.017237659043032,560.0,109.375,77.34375,6.298,2.0899424410414196
527,167.1875,71.875,1.673482752604053,-3.113,0.069,7.214,561,162.5,77.34375,7.202,2.279422598922567,482,170.3125,65.625,6.987,-1.1071487177940904,486.0,163.28125,66.40625,6.72,-2.191045812777718,572.0,169.53125,78.125,6.675,1.2120256565243244,532.0,175.0,72.65625,7.851,0.09966865249116202,521.0,159.375,71.09375,7.851,-3.0419240010986313
528,206.25,71.875,1.69549417174704,0.692,-0.39,6.892,507,213.28125,69.53125,7.411,-0.3217505543966422,578,205.46875,78.90625,7.074,1.6814535479687922,549.0,200.0,75.0,6.987,2.677945044588987,500.0,200.78125,67.96875,6.72,-2.5213431676069717,554.0,211.71875,75.78125,6.72,0.6202494859828215,483.0,207.8125,65.625,6.442,-1.3258176636680326
529,256.25,71.875,1.6803775265230438,2.954,-0.438,7.153,501,250.0,67.96875,7.37,-2.5829933382462307,479,257.03125,64.84375,7.074,-1.460139105621001,579.0,255.46875,78.90625,7.074,1.6814535479687922,504.0,262.5,68.75,6.987,-0.4636476090008061,550.0,249.21875,75.0,7.694,2.723368324010564,555.0,261.71875,75.78125,6.72,0.6202494859828215
530,71.09375,72.65625,1.5326730990821282,2.105,0.467,7.734,509,78.125,70.3125,7.411,-0.3217505543966422,569,76.5625,78.125,7.733,0.7853981633974483,558.0,64.84375,77.34375,7.812,2.498091544796509,519.0,64.84375,71.09375,6.442,-2.896613990462929,476.0,67.96875,64.84375,8.414,-1.9513027039072615,591.0,71.09375,81.25,8.593,1.5707963267948966
531,119.53125,72.65625,1.651951289282872,0.009,0.119,7.085,494,124.21875,67.1875,7.202,-0.8621700546672264,526,112.5,71.875,7.074,-3.0309354324158977,577.0,122.65625,78.90625,6.987,1.1071487177940904,571.0,115.625,78.125,6.72,2.191045812777718,485.0,117.1875,66.40625,6.675,-1.9295669970654687,534.0,127.34375,73.4375,7.851,0.09966865249116202
532,175.0,72.65625,1.5924693590346544,1.987,0.384,7.825,557,181.25,76.5625,7.37,0.5585993153435624,506,182.03125,69.53125,7.694,-0.4182243295792291,572.0,169.53125,78.125,7.733,2.356194490192345,527.0,167.1875,71.875,7.851,-3.0419240010986313,583.0,175.78125,80.46875,7.851,1.4711276743037347,482.0,170.3125,65.625,8.45,-2.158798930342464
533,225.0,72.65625,1.643195754686712,-1.917,-0.32,7.309,544,217.96875,74.21875,7.202,2.922923707715851,562,230.46875,77.34375,7.202,0.7086262721276703,484.0,225.78125,65.625,7.074,-1.460139105621001,495.0,219.53125,67.1875,7.733,-2.356194490192345,513.0,231.25,70.3125,6.675,-0.35877067027057225,584.0,223.4375,80.46875,7.967,1.7681918866447774
534,127.34375,73.4375,1.683179202387883,-3.132,0.119,7.085,577,122.65625,78.90625,7.202,2.279422598922567,543,134.375,74.21875,7.074,0.11065722117389565,494.0,124.21875,67.1875,6.987,-2.0344439357957027,499.0,131.25,67.96875,6.72,-0.9505468408120752,580.0,129.6875,79.6875,6.675,1.2120256565243244,531.0,119.53125,72.65625,7.851,-3.0419240010986313
535,187.5,73.4375,1.6969023786411308,1.052,-0.421,7.078,573,192.96875,78.125,7.202,0.7086262721276703,487,188.28125,66.40625,7.074,-1.460139105621001,557.0,181.25,76.5625,6.987,2.677945044588987,506.0,182.03125,69.53125,6.72,-2.5213431676069717,593.0,187.5,81.25,7.812,1.5707963267948966,522.0,193.75,71.09375,6.675,-0.35877067027057225
536,268.75,73.4375,1.6412172047240563,-2.341,-0.426,7.173,555,261.71875,75.78125,7.411,2.819842099193151,585,267.96875,80.46875,7.074,1.6814535479687922,488.0,268.75,66.40625,7.031,-1.5707963267948966,514.0,275.0,70.3125,6.987,-0.4636476090008061,563.0,274.21875,77.34375,6.72,0.6202494859828215,504.0,262.5,68.75,7.812,-2.498091544796509
537,0.0,74.21875,1.6295724065741406,0.05,0.298,6.965,489,0.0,67.1875,7.031,-1.5707963267948966,564,5.46875,78.125,6.72,0.6202494859828215,596.0,0.0,82.03125,7.812,1.5707963267948966,515.0,5.46875,71.09375,6.298,-0.5191461142465229,,,,,,,,,,
538,11.71875,74.21875,1.6864736321454017,1.916,-0.524,6.906,564,5.46875,78.125,7.37,2.5829933382462307,490,11.71875,67.1875,7.031,-1.5707963267948966,586.0,11.71875,81.25,7.031,1.5707963267948966,515.0,5.46875,71.09375,6.987,-2.677945044588987,565.0,17.1875,78.125,6.72,0.6202494859828215,516.0,17.1875,71.09375,6.298,-0.5191461142465229
539,23.4375,74.21875,1.7009948624154807,1.57,-0.524,7.129,565,17.1875,78.125,7.37,2.5829933382462307,566,29.6875,78.125,7.37,0.5585993153435624,587.0,23.4375,81.25,7.031,1.5707963267948966,491.0,23.4375,67.1875,7.031,-1.5707963267948966,517.0,29.6875,71.09375,6.987,-0.4636476090008061,516.0,17.1875,71.09375,6.987,-2.677945044588987
540,35.15625,74.21875,1.684202963865434,1.225,0.523,6.906,567,41.40625,78.125,7.37,0.5585993153435624,492,35.15625,67.1875,7.031,-1.5707963267948966,588.0,35.15625,81.25,7.031,1.5707963267948966,518.0,41.40625,71.09375,6.987,-0.4636476090008061,566.0,29.6875,78.125,6.72,2.5213431676069717,517.0,29.6875,71.09375,6.298,-2.62244653934327
541,47.65625,74.21875,1.6652672438482556,2.813,-0.522,6.984,567,41.40625,78.125,7.37,2.5829933382462307,589,46.875,81.25,7.074,1.6814535479687922,493.0,47.65625,67.1875,7.031,-1.5707963267948966,518.0,41.40625,71.09375,6.987,-2.677945044588987,508.0,53.125,70.3125,6.72,-0.6202494859828215,568.0,53.125,78.125,6.72,0.6202494859828215
542,59.375,74.21875,1.6843048866612333,0.031,-0.509,7.166,508,53.125,70.3125,7.37,-2.5829933382462307,568,53.125,78.125,7.37,2.5829933382462307,590.0,59.375,81.25,7.031,1.5707963267948966,519.0,64.84375,71.09375,6.298,-0.5191461142465229,558.0,64.84375,77.34375,6.298,0.5191461142465229,480.0,60.15625,65.625,8.629,-1.4801364395941514
543,134.375,74.21875,1.6893636823714266,-2.478,0.103,7.007,580,129.6875,79.6875,7.202,2.279422598922567,547,141.40625,75.0,7.074,0.11065722117389565,534.0,127.34375,73.4375,7.074,-3.0309354324158977,499.0,131.25,67.96875,6.987,-2.0344439357957027,582.0,137.5,80.46875,6.987,1.1071487177940904,502.0,138.28125,68.75,6.72,-0.9505468408120752
544,217.96875,74.21875,1.6016422490208186,-1.381,-0.295,7.156,495,219.53125,67.1875,7.202,-1.3521273809209546,533,225.0,72.65625,7.202,-0.21866894587394195,507.0,213.28125,69.53125,6.629,-2.356194490192345,554.0,211.71875,75.78125,6.442,2.896613990462929,584.0,223.4375,80.46875,8.304,0.8519663271732721,,,,,
545,236.71875,74.21875,1.6378148412692823,0.047,-0.421,7.175,496,238.28125,67.1875,7.202,-1.3521273809209546,574,242.96875,78.125,7.37,0.5585993153435624,594.0,235.9375,81.25,7.074,1.6814535479687922,562.0,230.46875,77.34375,6.987,2.677945044588987,523.0,243.75,71.09375,7.694,-0.4182243295792291,513.0,231.25,70.3125,6.72,-2.5213431676069717
546,281.25,74.21875,1.6449241891334239,3.116,-0.456,7.146,514,275.0,70.3125,7.37,-2.5829933382462307,595,280.46875,81.25,7.074,1.6814535479687922,497.0,281.25,67.1875,7.031,-1.5707963267948966,524.0,287.5,71.09375,6.987,-0.4636476090008061,563.0,274.21875,77.34375,7.694,2.723368324010564,575.0,286.71875,78.125,6.72,0.6202494859828215
547,141.40625,75.0,1.679753819918519,-2.513,0.077,6.976,503,145.3125,68.75,7.37,-1.0121970114513341,543,134.375,74.21875,7.074,-3.0309354324158977,548.0,148.4375,75.0,7.031,0.0,502.0,138.28125,68.75,6.987,-2.0344439357957027,582.0,137.5,80.46875,6.72,2.191045812777718,592.0,143.75,81.25,6.675,1.2120256565243244
548,148.4375,75.0,1.65040353798945,1.621,0.115,7.321,505,153.125,69.53125,7.202,-0.8621700546672264,556,155.46875,76.5625,7.202,0.21866894587394195,547.0,141.40625,75.0,7.031,3.141592653589793,503.0,145.3125,68.75,6.987,-2.0344439357957027,599.0,151.5625,82.03125,7.694,1.1525719972156676,592.0,143.75,81.25,7.812,2.214297435588181
549,200.0,75.0,1.6628354030058823,2.954,-0.438,7.153,522,193.75,71.09375,7.37,-2.5829933382462307,500,200.78125,67.96875,7.074,-1.460139105621001,600.0,199.21875,82.03125,7.074,1.6814535479687922,528.0,206.25,71.875,6.987,-0.4636476090008061,573.0,192.96875,78.125,7.694,2.723368324010564,578.0,205.46875,78.90625,6.72,0.6202494859828215
550,249.21875,75.0,1.6982260395735964,-0.188,-0.438,7.153,579,255.46875,78.90625,7.37,0.5585993153435624,501,250.0,67.96875,7.074,-1.460139105621001,601.0,248.4375,82.03125,7.074,1.6814535479687922,574.0,242.96875,78.125,6.987,2.677945044588987,529.0,256.25,71.875,7.694,-0.4182243295792291,523.0,243.75,71.09375,6.72,-2.5213431676069717
551,293.75,75.0,1.635406509034836,-2.296,-0.498,7.161,524,287.5,71.09375,7.37,-2.5829933382462307,602,292.96875,82.03125,7.074,1.6814535479687922,575.0,286.71875,78.125,7.694,2.723368324010564,525.0,299.21875,71.09375,6.72,-0.6202494859828215,498.0,293.75,67.1875,7.812,-1.5707963267948966,576.0,299.21875,78.125,6.298,0.5191461142465229
552,82.8125,75.78125,1.5581342931292828,-2.869,-0.316,6.573,509,78.125,70.3125,7.202,-2.279422598922567,569,76.5625,78.125,6.675,2.782821983319221,559.0,89.0625,77.34375,6.442,0.24497866312686414,510.0,85.9375,70.3125,6.298,-1.0516502125483738,597.0,82.8125,82.03125,6.25,1.5707963267948966,,,,,
553,95.3125,75.78125,1.6341280774732267,-2.22,-0.077,6.487,512,99.21875,70.3125,6.72,-0.9505468408120752,570,101.5625,78.125,6.675,0.35877067027057225,559.0,89.0625,77.34375,6.442,2.896613990462929,511.0,92.1875,70.3125,6.298,-2.0899424410414196,598.0,94.53125,82.03125,6.298,1.695151321341658,,,,,
554,211.71875,75.78125,1.652110026785243,1.056,-0.365,6.628,604,210.9375,82.8125,7.074,1.6814535479687922,578,205.46875,78.90625,6.987,2.677945044588987,528.0,206.25,71.875,6.72,-2.5213431676069717,507.0,213.28125,69.53125,6.442,-1.3258176636680326,544.0,217.96875,74.21875,6.442,-0.24497866312686414,581.0,216.40625,79.6875,6.101,0.6947382761967031
555,261.71875,75.78125,1.666445562105621,1.306,-0.408,7.18,536,268.75,73.4375,7.411,-0.3217505543966422,504,262.5,68.75,7.074,-1.460139105621001,605.0,260.9375,82.8125,7.074,1.6814535479687922,579.0,255.46875,78.90625,6.987,2.677945044588987,529.0,256.25,71.875,6.72,-2.5213431676069717,585.0,267.96875,80.46875,7.812,0.6435011087932844
556,155.46875,76.5625,1.703349754760536,-1.407,0.154,7.09,548,148.4375,75.0,7.202,-2.922923707715851,505,153.125,69.53125,7.411,-1.892546881191539,607.0,157.8125,83.59375,7.411,1.2490457723982544,561.0,162.5,77.34375,7.074,0.11065722117389565,521.0,159.375,71.09375,6.72,-0.9505468408120752,599.0,151.5625,82.03125,6.72,2.191045812777718
557,181.25,76.5625,1.6814211328104174,0.972,-0.484,7.296,532,175.0,72.65625,7.37,-2.5829933382462307,506,182.03125,69.53125,7.074,-1.460139105621001,535.0,187.5,73.4375,6.987,-0.4636476090008061,583.0,175.78125,80.46875,6.72,2.5213431676069717,593.0,187.5,81.25,7.812,0.6435011087932844,610.0,181.25,84.375,7.812,1.5707963267948966
558,64.84375,77.34375,1.6324441225472734,2.723,0.493,7.044,591,71.09375,81.25,7.37,0.5585993153435624,590,59.375,81.25,6.72,2.5213431676069717,617.0,64.84375,85.15625,7.812,1.5707963267948966,530.0,71.09375,72.65625,7.812,-0.6435011087932844,542.0,59.375,74.21875,6.298,-2.62244653934327,519.0,64.84375,71.09375,6.25,-1.5707963267948966
559,89.0625,77.34375,1.634354142101109,2.984,0.429,7.449,598,94.53125,82.03125,7.202,0.7086262721276703,510,85.9375,70.3125,7.694,-1.9890206563741257,511.0,92.1875,70.3125,7.694,-1.1525719972156676,597.0,82.8125,82.03125,7.812,2.498091544796509,619.0,88.28125,85.15625,7.851,1.6704649792860586,552.0,82.8125,75.78125,6.442,-2.896613990462929
560,109.375,77.34375,1.614970193933301,2.17,0.049,6.975,520,106.25,71.09375,6.987,-2.0344439357957027,608,112.5,84.375,7.694,1.1525719972156676,603.0,105.46875,82.8125,6.72,2.191045812777718,570.0,101.5625,78.125,7.851,3.0419240010986313,571.0,115.625,78.125,6.298,0.12435499454676144,526.0,112.5,71.875,6.298,-1.0516502125483738
561,162.5,77.34375,1.6503278982154403,2.542,0.145,7.225,527,167.1875,71.875,7.202,-0.8621700546672264,609,164.0625,84.375,7.202,1.3521273809209546,572.0,169.53125,78.125,7.074,0.11065722117389565,556.0,155.46875,76.5625,7.074,-3.0309354324158977,521.0,159.375,71.09375,6.987,-2.0344439357957027,607.0,157.8125,83.59375,7.812,2.214297435588181
562,230.46875,77.34375,1.6521642178376759,-1.173,-0.415,7.255,533,225.0,72.65625,7.202,-2.432966381462123,513,231.25,70.3125,7.074,-1.460139105621001,545.0,236.71875,74.21875,6.987,-0.4636476090008061,584.0,223.4375,80.46875,7.694,2.723368324010564,594.0,235.9375,81.25,6.72,0.6202494859828215,624.0,229.6875,85.15625,7.851,1.6704649792860586
563,274.21875,77.34375,1.6851202852215772,-0.025,-0.456,7.146,595,280.46875,81.25,7.37,0.5585993153435624,514,275.0,70.3125,7.074,-1.460139105621001,611.0,274.21875,84.375,7.031,1.5707963267948966,585.0,267.96875,80.46875,6.987,2.677945044588987,546.0,281.25,74.21875,7.694,-0.4182243295792291,536.0,268.75,73.4375,6.72,-2.5213431676069717
564,5.46875,78.125,1.7108492581353816,-0.625,0.506,6.976,538,11.71875,74.21875,7.37,-0.5585993153435624,515,5.46875,71.09375,7.031,-1.5707963267948966,612.0,5.46875,85.15625,7.031,1.5707963267948966,586.0,11.71875,81.25,6.987,0.4636476090008061,537.0,0.0,74.21875,6.72,-2.5213431676069717,596.0,0.0,82.03125,6.72,2.5213431676069717
565,17.1875,78.125,1.6692564193875012,-1.226,-0.524,6.906,539,23.4375,74.21875,7.37,-0.5585993153435624,516,17.1875,71.09375,7.031,-1.5707963267948966,613.0,17.1875,85.15625,7.031,1.5707963267948966,587.0,23.4375,81.25,6.987,0.4636476090008061,538.0,11.71875,74.21875,6.72,-2.5213431676069717,586.0,11.71875,81.25,6.298,2.62244653934327
566,29.6875,78.125,1.6819980665825458,-1.917,0.523,6.906,539,23.4375,74.21875,7.37,-2.5829933382462307,517,29.6875,71.09375,7.031,-1.5707963267948966,614.0,29.6875,85.15625,7.031,1.5707963267948966,587.0,23.4375,81.25,6.987,2.677945044588987,540.0,35.15625,74.21875,6.72,-0.6202494859828215,588.0,35.15625,81.25,6.298,0.5191461142465229
567,41.40625,78.125,1.7053969352050193,-1.792,-0.515,7.014,540,35.15625,74.21875,7.37,-2.5829933382462307,541,47.65625,74.21875,7.37,-0.5585993153435624,518.0,41.40625,71.09375,7.031,-1.5707963267948966,615.0,41.40625,85.15625,7.031,1.5707963267948966,588.0,35.15625,81.25,6.987,2.677945044588987,589.0,46.875,81.25,6.298,0.5191461142465229
568,53.125,78.125,1.6681260685443628,-1.415,-0.514,7.151,542,59.375,74.21875,7.37,-0.5585993153435624,616,53.125,85.15625,7.031,1.5707963267948966,590.0,59.375,81.25,6.987,0.4636476090008061,589.0,46.875,81.25,6.987,2.677945044588987,541.0,47.65625,74.21875,6.72,-2.5213431676069717,508.0,53.125,70.3125,7.812,-1.5707963267948966
569,76.5625,78.125,1.6550579755435983,-0.032,-0.415,7.179,597,82.8125,82.03125,7.37,0.5585993153435624,618,76.5625,85.15625,7.031,1.5707963267948966,530.0,71.09375,72.65625,7.733,-2.356194490192345,552.0,82.8125,75.78125,6.675,-0.35877067027057225,509.0,78.125,70.3125,7.967,-1.373400766945016,591.0,71.09375,81.25,6.298,2.62244653934327
570,101.5625,78.125,1.6330937045005536,2.261,-0.329,7.338,620,100.0,85.15625,7.202,1.7894652726688385,553,95.3125,75.78125,6.675,-2.782821983319221,560.0,109.375,77.34375,7.851,-0.09966865249116202,598.0,94.53125,82.03125,8.043,2.6344941491974563,512.0,99.21875,70.3125,8.156,-1.8622531212727638,603.0,105.46875,82.8125,6.101,0.8760580505981934
571,115.625,78.125,1.6700098878864311,0.218,0.057,6.727,577,122.65625,78.90625,7.074,0.11065722117389565,526,112.5,71.875,6.987,-2.0344439357957027,608.0,112.5,84.375,6.987,2.0344439357957027,531.0,119.53125,72.65625,6.72,-0.9505468408120752,560.0,109.375,77.34375,6.298,-3.017237659043032,606.0,118.75,83.59375,6.298,1.0516502125483738
572,169.53125,78.125,1.6617839690161325,2.198,0.248,7.256,561,162.5,77.34375,7.074,-3.0309354324158977,622,170.3125,85.15625,7.074,1.460139105621001,532.0,175.0,72.65625,7.733,-0.7853981633974483,527.0,167.1875,71.875,6.675,-1.9295669970654687,583.0,175.78125,80.46875,6.675,0.35877067027057225,609.0,164.0625,84.375,8.304,2.289626326416521
573,192.96875,78.125,1.6312913665441509,-0.101,-0.451,7.111,535,187.5,73.4375,7.202,-2.432966381462123,600,199.21875,82.03125,7.37,0.5585993153435624,522.0,193.75,71.09375,7.074,-1.460139105621001,623.0,192.96875,85.15625,7.031,1.5707963267948966,549.0,200.0,75.0,7.694,-0.4182243295792291,593.0,187.5,81.25,6.298,2.62244653934327
574,242.96875,78.125,1.6802381707123062,2.954,-0.438,7.153,545,236.71875,74.21875,7.37,-2.5829933382462307,523,243.75,71.09375,7.074,-1.460139105621001,625.0,242.1875,85.15625,7.074,1.6814535479687922,550.0,249.21875,75.0,6.987,-0.4636476090008061,594.0,235.9375,81.25,7.694,2.723368324010564,601.0,248.4375,82.03125,6.72,0.6202494859828215
575,286.71875,78.125,1.6682864026662327,-0.025,-0.456,7.146,602,292.96875,82.03125,7.37,0.5585993153435624,524,287.5,71.09375,7.074,-1.460139105621001,626.0,286.71875,85.15625,7.031,1.5707963267948966,595.0,280.46875,81.25,6.987,2.677945044588987,551.0,293.75,75.0,7.694,-0.4182243295792291,546.0,281.25,74.21875,6.72,-2.5213431676069717
576,299.21875,78.125,1.625810640553681,3.121,-0.277,6.932,602,292.96875,82.03125,7.37,2.5829933382462307,525,299.21875,71.09375,7.031,-1.5707963267948966,627.0,299.21875,85.15625,7.031,1.5707963267948966,551.0,293.75,75.0,6.298,-2.62244653934327,,,,,,,,,,
577,122.65625,78.90625,1.6384502177974467,2.604,0.133,6.852,534,127.34375,73.4375,7.202,-0.8621700546672264,571,115.625,78.125,7.074,-3.0309354324158977,580.0,129.6875,79.6875,7.074,0.11065722117389565,531.0,119.53125,72.65625,6.987,-2.0344439357957027,621.0,125.0,85.15625,6.675,1.2120256565243244,606.0,118.75,83.59375,6.101,2.2655346029916
578,205.46875,78.90625,1.6927984085781023,1.107,-0.435,6.927,528,206.25,71.875,7.074,-1.460139105621001,629,204.6875,85.9375,7.074,1.6814535479687922,600.0,199.21875,82.03125,6.987,2.677945044588987,554.0,211.71875,75.78125,6.987,-0.4636476090008061,549.0,200.0,75.0,6.72,-2.5213431676069717,604.0,210.9375,82.8125,6.72,0.6202494859828215
579,255.46875,78.90625,1.6775149123592021,2.954,-0.438,7.153,550,249.21875,75.0,7.37,-2.5829933382462307,529,256.25,71.875,7.074,-1.460139105621001,631.0,254.6875,85.9375,7.074,1.6814535479687922,555.0,261.71875,75.78125,6.987,-0.4636476090008061,601.0,248.4375,82.03125,7.694,2.723368324010564,605.0,260.9375,82.8125,6.72,0.6202494859828215
580,129.6875,79.6875,1.650373430151584,-0.504,0.121,7.229,543,134.375,74.21875,7.202,-0.8621700546672264,621,125.0,85.15625,7.202,2.279422598922567,628.0,133.59375,85.9375,7.37,1.0121970114513341,577.0,122.65625,78.90625,7.074,-3.0309354324158977,534.0,127.34375,73.4375,6.675,-1.9295669970654687,582.0,137.5,80.46875,7.851,0.09966865249116202
581,216.40625,79.6875,1.480127601659069,2.066,-0.331,6.443,584,223.4375,80.46875,7.074,0.11065722117389565,604,210.9375,82.8125,6.298,2.62244653934327,630.0,217.1875,85.9375,6.298,1.446441332248135,554.0,211.71875,75.78125,6.101,-2.44685437739309,,,,,,,,,,
582,137.5,80.46875,1.6730864093758877,2.355,0.097,7.045,543,134.375,74.21875,6.987,-2.0344439357957027,634,140.625,87.5,7.694,1.1525719972156676,628.0,133.59375,85.9375,6.72,2.191045812777718,547.0,141.40625,75.0,6.72,-0.9505468408120752,580.0,129.6875,79.6875,7.851,-3.0419240010986313,592.0,143.75,81.25,6.298,0.12435499454676144
583,175.78125,80.46875,1.6632215748062709,2.073,0.444,7.163,622,170.3125,85.15625,7.202,2.432966381462123,557,181.25,76.5625,6.72,-0.6202494859828215,610.0,181.25,84.375,6.72,0.6202494859828215,637.0,175.78125,88.28125,7.812,1.5707963267948966,572.0,169.53125,78.125,6.675,-2.782821983319221,532.0,175.0,72.65625,7.851,-1.6704649792860586
584,223.4375,80.46875,1.6450851528785473,-2.034,-0.368,7.859,581,216.40625,79.6875,7.074,-3.0309354324158977,562,230.46875,77.34375,7.694,-0.4182243295792291,624.0,229.6875,85.15625,7.812,0.6435011087932844,533.0,225.0,72.65625,7.967,-1.373400766945016,544.0,217.96875,74.21875,8.304,-2.289626326416521,630.0,217.1875,85.9375,8.304,2.4227626539681686
585,267.96875,80.46875,1.6697912290936343,-1.669,-0.416,7.159,611,274.21875,84.375,7.37,0.5585993153435624,605,260.9375,82.8125,7.411,2.819842099193151,536.0,268.75,73.4375,7.074,-1.460139105621001,563.0,274.21875,77.34375,6.987,-0.4636476090008061,555.0,261.71875,75.78125,7.812,-2.498091544796509,633.0,267.1875,86.71875,6.298,1.695151321341658
586,11.71875,81.25,1.649227410011882,1.916,-0.524,7.036,612,5.46875,85.15625,7.37,2.5829933382462307,538,11.71875,74.21875,7.031,-1.5707963267948966,564.0,5.46875,78.125,6.987,-2.677945044588987,613.0,17.1875,85.15625,6.72,0.6202494859828215,641.0,11.71875,89.0625,7.812,1.5707963267948966,565.0,17.1875,78.125,6.298,-0.5191461142465229
587,23.4375,81.25,1.6665822665527341,1.57,-0.524,7.259,613,17.1875,85.15625,7.37,2.5829933382462307,614,29.6875,85.15625,7.37,0.5585993153435624,539.0,23.4375,74.21875,7.031,-1.5707963267948966,565.0,17.1875,78.125,6.987,-2.677945044588987,566.0,29.6875,78.125,6.987,-0.4636476090008061,642.0,23.4375,89.0625,7.812,1.5707963267948966
588,35.15625,81.25,1.6565811024625368,1.225,0.523,7.036,615,41.40625,85.15625,7.37,0.5585993153435624,540,35.15625,74.21875,7.031,-1.5707963267948966,567.0,41.40625,78.125,6.987,-0.4636476090008061,614.0,29.6875,85.15625,6.72,2.5213431676069717,643.0,35.15625,89.0625,7.812,1.5707963267948966,566.0,29.6875,78.125,6.298,-2.62244653934327
589,46.875,81.25,1.633204726261394,0.794,-0.506,7.044,616,53.125,85.15625,7.37,0.5585993153435624,541,47.65625,74.21875,7.074,-1.460139105621001,568.0,53.125,78.125,6.987,-0.4636476090008061,615.0,41.40625,85.15625,6.72,2.5213431676069717,644.0,46.875,89.0625,7.812,1.5707963267948966,567.0,41.40625,78.125,6.298,-2.62244653934327
590,59.375,81.25,1.6737586396001274,2.517,0.506,6.976,616,53.125,85.15625,7.37,2.5829933382462307,542,59.375,74.21875,7.031,-1.5707963267948966,635.0,59.375,88.28125,7.031,1.5707963267948966,568.0,53.125,78.125,6.987,-2.677945044588987,558.0,64.84375,77.34375,6.72,-0.6202494859828215,617.0,64.84375,85.15625,6.72,0.6202494859828215
591,71.09375,81.25,1.6574624235441282,2.526,-0.491,7.367,558,64.84375,77.34375,7.37,-2.5829933382462307,617,64.84375,85.15625,7.37,2.5829933382462307,618.0,76.5625,85.15625,6.72,0.6202494859828215,645.0,70.3125,89.0625,7.851,1.6704649792860586,569.0,76.5625,78.125,6.298,-0.5191461142465229,530.0,71.09375,72.65625,8.593,-1.5707963267948966
592,143.75,81.25,1.5916724654434988,0.006,0.077,6.987,634,140.625,87.5,6.987,2.0344439357957027,548,148.4375,75.0,7.812,-0.9272952180016122,547.0,141.40625,75.0,6.675,-1.9295669970654687,599.0,151.5625,82.03125,7.851,0.09966865249116202,582.0,137.5,80.46875,6.298,-3.017237659043032,632.0,146.875,86.71875,6.298,1.0516502125483738
593,187.5,81.25,1.6321371529958972,-1.753,-0.478,7.11,638,187.5,88.28125,7.031,1.5707963267948966,610,181.25,84.375,6.987,2.677945044588987,623.0,192.96875,85.15625,6.72,0.6202494859828215,535.0,187.5,73.4375,7.812,-1.5707963267948966,557.0,181.25,76.5625,7.812,-2.498091544796509,573.0,192.96875,78.125,6.298,-0.5191461142465229
594,235.9375,81.25,1.6806154034719065,0.357,-0.472,7.21,624,229.6875,85.15625,7.37,2.5829933382462307,625,242.1875,85.15625,7.37,0.5585993153435624,545.0,236.71875,74.21875,7.074,-1.460139105621001,639.0,235.9375,88.28125,7.031,1.5707963267948966,574.0,242.96875,78.125,7.694,-0.4182243295792291,562.0,230.46875,77.34375,6.72,-2.5213431676069717
595,280.46875,81.25,1.6814686389596851,0.055,-0.474,7.267,563,274.21875,77.34375,7.37,-2.5829933382462307,626,286.71875,85.15625,7.37,0.5585993153435624,546.0,281.25,74.21875,7.074,-1.460139105621001,575.0,286.71875,78.125,6.987,-0.4636476090008061,611.0,274.21875,84.375,6.987,2.677945044588987,654.0,280.46875,89.0625,7.812,1.5707963267948966
596,0.0,82.03125,1.5998181435456735,-0.051,-0.299,6.965,640,0.0,89.0625,7.031,1.5707963267948966,564,5.46875,78.125,6.72,-0.6202494859828215,537.0,0.0,74.21875,7.812,-1.5707963267948966,612.0,5.46875,85.15625,6.298,0.5191461142465229,,,,,,,,,,
597,82.8125,82.03125,1.6616255167792606,-2.335,-0.509,6.965,569,76.5625,78.125,7.37,-2.5829933382462307,646,82.03125,89.0625,7.074,1.6814535479687922,618.0,76.5625,85.15625,6.987,2.677945044588987,559.0,89.0625,77.34375,7.812,-0.6435011087932844,619.0,88.28125,85.15625,6.298,0.5191461142465229,552.0,82.8125,75.78125,6.25,-1.5707963267948966
598,94.53125,82.03125,1.6755690352041956,-0.717,-0.462,6.977,559,89.0625,77.34375,7.202,-2.432966381462123,647,94.53125,89.0625,7.031,1.5707963267948966,619.0,88.28125,85.15625,6.987,2.677945044588987,570.0,101.5625,78.125,8.043,-0.507098504392337,553.0,95.3125,75.78125,6.298,-1.446441332248135,620.0,100.0,85.15625,6.298,0.5191461142465229
599,151.5625,82.03125,1.6621750390261274,2.886,0.196,7.068,650,152.34375,89.0625,7.074,1.460139105621001,548,148.4375,75.0,7.694,-1.9890206563741257,556.0,155.46875,76.5625,6.72,-0.9505468408120752,592.0,143.75,81.25,7.851,-3.0419240010986313,632.0,146.875,86.71875,6.629,2.356194490192345,607.0,157.8125,83.59375,6.442,0.24497866312686414
600,199.21875,82.03125,1.6988422169555482,0.645,-0.464,7.028,573,192.96875,78.125,7.37,-2.5829933382462307,549,200.0,75.0,7.074,-1.460139105621001,651.0,199.21875,89.0625,7.031,1.5707963267948966,578.0,205.46875,78.90625,6.987,-0.4636476090008061,623.0,192.96875,85.15625,6.987,2.677945044588987,629.0,204.6875,85.9375,6.72,0.6202494859828215
601,248.4375,82.03125,1.7015208722639774,-0.188,-0.438,7.153,631,254.6875,85.9375,7.37,0.5585993153435624,550,249.21875,75.0,7.074,-1.460139105621001,653.0,247.65625,89.0625,7.074,1.6814535479687922,625.0,242.1875,85.15625,6.987,2.677945044588987,579.0,255.46875,78.90625,7.694,-0.4182243295792291,574.0,242.96875,78.125,6.72,-2.5213431676069717
602,292.96875,82.03125,1.6728159879120819,-0.966,-0.506,7.136,575,286.71875,78.125,7.37,-2.5829933382462307,576,299.21875,78.125,7.37,-0.5585993153435624,551.0,293.75,75.0,7.074,-1.460139105621001,655.0,292.96875,89.0625,7.031,1.5707963267948966,626.0,286.71875,85.15625,6.987,2.677945044588987,627.0,299.21875,85.15625,6.987,0.4636476090008061
603,105.46875,82.8125,1.584908489622229,0.171,0.279,6.454,608,112.5,84.375,7.202,0.21866894587394195,560,109.375,77.34375,6.72,-0.9505468408120752,648.0,106.25,89.0625,6.298,1.446441332248135,570.0,101.5625,78.125,6.101,-2.2655346029916,620.0,100.0,85.15625,5.949,2.7367008673047097,,,,,
604,210.9375,82.8125,1.6973314426511192,-0.821,-0.489,6.85,554,211.71875,75.78125,7.074,-1.460139105621001,657,210.9375,89.84375,7.031,1.5707963267948966,630.0,217.1875,85.9375,6.987,0.4636476090008061,629.0,204.6875,85.9375,6.987,2.677945044588987,578.0,205.46875,78.90625,6.72,-2.5213431676069717,581.0,216.40625,79.6875,6.298,-0.5191461142465229
605,260.9375,82.8125,1.6650651414823725,0.407,-0.441,7.099,633,267.1875,86.71875,7.37,0.5585993153435624,585,267.96875,80.46875,7.411,-0.3217505543966422,555.0,261.71875,75.78125,7.074,-1.460139105621001,658.0,260.9375,89.84375,7.031,1.5707963267948966,631.0,254.6875,85.9375,6.987,2.677945044588987,579.0,255.46875,78.90625,6.72,-2.5213431676069717
606,118.75,83.59375,1.584887448762852,-1.476,0.117,6.285,621,125.0,85.15625,6.442,0.24497866312686414,571,115.625,78.125,6.298,-2.0899424410414196,608.0,112.5,84.375,6.298,3.017237659043032,577.0,122.65625,78.90625,6.101,-0.8760580505981934,,,,,,,,,,
607,157.8125,83.59375,1.6503059360455723,-0.953,0.208,7.251,556,155.46875,76.5625,7.411,-1.892546881191539,650,152.34375,89.0625,7.733,2.356194490192345,636.0,164.0625,88.28125,7.812,0.6435011087932844,561.0,162.5,77.34375,7.812,-0.9272952180016122,599.0,151.5625,82.03125,6.442,-2.896613990462929,609.0,164.0625,84.375,6.298,0.12435499454676144
608,112.5,84.375,1.6028952851682816,2.939,0.271,7.458,603,105.46875,82.8125,7.202,-2.922923707715851,649,117.96875,89.0625,7.202,0.7086262721276703,571.0,115.625,78.125,6.987,-1.1071487177940904,560.0,109.375,77.34375,7.694,-1.9890206563741257,648.0,106.25,89.0625,7.812,2.498091544796509,668.0,111.71875,92.1875,7.851,1.6704649792860586
609,164.0625,84.375,1.3180811258201068,-1.321,0.278,7.026,561,162.5,77.34375,7.202,-1.7894652726688385,607,157.8125,83.59375,6.298,-3.017237659043032,622.0,170.3125,85.15625,6.298,0.12435499454676144,572.0,169.53125,78.125,8.304,-0.8519663271732721,,,,,,,,,,
610,181.25,84.375,1.6834224268354157,0.624,-0.507,7.237,638,187.5,88.28125,7.37,0.5585993153435624,593,187.5,81.25,6.987,-0.4636476090008061,637.0,175.78125,88.28125,6.72,2.5213431676069717,583.0,175.78125,80.46875,6.72,-2.5213431676069717,557.0,181.25,76.5625,7.812,-1.5707963267948966,672.0,181.25,92.1875,7.812,1.5707963267948966
611,274.21875,84.375,1.6856191356231893,-2.836,-0.437,7.281,585,267.96875,80.46875,7.37,-2.5829933382462307,633,267.1875,86.71875,7.411,2.819842099193151,659.0,273.4375,91.40625,7.074,1.6814535479687922,563.0,274.21875,77.34375,7.031,-1.5707963267948966,595.0,280.46875,81.25,6.987,-0.4636476090008061,654.0,280.46875,89.0625,7.812,0.6435011087932844
612,5.46875,85.15625,1.711051218517939,1.407,0.507,6.97,586,11.71875,81.25,7.37,-0.5585993153435624,641,11.71875,89.0625,7.37,0.5585993153435624,660.0,5.46875,92.1875,7.031,1.5707963267948966,564.0,5.46875,78.125,7.031,-1.5707963267948966,640.0,0.0,89.0625,6.72,2.5213431676069717,596.0,0.0,82.03125,6.298,-2.62244653934327
613,17.1875,85.15625,1.677497538773701,0.0,-0.524,7.04,587,23.4375,81.25,7.37,-0.5585993153435624,642,23.4375,89.0625,7.37,0.5585993153435624,661.0,17.1875,92.1875,7.031,1.5707963267948966,565.0,17.1875,78.125,7.031,-1.5707963267948966,641.0,11.71875,89.0625,6.72,2.5213431676069717,586.0,11.71875,81.25,6.72,-2.5213431676069717
614,29.6875,85.15625,1.6805514995444661,3.141,-0.524,7.04,587,23.4375,81.25,7.37,-2.5829933382462307,642,23.4375,89.0625,7.37,2.5829933382462307,566.0,29.6875,78.125,7.031,-1.5707963267948966,662.0,29.6875,92.1875,7.031,1.5707963267948966,588.0,35.15625,81.25,6.72,-0.6202494859828215,643.0,35.15625,89.0625,6.72,0.6202494859828215
615,41.40625,85.15625,1.7109688330768122,3.141,-0.524,7.04,588,35.15625,81.25,7.37,-2.5829933382462307,643,35.15625,89.0625,7.37,2.5829933382462307,567.0,41.40625,78.125,7.031,-1.5707963267948966,663.0,41.40625,92.1875,7.031,1.5707963267948966,589.0,46.875,81.25,6.72,-0.6202494859828215,644.0,46.875,89.0625,6.72,0.6202494859828215
616,53.125,85.15625,1.7116596126541277,-1.06,0.507,7.193,589,46.875,81.25,7.37,-2.5829933382462307,590,59.375,81.25,7.37,-0.5585993153435624,644.0,46.875,89.0625,7.37,2.5829933382462307,568.0,53.125,78.125,7.031,-1.5707963267948966,664.0,53.125,92.1875,7.031,1.5707963267948966,635.0,59.375,88.28125,6.987,0.4636476090008061
617,64.84375,85.15625,1.6980286459863942,-2.11,-0.497,6.992,591,71.09375,81.25,7.37,-0.5585993153435624,665,64.84375,92.1875,7.031,1.5707963267948966,645.0,70.3125,89.0625,6.72,0.6202494859828215,590.0,59.375,81.25,6.72,-2.5213431676069717,558.0,64.84375,77.34375,7.812,-1.5707963267948966,635.0,59.375,88.28125,6.298,2.62244653934327
618,76.5625,85.15625,1.7080236393404507,1.059,-0.488,6.976,645,70.3125,89.0625,7.37,2.5829933382462307,569,76.5625,78.125,7.031,-1.5707963267948966,666.0,76.5625,92.1875,7.031,1.5707963267948966,597.0,82.8125,82.03125,6.987,-0.4636476090008061,591.0,71.09375,81.25,6.72,-2.5213431676069717,646.0,82.03125,89.0625,6.72,0.6202494859828215
619,88.28125,85.15625,1.6896663636795066,0.768,-0.498,7.151,646,82.03125,89.0625,7.37,2.5829933382462307,647,94.53125,89.0625,7.37,0.5585993153435624,667.0,88.28125,92.1875,7.031,1.5707963267948966,598.0,94.53125,82.03125,6.987,-0.4636476090008061,559.0,89.0625,77.34375,7.851,-1.4711276743037347,597.0,82.8125,82.03125,6.298,-2.62244653934327
620,100.0,85.15625,1.6372885253802343,0.681,-0.482,6.892,570,101.5625,78.125,7.202,-1.3521273809209546,648,106.25,89.0625,7.37,0.5585993153435624,647.0,94.53125,89.0625,6.72,2.5213431676069717,677.0,100.0,92.96875,7.812,1.5707963267948966,598.0,94.53125,82.03125,6.298,-2.62244653934327,603.0,105.46875,82.8125,5.949,-0.40489178628508343
621,125.0,85.15625,1.657532916916828,2.878,0.215,7.072,580,129.6875,79.6875,7.202,-0.8621700546672264,577,122.65625,78.90625,6.675,-1.9295669970654687,678.0,123.4375,92.96875,7.967,1.7681918866447774,649.0,117.96875,89.0625,8.043,2.6344941491974563,606.0,118.75,83.59375,6.442,-2.896613990462929,656.0,128.90625,89.84375,6.101,0.8760580505981934
622,170.3125,85.15625,1.6900773302958283,2.7,0.44,6.815,583,175.78125,80.46875,7.202,-0.7086262721276703,572,169.53125,78.125,7.074,-1.6814535479687922,671.0,170.3125,92.1875,7.031,1.5707963267948966,636.0,164.0625,88.28125,6.987,2.677945044588987,609.0,164.0625,84.375,6.298,-3.017237659043032,637.0,175.78125,88.28125,6.298,0.5191461142465229
623,192.96875,85.15625,1.7008428784133982,-0.039,-0.492,6.906,651,199.21875,89.0625,7.37,0.5585993153435624,573,192.96875,78.125,7.031,-1.5707963267948966,673.0,192.96875,92.1875,7.031,1.5707963267948966,600.0,199.21875,82.03125,6.987,-0.4636476090008061,593.0,187.5,81.25,6.72,-2.5213431676069717,638.0,187.5,88.28125,6.298,2.62244653934327
624,229.6875,85.15625,1.6387119824959953,-0.652,-0.51,7.403,594,235.9375,81.25,7.37,-0.5585993153435624,652,223.4375,89.0625,7.37,2.5829933382462307,674.0,229.6875,92.1875,7.031,1.5707963267948966,639.0,235.9375,88.28125,6.987,0.4636476090008061,584.0,223.4375,80.46875,7.812,-2.498091544796509,562.0,230.46875,77.34375,7.851,-1.4711276743037347
625,242.1875,85.15625,1.6820303509541517,2.16,-0.445,7.035,594,235.9375,81.25,7.37,-2.5829933382462307,574,242.96875,78.125,7.074,-1.460139105621001,675.0,241.40625,92.1875,7.074,1.6814535479687922,601.0,248.4375,82.03125,6.987,-0.4636476090008061,639.0,235.9375,88.28125,6.987,2.677945044588987,653.0,247.65625,89.0625,6.72,0.6202494859828215
626,286.71875,85.15625,1.678047727325375,1.059,-0.508,7.193,595,280.46875,81.25,7.37,-2.5829933382462307,654,280.46875,89.0625,7.37,2.5829933382462307,655.0,292.96875,89.0625,7.37,0.5585993153435624,575.0,286.71875,78.125,7.031,-1.5707963267948966,676.0,286.71875,92.1875,7.031,1.5707963267948966,602.0,292.96875,82.03125,6.987,-0.4636476090008061
627,299.21875,85.15625,1.5917925653510663,3.094,-0.298,7.3,655,292.96875,89.0625,7.37,2.5829933382462307,576,299.21875,78.125,7.031,-1.5707963267948966,602.0,292.96875,82.03125,6.987,-2.677945044588987,683.0,299.21875,92.96875,7.812,1.5707963267948966,,,,,,,,,,
628,133.59375,85.9375,1.6453563098402433,2.99,0.168,7.077,634,140.625,87.5,7.202,0.21866894587394195,580,129.6875,79.6875,7.37,-2.129395642138459,582.0,137.5,80.46875,6.72,-0.9505468408120752,669.0,135.15625,92.1875,6.442,1.3258176636680326,656.0,128.90625,89.84375,6.101,2.44685437739309,621.0,125.0,85.15625,8.629,-3.050932766389048
629,204.6875,85.9375,1.6754755467101141,0.022,-0.473,6.913,657,210.9375,89.84375,7.37,0.5585993153435624,578,205.46875,78.90625,7.074,-1.460139105621001,680.0,204.6875,92.96875,7.031,1.5707963267948966,604.0,210.9375,82.8125,6.987,-0.4636476090008061,600.0,199.21875,82.03125,6.72,-2.5213431676069717,651.0,199.21875,89.0625,6.298,2.62244653934327
630,217.1875,85.9375,1.6566326449686586,-2.639,0.445,7.163,657,210.9375,89.84375,7.37,2.5829933382462307,681,217.1875,92.96875,7.031,1.5707963267948966,652.0,223.4375,89.0625,6.987,0.4636476090008061,604.0,210.9375,82.8125,6.987,-2.677945044588987,581.0,216.40625,79.6875,6.298,-1.695151321341658,584.0,223.4375,80.46875,8.304,-0.7188299996216245
631,254.6875,85.9375,1.6844142475874064,-2.012,-0.448,7.261,601,248.4375,82.03125,7.37,-2.5829933382462307,658,260.9375,89.84375,7.37,0.5585993153435624,682.0,253.90625,92.96875,7.074,1.6814535479687922,579.0,255.46875,78.90625,7.074,-1.460139105621001,605.0,260.9375,82.8125,6.987,-0.4636476090008061,653.0,247.65625,89.0625,7.694,2.723368324010564
632,146.875,86.71875,1.5732882953159553,-0.395,0.318,6.285,599,151.5625,82.03125,6.629,-0.7853981633974483,592,143.75,81.25,6.298,-2.0899424410414196,634.0,140.625,87.5,6.298,3.017237659043032,679.0,146.875,92.96875,6.25,1.5707963267948966,650.0,152.34375,89.0625,5.949,0.40489178628508343,,,,,
633,267.1875,86.71875,1.632856087173733,1.012,-0.434,7.151,605,260.9375,82.8125,7.37,-2.5829933382462307,611,274.21875,84.375,7.411,-0.3217505543966422,684.0,267.1875,93.75,7.031,1.5707963267948966,658.0,260.9375,89.84375,6.987,2.677945044588987,659.0,273.4375,91.40625,7.812,0.6435011087932844,585.0,267.96875,80.46875,6.298,-1.446441332248135
634,140.625,87.5,1.6232572124168558,-1.511,0.043,7.281,628,133.59375,85.9375,7.202,-2.922923707715851,669,135.15625,92.1875,7.202,2.432966381462123,592.0,143.75,81.25,6.987,-1.1071487177940904,582.0,137.5,80.46875,7.694,-1.9890206563741257,632.0,146.875,86.71875,6.298,-0.12435499454676144,679.0,146.875,92.96875,8.304,0.7188299996216245
635,59.375,88.28125,1.6023434259488725,2.346,-0.507,7.043,664,53.125,92.1875,7.37,2.5829933382462307,590,59.375,81.25,7.031,-1.5707963267948966,616.0,53.125,85.15625,6.987,-2.677945044588987,665.0,64.84375,92.1875,6.72,0.6202494859828215,690.0,58.59375,96.09375,7.851,1.6704649792860586,617.0,64.84375,85.15625,6.298,-0.5191461142465229
636,164.0625,88.28125,1.5016246000096187,1.45,0.448,7.34,671,170.3125,92.1875,7.37,0.5585993153435624,622,170.3125,85.15625,6.987,-0.4636476090008061,670.0,158.59375,92.1875,6.72,2.5213431676069717,607.0,157.8125,83.59375,7.812,-2.498091544796509,699.0,164.0625,96.09375,7.812,1.5707963267948966,,,,,
637,175.78125,88.28125,1.6551096467221522,2.14,0.506,7.014,610,181.25,84.375,6.72,-0.6202494859828215,671,170.3125,92.1875,6.72,2.5213431676069717,672.0,181.25,92.1875,6.72,0.6202494859828215,583.0,175.78125,80.46875,7.812,-1.5707963267948966,700.0,175.78125,96.09375,7.812,1.5707963267948966,622.0,170.3125,85.15625,6.298,-2.62244653934327
638,187.5,88.28125,1.6519595155541948,1.734,-0.508,7.1,610,181.25,84.375,7.37,-2.5829933382462307,672,181.25,92.1875,7.37,2.5829933382462307,593.0,187.5,81.25,7.031,-1.5707963267948966,673.0,192.96875,92.1875,6.72,0.6202494859828215,701.0,187.5,96.09375,7.812,1.5707963267948966,623.0,192.96875,85.15625,6.298,-0.5191461142465229
639,235.9375,88.28125,1.6062208671288127,2.134,-0.497,7.158,674,229.6875,92.1875,7.37,2.5829933382462307,594,235.9375,81.25,7.031,-1.5707963267948966,624.0,229.6875,85.15625,6.987,-2.677945044588987,625.0,242.1875,85.15625,6.987,-0.4636476090008061,675.0,241.40625,92.1875,6.72,0.6202494859828215,705.0,235.15625,96.09375,7.851,1.6704649792860586
640,0.0,89.0625,1.6343446779762096,-0.051,-0.299,6.77,596,0.0,82.03125,7.031,-1.5707963267948966,685,0.0,96.09375,7.031,1.5707963267948966,612.0,5.46875,85.15625,6.72,-0.6202494859828215,660.0,5.46875,92.1875,6.298,0.5191461142465229,,,,,,,,,,
641,11.71875,89.0625,1.6811391295162295,-1.917,0.523,7.036,612,5.46875,85.15625,7.37,-2.5829933382462307,686,11.71875,96.09375,7.031,1.5707963267948966,660.0,5.46875,92.1875,6.987,2.677945044588987,613.0,17.1875,85.15625,6.72,-0.6202494859828215,586.0,11.71875,81.25,7.812,-1.5707963267948966,661.0,17.1875,92.1875,6.298,0.5191461142465229
642,23.4375,89.0625,1.6940248243162335,-1.571,-0.524,7.259,613,17.1875,85.15625,7.37,-2.5829933382462307,614,29.6875,85.15625,7.37,-0.5585993153435624,687.0,23.4375,96.09375,7.031,1.5707963267948966,661.0,17.1875,92.1875,6.987,2.677945044588987,662.0,29.6875,92.1875,6.987,0.4636476090008061,587.0,23.4375,81.25,7.812,-1.5707963267948966
643,35.15625,89.0625,1.677679753892972,-1.226,-0.524,7.036,615,41.40625,85.15625,7.37,-0.5585993153435624,688,35.15625,96.09375,7.031,1.5707963267948966,663.0,41.40625,92.1875,6.987,0.4636476090008061,614.0,29.6875,85.15625,6.72,-2.5213431676069717,588.0,35.15625,81.25,7.812,-1.5707963267948966,662.0,29.6875,92.1875,6.298,2.62244653934327
644,46.875,89.0625,1.634298342120705,-1.226,-0.524,7.036,616,53.125,85.15625,7.37,-0.5585993153435624,689,46.875,96.09375,7.031,1.5707963267948966,664.0,53.125,92.1875,6.987,0.4636476090008061,615.0,41.40625,85.15625,6.72,-2.5213431676069717,589.0,46.875,81.25,7.812,-1.5707963267948966,663.0,41.40625,92.1875,6.298,2.62244653934327
645,70.3125,89.0625,1.6159288381194097,-0.795,-0.507,7.043,618,76.5625,85.15625,7.37,-0.5585993153435624,691,70.3125,96.09375,7.031,1.5707963267948966,666.0,76.5625,92.1875,6.987,0.4636476090008061,617.0,64.84375,85.15625,6.72,-2.5213431676069717,591.0,71.09375,81.25,7.851,-1.4711276743037347,665.0,64.84375,92.1875,6.298,2.62244653934327
646,82.03125,89.0625,1.6453975546243218,-0.759,-0.505,6.913,619,88.28125,85.15625,7.37,-0.5585993153435624,597,82.8125,82.03125,7.074,-1.460139105621001,692.0,82.03125,96.09375,7.031,1.5707963267948966,667.0,88.28125,92.1875,6.987,0.4636476090008061,618.0,76.5625,85.15625,6.72,-2.5213431676069717,666.0,76.5625,92.1875,6.298,2.62244653934327
647,94.53125,89.0625,1.6592335886072813,-2.766,-0.488,6.984,619,88.28125,85.15625,7.37,-2.5829933382462307,693,93.75,96.09375,7.074,1.6814535479687922,598.0,94.53125,82.03125,7.031,-1.5707963267948966,667.0,88.28125,92.1875,6.987,2.677945044588987,620.0,100.0,85.15625,6.72,-0.6202494859828215,677.0,100.0,92.96875,6.72,0.6202494859828215
648,106.25,89.0625,1.685955764381703,-2.577,0.482,7.03,620,100.0,85.15625,7.37,-2.5829933382462307,677,100.0,92.96875,7.37,2.5829933382462307,694.0,106.25,96.09375,7.031,1.5707963267948966,608.0,112.5,84.375,7.812,-0.6435011087932844,668.0,111.71875,92.1875,6.298,0.5191461142465229,603.0,105.46875,82.8125,6.298,-1.695151321341658
649,117.96875,89.0625,1.594410017786658,1.532,0.503,7.197,608,112.5,84.375,7.202,-2.432966381462123,695,117.96875,96.09375,7.031,1.5707963267948966,668.0,111.71875,92.1875,6.987,2.677945044588987,678.0,123.4375,92.96875,6.72,0.6202494859828215,621.0,125.0,85.15625,8.043,-0.507098504392337,,,,,
650,152.34375,89.0625,1.625050862931583,-2.637,0.399,6.923,599,151.5625,82.03125,7.074,-1.6814535479687922,698,153.125,96.09375,7.074,1.460139105621001,670.0,158.59375,92.1875,6.987,0.4636476090008061,607.0,157.8125,83.59375,7.733,-0.7853981633974483,679.0,146.875,92.96875,6.72,2.5213431676069717,632.0,146.875,86.71875,5.949,-2.7367008673047097
651,199.21875,89.0625,1.6717657818500682,3.103,-0.492,6.906,623,192.96875,85.15625,7.37,-2.5829933382462307,600,199.21875,82.03125,7.031,-1.5707963267948966,702.0,199.21875,96.09375,7.031,1.5707963267948966,673.0,192.96875,92.1875,6.987,2.677945044588987,680.0,204.6875,92.96875,6.72,0.6202494859828215,629.0,204.6875,85.9375,6.298,-0.5191461142465229
652,223.4375,89.0625,1.648910093527784,-0.665,0.491,7.39,624,229.6875,85.15625,7.37,-0.5585993153435624,681,217.1875,92.96875,7.37,2.5829933382462307,704.0,223.4375,96.09375,7.031,1.5707963267948966,630.0,217.1875,85.9375,6.987,-2.677945044588987,674.0,229.6875,92.1875,6.987,0.4636476090008061,584.0,223.4375,80.46875,8.593,-1.5707963267948966
653,247.65625,89.0625,1.6794451620188315,-0.025,-0.456,7.146,682,253.90625,92.96875,7.37,0.5585993153435624,601,248.4375,82.03125,7.074,-1.460139105621001,706.0,247.65625,96.09375,7.031,1.5707963267948966,675.0,241.40625,92.1875,6.987,2.677945044588987,631.0,254.6875,85.9375,7.694,-0.4182243295792291,625.0,242.1875,85.15625,6.72,-2.5213431676069717
654,280.46875,89.0625,1.605408349984958,-1.875,-0.469,7.411,626,286.71875,85.15625,7.37,-0.5585993153435624,659,273.4375,91.40625,7.411,2.819842099193151,708.0,279.6875,96.09375,7.074,1.6814535479687922,676.0,286.71875,92.1875,6.987,0.4636476090008061,595.0,280.46875,81.25,7.812,-1.5707963267948966,611.0,274.21875,84.375,7.812,-2.498091544796509
655,292.96875,89.0625,1.692396156620735,-2.082,-0.508,7.193,626,286.71875,85.15625,7.37,-2.5829933382462307,627,299.21875,85.15625,7.37,-0.5585993153435624,683.0,299.21875,92.96875,7.37,0.5585993153435624,602.0,292.96875,82.03125,7.031,-1.5707963267948966,709.0,292.96875,96.09375,7.031,1.5707963267948966,676.0,286.71875,92.1875,6.987,2.677945044588987
656,128.90625,89.84375,1.5192913783301216,0.932,0.512,6.295,669,135.15625,92.1875,6.675,0.35877067027057225,678,123.4375,92.96875,6.298,2.62244653934327,696.0,129.6875,96.09375,6.298,1.446441332248135,628.0,133.59375,85.9375,6.101,-0.6947382761967031,621.0,125.0,85.15625,6.101,-2.2655346029916,,,,,
657,210.9375,89.84375,1.6266474682681749,-1.571,-0.524,6.999,629,204.6875,85.9375,7.37,-2.5829933382462307,630,217.1875,85.9375,7.37,-0.5585993153435624,604.0,210.9375,82.8125,7.031,-1.5707963267948966,680.0,204.6875,92.96875,6.987,2.677945044588987,681.0,217.1875,92.96875,6.987,0.4636476090008061,703.0,210.9375,96.09375,6.25,1.5707963267948966
658,260.9375,89.84375,1.629877504785411,-2.814,-0.464,7.125,631,254.6875,85.9375,7.37,-2.5829933382462307,684,267.1875,93.75,7.37,0.5585993153435624,605.0,260.9375,82.8125,7.031,-1.5707963267948966,633.0,267.1875,86.71875,6.987,-0.4636476090008061,682.0,253.90625,92.96875,7.694,2.723368324010564,707.0,260.15625,96.09375,6.298,1.695151321341658
659,273.4375,91.40625,1.6518291722773142,0.997,-0.388,7.439,654,280.46875,89.0625,7.411,-0.3217505543966422,611,274.21875,84.375,7.074,-1.460139105621001,633.0,267.1875,86.71875,7.812,-2.498091544796509,708.0,279.6875,96.09375,7.812,0.6435011087932844,684.0,267.1875,93.75,6.675,2.782821983319221,733.0,272.65625,99.21875,7.851,1.6704649792860586
660,5.46875,92.1875,1.693481355284387,1.225,0.523,6.906,686,11.71875,96.09375,7.37,0.5585993153435624,612,5.46875,85.15625,7.031,-1.5707963267948966,710.0,5.46875,99.21875,7.031,1.5707963267948966,641.0,11.71875,89.0625,6.987,-0.4636476090008061,685.0,0.0,96.09375,6.72,2.5213431676069717,640.0,0.0,89.0625,6.298,-2.62244653934327
661,17.1875,92.1875,1.663142517329445,1.225,0.523,6.906,687,23.4375,96.09375,7.37,0.5585993153435624,613,17.1875,85.15625,7.031,-1.5707963267948966,711.0,17.1875,99.21875,7.031,1.5707963267948966,642.0,23.4375,89.0625,6.987,-0.4636476090008061,686.0,11.71875,96.09375,6.72,2.5213431676069717,641.0,11.71875,89.0625,6.298,-2.62244653934327
662,29.6875,92.1875,1.6599430025072213,1.916,-0.524,6.906,687,23.4375,96.09375,7.37,2.5829933382462307,614,29.6875,85.15625,7.031,-1.5707963267948966,712.0,29.6875,99.21875,7.031,1.5707963267948966,642.0,23.4375,89.0625,6.987,-2.677945044588987,688.0,35.15625,96.09375,6.72,0.6202494859828215,643.0,35.15625,89.0625,6.298,-0.5191461142465229
663,41.40625,92.1875,1.694144549683347,1.916,-0.524,6.906,688,35.15625,96.09375,7.37,2.5829933382462307,615,41.40625,85.15625,7.031,-1.5707963267948966,713.0,41.40625,99.21875,7.031,1.5707963267948966,643.0,35.15625,89.0625,6.987,-2.677945044588987,689.0,46.875,96.09375,6.72,0.6202494859828215,644.0,46.875,89.0625,6.298,-0.5191461142465229
664,53.125,92.1875,1.707441616620804,2.112,0.517,7.085,635,59.375,88.28125,7.37,-0.5585993153435624,689,46.875,96.09375,7.37,2.5829933382462307,616.0,53.125,85.15625,7.031,-1.5707963267948966,714.0,53.125,99.21875,7.031,1.5707963267948966,644.0,46.875,89.0625,6.987,-2.677945044588987,690.0,58.59375,96.09375,6.72,0.6202494859828215
665,64.84375,92.1875,1.7081323250497755,1.031,-0.497,6.862,690,58.59375,96.09375,7.37,2.5829933382462307,617,64.84375,85.15625,7.031,-1.5707963267948966,715.0,64.84375,99.21875,7.031,1.5707963267948966,635.0,59.375,88.28125,6.72,-2.5213431676069717,691.0,70.3125,96.09375,6.72,0.6202494859828215,645.0,70.3125,89.0625,6.298,-0.5191461142465229
666,76.5625,92.1875,1.6983032340720696,1.916,-0.524,6.906,691,70.3125,96.09375,7.37,2.5829933382462307,618,76.5625,85.15625,7.031,-1.5707963267948966,716.0,76.5625,99.21875,7.031,1.5707963267948966,645.0,70.3125,89.0625,6.987,-2.677945044588987,692.0,82.03125,96.09375,6.72,0.6202494859828215,646.0,82.03125,89.0625,6.298,-0.5191461142465229
667,88.28125,92.1875,1.681870834225402,1.727,-0.514,7.021,692,82.03125,96.09375,7.37,2.5829933382462307,619,88.28125,85.15625,7.031,-1.5707963267948966,717.0,88.28125,99.21875,7.031,1.5707963267948966,646.0,82.03125,89.0625,6.987,-2.677945044588987,647.0,94.53125,89.0625,6.987,-0.4636476090008061,693.0,93.75,96.09375,6.72,0.6202494859828215
668,111.71875,92.1875,1.6538915157726848,0.824,-0.508,7.043,695,117.96875,96.09375,7.37,0.5585993153435624,719,111.71875,99.21875,7.031,1.5707963267948966,649.0,117.96875,89.0625,6.987,-0.4636476090008061,694.0,106.25,96.09375,6.72,2.5213431676069717,608.0,112.5,84.375,7.851,-1.4711276743037347,648.0,106.25,89.0625,6.298,-2.62244653934327
669,135.15625,92.1875,1.6747200312840946,2.715,0.419,6.798,634,140.625,87.5,7.202,-0.7086262721276703,721,135.15625,99.21875,7.031,1.5707963267948966,697.0,140.625,96.09375,6.72,0.6202494859828215,696.0,129.6875,96.09375,6.72,2.5213431676069717,656.0,128.90625,89.84375,6.675,-2.782821983319221,628.0,133.59375,85.9375,6.442,-1.8157749899217608
670,158.59375,92.1875,1.6810379108331994,2.462,0.48,7.134,723,158.59375,99.21875,7.031,1.5707963267948966,650,152.34375,89.0625,6.987,-2.677945044588987,698.0,153.125,96.09375,6.72,2.5213431676069717,636.0,164.0625,88.28125,6.72,-0.6202494859828215,699.0,164.0625,96.09375,6.72,0.6202494859828215,607.0,157.8125,83.59375,8.629,-1.6614562139956417
671,170.3125,92.1875,1.644082759000307,3.141,-0.524,7.04,636,164.0625,88.28125,7.37,-2.5829933382462307,699,164.0625,96.09375,7.37,2.5829933382462307,622.0,170.3125,85.15625,7.031,-1.5707963267948966,724.0,170.3125,99.21875,7.031,1.5707963267948966,637.0,175.78125,88.28125,6.72,-0.6202494859828215,700.0,175.78125,96.09375,6.72,0.6202494859828215
672,181.25,92.1875,1.670017059699492,0.0,-0.524,7.17,638,187.5,88.28125,7.37,-0.5585993153435624,701,187.5,96.09375,7.37,0.5585993153435624,725.0,181.25,99.21875,7.031,1.5707963267948966,637.0,175.78125,88.28125,6.72,-2.5213431676069717,700.0,175.78125,96.09375,6.72,2.5213431676069717,610.0,181.25,84.375,7.812,-1.5707963267948966
673,192.96875,92.1875,1.7027057652137563,0.624,-0.507,6.976,702,199.21875,96.09375,7.37,0.5585993153435624,623,192.96875,85.15625,7.031,-1.5707963267948966,726.0,192.96875,99.21875,7.031,1.5707963267948966,651.0,199.21875,89.0625,6.987,-0.4636476090008061,701.0,187.5,96.09375,6.72,2.5213431676069717,638.0,187.5,88.28125,6.72,-2.5213431676069717
674,229.6875,92.1875,1.6859915469672804,2.112,0.517,7.085,639,235.9375,88.28125,7.37,-0.5585993153435624,704,223.4375,96.09375,7.37,2.5829933382462307,624.0,229.6875,85.15625,7.031,-1.5707963267948966,729.0,229.6875,99.21875,7.031,1.5707963267948966,652.0,223.4375,89.0625,6.987,-2.677945044588987,705.0,235.15625,96.09375,6.72,0.6202494859828215
675,241.40625,92.1875,1.6787933294893636,0.194,-0.479,7.092,705,235.15625,96.09375,7.37,2.5829933382462307,706,247.65625,96.09375,7.37,0.5585993153435624,625.0,242.1875,85.15625,7.074,-1.460139105621001,730.0,241.40625,99.21875,7.031,1.5707963267948966,653.0,247.65625,89.0625,6.987,-0.4636476090008061,639.0,235.9375,88.28125,6.72,-2.5213431676069717
676,286.71875,92.1875,1.6022807344295393,2.441,-0.497,7.249,709,292.96875,96.09375,7.37,0.5585993153435624,734,285.9375,99.21875,7.074,1.6814535479687922,626.0,286.71875,85.15625,7.031,-1.5707963267948966,654.0,280.46875,89.0625,6.987,-2.677945044588987,655.0,292.96875,89.0625,6.987,-0.4636476090008061,708.0,279.6875,96.09375,8.043,2.6344941491974563
677,100.0,92.96875,1.6526998632422487,-1.415,-0.514,7.021,648,106.25,89.0625,7.37,-0.5585993153435624,693,93.75,96.09375,6.987,2.677945044588987,694.0,106.25,96.09375,6.987,0.4636476090008061,647.0,94.53125,89.0625,6.72,-2.5213431676069717,620.0,100.0,85.15625,7.812,-1.5707963267948966,718.0,100.0,99.21875,6.25,1.5707963267948966
678,123.4375,92.96875,1.6408017607428351,-0.393,-0.487,6.753,696,129.6875,96.09375,6.987,0.4636476090008061,649,117.96875,89.0625,6.72,-2.5213431676069717,621.0,125.0,85.15625,7.967,-1.373400766945016,656.0,128.90625,89.84375,6.298,-0.5191461142465229,695.0,117.96875,96.09375,6.298,2.62244653934327,720.0,123.4375,99.21875,6.25,1.5707963267948966
679,146.875,92.96875,1.6453146980332822,-1.396,-0.512,6.916,697,140.625,96.09375,6.987,2.677945044588987,698,153.125,96.09375,6.987,0.4636476090008061,650.0,152.34375,89.0625,6.72,-0.6202494859828215,632.0,146.875,86.71875,6.25,-1.5707963267948966,722.0,146.875,99.21875,6.25,1.5707963267948966,634.0,140.625,87.5,8.304,-2.4227626539681686
680,204.6875,92.96875,1.6539633118118309,-0.673,-0.507,6.712,629,204.6875,85.9375,7.031,-1.5707963267948966,657,210.9375,89.84375,6.987,-0.4636476090008061,703.0,210.9375,96.09375,6.987,0.4636476090008061,651.0,199.21875,89.0625,6.72,-2.5213431676069717,702.0,199.21875,96.09375,6.298,2.62244653934327,727.0,204.6875,99.21875,6.25,1.5707963267948966
681,217.1875,92.96875,1.6641451179544937,-2.082,0.507,6.935,652,223.4375,89.0625,7.37,-0.5585993153435624,630,217.1875,85.9375,7.031,-1.5707963267948966,657.0,210.9375,89.84375,6.987,-2.677945044588987,703.0,210.9375,96.09375,6.987,2.677945044588987,704.0,223.4375,96.09375,6.987,0.4636476090008061,728.0,217.1875,99.21875,6.25,1.5707963267948966
682,253.90625,92.96875,1.6683012674368634,-0.2,-0.482,7.06,653,247.65625,89.0625,7.37,-2.5829933382462307,631,254.6875,85.9375,7.074,-1.460139105621001,706.0,247.65625,96.09375,6.987,2.677945044588987,707.0,260.15625,96.09375,6.987,0.4636476090008061,658.0,260.9375,89.84375,7.694,-0.4182243295792291,731.0,253.90625,99.21875,6.25,1.5707963267948966
683,299.21875,92.96875,1.5881780052250083,-3.095,0.297,7.105,655,292.96875,89.0625,7.37,-2.5829933382462307,709,292.96875,96.09375,6.987,2.677945044588987,627.0,299.21875,85.15625,7.812,-1.5707963267948966,735.0,299.21875,99.21875,6.25,1.5707963267948966,,,,,,,,,,
684,267.1875,93.75,1.6154185774830856,-1.748,-0.468,7.244,658,260.9375,89.84375,7.37,-2.5829933382462307,707,260.15625,96.09375,7.411,2.819842099193151,633.0,267.1875,86.71875,7.031,-1.5707963267948966,733.0,272.65625,99.21875,7.733,0.7853981633974483,659.0,273.4375,91.40625,6.675,-0.35877067027057225,,,,,
685,0.0,96.09375,1.652914783877338,-0.573,-0.067,6.683,640,0.0,89.0625,7.031,-1.5707963267948966,660,5.46875,92.1875,6.72,-0.6202494859828215,710.0,5.46875,99.21875,6.298,0.5191461142465229,,,,,,,,,,,,,,,
686,11.71875,96.09375,1.6995043910279242,-1.623,-0.42,6.881,660,5.46875,92.1875,7.37,-2.5829933382462307,641,11.71875,89.0625,7.031,-1.5707963267948966,710.0,5.46875,99.21875,6.987,2.677945044588987,661.0,17.1875,92.1875,6.72,-0.6202494859828215,711.0,17.1875,99.21875,6.298,0.5191461142465229,,,,,
687,23.4375,96.09375,1.714907564168379,-1.571,-0.419,7.149,661,17.1875,92.1875,7.37,-2.5829933382462307,662,29.6875,92.1875,7.37,-0.5585993153435624,642.0,23.4375,89.0625,7.031,-1.5707963267948966,711.0,17.1875,99.21875,6.987,2.677945044588987,712.0,29.6875,99.21875,6.987,0.4636476090008061,,,,,
688,35.15625,96.09375,1.7039063482207395,-1.52,0.419,6.881,663,41.40625,92.1875,7.37,-0.5585993153435624,643,35.15625,89.0625,7.031,-1.5707963267948966,713.0,41.40625,99.21875,6.987,0.4636476090008061,662.0,29.6875,92.1875,6.72,-2.5213431676069717,712.0,29.6875,99.21875,6.298,2.62244653934327,,,,,
689,46.875,96.09375,1.6791651689843268,-1.52,0.419,6.881,664,53.125,92.1875,7.37,-0.5585993153435624,644,46.875,89.0625,7.031,-1.5707963267948966,714.0,53.125,99.21875,6.987,0.4636476090008061,663.0,41.40625,92.1875,6.72,-2.5213431676069717,713.0,41.40625,99.21875,6.298,2.62244653934327,,,,,
690,58.59375,96.09375,1.6662326703188912,-1.435,0.443,7.045,665,64.84375,92.1875,7.37,-0.5585993153435624,715,64.84375,99.21875,6.987,0.4636476090008061,664.0,53.125,92.1875,6.72,-2.5213431676069717,635.0,59.375,88.28125,7.851,-1.4711276743037347,714.0,53.125,99.21875,6.298,2.62244653934327,,,,,
691,70.3125,96.09375,1.6760603914969066,-1.52,0.419,6.881,666,76.5625,92.1875,7.37,-0.5585993153435624,645,70.3125,89.0625,7.031,-1.5707963267948966,716.0,76.5625,99.21875,6.987,0.4636476090008061,665.0,64.84375,92.1875,6.72,-2.5213431676069717,715.0,64.84375,99.21875,6.298,2.62244653934327,,,,,
692,82.03125,96.09375,1.6806465413539704,-1.52,0.419,6.881,667,88.28125,92.1875,7.37,-0.5585993153435624,646,82.03125,89.0625,7.031,-1.5707963267948966,717.0,88.28125,99.21875,6.987,0.4636476090008061,666.0,76.5625,92.1875,6.72,-2.5213431676069717,716.0,76.5625,99.21875,6.298,2.62244653934327,,,,,
693,93.75,96.09375,1.6702597074306698,-1.373,0.47,6.813,647,94.53125,89.0625,7.074,-1.460139105621001,677,100.0,92.96875,6.987,-0.4636476090008061,718.0,100.0,99.21875,6.987,0.4636476090008061,667.0,88.28125,92.1875,6.72,-2.5213431676069717,717.0,88.28125,99.21875,6.298,2.62244653934327,,,,,
694,106.25,96.09375,1.6647591680798435,-1.669,-0.444,6.805,648,106.25,89.0625,7.031,-1.5707963267948966,677,100.0,92.96875,6.987,-2.677945044588987,718.0,100.0,99.21875,6.987,2.677945044588987,668.0,111.71875,92.1875,6.72,-0.6202494859828215,719.0,111.71875,99.21875,6.298,0.5191461142465229,,,,,
695,117.96875,96.09375,1.6576209722410051,-1.577,0.441,6.797,668,111.71875,92.1875,7.37,-2.5829933382462307,649,117.96875,89.0625,7.031,-1.5707963267948966,719.0,111.71875,99.21875,6.987,2.677945044588987,678.0,123.4375,92.96875,6.298,-0.5191461142465229,720.0,123.4375,99.21875,6.298,0.5191461142465229,,,,,
696,129.6875,96.09375,1.625104977076045,-1.782,-0.474,6.658,720,123.4375,99.21875,6.987,2.677945044588987,678,123.4375,92.96875,6.987,-2.677945044588987,669.0,135.15625,92.1875,6.72,-0.6202494859828215,656.0,128.90625,89.84375,6.298,-1.695151321341658,721.0,135.15625,99.21875,6.298,0.5191461142465229,,,,,
697,140.625,96.09375,1.6200078673797045,-1.473,0.443,7.117,679,146.875,92.96875,6.987,-0.4636476090008061,722,146.875,99.21875,6.987,0.4636476090008061,669.0,135.15625,92.1875,6.72,-2.5213431676069717,721.0,135.15625,99.21875,6.298,2.62244653934327,634.0,140.625,87.5,8.593,-1.5707963267948966,,,,,
698,153.125,96.09375,1.6569206454822443,-1.77,-0.471,6.813,650,152.34375,89.0625,7.074,-1.6814535479687922,679,146.875,92.96875,6.987,-2.677945044588987,722.0,146.875,99.21875,6.987,2.677945044588987,670.0,158.59375,92.1875,6.72,-0.6202494859828215,723.0,158.59375,99.21875,6.298,0.5191461142465229,,,,,
699,164.0625,96.09375,1.6790025716637804,-1.52,0.419,7.037,671,170.3125,92.1875,7.37,-0.5585993153435624,724,170.3125,99.21875,6.987,0.4636476090008061,670.0,158.59375,92.1875,6.72,-2.5213431676069717,636.0,164.0625,88.28125,7.812,-1.5707963267948966,723.0,158.59375,99.21875,6.298,2.62244653934327,,,,,
700,175.78125,96.09375,1.6966455474076767,-1.571,-0.419,6.77,671,170.3125,92.1875,6.72,-2.5213431676069717,672,181.25,92.1875,6.72,-0.6202494859828215,637.0,175.78125,88.28125,7.812,-1.5707963267948966,724.0,170.3125,99.21875,6.298,2.62244653934327,725.0,181.25,99.21875,6.298,0.5191461142465229,,,,,
701,187.5,96.09375,1.6608163568079712,-1.623,-0.42,7.037,672,181.25,92.1875,7.37,-2.5829933382462307,725,181.25,99.21875,6.987,2.677945044588987,673.0,192.96875,92.1875,6.72,-0.6202494859828215,638.0,187.5,88.28125,7.812,-1.5707963267948966,726.0,192.96875,99.21875,6.298,0.5191461142465229,,,,,
702,199.21875,96.09375,1.6696588352800923,-1.577,0.441,6.797,673,192.96875,92.1875,7.37,-2.5829933382462307,651,199.21875,89.0625,7.031,-1.5707963267948966,726.0,192.96875,99.21875,6.987,2.677945044588987,680.0,204.6875,92.96875,6.298,-0.5191461142465229,727.0,204.6875,99.21875,6.298,0.5191461142465229,,,,,
703,210.9375,96.09375,1.6844378813916214,-1.571,0.418,6.84,680,204.6875,92.96875,6.987,-2.677945044588987,681,217.1875,92.96875,6.987,-0.4636476090008061,727.0,204.6875,99.21875,6.987,2.677945044588987,728.0,217.1875,99.21875,6.987,0.4636476090008061,657.0,210.9375,89.84375,6.25,-1.5707963267948966,,,,,
704,223.4375,96.09375,1.703335337754037,-1.614,-0.443,7.072,674,229.6875,92.1875,7.37,-0.5585993153435624,652,223.4375,89.0625,7.031,-1.5707963267948966,681.0,217.1875,92.96875,6.987,-2.677945044588987,728.0,217.1875,99.21875,6.987,2.677945044588987,729.0,229.6875,99.21875,6.987,0.4636476090008061,,,,,
705,235.15625,96.09375,1.6709528430011207,-1.435,0.443,7.045,675,241.40625,92.1875,7.37,-0.5585993153435624,730,241.40625,99.21875,6.987,0.4636476090008061,674.0,229.6875,92.1875,6.72,-2.5213431676069717,639.0,235.9375,88.28125,7.851,-1.4711276743037347,729.0,229.6875,99.21875,6.298,2.62244653934327,,,,,
706,247.65625,96.09375,1.7037380069001784,-1.528,0.442,7.072,675,241.40625,92.1875,7.37,-2.5829933382462307,653,247.65625,89.0625,7.031,-1.5707963267948966,682.0,253.90625,92.96875,6.987,-0.4636476090008061,730.0,241.40625,99.21875,6.987,2.677945044588987,731.0,253.90625,99.21875,6.987,0.4636476090008061,,,,,
707,260.15625,96.09375,1.658386308803413,-1.386,0.495,6.796,684,267.1875,93.75,7.411,-0.3217505543966422,682,253.90625,92.96875,6.987,-2.677945044588987,731.0,253.90625,99.21875,6.987,2.677945044588987,658.0,260.9375,89.84375,6.298,-1.446441332248135,732.0,265.625,99.21875,6.298,0.5191461142465229,,,,,
708,279.6875,96.09375,1.6677582731953697,-1.437,0.49,7.522,654,280.46875,89.0625,7.074,-1.460139105621001,734,285.9375,99.21875,6.987,0.4636476090008061,733.0,272.65625,99.21875,7.694,2.723368324010564,659.0,273.4375,91.40625,7.812,-2.498091544796509,676.0,286.71875,92.1875,8.043,-0.507098504392337,,,,,
709,292.96875,96.09375,1.6868450086366709,-1.547,0.452,7.214,676,286.71875,92.1875,7.37,-2.5829933382462307,655,292.96875,89.0625,7.031,-1.5707963267948966,683.0,299.21875,92.96875,6.987,-0.4636476090008061,735.0,299.21875,99.21875,6.987,0.4636476090008061,734.0,285.9375,99.21875,7.694,2.723368324010564,,,,,
710,5.46875,99.21875,1.6560914952277017,-1.558,0.036,6.772,660,5.46875,92.1875,7.031,-1.5707963267948966,686,11.71875,96.09375,6.987,-0.4636476090008061,685.0,0.0,96.09375,6.298,-2.62244653934327,,,,,,,,,,,,,,,
711,17.1875,99.21875,1.6261541711134893,-1.558,0.036,6.772,661,17.1875,92.1875,7.031,-1.5707963267948966,687,23.4375,96.09375,6.987,-0.4636476090008061,686.0,11.71875,96.09375,6.298,-2.62244653934327,,,,,,,,,,,,,,,
712,29.6875,99.21875,1.6189307566334061,-1.585,-0.037,6.772,662,29.6875,92.1875,7.031,-1.5707963267948966,687,23.4375,96.09375,6.987,-2.677945044588987,688.0,35.15625,96.09375,6.298,-0.5191461142465229,,,,,,,,,,,,,,,
713,41.40625,99.21875,1.648262710749775,-1.585,-0.037,6.772,663,41.40625,92.1875,7.031,-1.5707963267948966,688,35.15625,96.09375,6.987,-2.677945044588987,689.0,46.875,96.09375,6.298,-0.5191461142465229,,,,,,,,,,,,,,,
714,53.125,99.21875,1.6563674166992761,-1.585,-0.037,6.772,664,53.125,92.1875,7.031,-1.5707963267948966,689,46.875,96.09375,6.987,-2.677945044588987,690.0,58.59375,96.09375,6.298,-0.5191461142465229,,,,,,,,,,,,,,,
715,64.84375,99.21875,1.6545540818069278,-1.585,-0.037,6.772,665,64.84375,92.1875,7.031,-1.5707963267948966,690,58.59375,96.09375,6.987,-2.677945044588987,691.0,70.3125,96.09375,6.298,-0.5191461142465229,,,,,,,,,,,,,,,
716,76.5625,99.21875,1.6513236739904067,-1.585,-0.037,6.772,666,76.5625,92.1875,7.031,-1.5707963267948966,691,70.3125,96.09375,6.987,-2.677945044588987,692.0,82.03125,96.09375,6.298,-0.5191461142465229,,,,,,,,,,,,,,,
717,88.28125,99.21875,1.6514249695838767,-1.585,-0.037,6.772,667,88.28125,92.1875,7.031,-1.5707963267948966,692,82.03125,96.09375,6.987,-2.677945044588987,693.0,93.75,96.09375,6.298,-0.5191461142465229,,,,,,,,,,,,,,,
718,100.0,99.21875,1.6531345823859696,-1.571,0.0,6.741,693,93.75,96.09375,6.987,-2.677945044588987,694,106.25,96.09375,6.987,-0.4636476090008061,677.0,100.0,92.96875,6.25,-1.5707963267948966,,,,,,,,,,,,,,,
719,111.71875,99.21875,1.6479904002584556,-1.558,0.036,6.772,668,111.71875,92.1875,7.031,-1.5707963267948966,695,117.96875,96.09375,6.987,-0.4636476090008061,694.0,106.25,96.09375,6.298,-2.62244653934327,,,,,,,,,,,,,,,
720,123.4375,99.21875,1.6361959134509445,-1.558,0.036,6.512,696,129.6875,96.09375,6.987,-0.4636476090008061,695,117.96875,96.09375,6.298,-2.62244653934327,678.0,123.4375,92.96875,6.25,-1.5707963267948966,,,,,,,,,,,,,,,
721,135.15625,99.21875,1.6339857407182337,-1.571,0.0,6.542,669,135.15625,92.1875,7.031,-1.5707963267948966,696,129.6875,96.09375,6.298,-2.62244653934327,697.0,140.625,96.09375,6.298,-0.5191461142465229,,,,,,,,,,,,,,,
722,146.875,99.21875,1.6558684143567708,-1.571,0.0,6.741,697,140.625,96.09375,6.987,-2.677945044588987,698,153.125,96.09375,6.987,-0.4636476090008061,679.0,146.875,92.96875,6.25,-1.5707963267948966,,,,,,,,,,,,,,,
723,158.59375,99.21875,1.6480586115657179,-1.571,0.0,6.542,670,158.59375,92.1875,7.031,-1.5707963267948966,698,153.125,96.09375,6.298,-2.62244653934327,699.0,164.0625,96.09375,6.298,-0.5191461142465229,,,,,,,,,,,,,,,
724,170.3125,99.21875,1.5983121153389712,-1.585,-0.037,6.772,671,170.3125,92.1875,7.031,-1.5707963267948966,699,164.0625,96.09375,6.987,-2.677945044588987,700.0,175.78125,96.09375,6.298,-0.5191461142465229,,,,,,,,,,,,,,,
725,181.25,99.21875,1.6252586817154118,-1.558,0.036,6.772,672,181.25,92.1875,7.031,-1.5707963267948966,701,187.5,96.09375,6.987,-0.4636476090008061,700.0,175.78125,96.09375,6.298,-2.62244653934327,,,,,,,,,,,,,,,
726,192.96875,99.21875,1.6522596009844572,-1.558,0.036,6.772,673,192.96875,92.1875,7.031,-1.5707963267948966,702,199.21875,96.09375,6.987,-0.4636476090008061,701.0,187.5,96.09375,6.298,-2.62244653934327,,,,,,,,,,,,,,,
727,204.6875,99.21875,1.6162859202147875,-1.558,0.036,6.512,703,210.9375,96.09375,6.987,-0.4636476090008061,702,199.21875,96.09375,6.298,-2.62244653934327,680.0,204.6875,92.96875,6.25,-1.5707963267948966,,,,,,,,,,,,,,,
728,217.1875,99.21875,1.6341769019819068,-1.571,0.0,6.741,703,210.9375,96.09375,6.987,-2.677945044588987,704,223.4375,96.09375,6.987,-0.4636476090008061,681.0,217.1875,92.96875,6.25,-1.5707963267948966,,,,,,,,,,,,,,,
729,229.6875,99.21875,1.6270935924643513,-1.585,-0.037,6.772,674,229.6875,92.1875,7.031,-1.5707963267948966,704,223.4375,96.09375,6.987,-2.677945044588987,705.0,235.15625,96.09375,6.298,-0.5191461142465229,,,,,,,,,,,,,,,
730,241.40625,99.21875,1.6493382102398575,-1.571,0.0,7.002,675,241.40625,92.1875,7.031,-1.5707963267948966,705,235.15625,96.09375,6.987,-2.677945044588987,706.0,247.65625,96.09375,6.987,-0.4636476090008061,,,,,,,,,,,,,,,
731,253.90625,99.21875,1.6143246194353045,-1.571,0.0,6.741,706,247.65625,96.09375,6.987,-2.677945044588987,707,260.15625,96.09375,6.987,-0.4636476090008061,682.0,253.90625,92.96875,6.25,-1.5707963267948966,,,,,,,,,,,,,,,
732,265.625,99.21875,1.536939041224616,-1.312,-0.269,6.664,733,272.65625,99.21875,7.031,0.0,707,260.15625,96.09375,6.298,-2.62244653934327,,,,,,,,,,,,,,,,,,,,
733,272.65625,99.21875,1.6071768096343482,-1.889,-0.465,7.577,732,265.625,99.21875,7.031,3.141592653589793,708,279.6875,96.09375,7.694,-0.4182243295792291,684.0,267.1875,93.75,7.733,-2.356194490192345,659.0,273.4375,91.40625,7.851,-1.4711276743037347,,,,,,,,,,
734,285.9375,99.21875,1.6129310971974857,-1.501,0.108,7.252,676,286.71875,92.1875,7.074,-1.460139105621001,708,279.6875,96.09375,6.987,-2.677945044588987,709.0,292.96875,96.09375,7.694,-0.4182243295792291,,,,,,,,,,,,,,,
735,299.21875,99.21875,1.5784543869985337,-2.125,0.433,6.618,709,292.96875,96.09375,6.987,-2.677945044588987,683,299.21875,92.96875,6.25,-1.5707963267948966,,,,,,,,,,,,,,,,,,,,
