id,x,y,psi,avg_angle,phi6,avg_dist,nbr1_id,nbr1_x,nbr1_y,nbr1_dist,nbr1_angle,nbr2_id,nbr2_x,nbr2_y,nbr2_dist,nbr2_angle,nbr3_id,nbr3_x,nbr3_y,nbr3_dist,nbr3_angle,nbr4_id,nbr4_x,nbr4_y,nbr4_dist,nbr4_angle,nbr5_id,nbr5_x,nbr5_y,nbr5_dist,nbr5_angle,nbr6_id,nbr6_x,nbr6_y,nbr6_dist,nbr6_angle
1,0.0,0.0,1.5882883201195526,0.525,0.006,6.664,2,7.03125,0.0,7.031,0.0,49,3.125,5.46875,6.298,1.0516502125483738,,,,,,,,,,,,,,,,,,,,
2,7.03125,0.0,1.6478049745962504,1.621,0.037,6.965,1,0.0,0.0,7.031,3.141592653589793,49,3.125,5.46875,6.72,2.191045812777718,3.0,14.84375,0.0,7.812,0.0,50.0,10.15625,5.46875,6.298,1.0516502125483738,,,,,,,,,,
3,14.84375,0.0,1.6268209534211244,1.745,0.131,7.18,50,10.15625,5.46875,7.202,2.279422598922567,4,21.875,0.0,7.031,0.0,2.0,7.03125,0.0,7.812,3.141592653589793,57.0,17.1875,6.25,6.675,1.2120256565243244,,,,,,,,,,
4,21.875,0.0,1.549019926156086,1.758,0.277,7.496,3,14.84375,0.0,7.031,3.141592653589793,31,28.125,3.125,6.987,0.4636476090008061,57.0,17.1875,6.25,7.812,2.214297435588181,74.0,24.21875,7.8125,8.156,1.2793395323170296,,,,,,,,,,
5,39.0625,0.0,1.628263892725169,1.32,-0.378,7.101,51,43.75,5.46875,7.202,0.8621700546672264,32,32.8125,3.125,6.987,2.677945044588987,75.0,37.5,7.8125,7.967,1.7681918866447774,6.0,45.3125,0.0,6.25,0.0,,,,,,,,,,
6,45.3125,0.0,1.548143026721852,1.83,-0.269,6.274,33,50.78125,3.125,6.298,0.5191461142465229,5,39.0625,0.0,6.25,3.141592653589793,,,,,,,,,,,,,,,,,,,,
7,56.25,0.0,1.595028452902739,1.557,-0.037,6.772,67,56.25,7.03125,7.031,1.5707963267948966,34,62.5,3.125,6.987,0.4636476090008061,33.0,50.78125,3.125,6.298,2.62244653934327,,,,,,,,,,,,,,,
8,67.96875,0.0,1.6564858016510269,1.474,-0.183,6.682,68,68.75,7.03125,7.074,1.460139105621001,29,74.21875,2.34375,6.675,0.35877067027057225,34.0,62.5,3.125,6.298,2.62244653934327,,,,,,,,,,,,,,,
9,92.96875,0.0,1.552104909864612,1.315,-0.385,7.572,10,100.0,0.0,7.031,0.0,35,86.71875,3.125,6.987,2.677945044588987,76.0,91.40625,7.8125,7.967,1.7681918866447774,58.0,98.4375,6.25,8.304,0.8519663271732721,,,,,,,,,,
10,100.0,0.0,1.6244441006394508,1.82,0.489,6.59,9,92.96875,0.0,7.031,3.141592653589793,58,98.4375,6.25,6.442,1.8157749899217608,36.0,105.46875,3.125,6.298,0.5191461142465229,,,,,,,,,,,,,,,
11,111.71875,0.0,1.6554878600497283,1.57,-0.001,7.002,69,111.71875,7.03125,7.031,1.5707963267948966,36,105.46875,3.125,6.987,2.677945044588987,37.0,117.96875,3.125,6.987,0.4636476090008061,,,,,,,,,,,,,,,
12,124.21875,0.0,1.6409038271708407,1.57,-0.001,6.741,37,117.96875,3.125,6.987,2.677945044588987,38,130.46875,3.125,6.987,0.4636476090008061,59.0,124.21875,6.25,6.25,1.5707963267948966,,,,,,,,,,,,,,,
13,137.5,0.0,1.6308374797232457,1.648,0.118,6.993,39,143.75,3.125,6.987,0.4636476090008061,38,130.46875,3.125,7.694,2.723368324010564,60.0,136.71875,6.25,6.298,1.695151321341658,,,,,,,,,,,,,,,
14,156.25,0.0,1.6072435987404214,1.711,0.273,6.528,40,162.5,3.125,6.987,0.4636476090008061,28,150.0,0.78125,6.298,3.017237659043032,61.0,155.46875,6.25,6.298,1.695151321341658,,,,,,,,,,,,,,,
15,167.96875,0.0,1.6479695169457775,1.557,-0.037,6.772,70,167.96875,7.03125,7.031,1.5707963267948966,41,174.21875,3.125,6.987,0.4636476090008061,40.0,162.5,3.125,6.298,2.62244653934327,,,,,,,,,,,,,,,
16,180.46875,0.0,1.6449802637179887,1.584,0.036,6.772,71,180.46875,7.03125,7.031,1.5707963267948966,41,174.21875,3.125,6.987,2.677945044588987,42.0,185.9375,3.125,6.298,0.5191461142465229,,,,,,,,,,,,,,,
17,193.75,0.0,1.6071345279068443,1.393,-0.27,7.526,52,198.4375,5.46875,7.202,0.8621700546672264,18,201.5625,0.0,7.812,0.0,62.0,191.40625,6.25,6.675,1.9295669970654687,42.0,185.9375,3.125,8.414,2.761086276477428,,,,,,,,,,
18,201.5625,0.0,1.6538757345466222,1.52,-0.038,6.965,19,208.59375,0.0,7.031,0.0,53,205.46875,5.46875,6.72,0.9505468408120752,17.0,193.75,0.0,7.812,3.141592653589793,52.0,198.4375,5.46875,6.298,2.0899424410414196,,,,,,,,,,
19,208.59375,0.0,1.4292783382600844,2.083,-0.027,6.9,63,212.5,6.25,7.37,1.0121970114513341,18,201.5625,0.0,7.031,3.141592653589793,53.0,205.46875,5.46875,6.298,2.0899424410414196,,,,,,,,,,,,,,,
20,213.28125,0.0,1.3884250098762678,1.079,-0.427,6.643,43,219.53125,3.125,6.987,0.4636476090008061,63,212.5,6.25,6.298,1.695151321341658,,,,,,,,,,,,,,,,,,,,
21,225.78125,0.0,1.6494765742670674,1.57,-0.001,6.741,43,219.53125,3.125,6.987,2.677945044588987,44,232.03125,3.125,6.987,0.4636476090008061,64.0,225.78125,6.25,6.25,1.5707963267948966,,,,,,,,,,,,,,,
22,238.28125,0.0,1.6322660926090498,1.648,0.119,6.528,44,232.03125,3.125,6.987,2.677945044588987,45,243.75,3.125,6.298,0.5191461142465229,65.0,237.5,6.25,6.298,1.695151321341658,,,,,,,,,,,,,,,
23,250.78125,0.0,1.6243675255689827,1.64,0.108,7.252,72,250.0,7.03125,7.074,1.6814535479687922,46,257.03125,3.125,6.987,0.4636476090008061,45.0,243.75,3.125,7.694,2.723368324010564,,,,,,,,,,,,,,,
24,264.0625,0.0,1.6303875983206892,1.332,-0.355,7.478,73,262.5,7.03125,7.202,1.7894652726688385,54,268.75,5.46875,7.202,0.8621700546672264,46.0,257.03125,3.125,7.694,2.723368324010564,25.0,271.875,0.0,7.812,0.0,,,,,,,,,,
25,271.875,0.0,1.6656512522661875,1.52,-0.038,6.965,26,278.90625,0.0,7.031,0.0,55,275.78125,5.46875,6.72,0.9505468408120752,24.0,264.0625,0.0,7.812,3.141592653589793,54.0,268.75,5.46875,6.298,2.0899424410414196,,,,,,,,,,
26,278.90625,0.0,1.55279836970788,2.615,-0.007,6.664,25,271.875,0.0,7.031,3.141592653589793,55,275.78125,5.46875,6.298,2.0899424410414196,,,,,,,,,,,,,,,,,,,,
27,295.3125,0.0,1.4952701585653827,1.789,0.452,6.564,56,299.21875,5.46875,6.72,0.9505468408120752,30,289.0625,2.34375,6.675,2.782821983319221,66.0,294.53125,6.25,6.298,1.695151321341658,,,,,,,,,,,,,,,
28,150.0,0.78125,1.4238639131202069,1.239,-0.445,7.139,61,155.46875,6.25,7.733,0.7853981633974483,39,143.75,3.125,6.675,2.782821983319221,77.0,149.21875,8.59375,7.851,1.6704649792860586,14.0,156.25,0.0,6.298,-0.12435499454676144,,,,,,,,,,
29,74.21875,2.34375,1.5618201110739156,1.893,0.468,6.88,80,75.78125,9.375,7.202,1.3521273809209546,68,68.75,7.03125,7.202,2.432966381462123,8.0,67.96875,0.0,6.675,-2.782821983319221,48.0,80.46875,3.90625,6.442,0.24497866312686414,,,,,,,,,,
30,289.0625,2.34375,1.481129807069835,0.672,0.337,6.612,66,294.53125,6.25,6.72,0.6202494859828215,27,295.3125,0.0,6.675,-0.35877067027057225,78.0,287.5,8.59375,6.442,1.8157749899217608,,,,,,,,,,,,,,,
31,28.125,3.125,1.4144879909894685,2.3,0.416,6.692,4,21.875,0.0,6.987,-2.677945044588987,79,31.25,9.375,6.987,1.1071487177940904,74.0,24.21875,7.8125,6.101,2.2655346029916,,,,,,,,,,,,,,,
32,32.8125,3.125,1.4228585947845374,0.735,0.384,6.686,5,39.0625,0.0,6.987,-0.4636476090008061,75,37.5,7.8125,6.629,0.7853981633974483,79.0,31.25,9.375,6.442,1.8157749899217608,,,,,,,,,,,,,,,
33,50.78125,3.125,1.689749123498477,1.837,0.516,6.76,51,43.75,5.46875,7.411,2.819842099193151,82,50.0,10.15625,7.074,1.6814535479687922,67.0,56.25,7.03125,6.72,0.6202494859828215,7.0,56.25,0.0,6.298,-0.5191461142465229,6.0,45.3125,0.0,6.298,-2.62244653934327,,,,,
34,62.5,3.125,1.7041317965788376,1.594,-0.433,7.011,68,68.75,7.03125,7.37,0.5585993153435624,67,56.25,7.03125,7.37,2.5829933382462307,83.0,62.5,10.15625,7.031,1.5707963267948966,7.0,56.25,0.0,6.987,-2.677945044588987,8.0,67.96875,0.0,6.298,-0.5191461142465229,,,,,
35,86.71875,3.125,1.6118293714325098,1.415,-0.336,6.902,9,92.96875,0.0,6.987,-0.4636476090008061,84,83.59375,10.15625,7.694,1.9890206563741257,76.0,91.40625,7.8125,6.629,0.7853981633974483,48.0,80.46875,3.90625,6.298,3.017237659043032,,,,,,,,,,
36,105.46875,3.125,1.6553392034558194,1.71,0.489,7.24,69,111.71875,7.03125,7.37,0.5585993153435624,11,111.71875,0.0,6.987,-0.4636476090008061,58.0,98.4375,6.25,7.694,2.723368324010564,94.0,104.6875,10.9375,7.851,1.6704649792860586,10.0,100.0,0.0,6.298,-2.62244653934327,,,,,
37,117.96875,3.125,1.707645152018251,1.426,-0.47,7.081,69,111.71875,7.03125,7.37,2.5829933382462307,85,118.75,10.15625,7.074,1.460139105621001,12.0,124.21875,0.0,6.987,-0.4636476090008061,11.0,111.71875,0.0,6.987,-2.677945044588987,59.0,124.21875,6.25,6.987,0.4636476090008061,,,,,
38,130.46875,3.125,1.6696384052912765,1.552,0.429,6.981,12,124.21875,0.0,6.987,-2.677945044588987,59,124.21875,6.25,6.987,2.677945044588987,60.0,136.71875,6.25,6.987,0.4636476090008061,13.0,137.5,0.0,7.694,-0.4182243295792291,81.0,130.46875,9.375,6.25,1.5707963267948966,,,,,
39,143.75,3.125,1.7051753197080983,1.842,-0.46,7.411,13,137.5,0.0,6.987,-2.677945044588987,60,136.71875,6.25,7.694,2.723368324010564,77.0,149.21875,8.59375,7.733,0.7853981633974483,28.0,150.0,0.78125,6.675,-0.35877067027057225,95.0,142.1875,10.9375,7.967,1.7681918866447774,,,,,
40,162.5,3.125,1.666488831473322,1.784,0.479,7.11,14,156.25,0.0,6.987,-2.677945044588987,61,155.46875,6.25,7.694,2.723368324010564,70.0,167.96875,7.03125,6.72,0.6202494859828215,96.0,161.71875,10.9375,7.851,1.6704649792860586,15.0,167.96875,0.0,6.298,-0.5191461142465229,,,,,
41,174.21875,3.125,1.7207949782734608,1.57,0.418,7.149,71,180.46875,7.03125,7.37,0.5585993153435624,70,167.96875,7.03125,7.37,2.5829933382462307,86.0,174.21875,10.15625,7.031,1.5707963267948966,16.0,180.46875,0.0,6.987,-0.4636476090008061,15.0,167.96875,0.0,6.987,-2.677945044588987,,,,,
42,185.9375,3.125,1.661508173191545,1.385,-0.441,6.961,87,186.71875,10.15625,7.074,1.460139105621001,71,180.46875,7.03125,6.72,2.5213431676069717,62.0,191.40625,6.25,6.298,0.5191461142465229,16.0,180.46875,0.0,6.298,-2.62244653934327,17.0,193.75,0.0,8.414,-0.3805063771123649,,,,,
43,219.53125,3.125,1.6950235248736716,1.591,0.429,7.137,88,219.53125,10.15625,7.031,1.5707963267948966,20,213.28125,0.0,6.987,-2.677945044588987,64.0,225.78125,6.25,6.987,0.4636476090008061,21.0,225.78125,0.0,6.987,-0.4636476090008061,63.0,212.5,6.25,7.694,2.723368324010564,,,,,
44,232.03125,3.125,1.7052524055576204,1.595,0.432,6.858,89,232.03125,10.15625,7.031,1.5707963267948966,21,225.78125,0.0,6.987,-2.677945044588987,64.0,225.78125,6.25,6.987,2.677945044588987,22.0,238.28125,0.0,6.987,-0.4636476090008061,65.0,237.5,6.25,6.298,0.5191461142465229,,,,,
45,243.75,3.125,1.6944740783041992,1.571,0.465,7.076,72,250.0,7.03125,7.37,0.5585993153435624,90,243.75,10.15625,7.031,1.5707963267948966,65.0,237.5,6.25,6.987,2.677945044588987,23.0,250.78125,0.0,7.694,-0.4182243295792291,22.0,238.28125,0.0,6.298,-2.62244653934327,,,,,
46,257.03125,3.125,1.6838395757567528,1.784,0.508,7.329,91,255.46875,10.15625,7.202,1.7894652726688385,23,250.78125,0.0,6.987,-2.677945044588987,24.0,264.0625,0.0,7.694,-0.4182243295792291,73.0,262.5,7.03125,6.72,0.6202494859828215,72.0,250.0,7.03125,8.043,2.6344941491974563,,,,,
47,283.59375,3.125,1.5301335256306072,1.896,-0.394,7.429,92,281.25,10.15625,7.411,1.892546881191539,78,287.5,8.59375,6.72,0.9505468408120752,55.0,275.78125,5.46875,8.156,2.8501358591119264,,,,,,,,,,,,,,,
48,80.46875,3.90625,1.5228843078447523,1.71,0.153,6.732,80,75.78125,9.375,7.202,2.279422598922567,84,83.59375,10.15625,6.987,1.1071487177940904,29.0,74.21875,2.34375,6.442,-2.896613990462929,35.0,86.71875,3.125,6.298,-0.12435499454676144,,,,,,,,,,
49,3.125,5.46875,1.685252492710497,0.077,0.037,6.667,50,10.15625,5.46875,7.031,0.0,97,6.25,11.71875,6.987,1.1071487177940904,2.0,7.03125,0.0,6.72,-0.9505468408120752,1.0,0.0,0.0,6.298,-2.0899424410414196,93.0,0.0,10.9375,6.298,2.0899424410414196,,,,,
50,10.15625,5.46875,1.6234923696537529,1.47,0.072,7.111,3,14.84375,0.0,7.202,-0.8621700546672264,97,6.25,11.71875,7.37,2.129395642138459,57.0,17.1875,6.25,7.074,0.11065722117389565,49.0,3.125,5.46875,7.031,3.141592653589793,103.0,13.28125,12.5,7.694,1.1525719972156676,2.0,7.03125,0.0,6.298,-2.0899424410414196
51,43.75,5.46875,1.6274383592558448,1.635,-0.38,7.26,5,39.0625,0.0,7.202,-2.279422598922567,104,42.1875,12.5,7.202,1.7894652726688385,33.0,50.78125,3.125,7.411,-0.3217505543966422,82.0,50.0,10.15625,7.812,0.6435011087932844,75.0,37.5,7.8125,6.675,2.782821983319221,,,,,
52,198.4375,5.46875,1.6465800036395772,2.637,-0.002,7.015,17,193.75,0.0,7.202,-2.279422598922567,62,191.40625,6.25,7.074,3.0309354324158977,53.0,205.46875,5.46875,7.031,0.0,98.0,193.75,11.71875,7.812,2.214297435588181,99.0,200.78125,11.71875,6.675,1.2120256565243244,18.0,201.5625,0.0,6.298,-1.0516502125483738
53,205.46875,5.46875,1.6649853229736424,2.69,0.05,6.935,63,212.5,6.25,7.074,0.11065722117389565,52,198.4375,5.46875,7.031,3.141592653589793,18.0,201.5625,0.0,6.72,-2.191045812777718,99.0,200.78125,11.71875,7.812,2.214297435588181,100.0,207.8125,11.71875,6.675,1.2120256565243244,19.0,208.59375,0.0,6.298,-1.0516502125483738
54,268.75,5.46875,1.661965622702115,0.826,-0.16,7.08,24,264.0625,0.0,7.202,-2.279422598922567,107,267.1875,12.5,7.202,1.7894652726688385,55.0,275.78125,5.46875,7.031,0.0,73.0,262.5,7.03125,6.442,2.896613990462929,25.0,271.875,0.0,6.298,-1.0516502125483738,101.0,274.21875,11.71875,8.304,0.8519663271732721
55,275.78125,5.46875,1.6982457212953554,-0.73,-0.171,6.975,92,281.25,10.15625,7.202,0.7086262721276703,54,268.75,5.46875,7.031,3.141592653589793,25.0,271.875,0.0,6.72,-2.191045812777718,101.0,274.21875,11.71875,6.442,1.8157749899217608,47.0,283.59375,3.125,8.156,-0.2914567944778671,26.0,278.90625,0.0,6.298,-1.0516502125483738
56,299.21875,5.46875,1.2185906654292724,2.831,0.116,6.485,27,295.3125,0.0,6.72,-2.191045812777718,102,299.21875,11.71875,6.25,1.5707963267948966,,,,,,,,,,,,,,,,,,,,
57,17.1875,6.25,1.6476927588211219,1.111,0.132,7.424,74,24.21875,7.8125,7.202,0.21866894587394195,103,13.28125,12.5,7.37,2.129395642138459,50.0,10.15625,5.46875,7.074,-3.0309354324158977,4.0,21.875,0.0,7.812,-0.9272952180016122,3.0,14.84375,0.0,6.675,-1.9295669970654687,114.0,20.3125,14.0625,8.414,1.1902899496825317
58,98.4375,6.25,1.6286313258982172,-1.344,-0.298,7.316,76,91.40625,7.8125,7.202,2.922923707715851,36,105.46875,3.125,7.694,-0.4182243295792291,94.0,104.6875,10.9375,7.812,0.6435011087932844,10.0,100.0,0.0,6.442,-1.3258176636680326,105.0,96.875,12.5,6.442,1.8157749899217608,9.0,92.96875,0.0,8.304,-2.289626326416521
59,124.21875,6.25,1.6908981313727753,0.589,0.478,6.834,109,125.0,13.28125,7.074,1.460139105621001,37,117.96875,3.125,6.987,-2.677945044588987,81.0,130.46875,9.375,6.987,0.4636476090008061,38.0,130.46875,3.125,6.987,-0.4636476090008061,85.0,118.75,10.15625,6.72,2.5213431676069717,12.0,124.21875,0.0,6.25,-1.5707963267948966
60,136.71875,6.25,1.6704073162565034,2.012,-0.432,6.911,95,142.1875,10.9375,7.202,0.7086262721276703,38,130.46875,3.125,6.987,-2.677945044588987,81.0,130.46875,9.375,6.987,2.677945044588987,39.0,143.75,3.125,7.694,-0.4182243295792291,13.0,137.5,0.0,6.298,-1.446441332248135,106.0,135.9375,12.5,6.298,1.695151321341658
61,155.46875,6.25,1.6883897150694542,-1.089,-0.378,7.214,110,154.6875,13.28125,7.074,1.6814535479687922,40,162.5,3.125,7.694,-0.4182243295792291,28.0,150.0,0.78125,7.733,-2.356194490192345,96.0,161.71875,10.9375,7.812,0.6435011087932844,77.0,149.21875,8.59375,6.675,2.782821983319221,14.0,156.25,0.0,6.298,-1.446441332248135
62,191.40625,6.25,1.576471206501411,0.158,0.028,6.419,52,198.4375,5.46875,7.074,-0.11065722117389565,17,193.75,0.0,6.675,-1.2120256565243244,42.0,185.9375,3.125,6.298,-2.62244653934327,87.0,186.71875,10.15625,6.101,2.44685437739309,98.0,193.75,11.71875,5.949,1.1659045405098132,,,,,
63,212.5,6.25,1.7160346604363963,1.766,0.247,7.431,111,214.0625,13.28125,7.202,1.3521273809209546,100,207.8125,11.71875,7.202,2.279422598922567,19.0,208.59375,0.0,7.37,-2.129395642138459,53.0,205.46875,5.46875,7.074,-3.0309354324158977,43.0,219.53125,3.125,7.694,-0.4182243295792291,88.0,219.53125,10.15625,8.043,0.507098504392337
64,225.78125,6.25,1.6946446241608004,2.176,-0.506,7.006,88,219.53125,10.15625,7.37,2.5829933382462307,89,232.03125,10.15625,7.37,0.5585993153435624,112.0,225.0,13.28125,7.074,1.6814535479687922,43.0,219.53125,3.125,6.987,-2.677945044588987,44.0,232.03125,3.125,6.987,-0.4636476090008061,21.0,225.78125,0.0,6.25,-1.5707963267948966
65,237.5,6.25,1.629022600066672,0.76,-0.504,6.914,90,243.75,10.15625,7.37,0.5585993153435624,45,243.75,3.125,6.987,-0.4636476090008061,89.0,232.03125,10.15625,6.72,2.5213431676069717,119.0,237.5,14.0625,7.812,1.5707963267948966,22.0,238.28125,0.0,6.298,-1.446441332248135,44.0,232.03125,3.125,6.298,-2.62244653934327
66,294.53125,6.25,1.5494833010353726,2.763,-0.396,6.967,102,299.21875,11.71875,7.202,0.8621700546672264,113,292.96875,13.28125,7.202,1.7894652726688385,78.0,287.5,8.59375,7.411,2.819842099193151,30.0,289.0625,2.34375,6.72,-2.5213431676069717,27.0,295.3125,0.0,6.298,-1.446441332248135,,,,,
67,56.25,7.03125,1.6719763638943395,-1.857,-0.497,7.158,34,62.5,3.125,7.37,-0.5585993153435624,7,56.25,0.0,7.031,-1.5707963267948966,82.0,50.0,10.15625,6.987,2.677945044588987,83.0,62.5,10.15625,6.987,0.4636476090008061,33.0,50.78125,3.125,6.72,-2.5213431676069717,123.0,55.46875,14.84375,7.851,1.6704649792860586
68,68.75,7.03125,1.670699849438524,-1.654,0.435,7.186,29,74.21875,2.34375,7.202,-0.7086262721276703,34,62.5,3.125,7.37,-2.5829933382462307,80.0,75.78125,9.375,7.411,0.3217505543966422,8.0,67.96875,0.0,7.074,-1.6814535479687922,115.0,69.53125,14.0625,7.074,1.460139105621001,83.0,62.5,10.15625,6.987,2.677945044588987
69,111.71875,7.03125,1.669182141908939,-0.613,0.474,7.325,36,105.46875,3.125,7.37,-2.5829933382462307,37,117.96875,3.125,7.37,-0.5585993153435624,11.0,111.71875,0.0,7.031,-1.5707963267948966,85.0,118.75,10.15625,7.694,0.4182243295792291,94.0,104.6875,10.9375,8.043,2.6344941491974563,108.0,113.28125,13.28125,6.442,1.3258176636680326
70,167.96875,7.03125,1.7016280617522703,-1.029,0.517,7.085,41,174.21875,3.125,7.37,-0.5585993153435624,96,161.71875,10.9375,7.37,2.5829933382462307,117.0,167.96875,14.0625,7.031,1.5707963267948966,15.0,167.96875,0.0,7.031,-1.5707963267948966,86.0,174.21875,10.15625,6.987,0.4636476090008061,40.0,162.5,3.125,6.72,-2.5213431676069717
71,180.46875,7.03125,1.7007594100676287,-1.242,0.494,7.028,41,174.21875,3.125,7.37,-2.5829933382462307,118,181.25,14.0625,7.074,1.460139105621001,16.0,180.46875,0.0,7.031,-1.5707963267948966,86.0,174.21875,10.15625,6.987,2.677945044588987,87.0,186.71875,10.15625,6.987,0.4636476090008061,42.0,185.9375,3.125,6.72,-0.6202494859828215
72,250.0,7.03125,1.6799361501911518,-0.54,-0.488,7.134,45,243.75,3.125,7.37,-2.5829933382462307,23,250.78125,0.0,7.074,-1.460139105621001,120.0,250.0,14.0625,7.031,1.5707963267948966,90.0,243.75,10.15625,6.987,2.677945044588987,46.0,257.03125,3.125,8.043,-0.507098504392337,91.0,255.46875,10.15625,6.298,0.5191461142465229
73,262.5,7.03125,1.704825448815242,1.873,-0.315,7.077,24,264.0625,0.0,7.202,-1.3521273809209546,107,267.1875,12.5,7.202,0.8621700546672264,121.0,260.9375,14.0625,7.202,1.7894652726688385,91.0,255.46875,10.15625,7.694,2.723368324010564,46.0,257.03125,3.125,6.72,-2.5213431676069717,54.0,268.75,5.46875,6.442,-0.24497866312686414
74,24.21875,7.8125,1.6695801218414352,0.154,0.165,7.288,79,31.25,9.375,7.202,0.21866894587394195,57,17.1875,6.25,7.202,-2.922923707715851,114.0,20.3125,14.0625,7.37,2.129395642138459,122.0,27.34375,14.84375,7.694,1.1525719972156676,4.0,21.875,0.0,8.156,-1.8622531212727638,31.0,28.125,3.125,6.101,-0.8760580505981934
75,37.5,7.8125,1.6666768285823963,-2.487,-0.268,7.126,51,43.75,5.46875,6.675,-0.35877067027057225,32,32.8125,3.125,6.629,-2.356194490192345,104.0,42.1875,12.5,6.629,0.7853981633974483,5.0,39.0625,0.0,7.967,-1.373400766945016,79.0,31.25,9.375,6.442,2.896613990462929,124.0,34.375,15.625,8.414,1.9513027039072615
76,91.40625,7.8125,1.6505063946405067,0.15,-0.286,7.266,58,98.4375,6.25,7.202,-0.21866894587394195,105,96.875,12.5,7.202,0.7086262721276703,35.0,86.71875,3.125,6.629,-2.356194490192345,9.0,92.96875,0.0,7.967,-1.373400766945016,116.0,89.84375,14.0625,6.442,1.8157749899217608,84.0,83.59375,10.15625,8.156,2.8501358591119264
77,149.21875,8.59375,1.6805251333426459,-2.481,-0.319,7.381,110,154.6875,13.28125,7.202,0.7086262721276703,95,142.1875,10.9375,7.411,2.819842099193151,126.0,146.875,15.625,7.411,1.892546881191539,39.0,143.75,3.125,7.733,-2.356194490192345,61.0,155.46875,6.25,6.675,-0.35877067027057225,28.0,150.0,0.78125,7.851,-1.4711276743037347
78,287.5,8.59375,1.6687768276002664,-0.903,-0.269,6.903,127,285.9375,15.625,7.202,1.7894652726688385,113,292.96875,13.28125,7.202,0.7086262721276703,66.0,294.53125,6.25,7.411,-0.3217505543966422,47.0,283.59375,3.125,6.72,-2.191045812777718,92.0,281.25,10.15625,6.442,2.896613990462929,30.0,289.0625,2.34375,6.442,-1.3258176636680326
79,31.25,9.375,1.6751293838810855,-2.082,0.012,6.797,74,24.21875,7.8125,7.202,-2.922923707715851,31,28.125,3.125,6.987,-2.0344439357957027,124.0,34.375,15.625,6.987,1.1071487177940904,122.0,27.34375,14.84375,6.72,2.191045812777718,75.0,37.5,7.8125,6.442,-0.24497866312686414,32.0,32.8125,3.125,6.442,-1.3258176636680326
80,75.78125,9.375,1.652193761477535,-1.771,0.268,7.32,29,74.21875,2.34375,7.202,-1.7894652726688385,48,80.46875,3.90625,7.202,-0.8621700546672264,68.0,68.75,7.03125,7.411,-2.819842099193151,115.0,69.53125,14.0625,7.812,2.498091544796509,84.0,83.59375,10.15625,7.851,0.09966865249116202,125.0,77.34375,15.625,6.442,1.3258176636680326
81,130.46875,9.375,1.6870396068652729,0.82,0.488,6.719,131,131.25,16.40625,7.074,1.460139105621001,59,124.21875,6.25,6.987,-2.677945044588987,60.0,136.71875,6.25,6.987,-0.4636476090008061,109.0,125.0,13.28125,6.72,2.5213431676069717,106.0,135.9375,12.5,6.298,0.5191461142465229,38.0,130.46875,3.125,6.25,-1.5707963267948966
82,50.0,10.15625,1.6805872377859414,-2.68,-0.355,7.44,123,55.46875,14.84375,7.202,0.7086262721276703,133,47.65625,17.1875,7.411,1.892546881191539,33.0,50.78125,3.125,7.074,-1.460139105621001,67.0,56.25,7.03125,6.987,-0.4636476090008061,51.0,43.75,5.46875,7.812,-2.498091544796509,104.0,42.1875,12.5,8.156,2.8501358591119264
83,62.5,10.15625,1.6494046241355755,0.693,0.489,7.299,34,62.5,3.125,7.031,-1.5707963267948966,67,56.25,7.03125,6.987,-2.677945044588987,68.0,68.75,7.03125,6.987,-0.4636476090008061,115.0,69.53125,14.0625,8.043,0.507098504392337,128.0,63.28125,16.40625,6.298,1.446441332248135,123.0,55.46875,14.84375,8.45,2.5535900500422257
84,83.59375,10.15625,1.5823705805313006,-0.713,-0.188,7.385,116,89.84375,14.0625,7.37,0.5585993153435624,48,80.46875,3.90625,6.987,-2.0344439357957027,35.0,86.71875,3.125,7.694,-1.1525719972156676,80.0,75.78125,9.375,7.851,-3.0419240010986313,76.0,91.40625,7.8125,8.156,-0.2914567944778671,129.0,83.59375,16.40625,6.25,1.5707963267948966
85,118.75,10.15625,1.6968108039410128,-2.939,0.461,6.967,37,117.96875,3.125,7.074,-1.6814535479687922,134,118.75,17.1875,7.031,1.5707963267948966,109.0,125.0,13.28125,6.987,0.4636476090008061,69.0,111.71875,7.03125,7.694,-2.723368324010564,59.0,124.21875,6.25,6.72,-0.6202494859828215,108.0,113.28125,13.28125,6.298,2.62244653934327
86,174.21875,10.15625,1.6924382143821441,0.7,0.496,7.249,117,167.96875,14.0625,7.37,2.5829933382462307,136,175.0,17.1875,7.074,1.460139105621001,41.0,174.21875,3.125,7.031,-1.5707963267948966,70.0,167.96875,7.03125,6.987,-2.677945044588987,71.0,180.46875,7.03125,6.987,-0.4636476090008061,118.0,181.25,14.0625,8.043,0.507098504392337
87,186.71875,10.15625,1.7122482660188367,-1.136,0.365,6.881,98,193.75,11.71875,7.202,0.21866894587394195,137,188.28125,17.1875,7.202,1.3521273809209546,42.0,185.9375,3.125,7.074,-1.6814535479687922,71.0,180.46875,7.03125,6.987,-2.677945044588987,118.0,181.25,14.0625,6.72,2.5213431676069717,62.0,191.40625,6.25,6.101,-0.6947382761967031
88,219.53125,10.15625,1.6485021845758447,-2.92,-0.517,7.148,64,225.78125,6.25,7.37,-0.5585993153435624,43,219.53125,3.125,7.031,-1.5707963267948966,147.0,218.75,17.96875,7.851,1.6704649792860586,63.0,212.5,6.25,8.043,-2.6344941491974563,111.0,214.0625,13.28125,6.298,2.62244653934327,112.0,225.0,13.28125,6.298,0.5191461142465229
89,232.03125,10.15625,1.6703681645685813,-2.654,-0.48,7.101,64,225.78125,6.25,7.37,-2.5829933382462307,138,231.25,17.1875,7.074,1.6814535479687922,44.0,232.03125,3.125,7.031,-1.5707963267948966,112.0,225.0,13.28125,7.694,2.723368324010564,65.0,237.5,6.25,6.72,-0.6202494859828215,119.0,237.5,14.0625,6.72,0.6202494859828215
90,243.75,10.15625,1.7280181470172649,1.059,-0.508,7.193,65,237.5,6.25,7.37,-2.5829933382462307,119,237.5,14.0625,7.37,2.5829933382462307,120.0,250.0,14.0625,7.37,0.5585993153435624,45.0,243.75,3.125,7.031,-1.5707963267948966,139.0,243.75,17.1875,7.031,1.5707963267948966,72.0,250.0,7.03125,6.987,-0.4636476090008061
91,255.46875,10.15625,1.67736878251521,0.824,-0.472,7.074,46,257.03125,3.125,7.202,-1.3521273809209546,73,262.5,7.03125,7.694,-0.4182243295792291,120.0,250.0,14.0625,6.72,2.5213431676069717,121.0,260.9375,14.0625,6.72,0.6202494859828215,148.0,255.46875,17.96875,7.812,1.5707963267948966,72.0,250.0,7.03125,6.298,-2.62244653934327
92,281.25,10.15625,1.6345215392312573,2.515,-0.231,7.145,55,275.78125,5.46875,7.202,-2.432966381462123,101,274.21875,11.71875,7.202,2.922923707715851,127.0,285.9375,15.625,7.202,0.8621700546672264,47.0,283.59375,3.125,7.411,-1.2490457723982544,140.0,278.90625,17.1875,7.411,1.892546881191539,78.0,287.5,8.59375,6.442,-0.24497866312686414
93,0.0,10.9375,1.6361910464516989,0.129,0.263,6.346,132,1.5625,17.1875,6.442,1.3258176636680326,49,3.125,5.46875,6.298,-1.0516502125483738,97.0,6.25,11.71875,6.298,0.12435499454676144,,,,,,,,,,,,,,,
94,104.6875,10.9375,1.5768054526447504,-3.0,-0.285,7.611,142,101.5625,17.96875,7.694,1.9890206563741257,58,98.4375,6.25,7.812,-2.498091544796509,36.0,105.46875,3.125,7.851,-1.4711276743037347,105.0,96.875,12.5,7.967,2.9441970937399127,69.0,111.71875,7.03125,8.043,-0.507098504392337,130.0,107.8125,16.40625,6.298,1.0516502125483738
95,142.1875,10.9375,1.6230424293124843,-2.893,-0.283,7.177,60,136.71875,6.25,7.202,-2.432966381462123,77,149.21875,8.59375,7.411,-0.3217505543966422,143.0,139.84375,17.96875,7.411,1.892546881191539,126.0,146.875,15.625,6.629,0.7853981633974483,39.0,143.75,3.125,7.967,-1.373400766945016,106.0,135.9375,12.5,6.442,2.896613990462929
96,161.71875,10.9375,1.670791831447581,-2.066,-0.42,7.474,70,167.96875,7.03125,7.37,-0.5585993153435624,110,154.6875,13.28125,7.411,2.819842099193151,144.0,159.375,17.96875,7.411,1.892546881191539,117.0,167.96875,14.0625,6.987,0.4636476090008061,61.0,155.46875,6.25,7.812,-2.498091544796509,40.0,162.5,3.125,7.851,-1.4711276743037347
97,6.25,11.71875,1.706201092846315,-2.868,0.113,6.934,132,1.5625,17.1875,7.202,2.279422598922567,50,10.15625,5.46875,7.37,-1.0121970114513341,103.0,13.28125,12.5,7.074,0.11065722117389565,49.0,3.125,5.46875,6.987,-2.0344439357957027,141.0,8.59375,17.96875,6.675,1.2120256565243244,93.0,0.0,10.9375,6.298,-3.017237659043032
98,193.75,11.71875,1.6751921840708617,-1.661,0.129,7.119,87,186.71875,10.15625,7.202,-2.922923707715851,99,200.78125,11.71875,7.031,0.0,145.0,196.875,17.96875,6.987,1.1071487177940904,137.0,188.28125,17.1875,7.733,2.356194490192345,52.0,198.4375,5.46875,7.812,-0.9272952180016122,62.0,191.40625,6.25,5.949,-1.97568811307998
99,200.78125,11.71875,1.6970652852325103,0.036,0.062,7.151,145,196.875,17.96875,7.37,2.129395642138459,100,207.8125,11.71875,7.031,0.0,98.0,193.75,11.71875,7.031,3.141592653589793,146.0,203.90625,17.96875,6.987,1.1071487177940904,53.0,205.46875,5.46875,7.812,-0.9272952180016122,52.0,198.4375,5.46875,6.675,-1.9295669970654687
100,207.8125,11.71875,1.6714154941221475,1.129,0.122,7.069,63,212.5,6.25,7.202,-0.8621700546672264,146,203.90625,17.96875,7.37,2.129395642138459,99.0,200.78125,11.71875,7.031,3.141592653589793,152.0,210.9375,18.75,7.694,1.1525719972156676,53.0,205.46875,5.46875,6.675,-1.9295669970654687,111.0,214.0625,13.28125,6.442,0.24497866312686414
101,274.21875,11.71875,1.6860846769096784,-2.49,-0.176,7.202,92,281.25,10.15625,7.202,-0.21866894587394195,140,278.90625,17.1875,7.202,0.8621700546672264,107.0,267.1875,12.5,7.074,3.0309354324158977,149.0,271.09375,17.96875,6.987,2.0344439357957027,55.0,275.78125,5.46875,6.442,-1.3258176636680326,54.0,268.75,5.46875,8.304,-2.289626326416521
102,299.21875,11.71875,1.345299345133241,2.922,-0.389,6.711,66,294.53125,6.25,7.202,-2.279422598922567,153,296.875,18.75,7.411,1.892546881191539,113.0,292.96875,13.28125,6.442,2.896613990462929,56.0,299.21875,5.46875,6.25,-1.5707963267948966,150.0,299.21875,17.96875,6.25,1.5707963267948966,,,,,
103,13.28125,12.5,1.6987975035193879,2.915,0.143,7.326,114,20.3125,14.0625,7.202,0.21866894587394195,141,8.59375,17.96875,7.202,2.279422598922567,57.0,17.1875,6.25,7.37,-1.0121970114513341,154.0,15.625,19.53125,7.411,1.2490457723982544,97.0,6.25,11.71875,7.074,-3.0309354324158977,50.0,10.15625,5.46875,7.694,-1.9890206563741257
104,42.1875,12.5,1.6346412518014883,0.37,-0.31,7.341,51,43.75,5.46875,7.202,-1.3521273809209546,133,47.65625,17.1875,7.202,0.7086262721276703,75.0,37.5,7.8125,6.629,-2.356194490192345,151.0,40.625,18.75,6.442,1.8157749899217608,82.0,50.0,10.15625,8.156,-0.2914567944778671,124.0,34.375,15.625,8.414,2.761086276477428
105,96.875,12.5,1.68495615309171,2.596,-0.236,7.238,76,91.40625,7.8125,7.202,-2.432966381462123,116,89.84375,14.0625,7.202,2.922923707715851,142.0,101.5625,17.96875,7.202,0.8621700546672264,155.0,94.53125,19.53125,7.411,1.892546881191539,94.0,104.6875,10.9375,7.967,-0.19739555984988075,58.0,98.4375,6.25,6.442,-1.3258176636680326
106,135.9375,12.5,1.610679136386435,-1.432,-0.47,6.372,143,139.84375,17.96875,6.72,0.9505468408120752,95,142.1875,10.9375,6.442,-0.24497866312686414,81.0,130.46875,9.375,6.298,-2.62244653934327,60.0,136.71875,6.25,6.298,-1.446441332248135,131.0,131.25,16.40625,6.101,2.44685437739309,,,,,
107,267.1875,12.5,1.705170704593964,-1.358,-0.226,6.928,54,268.75,5.46875,7.202,-1.3521273809209546,73,262.5,7.03125,7.202,-2.279422598922567,101.0,274.21875,11.71875,7.074,-0.11065722117389565,149.0,271.09375,17.96875,6.72,0.9505468408120752,121.0,260.9375,14.0625,6.442,2.896613990462929,,,,,
108,113.28125,13.28125,1.6022540963957288,0.819,-0.439,6.714,134,118.75,17.1875,6.72,0.6202494859828215,162,113.28125,21.09375,7.812,1.5707963267948966,69.0,111.71875,7.03125,6.442,-1.8157749899217608,85.0,118.75,10.15625,6.298,-0.5191461142465229,130.0,107.8125,16.40625,6.298,2.62244653934327,,,,,
109,125.0,13.28125,1.6523304264154461,-2.161,0.444,7.035,134,118.75,17.1875,7.37,2.5829933382462307,59,124.21875,6.25,7.074,-1.6814535479687922,159.0,125.78125,20.3125,7.074,1.460139105621001,85.0,118.75,10.15625,6.987,-2.677945044588987,131.0,131.25,16.40625,6.987,0.4636476090008061,81.0,130.46875,9.375,6.72,-0.6202494859828215
110,154.6875,13.28125,1.6976275925509994,0.114,-0.342,7.295,77,149.21875,8.59375,7.202,-2.432966381462123,96,161.71875,10.9375,7.411,-0.3217505543966422,160.0,152.34375,20.3125,7.411,1.892546881191539,61.0,155.46875,6.25,7.074,-1.460139105621001,144.0,159.375,17.96875,6.629,0.7853981633974483,135.0,161.71875,17.1875,8.043,0.507098504392337
111,214.0625,13.28125,1.6178817544498798,-2.229,0.347,6.574,63,212.5,6.25,7.202,-1.7894652726688385,147,218.75,17.96875,6.629,0.7853981633974483,100.0,207.8125,11.71875,6.442,-2.896613990462929,88.0,219.53125,10.15625,6.298,-0.5191461142465229,152.0,210.9375,18.75,6.298,2.0899424410414196,,,,,
112,225.0,13.28125,1.6540182069836544,0.853,-0.501,7.083,138,231.25,17.1875,7.37,0.5585993153435624,64,225.78125,6.25,7.074,-1.460139105621001,89.0,232.03125,10.15625,7.694,-0.4182243295792291,147.0,218.75,17.96875,7.812,2.498091544796509,88.0,219.53125,10.15625,6.298,-2.62244653934327,156.0,225.0,19.53125,6.25,1.5707963267948966
113,292.96875,13.28125,1.5532222651369403,-0.161,-0.291,7.132,66,294.53125,6.25,7.202,-1.3521273809209546,78,287.5,8.59375,7.202,-2.432966381462123,127.0,285.9375,15.625,7.411,2.819842099193151,153.0,296.875,18.75,6.72,0.9505468408120752,150.0,299.21875,17.96875,7.812,0.6435011087932844,102.0,299.21875,11.71875,6.442,-0.24497866312686414
114,20.3125,14.0625,1.6175429250217004,-2.154,0.143,7.323,103,13.28125,12.5,7.202,-2.922923707715851,154,15.625,19.53125,7.202,2.279422598922567,74.0,24.21875,7.8125,7.37,-1.0121970114513341,122.0,27.34375,14.84375,7.074,0.11065722117389565,158.0,22.65625,20.3125,6.675,1.2120256565243244,57.0,17.1875,6.25,8.414,-1.9513027039072615
115,69.53125,14.0625,1.5898468117658395,-2.274,0.468,7.664,68,68.75,7.03125,7.074,-1.6814535479687922,80,75.78125,9.375,7.812,-0.6435011087932844,128.0,63.28125,16.40625,6.675,2.782821983319221,125.0,77.34375,15.625,7.967,0.19739555984988075,83.0,62.5,10.15625,8.043,-2.6344941491974563,170.0,66.40625,21.875,8.414,1.9513027039072615
116,89.84375,14.0625,1.6545681834261838,2.093,-0.288,7.174,105,96.875,12.5,7.202,-0.21866894587394195,155,94.53125,19.53125,7.202,0.8621700546672264,84.0,83.59375,10.15625,7.37,-2.5829933382462307,129.0,83.59375,16.40625,6.675,2.782821983319221,76.0,91.40625,7.8125,6.442,-1.3258176636680326,172.0,87.5,21.875,8.156,1.8622531212727638
117,167.96875,14.0625,1.638612489158257,-0.936,0.478,7.061,86,174.21875,10.15625,7.37,-0.5585993153435624,70,167.96875,7.03125,7.031,-1.5707963267948966,96.0,161.71875,10.9375,6.987,-2.677945044588987,135.0,161.71875,17.1875,6.987,2.677945044588987,136.0,175.0,17.1875,7.694,0.4182243295792291,161.0,168.75,20.3125,6.298,1.446441332248135
118,181.25,14.0625,1.6549368968940505,-2.458,0.495,7.265,71,180.46875,7.03125,7.074,-1.6814535479687922,163,180.46875,21.09375,7.074,1.6814535479687922,136.0,175.0,17.1875,6.987,2.677945044588987,137.0,188.28125,17.1875,7.694,0.4182243295792291,87.0,186.71875,10.15625,6.72,-0.6202494859828215,86.0,174.21875,10.15625,8.043,-2.6344941491974563
119,237.5,14.0625,1.681331261531772,-1.415,-0.514,7.151,90,243.75,10.15625,7.37,-0.5585993153435624,164,237.5,21.09375,7.031,1.5707963267948966,139.0,243.75,17.1875,6.987,0.4636476090008061,138.0,231.25,17.1875,6.987,2.677945044588987,89.0,232.03125,10.15625,6.72,-2.5213431676069717,65.0,237.5,6.25,7.812,-1.5707963267948966
120,250.0,14.0625,1.7015092705809616,-2.766,-0.488,6.984,90,243.75,10.15625,7.37,-2.5829933382462307,165,249.21875,21.09375,7.074,1.6814535479687922,72.0,250.0,7.03125,7.031,-1.5707963267948966,139.0,243.75,17.1875,6.987,2.677945044588987,91.0,255.46875,10.15625,6.72,-0.6202494859828215,148.0,255.46875,17.96875,6.72,0.6202494859828215
121,260.9375,14.0625,1.6811370220114354,-2.316,0.507,6.857,73,262.5,7.03125,7.202,-1.3521273809209546,166,262.5,21.09375,7.202,1.3521273809209546,148.0,255.46875,17.96875,6.72,2.5213431676069717,91.0,255.46875,10.15625,6.72,-2.5213431676069717,107.0,267.1875,12.5,6.442,-0.24497866312686414,,,,,
122,27.34375,14.84375,1.667087764465339,-3.02,0.134,7.196,158,22.65625,20.3125,7.202,2.279422598922567,167,29.6875,21.875,7.411,1.2490457723982544,124.0,34.375,15.625,7.074,0.11065722117389565,114.0,20.3125,14.0625,7.074,-3.0309354324158977,74.0,24.21875,7.8125,7.694,-1.9890206563741257,79.0,31.25,9.375,6.72,-0.9505468408120752
123,55.46875,14.84375,1.6274380168249796,2.298,-0.204,7.819,82,50.0,10.15625,7.202,-2.432966381462123,168,52.34375,21.875,7.694,1.9890206563741257,67.0,56.25,7.03125,7.851,-1.4711276743037347,128.0,63.28125,16.40625,7.967,0.19739555984988075,169.0,59.375,21.875,8.043,1.0636978224025597,133.0,47.65625,17.1875,8.156,2.8501358591119264
124,34.375,15.625,1.6233433109377906,2.671,0.144,7.54,122,27.34375,14.84375,7.074,-3.0309354324158977,79,31.25,9.375,6.987,-2.0344439357957027,151.0,40.625,18.75,6.987,0.4636476090008061,167.0,29.6875,21.875,7.812,2.214297435588181,179.0,35.9375,23.4375,7.967,1.373400766945016,75.0,37.5,7.8125,8.414,-1.1902899496825317
125,77.34375,15.625,1.6754282973825603,0.152,0.177,7.346,171,73.4375,21.875,7.37,2.129395642138459,174,80.46875,22.65625,7.694,1.1525719972156676,115.0,69.53125,14.0625,7.967,-2.9441970937399127,80.0,75.78125,9.375,6.442,-1.8157749899217608,129.0,83.59375,16.40625,6.298,0.12435499454676144,84.0,83.59375,10.15625,8.304,-0.7188299996216245
126,146.875,15.625,1.6198624007733546,-0.045,-0.283,7.208,160,152.34375,20.3125,7.202,0.7086262721276703,77,149.21875,8.59375,7.411,-1.2490457723982544,143.0,139.84375,17.96875,7.411,2.819842099193151,95.0,142.1875,10.9375,6.629,-2.356194490192345,173.0,145.3125,21.875,6.442,1.8157749899217608,110.0,154.6875,13.28125,8.156,-0.2914567944778671
127,285.9375,15.625,1.7288040517719976,-0.821,-0.313,7.135,78,287.5,8.59375,7.202,-1.3521273809209546,92,281.25,10.15625,7.202,-2.279422598922567,140.0,278.90625,17.1875,7.202,2.922923707715851,113.0,292.96875,13.28125,7.411,-0.3217505543966422,177.0,285.15625,22.65625,7.074,1.6814535479687922,157.0,291.40625,19.53125,6.72,0.6202494859828215
128,63.28125,16.40625,1.6460268551473642,2.629,0.193,6.792,169,59.375,21.875,6.72,2.191045812777718,115,69.53125,14.0625,6.675,-0.35877067027057225,123.0,55.46875,14.84375,7.967,-2.9441970937399127,83.0,62.5,10.15625,6.298,-1.695151321341658,170.0,66.40625,21.875,6.298,1.0516502125483738,,,,,
129,83.59375,16.40625,1.649170502526549,1.247,-0.167,6.586,174,80.46875,22.65625,6.987,2.0344439357957027,172,87.5,21.875,6.72,0.9505468408120752,116.0,89.84375,14.0625,6.675,-0.35877067027057225,125.0,77.34375,15.625,6.298,-3.017237659043032,84.0,83.59375,10.15625,6.25,-1.5707963267948966,,,,,
130,107.8125,16.40625,1.6129695300370095,1.732,-0.345,6.536,162,113.28125,21.09375,7.202,0.7086262721276703,142,101.5625,17.96875,6.442,2.896613990462929,175.0,106.25,22.65625,6.442,1.8157749899217608,108.0,113.28125,13.28125,6.298,-0.5191461142465229,94.0,104.6875,10.9375,6.298,-2.0899424410414196,,,,,
131,131.25,16.40625,1.6827205858341776,-2.562,0.465,6.665,81,130.46875,9.375,7.074,-1.6814535479687922,109,125.0,13.28125,6.987,-2.677945044588987,159.0,125.78125,20.3125,6.72,2.5213431676069717,176.0,132.8125,22.65625,6.442,1.3258176636680326,106.0,135.9375,12.5,6.101,-0.6947382761967031,,,,,
132,1.5625,17.1875,1.4081209292195895,-0.372,0.276,6.848,97,6.25,11.71875,7.202,-0.8621700546672264,141,8.59375,17.96875,7.074,0.11065722117389565,178.0,3.90625,23.4375,6.675,1.2120256565243244,93.0,0.0,10.9375,6.442,-1.8157749899217608,,,,,,,,,,
133,47.65625,17.1875,1.6803848361047002,-2.788,-0.229,7.441,104,42.1875,12.5,7.202,-2.432966381462123,151,40.625,18.75,7.202,2.922923707715851,82.0,50.0,10.15625,7.411,-1.2490457723982544,168.0,52.34375,21.875,6.629,0.7853981633974483,183.0,43.75,24.21875,8.043,2.0778948311872334,123.0,55.46875,14.84375,8.156,-0.2914567944778671
134,118.75,17.1875,1.6052510339612338,-0.504,0.481,7.231,109,125.0,13.28125,7.37,-0.5585993153435624,85,118.75,10.15625,7.031,-1.5707963267948966,159.0,125.78125,20.3125,7.694,0.4182243295792291,108.0,113.28125,13.28125,6.72,-2.5213431676069717,162.0,113.28125,21.09375,6.72,2.5213431676069717,193.0,119.53125,25.0,7.851,1.4711276743037347
135,161.71875,17.1875,1.406357565670631,-0.442,-0.486,7.083,117,167.96875,14.0625,6.987,-0.4636476090008061,161,168.75,20.3125,7.694,0.4182243295792291,110.0,154.6875,13.28125,8.043,-2.6344941491974563,180.0,163.28125,23.4375,6.442,1.3258176636680326,96.0,161.71875,10.9375,6.25,-1.5707963267948966,,,,,
136,175.0,17.1875,1.690632942282589,2.43,-0.523,7.212,86,174.21875,10.15625,7.074,-1.6814535479687922,118,181.25,14.0625,6.987,-0.4636476090008061,161.0,168.75,20.3125,6.987,2.677945044588987,117.0,167.96875,14.0625,7.694,-2.723368324010564,163.0,180.46875,21.09375,6.72,0.6202494859828215,195.0,175.0,25.0,7.812,1.5707963267948966
137,188.28125,17.1875,1.601398603868301,-0.285,0.17,7.747,87,186.71875,10.15625,7.202,-1.7894652726688385,186,185.9375,24.21875,7.411,1.892546881191539,118.0,181.25,14.0625,7.694,-2.723368324010564,98.0,193.75,11.71875,7.733,-0.7853981633974483,181.0,192.96875,23.4375,7.812,0.9272952180016122,145.0,196.875,17.96875,8.629,0.09065988720074511
138,231.25,17.1875,1.712874180834968,-1.983,-0.438,7.092,112,225.0,13.28125,7.37,-2.5829933382462307,164,237.5,21.09375,7.37,0.5585993153435624,189.0,230.46875,24.21875,7.074,1.6814535479687922,89.0,232.03125,10.15625,7.074,-1.460139105621001,119.0,237.5,14.0625,6.987,-0.4636476090008061,156.0,225.0,19.53125,6.675,2.782821983319221
139,243.75,17.1875,1.7156350791037016,2.172,-0.495,7.028,164,237.5,21.09375,7.37,2.5829933382462307,190,242.96875,24.21875,7.074,1.6814535479687922,90.0,243.75,10.15625,7.031,-1.5707963267948966,119.0,237.5,14.0625,6.987,-2.677945044588987,120.0,250.0,14.0625,6.987,-0.4636476090008061,165.0,249.21875,21.09375,6.72,0.6202494859828215
140,278.90625,17.1875,1.6919350656149266,-1.961,-0.172,7.557,101,274.21875,11.71875,7.202,-2.279422598922567,127,285.9375,15.625,7.202,-0.21866894587394195,182.0,275.0,23.4375,7.37,2.129395642138459,92.0,281.25,10.15625,7.411,-1.2490457723982544,149.0,271.09375,17.96875,7.851,3.0419240010986313,177.0,285.15625,22.65625,8.304,0.7188299996216245
141,8.59375,17.96875,1.672977923354882,1.987,0.177,7.128,103,13.28125,12.5,7.202,-0.8621700546672264,154,15.625,19.53125,7.202,0.21866894587394195,178.0,3.90625,23.4375,7.202,2.279422598922567,192.0,10.9375,25.0,7.411,1.2490457723982544,132.0,1.5625,17.1875,7.074,-3.0309354324158977,97.0,6.25,11.71875,6.675,-1.9295669970654687
142,101.5625,17.96875,1.597510560053523,-0.484,-0.198,6.974,105,96.875,12.5,7.202,-2.279422598922567,155,94.53125,19.53125,7.202,2.922923707715851,94.0,104.6875,10.9375,7.694,-1.1525719972156676,184.0,99.21875,24.21875,6.675,1.9295669970654687,175.0,106.25,22.65625,6.629,0.7853981633974483,130.0,107.8125,16.40625,6.442,-0.24497866312686414
143,139.84375,17.96875,1.5925559257626078,0.091,-0.341,7.168,95,142.1875,10.9375,7.411,-1.2490457723982544,126,146.875,15.625,7.411,-0.3217505543966422,106.0,135.9375,12.5,6.72,-2.191045812777718,173.0,145.3125,21.875,6.72,0.6202494859828215,185.0,139.0625,24.21875,6.298,1.695151321341658,176.0,132.8125,22.65625,8.45,2.5535900500422257
144,159.375,17.96875,1.4697274293892897,2.766,-0.261,7.116,96,161.71875,10.9375,7.411,-1.2490457723982544,160,152.34375,20.3125,7.411,2.819842099193151,194.0,157.03125,25.0,7.411,1.892546881191539,180.0,163.28125,23.4375,6.72,0.9505468408120752,110.0,154.6875,13.28125,6.629,-2.356194490192345,,,,,
145,196.875,17.96875,1.7121258334013836,-1.932,0.057,7.287,99,200.78125,11.71875,7.37,-1.0121970114513341,146,203.90625,17.96875,7.031,0.0,98.0,193.75,11.71875,6.987,-2.0344439357957027,187.0,200.0,24.21875,6.987,1.1071487177940904,181.0,192.96875,23.4375,6.72,2.191045812777718,137.0,188.28125,17.1875,8.629,-3.050932766389048
146,203.90625,17.96875,1.698345451377113,1.626,0.05,7.136,100,207.8125,11.71875,7.37,-1.0121970114513341,187,200.0,24.21875,7.37,2.129395642138459,152.0,210.9375,18.75,7.074,0.11065722117389565,145.0,196.875,17.96875,7.031,3.141592653589793,99.0,200.78125,11.71875,6.987,-2.0344439357957027,188.0,207.03125,24.21875,6.987,1.1071487177940904
147,218.75,17.96875,1.6776867120635628,-2.703,-0.125,7.647,197,221.875,25.0,7.694,1.1525719972156676,112,225.0,13.28125,7.812,-0.6435011087932844,152.0,210.9375,18.75,7.851,3.0419240010986313,88.0,219.53125,10.15625,7.851,-1.4711276743037347,111.0,214.0625,13.28125,6.629,-2.356194490192345,196.0,214.84375,25.0,8.043,2.0778948311872334
148,255.46875,17.96875,1.6925034729302446,-1.509,0.516,7.161,198,255.46875,25.0,7.031,1.5707963267948966,165,249.21875,21.09375,6.987,2.677945044588987,166.0,262.5,21.09375,7.694,0.4182243295792291,120.0,250.0,14.0625,6.72,-2.5213431676069717,121.0,260.9375,14.0625,6.72,-0.6202494859828215,91.0,255.46875,10.15625,7.812,-1.5707963267948966
149,271.09375,17.96875,1.6789146404566473,-0.078,-0.111,7.194,101,274.21875,11.71875,6.987,-1.1071487177940904,199,267.96875,25.0,7.694,1.9890206563741257,182.0,275.0,23.4375,6.72,0.9505468408120752,107.0,267.1875,12.5,6.72,-2.191045812777718,140.0,278.90625,17.1875,7.851,-0.09966865249116202,,,,,
150,299.21875,17.96875,1.2736159205331,-2.919,0.408,7.069,113,292.96875,13.28125,7.812,-2.498091544796509,157,291.40625,19.53125,7.967,2.9441970937399127,102.0,299.21875,11.71875,6.25,-1.5707963267948966,191.0,299.21875,24.21875,6.25,1.5707963267948966,,,,,,,,,,
151,40.625,18.75,1.6823232679995272,-0.48,-0.243,6.712,133,47.65625,17.1875,7.202,-0.21866894587394195,124,34.375,15.625,6.987,-2.677945044588987,179.0,35.9375,23.4375,6.629,2.356194490192345,104.0,42.1875,12.5,6.442,-1.3258176636680326,183.0,43.75,24.21875,6.298,1.0516502125483738,,,,,
152,210.9375,18.75,1.6931125078725393,-1.451,0.03,7.168,196,214.84375,25.0,7.37,1.0121970114513341,146,203.90625,17.96875,7.074,-3.0309354324158977,100.0,207.8125,11.71875,7.694,-1.9890206563741257,188.0,207.03125,24.21875,6.72,2.191045812777718,147.0,218.75,17.96875,7.851,-0.09966865249116202,111.0,214.0625,13.28125,6.298,-1.0516502125483738
153,296.875,18.75,1.2929817345989945,-3.116,-0.04,7.133,102,299.21875,11.71875,7.411,-1.2490457723982544,113,292.96875,13.28125,6.72,-2.191045812777718,200.0,292.1875,25.78125,8.45,2.158798930342464,191.0,299.21875,24.21875,5.949,1.1659045405098132,,,,,,,,,,
154,15.625,19.53125,1.7078813238895119,-1.407,0.184,7.251,114,20.3125,14.0625,7.202,-0.8621700546672264,141,8.59375,17.96875,7.202,-2.922923707715851,192.0,10.9375,25.0,7.202,2.279422598922567,103.0,13.28125,12.5,7.411,-1.892546881191539,201.0,17.96875,26.5625,7.411,1.2490457723982544,158.0,22.65625,20.3125,7.074,0.11065722117389565
155,94.53125,19.53125,1.6916679772920007,0.463,-0.237,7.335,116,89.84375,14.0625,7.202,-2.279422598922567,142,101.5625,17.96875,7.202,-0.21866894587394195,105.0,96.875,12.5,7.411,-1.2490457723982544,172.0,87.5,21.875,7.411,2.819842099193151,184.0,99.21875,24.21875,6.629,0.7853981633974483,205.0,92.1875,27.34375,8.156,1.8622531212727638
156,225.0,19.53125,1.5952164865180771,-0.315,-0.487,6.573,189,230.46875,24.21875,7.202,0.7086262721276703,138,231.25,17.1875,6.675,-0.35877067027057225,147.0,218.75,17.96875,6.442,-2.896613990462929,197.0,221.875,25.0,6.298,2.0899424410414196,112.0,225.0,13.28125,6.25,-1.5707963267948966,,,,,
157,291.40625,19.53125,1.5623528089958885,-2.436,-0.476,6.883,177,285.15625,22.65625,6.987,2.677945044588987,127,285.9375,15.625,6.72,-2.5213431676069717,150.0,299.21875,17.96875,7.967,-0.19739555984988075,113.0,292.96875,13.28125,6.442,-1.3258176636680326,200.0,292.1875,25.78125,6.298,1.446441332248135,,,,,
158,22.65625,20.3125,1.6875754756774055,1.582,0.166,7.229,122,27.34375,14.84375,7.202,-0.8621700546672264,167,29.6875,21.875,7.202,0.21866894587394195,202.0,25.0,27.34375,7.411,1.2490457723982544,154.0,15.625,19.53125,7.074,-3.0309354324158977,201.0,17.96875,26.5625,7.812,2.214297435588181,114.0,20.3125,14.0625,6.675,-1.9295669970654687
159,125.78125,20.3125,1.6446791765684416,-0.521,0.381,7.319,207,127.34375,27.34375,7.202,1.3521273809209546,176,132.8125,22.65625,7.411,0.3217505543966422,109.0,125.0,13.28125,7.074,-1.6814535479687922,134.0,118.75,17.1875,7.694,-2.723368324010564,131.0,131.25,16.40625,6.72,-0.6202494859828215,193.0,119.53125,25.0,7.812,2.498091544796509
160,152.34375,20.3125,1.66189406595613,-2.647,-0.257,7.211,126,146.875,15.625,7.202,-2.432966381462123,173,145.3125,21.875,7.202,2.922923707715851,110.0,154.6875,13.28125,7.411,-1.2490457723982544,144.0,159.375,17.96875,7.411,-0.3217505543966422,208.0,150.0,27.34375,7.411,1.892546881191539,194.0,157.03125,25.0,6.629,0.7853981633974483
161,168.75,20.3125,1.6344513403360086,2.272,0.516,7.15,136,175.0,17.1875,6.987,-0.4636476090008061,135,161.71875,17.1875,7.694,-2.723368324010564,216.0,168.75,28.125,7.812,1.5707963267948966,195.0,175.0,25.0,7.812,0.6435011087932844,180.0,163.28125,23.4375,6.298,2.62244653934327,117.0,167.96875,14.0625,6.298,-1.695151321341658
162,113.28125,21.09375,1.654110249970799,-2.23,-0.396,7.163,130,107.8125,16.40625,7.202,-2.432966381462123,175,106.25,22.65625,7.202,2.922923707715851,193.0,119.53125,25.0,7.37,0.5585993153435624,134.0,118.75,17.1875,6.72,-0.6202494859828215,108.0,113.28125,13.28125,7.812,-1.5707963267948966,206.0,110.9375,27.34375,6.675,1.9295669970654687
163,180.46875,21.09375,1.6606578547945534,2.405,0.42,6.933,118,181.25,14.0625,7.074,-1.460139105621001,136,175.0,17.1875,6.72,-2.5213431676069717,195.0,175.0,25.0,6.72,2.5213431676069717,221.0,181.25,28.90625,7.851,1.4711276743037347,186.0,185.9375,24.21875,6.298,0.5191461142465229,,,,,
164,237.5,21.09375,1.6474298753267864,-2.369,-0.487,7.01,138,231.25,17.1875,7.37,-2.5829933382462307,139,243.75,17.1875,7.37,-0.5585993153435624,119.0,237.5,14.0625,7.031,-1.5707963267948966,189.0,230.46875,24.21875,7.694,2.723368324010564,190.0,242.96875,24.21875,6.298,0.5191461142465229,209.0,236.71875,27.34375,6.298,1.695151321341658
165,249.21875,21.09375,1.6855416270282186,-0.303,-0.464,7.028,198,255.46875,25.0,7.37,0.5585993153435624,120,250.0,14.0625,7.074,-1.460139105621001,217.0,249.21875,28.125,7.031,1.5707963267948966,148.0,255.46875,17.96875,6.987,-0.4636476090008061,190.0,242.96875,24.21875,6.987,2.677945044588987,139.0,243.75,17.1875,6.72,-2.5213431676069717
166,262.5,21.09375,1.5555152441379803,2.661,-0.435,7.347,121,260.9375,14.0625,7.202,-1.7894652726688385,218,261.71875,28.125,7.074,1.6814535479687922,148.0,255.46875,17.96875,7.694,-2.723368324010564,199.0,267.96875,25.0,6.72,0.6202494859828215,198.0,255.46875,25.0,8.043,2.6344941491974563,,,,,
167,29.6875,21.875,1.6877999702147508,-2.882,0.195,7.247,158,22.65625,20.3125,7.202,-2.922923707715851,202,25.0,27.34375,7.202,2.279422598922567,219.0,32.03125,28.90625,7.411,1.2490457723982544,122.0,27.34375,14.84375,7.411,-1.892546881191539,124.0,34.375,15.625,7.812,-0.9272952180016122,179.0,35.9375,23.4375,6.442,0.24497866312686414
168,52.34375,21.875,1.623542326101866,0.077,-0.108,6.874,169,59.375,21.875,7.031,0.0,123,55.46875,14.84375,7.694,-1.1525719972156676,204.0,56.25,27.34375,6.72,0.9505468408120752,133.0,47.65625,17.1875,6.629,-2.356194490192345,203.0,49.21875,27.34375,6.298,2.0899424410414196,,,,,
169,59.375,21.875,1.678282021223408,0.215,0.011,7.082,212,63.28125,28.125,7.37,1.0121970114513341,170,66.40625,21.875,7.031,0.0,168.0,52.34375,21.875,7.031,3.141592653589793,128.0,63.28125,16.40625,6.72,-0.9505468408120752,123.0,55.46875,14.84375,8.043,-2.0778948311872334,204.0,56.25,27.34375,6.298,2.0899424410414196
170,66.40625,21.875,1.6726412023100965,-2.229,-0.038,7.188,213,70.3125,28.125,7.37,1.0121970114513341,171,73.4375,21.875,7.031,0.0,169.0,59.375,21.875,7.031,3.141592653589793,212.0,63.28125,28.125,6.987,2.0344439357957027,128.0,63.28125,16.40625,6.298,-2.0899424410414196,115.0,69.53125,14.0625,8.414,-1.1902899496825317
171,73.4375,21.875,1.6920916810312958,1.027,0.011,7.166,125,77.34375,15.625,7.37,-1.0121970114513341,214,77.34375,28.125,7.37,1.0121970114513341,174.0,80.46875,22.65625,7.074,0.11065722117389565,170.0,66.40625,21.875,7.031,3.141592653589793,213.0,70.3125,28.125,6.987,2.0344439357957027,,,,,
172,87.5,21.875,1.6727314783532563,-1.968,-0.166,7.258,205,92.1875,27.34375,7.202,0.8621700546672264,155,94.53125,19.53125,7.411,-0.3217505543966422,174.0,80.46875,22.65625,7.074,3.0309354324158977,215.0,84.375,28.125,6.987,2.0344439357957027,129.0,83.59375,16.40625,6.72,-2.191045812777718,116.0,89.84375,14.0625,8.156,-1.2793395323170296
173,145.3125,21.875,1.6892272829121011,2.165,-0.276,6.942,160,152.34375,20.3125,7.202,-0.21866894587394195,208,150.0,27.34375,7.202,0.8621700546672264,220.0,142.96875,28.90625,7.411,1.892546881191539,143.0,139.84375,17.96875,6.72,-2.5213431676069717,185.0,139.0625,24.21875,6.675,2.782821983319221,126.0,146.875,15.625,6.442,-1.3258176636680326
174,80.46875,22.65625,1.6739109732572486,-1.223,-0.011,6.975,172,87.5,21.875,7.074,-0.11065722117389565,171,73.4375,21.875,7.074,-3.0309354324158977,129.0,83.59375,16.40625,6.987,-1.1071487177940904,125.0,77.34375,15.625,7.694,-1.9890206563741257,215.0,84.375,28.125,6.72,0.9505468408120752,214.0,77.34375,28.125,6.298,2.0899424410414196
175,106.25,22.65625,1.6828056694660727,0.231,-0.258,6.884,184,99.21875,24.21875,7.202,2.922923707715851,162,113.28125,21.09375,7.202,-0.21866894587394195,222.0,104.6875,29.6875,7.202,1.7894652726688385,142.0,101.5625,17.96875,6.629,-2.356194490192345,206.0,110.9375,27.34375,6.629,0.7853981633974483,130.0,107.8125,16.40625,6.442,-1.3258176636680326
176,132.8125,22.65625,1.6022649940739957,0.072,0.31,7.351,207,127.34375,27.34375,7.202,2.432966381462123,159,125.78125,20.3125,7.411,-2.819842099193151,185.0,139.0625,24.21875,6.442,0.24497866312686414,131.0,131.25,16.40625,6.442,-1.8157749899217608,230.0,135.15625,30.46875,8.156,1.2793395323170296,143.0,139.84375,17.96875,8.45,-0.5880026035475675
177,285.15625,22.65625,1.6302416103339605,0.013,0.509,7.294,127,285.9375,15.625,7.074,-1.460139105621001,226,285.9375,29.6875,7.074,1.460139105621001,157.0,291.40625,19.53125,6.987,-0.4636476090008061,200.0,292.1875,25.78125,7.694,0.4182243295792291,210.0,280.46875,27.34375,6.629,2.356194490192345,140.0,278.90625,17.1875,8.304,-2.4227626539681686
178,3.90625,23.4375,1.6750136197326,0.245,0.225,6.918,141,8.59375,17.96875,7.202,-0.8621700546672264,192,10.9375,25.0,7.202,0.21866894587394195,227.0,6.25,30.46875,7.411,1.2490457723982544,132.0,1.5625,17.1875,6.675,-1.9295669970654687,211.0,0.0,28.125,6.101,2.2655346029916,,,,,
179,35.9375,23.4375,1.6501219859072982,-0.248,0.205,7.17,228,38.28125,30.46875,7.411,1.2490457723982544,219,32.03125,28.90625,6.72,2.191045812777718,183.0,43.75,24.21875,7.851,0.09966865249116202,151.0,40.625,18.75,6.629,-0.7853981633974483,124.0,34.375,15.625,7.967,-1.7681918866447774,167.0,29.6875,21.875,6.442,-2.896613990462929
180,163.28125,23.4375,1.6621039237618664,-2.323,-0.319,6.718,231,161.71875,30.46875,7.202,1.7894652726688385,216,168.75,28.125,7.202,0.7086262721276703,144.0,159.375,17.96875,6.72,-2.191045812777718,135.0,161.71875,17.1875,6.442,-1.8157749899217608,194.0,157.03125,25.0,6.442,2.896613990462929,161.0,168.75,20.3125,6.298,-0.5191461142465229
181,192.96875,23.4375,1.6999381072162993,1.632,-0.004,7.237,224,196.875,29.6875,7.37,1.0121970114513341,223,189.0625,29.6875,7.37,2.129395642138459,187.0,200.0,24.21875,7.074,0.11065722117389565,186.0,185.9375,24.21875,7.074,3.0309354324158977,145.0,196.875,17.96875,6.72,-0.9505468408120752,137.0,188.28125,17.1875,7.812,-2.214297435588181
182,275.0,23.4375,1.6161009928967396,2.912,-0.239,6.891,199,267.96875,25.0,7.202,2.922923707715851,140,278.90625,17.1875,7.37,-1.0121970114513341,149.0,271.09375,17.96875,6.72,-2.191045812777718,210.0,280.46875,27.34375,6.72,0.6202494859828215,225.0,273.4375,29.6875,6.442,1.8157749899217608,,,,,
183,43.75,24.21875,1.6074451427432574,2.568,0.151,7.46,179,35.9375,23.4375,7.851,-3.0419240010986313,240,45.3125,32.03125,7.967,1.373400766945016,133.0,47.65625,17.1875,8.043,-1.0636978224025597,151.0,40.625,18.75,6.298,-2.0899424410414196,203.0,49.21875,27.34375,6.298,0.5191461142465229,228.0,38.28125,30.46875,8.304,2.289626326416521
184,99.21875,24.21875,1.6758187404264007,0.702,-0.286,7.038,175,106.25,22.65625,7.202,-0.21866894587394195,205,92.1875,27.34375,7.694,2.723368324010564,222.0,104.6875,29.6875,7.733,0.7853981633974483,142.0,101.5625,17.96875,6.675,-1.2120256565243244,155.0,94.53125,19.53125,6.629,-2.356194490192345,229.0,98.4375,30.46875,6.298,1.695151321341658
185,139.0625,24.21875,1.6253510803545241,0.149,-0.262,6.577,230,135.15625,30.46875,7.37,2.129395642138459,173,145.3125,21.875,6.675,-0.35877067027057225,176.0,132.8125,22.65625,6.442,-2.896613990462929,143.0,139.84375,17.96875,6.298,-1.446441332248135,220.0,142.96875,28.90625,6.101,0.8760580505981934,,,,,
186,185.9375,24.21875,1.6117705902035215,0.086,-0.083,6.742,137,188.28125,17.1875,7.411,-1.2490457723982544,181,192.96875,23.4375,7.074,-0.11065722117389565,221.0,181.25,28.90625,6.629,2.356194490192345,163.0,180.46875,21.09375,6.298,-2.62244653934327,223.0,189.0625,29.6875,6.298,1.0516502125483738,,,,,
187,200.0,24.21875,1.7001097933554983,-0.839,0.027,7.022,146,203.90625,17.96875,7.37,-1.0121970114513341,232,203.90625,30.46875,7.37,1.0121970114513341,181.0,192.96875,23.4375,7.074,-3.0309354324158977,188.0,207.03125,24.21875,7.031,0.0,145.0,196.875,17.96875,6.987,-2.0344439357957027,224.0,196.875,29.6875,6.298,2.0899424410414196
188,207.03125,24.21875,1.668499826794553,0.563,0.027,7.158,233,210.9375,30.46875,7.37,1.0121970114513341,187,200.0,24.21875,7.031,3.141592653589793,232.0,203.90625,30.46875,6.987,2.0344439357957027,146.0,203.90625,17.96875,6.987,-2.0344439357957027,152.0,210.9375,18.75,6.72,-0.9505468408120752,196.0,214.84375,25.0,7.851,0.09966865249116202
189,230.46875,24.21875,1.5721364895329897,-1.086,-0.438,7.443,156,225.0,19.53125,7.202,-2.432966381462123,138,231.25,17.1875,7.074,-1.460139105621001,238.0,231.25,31.25,7.074,1.460139105621001,209.0,236.71875,27.34375,6.987,0.4636476090008061,164.0,237.5,21.09375,7.694,-0.4182243295792291,197.0,221.875,25.0,8.629,3.050932766389048
190,242.96875,24.21875,1.6766112837856852,0.417,-0.481,6.958,217,249.21875,28.125,7.37,0.5585993153435624,139,243.75,17.1875,7.074,-1.460139105621001,239.0,242.96875,31.25,7.031,1.5707963267948966,165.0,249.21875,21.09375,6.987,-0.4636476090008061,209.0,236.71875,27.34375,6.987,2.677945044588987,164.0,237.5,21.09375,6.298,-2.62244653934327
191,299.21875,24.21875,1.2934058438631224,-2.668,0.338,6.413,200,292.1875,25.78125,7.202,2.922923707715851,150,299.21875,17.96875,6.25,-1.5707963267948966,234.0,299.21875,30.46875,6.25,1.5707963267948966,153.0,296.875,18.75,5.949,-1.97568811307998,,,,,,,,,,
192,10.9375,25.0,1.6928182199543356,2.882,0.221,7.364,154,15.625,19.53125,7.202,-0.8621700546672264,178,3.90625,23.4375,7.202,-2.922923707715851,201.0,17.96875,26.5625,7.202,0.21866894587394195,227.0,6.25,30.46875,7.202,2.279422598922567,141.0,8.59375,17.96875,7.411,-1.892546881191539,245.0,12.5,32.8125,7.967,1.373400766945016
193,119.53125,25.0,1.666674784217261,-0.039,0.331,7.645,162,113.28125,21.09375,7.37,-2.5829933382462307,235,116.40625,31.25,6.987,2.0344439357957027,241.0,122.65625,32.03125,7.694,1.1525719972156676,159.0,125.78125,20.3125,7.812,-0.6435011087932844,134.0,118.75,17.1875,7.851,-1.6704649792860586,207.0,127.34375,27.34375,8.156,0.2914567944778671
194,157.03125,25.0,1.6574951365960062,1.841,-0.236,7.084,231,161.71875,30.46875,7.202,0.8621700546672264,144,159.375,17.96875,7.411,-1.2490457723982544,242.0,154.6875,32.03125,7.411,1.892546881191539,208.0,150.0,27.34375,7.411,2.819842099193151,160.0,152.34375,20.3125,6.629,-2.356194490192345,180.0,163.28125,23.4375,6.442,-0.24497866312686414
195,175.0,25.0,1.6997649141361124,-2.169,-0.484,7.296,221,181.25,28.90625,7.37,0.5585993153435624,243,174.21875,32.03125,7.074,1.6814535479687922,216.0,168.75,28.125,6.987,2.677945044588987,163.0,180.46875,21.09375,6.72,-0.6202494859828215,136.0,175.0,17.1875,7.812,-1.5707963267948966,161.0,168.75,20.3125,7.812,-2.498091544796509
196,214.84375,25.0,1.631876666695246,-2.563,0.034,7.334,152,210.9375,18.75,7.37,-2.129395642138459,197,221.875,25.0,7.031,0.0,236.0,217.96875,31.25,6.987,1.1071487177940904,233.0,210.9375,30.46875,6.72,2.191045812777718,188.0,207.03125,24.21875,7.851,-3.0419240010986313,147.0,218.75,17.96875,8.043,-1.0636978224025597
197,221.875,25.0,1.642282347624277,-1.547,0.018,7.335,236,217.96875,31.25,7.37,2.129395642138459,196,214.84375,25.0,7.031,3.141592653589793,237.0,225.0,31.25,6.987,1.1071487177940904,147.0,218.75,17.96875,7.694,-1.9890206563741257,156.0,225.0,19.53125,6.298,-1.0516502125483738,189.0,230.46875,24.21875,8.629,-0.09065988720074511
198,255.46875,25.0,1.7073425277817367,-1.359,-0.515,7.241,165,249.21875,21.09375,7.37,-2.5829933382462307,148,255.46875,17.96875,7.031,-1.5707963267948966,244.0,255.46875,32.03125,7.031,1.5707963267948966,217.0,249.21875,28.125,6.987,2.677945044588987,218.0,261.71875,28.125,6.987,0.4636476090008061,166.0,262.5,21.09375,8.043,-0.507098504392337
199,267.96875,25.0,1.684128382714259,0.851,-0.34,7.276,182,275.0,23.4375,7.202,-0.21866894587394195,225,273.4375,29.6875,7.202,0.7086262721276703,218.0,261.71875,28.125,6.987,2.677945044588987,149.0,271.09375,17.96875,7.694,-1.1525719972156676,166.0,262.5,21.09375,6.72,-2.5213431676069717,247.0,267.1875,32.8125,7.851,1.6704649792860586
200,292.1875,25.78125,1.5274625455571789,-1.83,0.42,7.348,191,299.21875,24.21875,7.202,-0.21866894587394195,226,285.9375,29.6875,7.37,2.5829933382462307,248.0,292.96875,32.8125,7.074,1.460139105621001,177.0,285.15625,22.65625,7.694,-2.723368324010564,157.0,291.40625,19.53125,6.298,-1.695151321341658,153.0,296.875,18.75,8.45,-0.982793723247329
201,17.96875,26.5625,1.6473386681712379,-1.607,0.168,7.413,192,10.9375,25.0,7.202,-2.922923707715851,154,15.625,19.53125,7.411,-1.892546881191539,202.0,25.0,27.34375,7.074,0.11065722117389565,158.0,22.65625,20.3125,7.812,-0.9272952180016122,246.0,20.3125,32.8125,6.675,1.2120256565243244,245.0,12.5,32.8125,8.304,2.289626326416521
202,25.0,27.34375,1.7106572373999913,1.735,0.184,7.251,167,29.6875,21.875,7.202,-0.8621700546672264,219,32.03125,28.90625,7.202,0.21866894587394195,246.0,20.3125,32.8125,7.202,2.279422598922567,158.0,22.65625,20.3125,7.411,-1.892546881191539,255.0,27.34375,34.375,7.411,1.2490457723982544,201.0,17.96875,26.5625,7.074,-3.0309354324158977
203,49.21875,27.34375,1.5979703364489048,0.601,0.091,6.543,204,56.25,27.34375,7.031,0.0,249,52.34375,33.59375,6.987,1.1071487177940904,183.0,43.75,24.21875,6.298,-2.62244653934327,168.0,52.34375,21.875,6.298,-1.0516502125483738,240.0,45.3125,32.03125,6.101,2.2655346029916,,,,,
204,56.25,27.34375,1.6820906115745293,2.365,0.018,6.913,249,52.34375,33.59375,7.37,2.129395642138459,212,63.28125,28.125,7.074,0.11065722117389565,203.0,49.21875,27.34375,7.031,3.141592653589793,250.0,59.375,33.59375,6.987,1.1071487177940904,168.0,52.34375,21.875,6.72,-2.191045812777718,169.0,59.375,21.875,6.298,-1.0516502125483738
205,92.1875,27.34375,1.5953611430880026,-0.699,-0.274,7.674,172,87.5,21.875,7.202,-2.279422598922567,229,98.4375,30.46875,6.987,0.4636476090008061,184.0,99.21875,24.21875,7.694,-0.4182243295792291,215.0,84.375,28.125,7.851,3.0419240010986313,155.0,94.53125,19.53125,8.156,-1.2793395323170296,262.0,94.53125,35.15625,8.156,1.2793395323170296
206,110.9375,27.34375,1.6332726210299642,2.684,-0.398,6.91,235,116.40625,31.25,6.72,0.6202494859828215,162,113.28125,21.09375,6.675,-1.2120256565243244,222.0,104.6875,29.6875,6.675,2.782821983319221,263.0,110.15625,35.15625,7.851,1.6704649792860586,175.0,106.25,22.65625,6.629,-2.356194490192345,,,,,
207,127.34375,27.34375,1.6673081712831501,0.569,0.291,7.38,159,125.78125,20.3125,7.202,-1.7894652726688385,176,132.8125,22.65625,7.202,-0.7086262721276703,251.0,129.6875,33.59375,6.675,1.2120256565243244,241.0,122.65625,32.03125,6.629,2.356194490192345,193.0,119.53125,25.0,8.156,-2.8501358591119264,230.0,135.15625,30.46875,8.414,0.3805063771123649
208,150.0,27.34375,1.6817980243136494,-1.608,-0.226,7.088,173,145.3125,21.875,7.202,-2.279422598922567,220,142.96875,28.90625,7.202,2.922923707715851,160.0,152.34375,20.3125,7.411,-1.2490457723982544,194.0,157.03125,25.0,7.411,-0.3217505543966422,252.0,147.65625,33.59375,6.675,1.9295669970654687,242.0,154.6875,32.03125,6.629,0.7853981633974483
209,236.71875,27.34375,1.665644485796087,0.956,-0.514,6.899,239,242.96875,31.25,7.37,0.5585993153435624,261,236.71875,34.375,7.031,1.5707963267948966,189.0,230.46875,24.21875,6.987,-2.677945044588987,190.0,242.96875,24.21875,6.987,-0.4636476090008061,238.0,231.25,31.25,6.72,2.5213431676069717,164.0,237.5,21.09375,6.298,-1.446441332248135
210,280.46875,27.34375,1.6306899801742403,2.131,0.456,6.601,225,273.4375,29.6875,7.411,2.819842099193151,182,275.0,23.4375,6.72,-2.5213431676069717,177.0,285.15625,22.65625,6.629,-0.7853981633974483,253.0,279.6875,33.59375,6.298,1.695151321341658,226.0,285.9375,29.6875,5.949,0.40489178628508343,,,,,
211,0.0,28.125,1.5764738412679673,0.354,-0.341,6.342,227,6.25,30.46875,6.675,0.35877067027057225,254,0.0,34.375,6.25,1.5707963267948966,178.0,3.90625,23.4375,6.101,-0.8760580505981934,,,,,,,,,,,,,,,
212,63.28125,28.125,1.6599996299195117,-2.54,0.028,7.028,169,59.375,21.875,7.37,-2.129395642138459,204,56.25,27.34375,7.074,-3.0309354324158977,213.0,70.3125,28.125,7.031,0.0,170.0,66.40625,21.875,6.987,-1.1071487177940904,256.0,66.40625,34.375,6.987,1.1071487177940904,250.0,59.375,33.59375,6.72,2.191045812777718
213,70.3125,28.125,1.6636729659038874,3.141,-0.001,7.129,170,66.40625,21.875,7.37,-2.129395642138459,256,66.40625,34.375,7.37,2.129395642138459,214.0,77.34375,28.125,7.031,0.0,212.0,63.28125,28.125,7.031,3.141592653589793,171.0,73.4375,21.875,6.987,-1.1071487177940904,257.0,73.4375,34.375,6.987,1.1071487177940904
214,77.34375,28.125,1.6654423818582798,2.92,0.009,7.014,171,73.4375,21.875,7.37,-2.129395642138459,257,73.4375,34.375,7.37,2.129395642138459,215.0,84.375,28.125,7.031,0.0,213.0,70.3125,28.125,7.031,3.141592653589793,258.0,80.46875,34.375,6.987,1.1071487177940904,174.0,80.46875,22.65625,6.298,-1.0516502125483738
215,84.375,28.125,1.692099553015764,-2.856,-0.028,7.158,258,80.46875,34.375,7.37,2.129395642138459,214,77.34375,28.125,7.031,3.141592653589793,259.0,87.5,34.375,6.987,1.1071487177940904,172.0,87.5,21.875,6.987,-1.1071487177940904,174.0,80.46875,22.65625,6.72,-2.191045812777718,205.0,92.1875,27.34375,7.851,-0.09966865249116202
216,168.75,28.125,1.6507528479632496,-2.382,-0.392,7.096,180,163.28125,23.4375,7.202,-2.432966381462123,231,161.71875,30.46875,7.411,2.819842099193151,195.0,175.0,25.0,6.987,-0.4636476090008061,243.0,174.21875,32.03125,6.72,0.6202494859828215,161.0,168.75,20.3125,7.812,-1.5707963267948966,260.0,167.1875,34.375,6.442,1.8157749899217608
217,249.21875,28.125,1.7210326512887633,-3.087,-0.474,7.136,190,242.96875,24.21875,7.37,-2.5829933382462307,244,255.46875,32.03125,7.37,0.5585993153435624,265.0,248.4375,35.15625,7.074,1.6814535479687922,165.0,249.21875,21.09375,7.031,-1.5707963267948966,239.0,242.96875,31.25,6.987,2.677945044588987,198.0,255.46875,25.0,6.987,-0.4636476090008061
218,261.71875,28.125,1.678744337054371,1.835,-0.464,7.245,247,267.1875,32.8125,7.202,0.7086262721276703,244,255.46875,32.03125,7.37,2.5829933382462307,166.0,262.5,21.09375,7.074,-1.460139105621001,198.0,255.46875,25.0,6.987,-2.677945044588987,199.0,267.96875,25.0,6.987,-0.4636476090008061,270.0,260.9375,35.9375,7.851,1.6704649792860586
219,32.03125,28.90625,1.686467627689562,-2.777,0.192,7.065,202,25.0,27.34375,7.202,-2.922923707715851,255,27.34375,34.375,7.202,2.279422598922567,266.0,34.375,35.9375,7.411,1.2490457723982544,167.0,29.6875,21.875,7.411,-1.892546881191539,179.0,35.9375,23.4375,6.72,-0.9505468408120752,228.0,38.28125,30.46875,6.442,0.24497866312686414
220,142.96875,28.90625,1.6419685723450106,-0.919,-0.209,7.12,208,150.0,27.34375,7.202,-0.21866894587394195,173,145.3125,21.875,7.411,-1.2490457723982544,268.0,140.625,35.9375,7.411,1.892546881191539,252.0,147.65625,33.59375,6.629,0.7853981633974483,230.0,135.15625,30.46875,7.967,2.9441970937399127,185.0,139.0625,24.21875,6.101,-2.2655346029916
221,181.25,28.90625,1.6498784272643279,-1.172,0.365,7.461,195,175.0,25.0,7.37,-2.5829933382462307,264,185.15625,35.15625,7.37,1.0121970114513341,243.0,174.21875,32.03125,7.694,2.723368324010564,163.0,180.46875,21.09375,7.851,-1.6704649792860586,223.0,189.0625,29.6875,7.851,0.09966865249116202,186.0,185.9375,24.21875,6.629,-0.7853981633974483
222,104.6875,29.6875,1.687476920277157,-2.19,-0.247,7.053,175,106.25,22.65625,7.202,-1.3521273809209546,184,99.21875,24.21875,7.733,-2.356194490192345,263.0,110.15625,35.15625,7.733,0.7853981633974483,206.0,110.9375,27.34375,6.675,-0.35877067027057225,267.0,102.34375,35.9375,6.675,1.9295669970654687,229.0,98.4375,30.46875,6.298,3.017237659043032
223,189.0625,29.6875,1.6862245637489546,-1.652,0.033,7.237,181,192.96875,23.4375,7.37,-1.0121970114513341,269,192.96875,35.9375,7.37,1.0121970114513341,264.0,185.15625,35.15625,6.72,2.191045812777718,224.0,196.875,29.6875,7.812,0.0,221.0,181.25,28.90625,7.851,-3.0419240010986313,186.0,185.9375,24.21875,6.298,-2.0899424410414196
224,196.875,29.6875,1.64259957385333,2.38,0.034,7.27,181,192.96875,23.4375,7.37,-2.129395642138459,269,192.96875,35.9375,7.37,2.129395642138459,232.0,203.90625,30.46875,7.074,0.11065722117389565,273.0,200.0,36.71875,7.694,1.1525719972156676,223.0,189.0625,29.6875,7.812,3.141592653589793,187.0,200.0,24.21875,6.298,-1.0516502125483738
225,273.4375,29.6875,1.680013000347417,0.103,-0.403,7.074,199,267.96875,25.0,7.202,-2.432966381462123,253,279.6875,33.59375,7.37,0.5585993153435624,210.0,280.46875,27.34375,7.411,-0.3217505543966422,276.0,273.4375,36.71875,7.031,1.5707963267948966,247.0,267.1875,32.8125,6.987,2.677945044588987,182.0,275.0,23.4375,6.442,-1.3258176636680326
226,285.9375,29.6875,1.6572314241055945,2.984,0.456,7.081,200,292.1875,25.78125,7.37,-0.5585993153435624,253,279.6875,33.59375,7.37,2.5829933382462307,177.0,285.15625,22.65625,7.074,-1.6814535479687922,277.0,285.9375,36.71875,7.031,1.5707963267948966,248.0,292.96875,32.8125,7.694,0.4182243295792291,210.0,280.46875,27.34375,5.949,-2.7367008673047097
227,6.25,30.46875,1.6751572705747393,-2.808,0.353,7.06,192,10.9375,25.0,7.202,-0.8621700546672264,254,0.0,34.375,7.37,2.5829933382462307,178.0,3.90625,23.4375,7.411,-1.892546881191539,279.0,6.25,37.5,7.031,1.5707963267948966,245.0,12.5,32.8125,6.675,0.35877067027057225,211.0,0.0,28.125,6.675,-2.782821983319221
228,38.28125,30.46875,1.675024045501657,0.403,0.193,7.248,240,45.3125,32.03125,7.202,0.21866894587394195,179,35.9375,23.4375,7.411,-1.892546881191539,280.0,40.625,37.5,7.411,1.2490457723982544,266.0,34.375,35.9375,6.72,2.191045812777718,219.0,32.03125,28.90625,6.442,-2.896613990462929,183.0,43.75,24.21875,8.304,-0.8519663271732721
229,98.4375,30.46875,1.6282299080075293,0.112,-0.207,6.481,205,92.1875,27.34375,6.987,-2.677945044588987,267,102.34375,35.9375,6.72,0.9505468408120752,222.0,104.6875,29.6875,6.298,-0.12435499454676144,184.0,99.21875,24.21875,6.298,-1.446441332248135,262.0,94.53125,35.15625,6.101,2.2655346029916,,,,,
230,135.15625,30.46875,1.638498065253365,-1.458,-0.519,7.656,185,139.0625,24.21875,7.37,-1.0121970114513341,268,140.625,35.9375,7.733,0.7853981633974483,220.0,142.96875,28.90625,7.967,-0.19739555984988075,176.0,132.8125,22.65625,8.156,-1.8622531212727638,251.0,129.6875,33.59375,6.298,2.62244653934327,207.0,127.34375,27.34375,8.414,-2.761086276477428
231,161.71875,30.46875,1.661605225500241,-1.202,-0.289,7.03,180,163.28125,23.4375,7.202,-1.3521273809209546,194,157.03125,25.0,7.202,-2.279422598922567,242.0,154.6875,32.03125,7.202,2.922923707715851,216.0,168.75,28.125,7.411,-0.3217505543966422,260.0,167.1875,34.375,6.72,0.6202494859828215,271.0,160.15625,36.71875,6.442,1.8157749899217608
232,203.90625,30.46875,1.6651378804718497,-2.536,0.018,7.136,187,200.0,24.21875,7.37,-2.129395642138459,273,200.0,36.71875,7.37,2.129395642138459,224.0,196.875,29.6875,7.074,-3.0309354324158977,233.0,210.9375,30.46875,7.031,0.0,188.0,207.03125,24.21875,6.987,-1.1071487177940904,274.0,207.03125,36.71875,6.987,1.1071487177940904
233,210.9375,30.46875,1.6659550914030365,1.765,0.044,7.092,188,207.03125,24.21875,7.37,-2.129395642138459,274,207.03125,36.71875,7.37,2.129395642138459,236.0,217.96875,31.25,7.074,0.11065722117389565,232.0,203.90625,30.46875,7.031,3.141592653589793,275.0,214.0625,36.71875,6.987,1.1071487177940904,196.0,214.84375,25.0,6.72,-0.9505468408120752
234,299.21875,30.46875,1.38097878606635,-3.027,0.345,6.906,248,292.96875,32.8125,6.675,2.782821983319221,191,299.21875,24.21875,6.25,-1.5707963267948966,278.0,299.21875,36.71875,6.25,1.5707963267948966,200.0,292.1875,25.78125,8.45,-2.5535900500422257,,,,,,,,,,
235,116.40625,31.25,1.6323431670756865,1.434,0.363,6.763,263,110.15625,35.15625,7.37,2.5829933382462307,193,119.53125,25.0,6.987,-1.1071487177940904,206.0,110.9375,27.34375,6.72,-2.5213431676069717,281.0,117.96875,37.5,6.442,1.3258176636680326,241.0,122.65625,32.03125,6.298,0.12435499454676144,,,,,
236,217.96875,31.25,1.689193529456348,-1.874,0.06,7.028,197,221.875,25.0,7.37,-1.0121970114513341,233,210.9375,30.46875,7.074,-3.0309354324158977,237.0,225.0,31.25,7.031,0.0,196.0,214.84375,25.0,6.987,-2.0344439357957027,282.0,221.09375,37.5,6.987,1.1071487177940904,275.0,214.0625,36.71875,6.72,2.191045812777718
237,225.0,31.25,1.673859956977468,2.079,0.014,7.001,282,221.09375,37.5,7.37,2.129395642138459,283,228.90625,37.5,7.37,1.0121970114513341,236.0,217.96875,31.25,7.031,3.141592653589793,197.0,221.875,25.0,6.987,-2.0344439357957027,238.0,231.25,31.25,6.25,0.0,,,,,
238,231.25,31.25,1.6816560428491467,-0.575,-0.483,6.603,189,230.46875,24.21875,7.074,-1.6814535479687922,209,236.71875,27.34375,6.72,-0.6202494859828215,283.0,228.90625,37.5,6.675,1.9295669970654687,261.0,236.71875,34.375,6.298,0.5191461142465229,237.0,225.0,31.25,6.25,3.141592653589793,,,,,
239,242.96875,31.25,1.7001279175037445,2.839,-0.464,7.028,209,236.71875,27.34375,7.37,-2.5829933382462307,285,242.1875,38.28125,7.074,1.6814535479687922,190.0,242.96875,24.21875,7.031,-1.5707963267948966,217.0,249.21875,28.125,6.987,-0.4636476090008061,261.0,236.71875,34.375,6.987,2.677945044588987,265.0,248.4375,35.15625,6.72,0.6202494859828215
240,45.3125,32.03125,1.693438444410051,-0.358,0.219,7.181,249,52.34375,33.59375,7.202,0.21866894587394195,228,38.28125,30.46875,7.202,-2.922923707715851,280.0,40.625,37.5,7.202,2.279422598922567,286.0,47.65625,39.0625,7.411,1.2490457723982544,183.0,43.75,24.21875,7.967,-1.7681918866447774,203.0,49.21875,27.34375,6.101,-0.8760580505981934
241,122.65625,32.03125,1.70678742330363,1.3,0.166,7.12,251,129.6875,33.59375,7.202,0.21866894587394195,281,117.96875,37.5,7.202,2.279422598922567,287.0,125.78125,39.0625,7.694,1.1525719972156676,193.0,119.53125,25.0,7.694,-1.9890206563741257,207.0,127.34375,27.34375,6.629,-0.7853981633974483,235.0,116.40625,31.25,6.298,-3.017237659043032
242,154.6875,32.03125,1.710190627494883,-0.188,-0.258,7.141,252,147.65625,33.59375,7.202,2.922923707715851,231,161.71875,30.46875,7.202,-0.21866894587394195,289.0,153.125,39.0625,7.202,1.7894652726688385,271.0,160.15625,36.71875,7.202,0.7086262721276703,194.0,157.03125,25.0,7.411,-1.2490457723982544,208.0,150.0,27.34375,6.629,-2.356194490192345
243,174.21875,32.03125,1.6857791313183395,-3.115,-0.343,7.156,260,167.1875,34.375,7.411,2.819842099193151,290,171.875,39.0625,7.411,1.892546881191539,195.0,175.0,25.0,7.074,-1.460139105621001,221.0,181.25,28.90625,7.694,-0.4182243295792291,216.0,168.75,28.125,6.72,-2.5213431676069717,272.0,178.90625,36.71875,6.629,0.7853981633974483
244,255.46875,32.03125,1.6938878786332865,-2.784,-0.472,7.21,217,249.21875,28.125,7.37,-2.5829933382462307,218,261.71875,28.125,7.37,-0.5585993153435624,291.0,254.6875,39.0625,7.074,1.6814535479687922,198.0,255.46875,25.0,7.031,-1.5707963267948966,265.0,248.4375,35.15625,7.694,2.723368324010564,270.0,260.9375,35.9375,6.72,0.6202494859828215
245,12.5,32.8125,1.595333757602135,-1.142,0.229,7.548,284,16.40625,38.28125,6.72,0.9505468408120752,246,20.3125,32.8125,7.812,0.0,279.0,6.25,37.5,7.812,2.498091544796509,227.0,6.25,30.46875,6.675,-2.782821983319221,192.0,10.9375,25.0,7.967,-1.7681918866447774,201.0,17.96875,26.5625,8.304,-0.8519663271732721
246,20.3125,32.8125,1.7014389497499354,1.532,0.147,7.17,202,25.0,27.34375,7.202,-0.8621700546672264,255,27.34375,34.375,7.202,0.21866894587394195,292.0,22.65625,39.84375,7.411,1.2490457723982544,284.0,16.40625,38.28125,6.72,2.191045812777718,245.0,12.5,32.8125,7.812,3.141592653589793,201.0,17.96875,26.5625,6.675,-1.9295669970654687
247,267.1875,32.8125,1.6990318218380085,-0.552,-0.452,7.238,218,261.71875,28.125,7.202,-2.432966381462123,276,273.4375,36.71875,7.37,0.5585993153435624,294.0,267.1875,39.84375,7.031,1.5707963267948966,225.0,273.4375,29.6875,6.987,-0.4636476090008061,270.0,260.9375,35.9375,6.987,2.677945044588987,199.0,267.96875,25.0,7.851,-1.4711276743037347
248,292.96875,32.8125,1.565954757108641,1.977,0.521,7.314,278,299.21875,36.71875,7.37,0.5585993153435624,200,292.1875,25.78125,7.074,-1.6814535479687922,295.0,292.96875,39.84375,7.031,1.5707963267948966,226.0,285.9375,29.6875,7.694,-2.723368324010564,234.0,299.21875,30.46875,6.675,-0.35877067027057225,277.0,285.9375,36.71875,8.043,2.6344941491974563
249,52.34375,33.59375,1.7048532050168212,-2.203,0.11,7.078,240,45.3125,32.03125,7.202,-2.922923707715851,286,47.65625,39.0625,7.202,2.279422598922567,204.0,56.25,27.34375,7.37,-1.0121970114513341,250.0,59.375,33.59375,7.031,0.0,203.0,49.21875,27.34375,6.987,-2.0344439357957027,293.0,54.6875,39.84375,6.675,1.2120256565243244
250,59.375,33.59375,1.6450760875794626,2.087,0.082,7.22,256,66.40625,34.375,7.074,0.11065722117389565,249,52.34375,33.59375,7.031,3.141592653589793,204.0,56.25,27.34375,6.987,-2.0344439357957027,296.0,62.5,40.625,7.694,1.1525719972156676,212.0,63.28125,28.125,6.72,-0.9505468408120752,293.0,54.6875,39.84375,7.812,2.214297435588181
251,129.6875,33.59375,1.6714284150761827,-3.094,0.175,6.723,241,122.65625,32.03125,7.202,-2.922923707715851,287,125.78125,39.0625,6.72,2.191045812777718,288.0,133.59375,39.0625,6.72,0.9505468408120752,207.0,127.34375,27.34375,6.675,-1.9295669970654687,230.0,135.15625,30.46875,6.298,-0.5191461142465229,,,,,
252,147.65625,33.59375,1.6271017489161181,0.71,-0.257,7.142,242,154.6875,32.03125,7.202,-0.21866894587394195,300,146.09375,40.625,7.202,1.7894652726688385,268.0,140.625,35.9375,7.411,2.819842099193151,289.0,153.125,39.0625,7.733,0.7853981633974483,208.0,150.0,27.34375,6.675,-1.2120256565243244,220.0,142.96875,28.90625,6.629,-2.356194490192345
253,279.6875,33.59375,1.6789102875175856,-0.905,-0.504,7.007,225,273.4375,29.6875,7.37,-2.5829933382462307,226,285.9375,29.6875,7.37,-0.5585993153435624,302.0,279.6875,40.625,7.031,1.5707963267948966,276.0,273.4375,36.71875,6.987,2.677945044588987,277.0,285.9375,36.71875,6.987,0.4636476090008061,210.0,280.46875,27.34375,6.298,-1.446441332248135
254,0.0,34.375,1.616461242718205,-0.048,-0.298,6.909,227,6.25,30.46875,7.37,-0.5585993153435624,303,0.0,41.40625,7.031,1.5707963267948966,279.0,6.25,37.5,6.987,0.4636476090008061,211.0,0.0,28.125,6.25,-1.5707963267948966,,,,,,,,,,
255,27.34375,34.375,1.7087460260926322,-2.357,0.201,7.272,219,32.03125,28.90625,7.202,-0.8621700546672264,246,20.3125,32.8125,7.202,-2.922923707715851,266.0,34.375,35.9375,7.202,0.21866894587394195,292.0,22.65625,39.84375,7.202,2.279422598922567,202.0,25.0,27.34375,7.411,-1.892546881191539,305.0,29.6875,41.40625,7.411,1.2490457723982544
256,66.40625,34.375,1.681798969320168,-1.516,0.05,7.136,213,70.3125,28.125,7.37,-1.0121970114513341,296,62.5,40.625,7.37,2.129395642138459,250.0,59.375,33.59375,7.074,-3.0309354324158977,257.0,73.4375,34.375,7.031,0.0,212.0,63.28125,28.125,6.987,-2.0344439357957027,297.0,69.53125,40.625,6.987,1.1071487177940904
257,73.4375,34.375,1.6998367310582734,1.107,0.031,7.129,214,77.34375,28.125,7.37,-1.0121970114513341,297,69.53125,40.625,7.37,2.129395642138459,258.0,80.46875,34.375,7.031,0.0,256.0,66.40625,34.375,7.031,3.141592653589793,213.0,70.3125,28.125,6.987,-2.0344439357957027,298.0,76.5625,40.625,6.987,1.1071487177940904
258,80.46875,34.375,1.7082945568180101,1.107,0.031,7.129,215,84.375,28.125,7.37,-1.0121970114513341,298,76.5625,40.625,7.37,2.129395642138459,259.0,87.5,34.375,7.031,0.0,257.0,73.4375,34.375,7.031,3.141592653589793,214.0,77.34375,28.125,6.987,-2.0344439357957027,299.0,83.59375,40.625,6.987,1.1071487177940904
259,87.5,34.375,1.6746237862618965,1.723,0.062,7.434,299,83.59375,40.625,7.37,2.129395642138459,262,94.53125,35.15625,7.074,0.11065722117389565,258.0,80.46875,34.375,7.031,3.141592653589793,215.0,84.375,28.125,6.987,-2.0344439357957027,306.0,90.625,41.40625,7.694,1.1525719972156676,205.0,92.1875,27.34375,8.45,-0.982793723247329
260,167.1875,34.375,1.6705179194159214,2.616,-0.302,7.004,271,160.15625,36.71875,7.411,2.819842099193151,243,174.21875,32.03125,7.411,-0.3217505543966422,309.0,164.84375,41.40625,7.411,1.892546881191539,231.0,161.71875,30.46875,6.72,-2.5213431676069717,290.0,171.875,39.0625,6.629,0.7853981633974483,216.0,168.75,28.125,6.442,-1.3258176636680326
261,236.71875,34.375,1.6574010475990497,3.125,-0.456,7.087,310,235.9375,41.40625,7.074,1.6814535479687922,209,236.71875,27.34375,7.031,-1.5707963267948966,239.0,242.96875,31.25,6.987,-0.4636476090008061,285.0,242.1875,38.28125,6.72,0.6202494859828215,238.0,231.25,31.25,6.298,-2.62244653934327,283.0,228.90625,37.5,8.414,2.761086276477428
262,94.53125,35.15625,1.6299201588079049,-0.116,0.102,7.32,307,98.4375,41.40625,7.37,1.0121970114513341,306,90.625,41.40625,7.37,2.129395642138459,259.0,87.5,34.375,7.074,-3.0309354324158977,267.0,102.34375,35.9375,7.851,0.09966865249116202,205.0,92.1875,27.34375,8.156,-1.8622531212727638,229.0,98.4375,30.46875,6.101,-0.8760580505981934
263,110.15625,35.15625,1.6768351219553679,-2.726,-0.143,7.719,235,116.40625,31.25,7.37,-0.5585993153435624,311,113.28125,42.1875,7.694,1.1525719972156676,222.0,104.6875,29.6875,7.733,-2.356194490192345,308.0,105.46875,41.40625,7.812,2.214297435588181,267.0,102.34375,35.9375,7.851,3.0419240010986313,206.0,110.9375,27.34375,7.851,-1.4711276743037347
264,185.15625,35.15625,1.6400779897551503,0.757,-0.084,7.166,301,189.84375,40.625,7.202,0.8621700546672264,221,181.25,28.90625,7.37,-2.129395642138459,313.0,182.8125,42.1875,7.411,1.892546881191539,223.0,189.0625,29.6875,6.72,-0.9505468408120752,269.0,192.96875,35.9375,7.851,0.09966865249116202,272.0,178.90625,36.71875,6.442,2.896613990462929
265,248.4375,35.15625,1.633810609751102,-0.025,-0.456,7.276,291,254.6875,39.0625,7.37,0.5585993153435624,217,249.21875,28.125,7.074,-1.460139105621001,285.0,242.1875,38.28125,6.987,2.677945044588987,244.0,255.46875,32.03125,7.694,-0.4182243295792291,239.0,242.96875,31.25,6.72,-2.5213431676069717,317.0,248.4375,42.96875,7.812,1.5707963267948966
266,34.375,35.9375,1.6676653488563014,-2.777,0.192,7.065,255,27.34375,34.375,7.202,-2.922923707715851,305,29.6875,41.40625,7.202,2.279422598922567,314.0,36.71875,42.96875,7.411,1.2490457723982544,219.0,32.03125,28.90625,7.411,-1.892546881191539,228.0,38.28125,30.46875,6.72,-0.9505468408120752,280.0,40.625,37.5,6.442,0.24497866312686414
267,102.34375,35.9375,1.6879448951646252,-2.439,-0.028,7.019,229,98.4375,30.46875,6.72,-2.191045812777718,307,98.4375,41.40625,6.72,2.191045812777718,222.0,104.6875,29.6875,6.675,-1.2120256565243244,262.0,94.53125,35.15625,7.851,-3.0419240010986313,263.0,110.15625,35.15625,7.851,-0.09966865249116202,308.0,105.46875,41.40625,6.298,1.0516502125483738
268,140.625,35.9375,1.6486303718297082,0.269,-0.325,7.292,300,146.09375,40.625,7.202,0.7086262721276703,220,142.96875,28.90625,7.411,-1.2490457723982544,252.0,147.65625,33.59375,7.411,-0.3217505543966422,288.0,133.59375,39.0625,7.694,2.723368324010564,230.0,135.15625,30.46875,7.733,-2.356194490192345,312.0,139.84375,42.1875,6.298,1.695151321341658
269,192.96875,35.9375,1.6581194992023653,-1.196,0.104,7.564,223,189.0625,29.6875,7.37,-2.129395642138459,224,196.875,29.6875,7.37,-1.0121970114513341,273.0,200.0,36.71875,7.074,0.11065722117389565,264.0,185.15625,35.15625,7.851,-3.0419240010986313,321.0,195.3125,43.75,8.156,1.2793395323170296,,,,,
270,260.9375,35.9375,1.71582394670924,-1.152,-0.447,7.165,294,267.1875,39.84375,7.37,0.5585993153435624,318,260.15625,42.96875,7.074,1.6814535479687922,291.0,254.6875,39.0625,6.987,2.677945044588987,247.0,267.1875,32.8125,6.987,-0.4636476090008061,244.0,255.46875,32.03125,6.72,-2.5213431676069717,218.0,261.71875,28.125,7.851,-1.4711276743037347
271,160.15625,36.71875,1.6889705154593992,2.871,-0.288,7.084,242,154.6875,32.03125,7.202,-2.432966381462123,260,167.1875,34.375,7.411,-0.3217505543966422,289.0,153.125,39.0625,7.411,2.819842099193151,320.0,157.8125,43.75,7.411,1.892546881191539,309.0,164.84375,41.40625,6.629,0.7853981633974483,231.0,161.71875,30.46875,6.442,-1.3258176636680326
272,178.90625,36.71875,1.6849317439630853,2.095,-0.234,7.252,290,171.875,39.0625,7.411,2.819842099193151,313,182.8125,42.1875,6.72,0.9505468408120752,243.0,174.21875,32.03125,6.629,-2.356194490192345,264.0,185.15625,35.15625,6.442,-0.24497866312686414,221.0,181.25,28.90625,8.156,-1.2793395323170296,330.0,176.5625,44.53125,8.156,1.8622531212727638
273,200.0,36.71875,1.6410102078336073,-1.418,0.062,7.434,232,203.90625,30.46875,7.37,-1.0121970114513341,269,192.96875,35.9375,7.074,-3.0309354324158977,274.0,207.03125,36.71875,7.031,0.0,315.0,203.125,42.96875,6.987,1.1071487177940904,224.0,196.875,29.6875,7.694,-1.9890206563741257,321.0,195.3125,43.75,8.45,2.158798930342464
274,207.03125,36.71875,1.6807058728121445,1.107,0.031,7.129,233,210.9375,30.46875,7.37,-1.0121970114513341,315,203.125,42.96875,7.37,2.129395642138459,275.0,214.0625,36.71875,7.031,0.0,273.0,200.0,36.71875,7.031,3.141592653589793,232.0,203.90625,30.46875,6.987,-2.0344439357957027,316.0,210.15625,42.96875,6.987,1.1071487177940904
275,214.0625,36.71875,1.66623888178976,1.546,0.068,7.146,316,210.15625,42.96875,7.37,2.129395642138459,282,221.09375,37.5,7.074,0.11065722117389565,274.0,207.03125,36.71875,7.031,3.141592653589793,233.0,210.9375,30.46875,6.987,-2.0344439357957027,322.0,217.1875,43.75,7.694,1.1525719972156676,236.0,217.96875,31.25,6.72,-0.9505468408120752
276,273.4375,36.71875,1.7098884576380327,0.244,-0.492,7.129,247,267.1875,32.8125,7.37,-2.5829933382462307,302,279.6875,40.625,7.37,0.5585993153435624,325.0,273.4375,43.75,7.031,1.5707963267948966,225.0,273.4375,29.6875,7.031,-1.5707963267948966,294.0,267.1875,39.84375,6.987,2.677945044588987,253.0,279.6875,33.59375,6.987,-0.4636476090008061
277,285.9375,36.71875,1.6284448700337635,0.071,0.493,7.359,302,279.6875,40.625,7.37,2.5829933382462307,226,285.9375,29.6875,7.031,-1.5707963267948966,326.0,285.9375,43.75,7.031,1.5707963267948966,253.0,279.6875,33.59375,6.987,-2.677945044588987,295.0,292.96875,39.84375,7.694,0.4182243295792291,248.0,292.96875,32.8125,8.043,-0.507098504392337
278,299.21875,36.71875,1.6677550556693348,-3.095,0.297,6.909,248,292.96875,32.8125,7.37,-2.5829933382462307,327,299.21875,43.75,7.031,1.5707963267948966,295.0,292.96875,39.84375,6.987,2.677945044588987,234.0,299.21875,30.46875,6.25,-1.5707963267948966,,,,,,,,,,
279,6.25,37.5,1.62864355011556,2.888,0.52,7.295,303,0.0,41.40625,7.37,2.5829933382462307,227,6.25,30.46875,7.031,-1.5707963267948966,254.0,0.0,34.375,6.987,-2.677945044588987,304.0,11.71875,41.40625,6.72,0.6202494859828215,245.0,12.5,32.8125,7.812,-0.6435011087932844,331.0,5.46875,45.3125,7.851,1.6704649792860586
280,40.625,37.5,1.6955274653293018,-0.037,0.175,7.112,240,45.3125,32.03125,7.202,-0.8621700546672264,286,47.65625,39.0625,7.202,0.21866894587394195,228.0,38.28125,30.46875,7.411,-1.892546881191539,329.0,43.75,44.53125,7.694,1.1525719972156676,314.0,36.71875,42.96875,6.72,2.191045812777718,266.0,34.375,35.9375,6.442,-2.896613990462929
281,117.96875,37.5,1.6882278520477767,-0.908,0.215,7.23,241,122.65625,32.03125,7.202,-0.8621700546672264,319,121.09375,43.75,6.987,1.1071487177940904,311.0,113.28125,42.1875,6.629,2.356194490192345,287.0,125.78125,39.0625,7.967,0.19739555984988075,235.0,116.40625,31.25,6.442,-1.8157749899217608,263.0,110.15625,35.15625,8.156,-2.8501358591119264
282,221.09375,37.5,1.6843103374069996,-2.491,0.066,7.215,237,225.0,31.25,7.37,-1.0121970114513341,322,217.1875,43.75,7.37,2.129395642138459,275.0,214.0625,36.71875,7.074,-3.0309354324158977,236.0,217.96875,31.25,6.987,-2.0344439357957027,283.0,228.90625,37.5,7.812,0.0,323.0,223.4375,43.75,6.675,1.2120256565243244
283,228.90625,37.5,1.642214688419636,2.609,0.081,7.441,237,225.0,31.25,7.37,-2.129395642138459,282,221.09375,37.5,7.812,3.141592653589793,238.0,231.25,31.25,6.675,-1.2120256565243244,310.0,235.9375,41.40625,8.043,0.507098504392337,324.0,230.46875,43.75,6.442,1.3258176636680326,323.0,223.4375,43.75,8.304,2.289626326416521
284,16.40625,38.28125,1.6302149964486796,-0.33,0.217,6.581,245,12.5,32.8125,6.72,-2.191045812777718,246,20.3125,32.8125,6.72,-0.9505468408120752,292.0,22.65625,39.84375,6.442,0.24497866312686414,328.0,17.96875,44.53125,6.442,1.3258176636680326,,,,,,,,,,
285,242.1875,38.28125,1.6405702876740411,1.71,-0.433,7.239,239,242.96875,31.25,7.074,-1.460139105621001,265,248.4375,35.15625,6.987,-0.4636476090008061,310.0,235.9375,41.40625,6.987,2.677945044588987,261.0,236.71875,34.375,6.72,-2.5213431676069717,317.0,248.4375,42.96875,7.812,0.6435011087932844,337.0,241.40625,46.09375,7.851,1.6704649792860586
286,47.65625,39.0625,1.6888190555254292,-0.454,0.145,7.099,249,52.34375,33.59375,7.202,-0.8621700546672264,280,40.625,37.5,7.202,-2.922923707715851,240.0,45.3125,32.03125,7.411,-1.892546881191539,293.0,54.6875,39.84375,7.074,0.11065722117389565,332.0,50.78125,45.3125,6.987,1.1071487177940904,329.0,43.75,44.53125,6.72,2.191045812777718
287,125.78125,39.0625,1.6396412224239523,-2.094,0.138,7.249,241,122.65625,32.03125,7.694,-1.9890206563741257,251,129.6875,33.59375,6.72,-0.9505468408120752,288.0,133.59375,39.0625,7.812,0.0,333.0,128.125,45.3125,6.675,1.2120256565243244,319.0,121.09375,43.75,6.629,2.356194490192345,281.0,117.96875,37.5,7.967,-2.9441970937399127
288,133.59375,39.0625,1.621425167477268,1.811,0.245,7.581,312,139.84375,42.1875,6.987,0.4636476090008061,268,140.625,35.9375,7.694,-0.4182243295792291,251.0,129.6875,33.59375,6.72,-2.191045812777718,287.0,125.78125,39.0625,7.812,3.141592653589793,343.0,135.15625,46.875,7.967,1.373400766945016,333.0,128.125,45.3125,8.304,2.289626326416521
289,153.125,39.0625,1.6757331410609722,-2.038,-0.275,7.103,242,154.6875,32.03125,7.202,-1.3521273809209546,300,146.09375,40.625,7.202,2.922923707715851,271.0,160.15625,36.71875,7.411,-0.3217505543966422,252.0,147.65625,33.59375,7.733,-2.356194490192345,320.0,157.8125,43.75,6.629,0.7853981633974483,334.0,151.5625,45.3125,6.442,1.8157749899217608
290,171.875,39.0625,1.70360674033336,1.075,-0.267,7.211,336,170.3125,46.09375,7.202,1.7894652726688385,330,176.5625,44.53125,7.202,0.8621700546672264,243.0,174.21875,32.03125,7.411,-1.2490457723982544,272.0,178.90625,36.71875,7.411,-0.3217505543966422,309.0,164.84375,41.40625,7.411,2.819842099193151,260.0,167.1875,34.375,6.629,-2.356194490192345
291,254.6875,39.0625,1.6766264089268952,1.401,-0.462,7.229,265,248.4375,35.15625,7.37,-2.5829933382462307,317,248.4375,42.96875,7.37,2.5829933382462307,244.0,255.46875,32.03125,7.074,-1.460139105621001,270.0,260.9375,35.9375,6.987,-0.4636476090008061,318.0,260.15625,42.96875,6.72,0.6202494859828215,344.0,253.90625,46.875,7.851,1.6704649792860586
292,22.65625,39.84375,1.6587561828317425,-2.879,0.239,7.142,255,27.34375,34.375,7.202,-0.8621700546672264,305,29.6875,41.40625,7.202,0.21866894587394195,246.0,20.3125,32.8125,7.411,-1.892546881191539,328.0,17.96875,44.53125,6.629,2.356194490192345,347.0,24.21875,47.65625,7.967,1.373400766945016,284.0,16.40625,38.28125,6.442,-2.896613990462929
293,54.6875,39.84375,1.6818517590498356,-0.326,0.108,7.186,286,47.65625,39.0625,7.074,-3.0309354324158977,335,57.8125,46.09375,6.987,1.1071487177940904,332.0,50.78125,45.3125,6.72,2.191045812777718,250.0,59.375,33.59375,7.812,-0.9272952180016122,249.0,52.34375,33.59375,6.675,-1.9295669970654687,296.0,62.5,40.625,7.851,0.09966865249116202
294,267.1875,39.84375,1.6808440565403222,-2.793,-0.466,7.254,270,260.9375,35.9375,7.37,-2.5829933382462307,325,273.4375,43.75,7.37,0.5585993153435624,345.0,266.40625,46.875,7.074,1.6814535479687922,247.0,267.1875,32.8125,7.031,-1.5707963267948966,276.0,273.4375,36.71875,6.987,-0.4636476090008061,318.0,260.15625,42.96875,7.694,2.723368324010564
295,292.96875,39.84375,1.6734599433870663,1.844,-0.522,7.359,327,299.21875,43.75,7.37,0.5585993153435624,248,292.96875,32.8125,7.031,-1.5707963267948966,346.0,292.96875,46.875,7.031,1.5707963267948966,278.0,299.21875,36.71875,6.987,-0.4636476090008061,277.0,285.9375,36.71875,7.694,-2.723368324010564,326.0,285.9375,43.75,8.043,2.6344941491974563
296,62.5,40.625,1.6151813191473876,-2.372,0.098,7.304,335,57.8125,46.09375,7.202,2.279422598922567,256,66.40625,34.375,7.37,-1.0121970114513341,297.0,69.53125,40.625,7.031,0.0,250.0,59.375,33.59375,7.694,-1.9890206563741257,338.0,64.84375,46.875,6.675,1.2120256565243244,293.0,54.6875,39.84375,7.851,-3.0419240010986313
297,69.53125,40.625,1.6814095115546612,-2.541,0.045,7.203,257,73.4375,34.375,7.37,-1.0121970114513341,296,62.5,40.625,7.031,3.141592653589793,298.0,76.5625,40.625,7.031,0.0,256.0,66.40625,34.375,6.987,-2.0344439357957027,339.0,72.65625,46.875,6.987,1.1071487177940904,338.0,64.84375,46.875,7.812,2.214297435588181
298,76.5625,40.625,1.7036501909639037,1.107,0.031,7.129,258,80.46875,34.375,7.37,-1.0121970114513341,339,72.65625,46.875,7.37,2.129395642138459,299.0,83.59375,40.625,7.031,0.0,297.0,69.53125,40.625,7.031,3.141592653589793,257.0,73.4375,34.375,6.987,-2.0344439357957027,340.0,79.6875,46.875,6.987,1.1071487177940904
299,83.59375,40.625,1.699399808088075,1.626,0.05,7.136,259,87.5,34.375,7.37,-1.0121970114513341,340,79.6875,46.875,7.37,2.129395642138459,306.0,90.625,41.40625,7.074,0.11065722117389565,298.0,76.5625,40.625,7.031,3.141592653589793,258.0,80.46875,34.375,6.987,-2.0344439357957027,341.0,86.71875,46.875,6.987,1.1071487177940904
300,146.09375,40.625,1.6873046446451312,-2.994,-0.266,7.277,252,147.65625,33.59375,7.202,-1.3521273809209546,268,140.625,35.9375,7.202,-2.432966381462123,289.0,153.125,39.0625,7.202,-0.21866894587394195,334.0,151.5625,45.3125,7.202,0.7086262721276703,312.0,139.84375,42.1875,6.442,2.896613990462929,357.0,142.96875,48.4375,8.414,1.9513027039072615
301,189.84375,40.625,1.5678672021102933,2.38,-0.442,6.976,264,185.15625,35.15625,7.202,-2.279422598922567,313,182.8125,42.1875,7.202,2.922923707715851,351.0,188.28125,47.65625,7.202,1.7894652726688385,321.0,195.3125,43.75,6.298,0.5191461142465229,,,,,,,,,,
302,279.6875,40.625,1.7073014219303126,-1.571,-0.524,7.129,276,273.4375,36.71875,7.37,-2.5829933382462307,277,285.9375,36.71875,7.37,-0.5585993153435624,253.0,279.6875,33.59375,7.031,-1.5707963267948966,352.0,279.6875,47.65625,7.031,1.5707963267948966,325.0,273.4375,43.75,6.987,2.677945044588987,326.0,285.9375,43.75,6.987,0.4636476090008061
303,0.0,41.40625,1.6531050980049187,0.03,0.283,7.038,279,6.25,37.5,7.37,-0.5585993153435624,254,0.0,34.375,7.031,-1.5707963267948966,353.0,0.0,48.4375,7.031,1.5707963267948966,331.0,5.46875,45.3125,6.72,0.6202494859828215,,,,,,,,,,
304,11.71875,41.40625,1.621064017579976,2.607,0.44,7.347,331,5.46875,45.3125,7.37,2.5829933382462307,354,11.71875,48.4375,7.031,1.5707963267948966,328.0,17.96875,44.53125,6.987,0.4636476090008061,279.0,6.25,37.5,6.72,-2.5213431676069717,245.0,12.5,32.8125,8.629,-1.4801364395941514,,,,,
305,29.6875,41.40625,1.6959276148087328,-2.428,0.203,7.456,266,34.375,35.9375,7.202,-0.8621700546672264,292,22.65625,39.84375,7.202,-2.922923707715851,314.0,36.71875,42.96875,7.202,0.21866894587394195,255.0,27.34375,34.375,7.411,-1.892546881191539,355.0,32.03125,48.4375,7.411,1.2490457723982544,347.0,24.21875,47.65625,8.304,2.289626326416521
306,90.625,41.40625,1.690398536142321,-1.34,0.058,7.161,262,94.53125,35.15625,7.37,-1.0121970114513341,299,83.59375,40.625,7.074,-3.0309354324158977,259.0,87.5,34.375,7.694,-1.9890206563741257,341.0,86.71875,46.875,6.72,2.191045812777718,307.0,98.4375,41.40625,7.812,0.0,342.0,93.75,46.875,6.298,1.0516502125483738
307,98.4375,41.40625,1.6726329269547648,-3.089,0.049,7.187,342,93.75,46.875,7.202,2.279422598922567,262,94.53125,35.15625,7.37,-2.129395642138459,308.0,105.46875,41.40625,7.031,0.0,348.0,101.5625,47.65625,6.987,1.1071487177940904,267.0,102.34375,35.9375,6.72,-0.9505468408120752,306.0,90.625,41.40625,7.812,3.141592653589793
308,105.46875,41.40625,1.6531341005699727,1.478,0.053,7.225,348,101.5625,47.65625,7.37,2.129395642138459,307,98.4375,41.40625,7.031,3.141592653589793,349.0,108.59375,47.65625,6.987,1.1071487177940904,263.0,110.15625,35.15625,7.812,-0.9272952180016122,311.0,113.28125,42.1875,7.851,0.09966865249116202,267.0,102.34375,35.9375,6.298,-2.0899424410414196
309,164.84375,41.40625,1.6997131277798971,-0.271,-0.288,7.084,336,170.3125,46.09375,7.202,0.7086262721276703,260,167.1875,34.375,7.411,-1.2490457723982544,320.0,157.8125,43.75,7.411,2.819842099193151,290.0,171.875,39.0625,7.411,-0.3217505543966422,271.0,160.15625,36.71875,6.629,-2.356194490192345,350.0,163.28125,47.65625,6.442,1.8157749899217608
310,235.9375,41.40625,1.682511113039307,2.466,-0.429,7.055,337,241.40625,46.09375,7.202,0.7086262721276703,261,236.71875,34.375,7.074,-1.460139105621001,359.0,235.15625,48.4375,7.074,1.6814535479687922,285.0,242.1875,38.28125,6.987,-0.4636476090008061,283.0,228.90625,37.5,8.043,-2.6344941491974563,324.0,230.46875,43.75,5.949,2.7367008673047097
311,113.28125,42.1875,1.6942524847563534,1.0,0.151,7.388,349,108.59375,47.65625,7.202,2.279422598922567,356,116.40625,48.4375,6.987,1.1071487177940904,263.0,110.15625,35.15625,7.694,-1.9890206563741257,308.0,105.46875,41.40625,7.851,-3.0419240010986313,281.0,117.96875,37.5,6.629,-0.7853981633974483,319.0,121.09375,43.75,7.967,0.19739555984988075
312,139.84375,42.1875,1.6495165985066504,-2.213,-0.429,6.669,288,133.59375,39.0625,6.987,-2.677945044588987,357,142.96875,48.4375,6.987,1.1071487177940904,343.0,135.15625,46.875,6.629,2.356194490192345,300.0,146.09375,40.625,6.442,-0.24497866312686414,268.0,140.625,35.9375,6.298,-1.446441332248135,,,,,
313,182.8125,42.1875,1.638660429067339,0.204,-0.242,7.157,301,189.84375,40.625,7.202,-0.21866894587394195,360,181.25,49.21875,7.202,1.7894652726688385,264.0,185.15625,35.15625,7.411,-1.2490457723982544,351.0,188.28125,47.65625,7.733,0.7853981633974483,272.0,178.90625,36.71875,6.72,-2.191045812777718,330.0,176.5625,44.53125,6.675,2.782821983319221
314,36.71875,42.96875,1.6928725559480913,-2.478,0.187,7.192,329,43.75,44.53125,7.202,0.21866894587394195,305,29.6875,41.40625,7.202,-2.922923707715851,355.0,32.03125,48.4375,7.202,2.279422598922567,266.0,34.375,35.9375,7.411,-1.892546881191539,362.0,39.0625,50.0,7.411,1.2490457723982544,280.0,40.625,37.5,6.72,-0.9505468408120752
315,203.125,42.96875,1.6502140919622723,0.286,-0.028,7.158,274,207.03125,36.71875,7.37,-1.0121970114513341,316,210.15625,42.96875,7.031,0.0,273.0,200.0,36.71875,6.987,-2.0344439357957027,361.0,200.0,49.21875,6.987,2.0344439357957027,358.0,207.03125,48.4375,6.72,0.9505468408120752,321.0,195.3125,43.75,7.851,3.0419240010986313
316,210.15625,42.96875,1.689733765036717,-2.074,0.047,6.952,275,214.0625,36.71875,7.37,-1.0121970114513341,322,217.1875,43.75,7.074,0.11065722117389565,315.0,203.125,42.96875,7.031,3.141592653589793,274.0,207.03125,36.71875,6.987,-2.0344439357957027,358.0,207.03125,48.4375,6.298,2.0899424410414196,,,,,
317,248.4375,42.96875,1.659339180045004,-2.401,-0.457,7.414,291,254.6875,39.0625,7.37,-0.5585993153435624,366,247.65625,50.0,7.074,1.6814535479687922,337.0,241.40625,46.09375,7.694,2.723368324010564,344.0,253.90625,46.875,6.72,0.6202494859828215,265.0,248.4375,35.15625,7.812,-1.5707963267948966,285.0,242.1875,38.28125,7.812,-2.498091544796509
318,260.15625,42.96875,1.6420802063006221,0.357,-0.472,7.34,344,253.90625,46.875,7.37,2.5829933382462307,345,266.40625,46.875,7.37,0.5585993153435624,270.0,260.9375,35.9375,7.074,-1.460139105621001,294.0,267.1875,39.84375,7.694,-0.4182243295792291,291.0,254.6875,39.0625,6.72,-2.5213431676069717,369.0,260.15625,50.78125,7.812,1.5707963267948966
319,121.09375,43.75,1.676017107888717,2.583,0.195,7.015,333,128.125,45.3125,7.202,0.21866894587394195,281,117.96875,37.5,6.987,-2.0344439357957027,363.0,123.4375,50.0,6.675,1.2120256565243244,287.0,125.78125,39.0625,6.629,-0.7853981633974483,356.0,116.40625,48.4375,6.629,2.356194490192345,311.0,113.28125,42.1875,7.967,-2.9441970937399127
320,157.8125,43.75,1.6708303484955622,-0.751,-0.293,6.969,368,156.25,50.78125,7.202,1.7894652726688385,271,160.15625,36.71875,7.411,-1.2490457723982544,309.0,164.84375,41.40625,7.411,-0.3217505543966422,350.0,163.28125,47.65625,6.72,0.6202494859828215,289.0,153.125,39.0625,6.629,-2.356194490192345,334.0,151.5625,45.3125,6.442,2.896613990462929
321,195.3125,43.75,1.587302324947882,2.282,-0.356,7.586,361,200.0,49.21875,7.202,0.8621700546672264,315,203.125,42.96875,7.851,-0.09966865249116202,377.0,193.75,51.5625,7.967,1.7681918866447774,351.0,188.28125,47.65625,8.043,2.6344941491974563,269.0,192.96875,35.9375,8.156,-1.8622531212727638,301.0,189.84375,40.625,6.298,-2.62244653934327
322,217.1875,43.75,1.6556512396095995,-1.038,0.074,7.075,282,221.09375,37.5,7.37,-1.0121970114513341,316,210.15625,42.96875,7.074,-3.0309354324158977,364.0,220.3125,50.0,6.987,1.1071487177940904,275.0,214.0625,36.71875,7.694,-1.9890206563741257,323.0,223.4375,43.75,6.25,0.0,,,,,
323,223.4375,43.75,1.6686606501854224,0.136,0.04,7.103,365,227.34375,50.0,7.37,1.0121970114513341,324,230.46875,43.75,7.031,0.0,364.0,220.3125,50.0,6.987,2.0344439357957027,282.0,221.09375,37.5,6.675,-1.9295669970654687,322.0,217.1875,43.75,6.25,3.141592653589793,283.0,228.90625,37.5,8.304,-0.8519663271732721
324,230.46875,43.75,1.6004877311131636,1.832,-0.151,6.608,323,223.4375,43.75,7.031,3.141592653589793,365,227.34375,50.0,6.987,2.0344439357957027,359.0,235.15625,48.4375,6.629,0.7853981633974483,283.0,228.90625,37.5,6.442,-1.8157749899217608,310.0,235.9375,41.40625,5.949,-0.40489178628508343,,,,,
325,273.4375,43.75,1.6583731073200094,-2.793,-0.466,7.254,294,267.1875,39.84375,7.37,-2.5829933382462307,352,279.6875,47.65625,7.37,0.5585993153435624,370.0,272.65625,50.78125,7.074,1.6814535479687922,276.0,273.4375,36.71875,7.031,-1.5707963267948966,302.0,279.6875,40.625,6.987,-0.4636476090008061,345.0,266.40625,46.875,7.694,2.723368324010564
326,285.9375,43.75,1.6510666299253924,0.071,0.493,7.359,352,279.6875,47.65625,7.37,2.5829933382462307,277,285.9375,36.71875,7.031,-1.5707963267948966,371.0,285.9375,50.78125,7.031,1.5707963267948966,302.0,279.6875,40.625,6.987,-2.677945044588987,346.0,292.96875,46.875,7.694,0.4182243295792291,295.0,292.96875,39.84375,8.043,-0.507098504392337
327,299.21875,43.75,1.651174944719918,-3.095,0.297,7.105,295,292.96875,39.84375,7.37,-2.5829933382462307,278,299.21875,36.71875,7.031,-1.5707963267948966,372.0,299.21875,50.78125,7.031,1.5707963267948966,346.0,292.96875,46.875,6.987,2.677945044588987,,,,,,,,,,
328,17.96875,44.53125,1.662864126569212,-2.65,0.399,7.044,354,11.71875,48.4375,7.37,2.5829933382462307,347,24.21875,47.65625,6.987,0.4636476090008061,304.0,11.71875,41.40625,6.987,-2.677945044588987,380.0,18.75,52.34375,7.851,1.4711276743037347,292.0,22.65625,39.84375,6.629,-0.7853981633974483,284.0,16.40625,38.28125,6.442,-1.8157749899217608
329,43.75,44.53125,1.6765180781371927,-2.229,0.146,7.095,314,36.71875,42.96875,7.202,-2.922923707715851,362,39.0625,50.0,7.202,2.279422598922567,332.0,50.78125,45.3125,7.074,0.11065722117389565,280.0,40.625,37.5,7.694,-1.9890206563741257,286.0,47.65625,39.0625,6.72,-0.9505468408120752,367.0,46.09375,50.78125,6.675,1.2120256565243244
330,176.5625,44.53125,1.6682531080248533,-0.993,-0.265,7.051,290,171.875,39.0625,7.202,-2.279422598922567,376,175.0,51.5625,7.202,1.7894652726688385,313.0,182.8125,42.1875,6.675,-0.35877067027057225,360.0,181.25,49.21875,6.629,0.7853981633974483,336.0,170.3125,46.09375,6.442,2.896613990462929,272.0,178.90625,36.71875,8.156,-1.2793395323170296
331,5.46875,45.3125,1.6958696818611954,-0.795,-0.507,7.043,304,11.71875,41.40625,7.37,-0.5585993153435624,379,5.46875,52.34375,7.031,1.5707963267948966,354.0,11.71875,48.4375,6.987,0.4636476090008061,303.0,0.0,41.40625,6.72,-2.5213431676069717,279.0,6.25,37.5,7.851,-1.4711276743037347,353.0,0.0,48.4375,6.298,2.62244653934327
332,50.78125,45.3125,1.7088155788925472,-2.478,0.103,7.007,367,46.09375,50.78125,7.202,2.279422598922567,335,57.8125,46.09375,7.074,0.11065722117389565,329.0,43.75,44.53125,7.074,-3.0309354324158977,286.0,47.65625,39.0625,6.987,-2.0344439357957027,373.0,53.90625,51.5625,6.987,1.1071487177940904,293.0,54.6875,39.84375,6.72,-0.9505468408120752
333,128.125,45.3125,1.6594295544394821,-2.39,0.203,7.114,343,135.15625,46.875,7.202,0.21866894587394195,319,121.09375,43.75,7.202,-2.922923707715851,287.0,125.78125,39.0625,6.675,-1.9295669970654687,374.0,130.46875,51.5625,6.675,1.2120256565243244,363.0,123.4375,50.0,6.629,2.356194490192345,288.0,133.59375,39.0625,8.304,-0.8519663271732721
334,151.5625,45.3125,1.6395904566194235,-0.22,-0.291,6.793,300,146.09375,40.625,7.202,-2.432966381462123,368,156.25,50.78125,7.202,0.8621700546672264,375.0,149.21875,51.5625,6.675,1.9295669970654687,289.0,153.125,39.0625,6.442,-1.3258176636680326,320.0,157.8125,43.75,6.442,-0.24497866312686414,,,,,
335,57.8125,46.09375,1.711066357100989,0.664,0.103,7.007,296,62.5,40.625,7.202,-0.8621700546672264,332,50.78125,45.3125,7.074,-3.0309354324158977,338.0,64.84375,46.875,7.074,0.11065722117389565,293.0,54.6875,39.84375,6.987,-2.0344439357957027,381.0,60.9375,52.34375,6.987,1.1071487177940904,373.0,53.90625,51.5625,6.72,2.191045812777718
336,170.3125,46.09375,1.6853901749590743,2.515,-0.267,7.076,290,171.875,39.0625,7.202,-1.3521273809209546,309,164.84375,41.40625,7.202,-2.432966381462123,350.0,163.28125,47.65625,7.202,2.922923707715851,376.0,175.0,51.5625,7.202,0.8621700546672264,388.0,168.75,53.125,7.202,1.7894652726688385,330.0,176.5625,44.53125,6.442,-0.24497866312686414
337,241.40625,46.09375,1.6779119941080471,-1.829,-0.389,7.332,310,235.9375,41.40625,7.202,-2.432966381462123,389,239.84375,53.125,7.202,1.7894652726688385,366.0,247.65625,50.0,7.37,0.5585993153435624,317.0,248.4375,42.96875,7.694,-0.4182243295792291,359.0,235.15625,48.4375,6.675,2.782821983319221,285.0,242.1875,38.28125,7.851,-1.4711276743037347
338,64.84375,46.875,1.6420132555747085,-0.854,0.092,7.18,335,57.8125,46.09375,7.074,-3.0309354324158977,383,67.96875,53.125,6.987,1.1071487177940904,381.0,60.9375,52.34375,6.72,2.191045812777718,297.0,69.53125,40.625,7.812,-0.9272952180016122,339.0,72.65625,46.875,7.812,0.0,296.0,62.5,40.625,6.675,-1.9295669970654687
339,72.65625,46.875,1.6811270546051538,-2.541,0.045,7.333,298,76.5625,40.625,7.37,-1.0121970114513341,340,79.6875,46.875,7.031,0.0,297.0,69.53125,40.625,6.987,-2.0344439357957027,384.0,75.78125,53.125,6.987,1.1071487177940904,338.0,64.84375,46.875,7.812,3.141592653589793,383.0,67.96875,53.125,7.812,2.214297435588181
340,79.6875,46.875,1.7109582162729005,1.107,0.031,7.129,299,83.59375,40.625,7.37,-1.0121970114513341,384,75.78125,53.125,7.37,2.129395642138459,341.0,86.71875,46.875,7.031,0.0,339.0,72.65625,46.875,7.031,3.141592653589793,298.0,76.5625,40.625,6.987,-2.0344439357957027,385.0,82.8125,53.125,6.987,1.1071487177940904
341,86.71875,46.875,1.7025942927261641,0.589,0.041,7.021,385,82.8125,53.125,7.37,2.129395642138459,342,93.75,46.875,7.031,0.0,340.0,79.6875,46.875,7.031,3.141592653589793,299.0,83.59375,40.625,6.987,-2.0344439357957027,386.0,89.84375,53.125,6.987,1.1071487177940904,306.0,90.625,41.40625,6.72,-0.9505468408120752
342,93.75,46.875,1.6053962342694128,0.842,0.046,7.187,307,98.4375,41.40625,7.202,-0.8621700546672264,386,89.84375,53.125,7.37,2.129395642138459,387.0,97.65625,53.125,7.37,1.0121970114513341,341.0,86.71875,46.875,7.031,3.141592653589793,348.0,101.5625,47.65625,7.851,0.09966865249116202,306.0,90.625,41.40625,6.298,-2.0899424410414196
343,135.15625,46.875,1.6913075798337351,-0.401,0.244,7.301,333,128.125,45.3125,7.202,-2.922923707715851,392,137.5,53.90625,7.411,1.2490457723982544,374.0,130.46875,51.5625,6.629,2.356194490192345,312.0,139.84375,42.1875,6.629,-0.7853981633974483,357.0,142.96875,48.4375,7.967,0.19739555984988075,288.0,133.59375,39.0625,7.967,-1.7681918866447774
344,253.90625,46.875,1.691885821836583,-0.976,-0.481,7.221,318,260.15625,42.96875,7.37,-0.5585993153435624,369,260.15625,50.78125,7.37,0.5585993153435624,395.0,253.90625,53.90625,7.031,1.5707963267948966,366.0,247.65625,50.0,6.987,2.677945044588987,317.0,248.4375,42.96875,6.72,-2.5213431676069717,291.0,254.6875,39.0625,7.851,-1.4711276743037347
345,266.40625,46.875,1.676211579515289,0.635,-0.482,7.448,318,260.15625,42.96875,7.37,-2.5829933382462307,369,260.15625,50.78125,7.37,2.5829933382462307,370.0,272.65625,50.78125,7.37,0.5585993153435624,294.0,267.1875,39.84375,7.074,-1.460139105621001,325.0,273.4375,43.75,7.694,-0.4182243295792291,401.0,266.40625,54.6875,7.812,1.5707963267948966
346,292.96875,46.875,1.6708740674452742,1.844,-0.522,7.359,372,299.21875,50.78125,7.37,0.5585993153435624,295,292.96875,39.84375,7.031,-1.5707963267948966,397.0,292.96875,53.90625,7.031,1.5707963267948966,327.0,299.21875,43.75,6.987,-0.4636476090008061,326.0,285.9375,43.75,7.694,-2.723368324010564,371.0,285.9375,50.78125,8.043,2.6344941491974563
347,24.21875,47.65625,1.6344532306919077,1.807,0.339,7.423,380,18.75,52.34375,7.202,2.432966381462123,328,17.96875,44.53125,6.987,-2.677945044588987,382.0,28.125,53.125,6.72,0.9505468408120752,403.0,24.21875,55.46875,7.812,1.5707963267948966,355.0,32.03125,48.4375,7.851,0.09966865249116202,292.0,22.65625,39.84375,7.967,-1.7681918866447774
348,101.5625,47.65625,1.6930296925258785,-1.904,0.058,7.158,308,105.46875,41.40625,7.37,-1.0121970114513341,349,108.59375,47.65625,7.031,0.0,307.0,98.4375,41.40625,6.987,-2.0344439357957027,390.0,104.6875,53.90625,6.987,1.1071487177940904,387.0,97.65625,53.125,6.72,2.191045812777718,342.0,93.75,46.875,7.851,-3.0419240010986313
349,108.59375,47.65625,1.687183026078701,1.019,0.072,7.238,311,113.28125,42.1875,7.202,-0.8621700546672264,390,104.6875,53.90625,7.37,2.129395642138459,348.0,101.5625,47.65625,7.031,3.141592653589793,308.0,105.46875,41.40625,6.987,-2.0344439357957027,391.0,111.71875,53.90625,6.987,1.1071487177940904,356.0,116.40625,48.4375,7.851,0.09966865249116202
350,163.28125,47.65625,1.6428584109410174,1.71,-0.313,7.039,336,170.3125,46.09375,7.202,-0.21866894587394195,368,156.25,50.78125,7.694,2.723368324010564,388.0,168.75,53.125,7.733,0.7853981633974483,320.0,157.8125,43.75,6.72,-2.5213431676069717,309.0,164.84375,41.40625,6.442,-1.3258176636680326,393.0,161.71875,53.90625,6.442,1.8157749899217608
351,188.28125,47.65625,1.6371776954628725,-1.624,-0.329,7.224,301,189.84375,40.625,7.202,-1.3521273809209546,360,181.25,49.21875,7.202,2.922923707715851,313.0,182.8125,42.1875,7.733,-2.356194490192345,377.0,193.75,51.5625,6.72,0.6202494859828215,321.0,195.3125,43.75,8.043,-0.507098504392337,394.0,186.71875,53.90625,6.442,1.8157749899217608
352,279.6875,47.65625,1.6632070586794607,-1.665,-0.517,7.117,325,273.4375,43.75,7.37,-2.5829933382462307,326,285.9375,43.75,7.37,-0.5585993153435624,302.0,279.6875,40.625,7.031,-1.5707963267948966,371.0,285.9375,50.78125,6.987,0.4636476090008061,370.0,272.65625,50.78125,7.694,2.723368324010564,396.0,279.6875,53.90625,6.25,1.5707963267948966
353,0.0,48.4375,1.6289448795891122,0.05,0.298,6.965,303,0.0,41.40625,7.031,-1.5707963267948966,379,5.46875,52.34375,6.72,0.6202494859828215,406.0,0.0,56.25,7.812,1.5707963267948966,331.0,5.46875,45.3125,6.298,-0.5191461142465229,,,,,,,,,,
354,11.71875,48.4375,1.6572099196687096,2.056,0.499,7.305,328,17.96875,44.53125,7.37,-0.5585993153435624,379,5.46875,52.34375,7.37,2.5829933382462307,304.0,11.71875,41.40625,7.031,-1.5707963267948966,402.0,11.71875,55.46875,7.031,1.5707963267948966,331.0,5.46875,45.3125,6.987,-2.677945044588987,380.0,18.75,52.34375,8.043,0.507098504392337
355,32.03125,48.4375,1.6936786769735253,0.842,0.163,7.244,314,36.71875,42.96875,7.202,-0.8621700546672264,362,39.0625,50.0,7.202,0.21866894587394195,305.0,29.6875,41.40625,7.411,-1.892546881191539,404.0,35.15625,55.46875,7.694,1.1525719972156676,347.0,24.21875,47.65625,7.851,-3.0419240010986313,382.0,28.125,53.125,6.101,2.2655346029916
356,116.40625,48.4375,1.6584634023536664,1.841,0.165,7.091,363,123.4375,50.0,7.202,0.21866894587394195,391,111.71875,53.90625,7.202,2.279422598922567,311.0,113.28125,42.1875,6.987,-2.0344439357957027,398.0,118.75,54.6875,6.675,1.2120256565243244,349.0,108.59375,47.65625,7.851,-3.0419240010986313,319.0,121.09375,43.75,6.629,-0.7853981633974483
357,142.96875,48.4375,1.6091422660751744,2.972,0.245,7.527,405,143.75,55.46875,7.074,1.460139105621001,312,139.84375,42.1875,6.987,-2.0344439357957027,375.0,149.21875,51.5625,6.987,0.4636476090008061,392.0,137.5,53.90625,7.733,2.356194490192345,343.0,135.15625,46.875,7.967,-2.9441970937399127,300.0,146.09375,40.625,8.414,-1.1902899496825317
358,207.03125,48.4375,1.6191938399392702,-2.914,-0.192,6.566,361,200.0,49.21875,7.074,3.0309354324158977,315,203.125,42.96875,6.72,-2.191045812777718,399.0,205.46875,54.6875,6.442,1.8157749899217608,316.0,210.15625,42.96875,6.298,-1.0516502125483738,378.0,212.5,51.5625,6.298,0.5191461142465229,,,,,
359,235.15625,48.4375,1.6812869873563532,-2.553,-0.263,6.993,310,235.9375,41.40625,7.074,-1.460139105621001,400,232.03125,54.6875,6.987,2.0344439357957027,337.0,241.40625,46.09375,6.675,-0.35877067027057225,324.0,230.46875,43.75,6.629,-2.356194490192345,389.0,239.84375,53.125,6.629,0.7853981633974483,365.0,227.34375,50.0,7.967,2.9441970937399127
360,181.25,49.21875,1.6621553832799754,0.702,-0.299,7.019,313,182.8125,42.1875,7.202,-1.3521273809209546,351,188.28125,47.65625,7.202,-0.21866894587394195,407.0,179.6875,56.25,7.202,1.7894652726688385,394.0,186.71875,53.90625,7.202,0.7086262721276703,376.0,175.0,51.5625,6.675,2.782821983319221,330.0,176.5625,44.53125,6.629,-2.356194490192345
361,200.0,49.21875,1.6709213919035364,0.645,-0.219,7.273,321,195.3125,43.75,7.202,-2.279422598922567,358,207.03125,48.4375,7.074,-0.11065722117389565,315.0,203.125,42.96875,6.987,-1.1071487177940904,399.0,205.46875,54.6875,7.733,0.7853981633974483,377.0,193.75,51.5625,6.675,2.782821983319221,411.0,198.4375,57.03125,7.967,1.7681918866447774
362,39.0625,50.0,1.6916705655072306,-0.47,0.159,7.337,329,43.75,44.53125,7.202,-0.8621700546672264,355,32.03125,48.4375,7.202,-2.922923707715851,314.0,36.71875,42.96875,7.411,-1.892546881191539,367.0,46.09375,50.78125,7.074,0.11065722117389565,404.0,35.15625,55.46875,6.72,2.191045812777718,414.0,42.1875,57.8125,8.414,1.1902899496825317
363,123.4375,50.0,1.6978495858304103,2.801,0.221,6.958,374,130.46875,51.5625,7.202,0.21866894587394195,356,116.40625,48.4375,7.202,-2.922923707715851,410.0,125.78125,57.03125,7.411,1.2490457723982544,319.0,121.09375,43.75,6.675,-1.9295669970654687,333.0,128.125,45.3125,6.629,-0.7853981633974483,398.0,118.75,54.6875,6.629,2.356194490192345
364,220.3125,50.0,1.6565267087587479,0.516,-0.071,7.413,365,227.34375,50.0,7.031,0.0,322,217.1875,43.75,6.987,-2.0344439357957027,323.0,223.4375,43.75,6.987,-1.1071487177940904,412.0,217.1875,57.03125,7.694,1.9890206563741257,408.0,225.0,56.25,7.812,0.9272952180016122,378.0,212.5,51.5625,7.967,2.9441970937399127
365,227.34375,50.0,1.6723581437791122,-0.861,-0.119,7.11,323,223.4375,43.75,7.37,-2.129395642138459,364,220.3125,50.0,7.031,3.141592653589793,324.0,230.46875,43.75,6.987,-1.1071487177940904,408.0,225.0,56.25,6.675,1.9295669970654687,400.0,232.03125,54.6875,6.629,0.7853981633974483,359.0,235.15625,48.4375,7.967,-0.19739555984988075
366,247.65625,50.0,1.621156378058264,0.699,-0.423,7.338,337,241.40625,46.09375,7.37,-2.5829933382462307,395,253.90625,53.90625,7.37,0.5585993153435624,413.0,246.875,57.03125,7.074,1.6814535479687922,317.0,248.4375,42.96875,7.074,-1.460139105621001,344.0,253.90625,46.875,6.987,-0.4636476090008061,416.0,245.3125,57.8125,8.156,1.8622531212727638
367,46.09375,50.78125,1.6999396251703953,0.232,0.101,7.305,332,50.78125,45.3125,7.202,-0.8621700546672264,362,39.0625,50.0,7.074,-3.0309354324158977,409.0,49.21875,57.03125,6.987,1.1071487177940904,329.0,43.75,44.53125,6.675,-1.9295669970654687,373.0,53.90625,51.5625,7.851,0.09966865249116202,414.0,42.1875,57.8125,8.043,2.0778948311872334
368,156.25,50.78125,1.619268736068557,-0.79,-0.349,7.24,320,157.8125,43.75,7.202,-1.3521273809209546,334,151.5625,45.3125,7.202,-2.279422598922567,375.0,149.21875,51.5625,7.074,3.0309354324158977,350.0,163.28125,47.65625,7.694,-0.4182243295792291,423.0,157.8125,58.59375,7.967,1.373400766945016,393.0,161.71875,53.90625,6.298,0.5191461142465229
369,260.15625,50.78125,1.6683371225138404,-2.082,-0.508,7.323,344,253.90625,46.875,7.37,-2.5829933382462307,345,266.40625,46.875,7.37,-0.5585993153435624,401.0,266.40625,54.6875,7.37,0.5585993153435624,417.0,260.15625,57.8125,7.031,1.5707963267948966,395.0,253.90625,53.90625,6.987,2.677945044588987,318.0,260.15625,42.96875,7.812,-1.5707963267948966
370,272.65625,50.78125,1.6837927093985947,0.025,-0.505,7.372,345,266.40625,46.875,7.37,-2.5829933382462307,401,266.40625,54.6875,7.37,2.5829933382462307,325.0,273.4375,43.75,7.074,-1.460139105621001,418.0,272.65625,57.8125,7.031,1.5707963267948966,396.0,279.6875,53.90625,7.694,0.4182243295792291,352.0,279.6875,47.65625,7.694,-0.4182243295792291
371,285.9375,50.78125,1.6613916450754889,-1.582,0.509,7.295,326,285.9375,43.75,7.031,-1.5707963267948966,419,285.9375,57.8125,7.031,1.5707963267948966,396.0,279.6875,53.90625,6.987,2.677945044588987,352.0,279.6875,47.65625,6.987,-2.677945044588987,397.0,292.96875,53.90625,7.694,0.4182243295792291,346.0,292.96875,46.875,8.043,-0.507098504392337
372,299.21875,50.78125,1.617730221061366,-3.095,0.297,7.105,346,292.96875,46.875,7.37,-2.5829933382462307,327,299.21875,43.75,7.031,-1.5707963267948966,420.0,299.21875,57.8125,7.031,1.5707963267948966,397.0,292.96875,53.90625,6.987,2.677945044588987,,,,,,,,,,
373,53.90625,51.5625,1.661898165998133,3.088,0.125,7.208,409,49.21875,57.03125,7.202,2.279422598922567,421,56.25,58.59375,7.411,1.2490457723982544,381.0,60.9375,52.34375,7.074,0.11065722117389565,332.0,50.78125,45.3125,6.987,-2.0344439357957027,335.0,57.8125,46.09375,6.72,-0.9505468408120752,367.0,46.09375,50.78125,7.851,-3.0419240010986313
374,130.46875,51.5625,1.6594143963016637,1.77,0.23,7.212,363,123.4375,50.0,7.202,-2.922923707715851,410,125.78125,57.03125,7.202,2.279422598922567,392.0,137.5,53.90625,7.411,0.3217505543966422,333.0,128.125,45.3125,6.675,-1.9295669970654687,343.0,135.15625,46.875,6.629,-0.7853981633974483,433.0,132.8125,59.375,8.156,1.2793395323170296
375,149.21875,51.5625,1.5932216207019545,2.697,0.49,6.78,368,156.25,50.78125,7.074,-0.11065722117389565,357,142.96875,48.4375,6.987,-2.677945044588987,405.0,143.75,55.46875,6.72,2.5213431676069717,334.0,151.5625,45.3125,6.675,-1.2120256565243244,415.0,150.78125,57.8125,6.442,1.3258176636680326,,,,,
376,175.0,51.5625,1.684200251129926,-1.833,-0.265,7.051,330,176.5625,44.53125,7.202,-1.3521273809209546,336,170.3125,46.09375,7.202,-2.279422598922567,360.0,181.25,49.21875,6.675,-0.35877067027057225,407.0,179.6875,56.25,6.629,0.7853981633974483,388.0,168.75,53.125,6.442,2.896613990462929,435.0,172.65625,59.375,8.156,1.8622531212727638
377,193.75,51.5625,1.6653189571092337,2.781,-0.305,7.231,411,198.4375,57.03125,7.202,0.8621700546672264,394,186.71875,53.90625,7.411,2.819842099193151,424.0,191.40625,58.59375,7.411,1.892546881191539,351.0,188.28125,47.65625,6.72,-2.5213431676069717,361.0,200.0,49.21875,6.675,-0.35877067027057225,321.0,195.3125,43.75,7.967,-1.373400766945016
378,212.5,51.5625,1.5525431814329216,1.804,-0.393,7.426,412,217.1875,57.03125,7.202,0.8621700546672264,399,205.46875,54.6875,7.694,2.723368324010564,364.0,220.3125,50.0,7.967,-0.19739555984988075,436.0,210.9375,59.375,7.967,1.7681918866447774,358.0,207.03125,48.4375,6.298,-2.62244653934327,,,,,
379,5.46875,52.34375,1.6898353924008451,-0.625,0.506,6.976,354,11.71875,48.4375,7.37,-0.5585993153435624,331,5.46875,45.3125,7.031,-1.5707963267948966,425.0,5.46875,59.375,7.031,1.5707963267948966,402.0,11.71875,55.46875,6.987,0.4636476090008061,353.0,0.0,48.4375,6.72,-2.5213431676069717,406.0,0.0,56.25,6.72,2.5213431676069717
380,18.75,52.34375,1.624126144331681,-2.576,0.51,7.36,347,24.21875,47.65625,7.202,-0.7086262721276703,426,17.96875,59.375,7.074,1.6814535479687922,402.0,11.71875,55.46875,7.694,2.723368324010564,328.0,17.96875,44.53125,7.851,-1.6704649792860586,354.0,11.71875,48.4375,8.043,-2.6344941491974563,403.0,24.21875,55.46875,6.298,0.5191461142465229
381,60.9375,52.34375,1.6852626863831626,-2.51,0.093,7.109,383,67.96875,53.125,7.074,0.11065722117389565,373,53.90625,51.5625,7.074,-3.0309354324158977,335.0,57.8125,46.09375,6.987,-2.0344439357957027,422.0,64.0625,58.59375,6.987,1.1071487177940904,338.0,64.84375,46.875,6.72,-0.9505468408120752,421.0,56.25,58.59375,7.812,2.214297435588181
382,28.125,53.125,1.3621209599337616,-0.233,0.297,6.669,404,35.15625,55.46875,7.411,0.3217505543966422,347,24.21875,47.65625,6.72,-2.191045812777718,427.0,29.6875,59.375,6.442,1.3258176636680326,355.0,32.03125,48.4375,6.101,-0.8760580505981934,,,,,,,,,,
383,67.96875,53.125,1.6407420078137367,-0.926,0.059,7.296,428,71.875,59.375,7.37,1.0121970114513341,381,60.9375,52.34375,7.074,-3.0309354324158977,338.0,64.84375,46.875,6.987,-2.0344439357957027,422.0,64.0625,58.59375,6.72,2.191045812777718,384.0,75.78125,53.125,7.812,0.0,339.0,72.65625,46.875,7.812,-0.9272952180016122
384,75.78125,53.125,1.6955383648634617,0.81,0.031,7.259,340,79.6875,46.875,7.37,-1.0121970114513341,428,71.875,59.375,7.37,2.129395642138459,385.0,82.8125,53.125,7.031,0.0,339.0,72.65625,46.875,6.987,-2.0344439357957027,429.0,78.90625,59.375,6.987,1.1071487177940904,383.0,67.96875,53.125,7.812,3.141592653589793
385,82.8125,53.125,1.7146723240525816,1.107,0.031,7.129,341,86.71875,46.875,7.37,-1.0121970114513341,429,78.90625,59.375,7.37,2.129395642138459,386.0,89.84375,53.125,7.031,0.0,384.0,75.78125,53.125,7.031,3.141592653589793,340.0,79.6875,46.875,6.987,-2.0344439357957027,430.0,85.9375,59.375,6.987,1.1071487177940904
386,89.84375,53.125,1.6798083696775656,-0.512,0.015,7.323,342,93.75,46.875,7.37,-1.0121970114513341,430,85.9375,59.375,7.37,2.129395642138459,431.0,93.75,59.375,7.37,1.0121970114513341,385.0,82.8125,53.125,7.031,3.141592653589793,341.0,86.71875,46.875,6.987,-2.0344439357957027,387.0,97.65625,53.125,7.812,0.0
387,97.65625,53.125,1.6836449102867947,1.765,0.044,7.222,342,93.75,46.875,7.37,-2.129395642138459,431,93.75,59.375,7.37,2.129395642138459,390.0,104.6875,53.90625,7.074,0.11065722117389565,432.0,100.78125,59.375,6.987,1.1071487177940904,348.0,101.5625,47.65625,6.72,-0.9505468408120752,386.0,89.84375,53.125,7.812,3.141592653589793
388,168.75,53.125,1.636067376514598,-2.974,-0.17,7.135,336,170.3125,46.09375,7.202,-1.3521273809209546,435,172.65625,59.375,7.37,1.0121970114513341,393.0,161.71875,53.90625,7.074,3.0309354324158977,434.0,165.625,59.375,6.987,2.0344439357957027,350.0,163.28125,47.65625,7.733,-2.356194490192345,376.0,175.0,51.5625,6.442,-0.24497866312686414
389,239.84375,53.125,1.6762437157371635,2.052,-0.278,7.338,337,241.40625,46.09375,7.202,-1.3521273809209546,416,245.3125,57.8125,7.202,0.7086262721276703,437.0,236.71875,59.375,6.987,2.0344439357957027,359.0,235.15625,48.4375,6.629,-2.356194490192345,400.0,232.03125,54.6875,7.967,2.9441970937399127,413.0,246.875,57.03125,8.043,0.507098504392337
390,104.6875,53.90625,1.681216726774036,-1.874,0.06,7.028,349,108.59375,47.65625,7.37,-1.0121970114513341,387,97.65625,53.125,7.074,-3.0309354324158977,391.0,111.71875,53.90625,7.031,0.0,348.0,101.5625,47.65625,6.987,-2.0344439357957027,438.0,107.8125,60.15625,6.987,1.1071487177940904,432.0,100.78125,59.375,6.72,2.191045812777718
391,111.71875,53.90625,1.687809536730838,1.048,0.074,7.109,356,116.40625,48.4375,7.202,-0.8621700546672264,438,107.8125,60.15625,7.37,2.129395642138459,398.0,118.75,54.6875,7.074,0.11065722117389565,390.0,104.6875,53.90625,7.031,3.141592653589793,349.0,108.59375,47.65625,6.987,-2.0344439357957027,439.0,114.84375,60.15625,6.987,1.1071487177940904
392,137.5,53.90625,1.6905308921999223,2.871,0.253,7.234,441,139.0625,60.9375,7.202,1.3521273809209546,433,132.8125,59.375,7.202,2.279422598922567,343.0,135.15625,46.875,7.411,-1.892546881191539,374.0,130.46875,51.5625,7.411,-2.819842099193151,357.0,142.96875,48.4375,7.733,-0.7853981633974483,405.0,143.75,55.46875,6.442,0.24497866312686414
393,161.71875,53.90625,1.6185426389806745,0.016,-0.178,6.527,388,168.75,53.125,7.074,-0.11065722117389565,434,165.625,59.375,6.72,0.9505468408120752,350.0,163.28125,47.65625,6.442,-1.3258176636680326,368.0,156.25,50.78125,6.298,-2.62244653934327,423.0,157.8125,58.59375,6.101,2.2655346029916,,,,,
394,186.71875,53.90625,1.6897206861143437,1.656,-0.309,7.177,360,181.25,49.21875,7.202,-2.432966381462123,377,193.75,51.5625,7.411,-0.3217505543966422,407.0,179.6875,56.25,7.411,2.819842099193151,424.0,191.40625,58.59375,6.629,0.7853981633974483,446.0,185.15625,61.71875,7.967,1.7681918866447774,351.0,188.28125,47.65625,6.442,-1.3258176636680326
395,253.90625,53.90625,1.6632243679507819,-2.012,-0.485,7.247,366,247.65625,50.0,7.37,-2.5829933382462307,417,260.15625,57.8125,7.37,0.5585993153435624,443.0,253.90625,60.9375,7.031,1.5707963267948966,344.0,253.90625,46.875,7.031,-1.5707963267948966,369.0,260.15625,50.78125,6.987,-0.4636476090008061,413.0,246.875,57.03125,7.694,2.723368324010564
396,279.6875,53.90625,1.6252145930469857,1.844,-0.522,7.229,419,285.9375,57.8125,7.37,0.5585993153435624,444,279.6875,60.9375,7.031,1.5707963267948966,371.0,285.9375,50.78125,6.987,-0.4636476090008061,370.0,272.65625,50.78125,7.694,-2.723368324010564,418.0,272.65625,57.8125,8.043,2.6344941491974563,352.0,279.6875,47.65625,6.25,-1.5707963267948966
397,292.96875,53.90625,1.6836775401824544,1.844,-0.522,7.359,420,299.21875,57.8125,7.37,0.5585993153435624,346,292.96875,46.875,7.031,-1.5707963267948966,445.0,292.96875,60.9375,7.031,1.5707963267948966,372.0,299.21875,50.78125,6.987,-0.4636476090008061,371.0,285.9375,50.78125,7.694,-2.723368324010564,419.0,285.9375,57.8125,8.043,2.6344941491974563
398,118.75,54.6875,1.6485513858633987,0.992,0.166,6.916,410,125.78125,57.03125,7.411,0.3217505543966422,391,111.71875,53.90625,7.074,-3.0309354324158977,440.0,121.875,60.9375,6.987,1.1071487177940904,439.0,114.84375,60.15625,6.72,2.191045812777718,356.0,116.40625,48.4375,6.675,-1.9295669970654687,363.0,123.4375,50.0,6.629,-0.7853981633974483
399,205.46875,54.6875,1.6884197135585362,-1.274,-0.32,7.281,447,203.90625,61.71875,7.202,1.7894652726688385,436,210.9375,59.375,7.202,0.7086262721276703,411.0,198.4375,57.03125,7.411,2.819842099193151,378.0,212.5,51.5625,7.694,-0.4182243295792291,361.0,200.0,49.21875,7.733,-2.356194490192345,358.0,207.03125,48.4375,6.442,-1.3258176636680326
400,232.03125,54.6875,1.67931776088775,0.557,-0.196,7.015,408,225.0,56.25,7.202,2.922923707715851,359,235.15625,48.4375,6.987,-1.1071487177940904,442.0,229.6875,60.9375,6.675,1.9295669970654687,365.0,227.34375,50.0,6.629,-2.356194490192345,437.0,236.71875,59.375,6.629,0.7853981633974483,389.0,239.84375,53.125,7.967,-0.19739555984988075
401,266.40625,54.6875,1.6472552182133544,-1.571,-0.524,7.259,369,260.15625,50.78125,7.37,-2.5829933382462307,370,272.65625,50.78125,7.37,-0.5585993153435624,448.0,266.40625,61.71875,7.031,1.5707963267948966,417.0,260.15625,57.8125,6.987,2.677945044588987,418.0,272.65625,57.8125,6.987,0.4636476090008061,345.0,266.40625,46.875,7.812,-1.5707963267948966
402,11.71875,55.46875,1.6438596854818306,1.477,-0.517,7.377,425,5.46875,59.375,7.37,2.5829933382462307,426,17.96875,59.375,7.37,0.5585993153435624,354.0,11.71875,48.4375,7.031,-1.5707963267948966,379.0,5.46875,52.34375,6.987,-2.677945044588987,380.0,18.75,52.34375,7.694,-0.4182243295792291,454.0,11.71875,63.28125,7.812,1.5707963267948966
403,24.21875,55.46875,1.4441518478467734,2.594,0.456,7.21,426,17.96875,59.375,7.37,2.5829933382462307,427,29.6875,59.375,6.72,0.6202494859828215,347.0,24.21875,47.65625,7.812,-1.5707963267948966,455.0,23.4375,63.28125,7.851,1.6704649792860586,380.0,18.75,52.34375,6.298,-2.62244653934327,,,,,
404,35.15625,55.46875,1.6717184715089215,-2.861,0.288,7.172,414,42.1875,57.8125,7.411,0.3217505543966422,382,28.125,53.125,7.411,-2.819842099193151,449.0,35.9375,62.5,7.074,1.460139105621001,355.0,32.03125,48.4375,7.694,-1.9890206563741257,362.0,39.0625,50.0,6.72,-0.9505468408120752,427.0,29.6875,59.375,6.72,2.5213431676069717
405,143.75,55.46875,1.6539357882956363,0.536,0.297,7.043,441,139.0625,60.9375,7.202,2.279422598922567,415,150.78125,57.8125,7.411,0.3217505543966422,450.0,146.09375,62.5,7.411,1.2490457723982544,357.0,142.96875,48.4375,7.074,-1.6814535479687922,375.0,149.21875,51.5625,6.72,-0.6202494859828215,392.0,137.5,53.90625,6.442,-2.896613990462929
406,0.0,56.25,1.6255162596321977,-0.051,-0.299,6.965,453,0.0,63.28125,7.031,1.5707963267948966,379,5.46875,52.34375,6.72,-0.6202494859828215,353.0,0.0,48.4375,7.812,-1.5707963267948966,425.0,5.46875,59.375,6.298,0.5191461142465229,,,,,,,,,,
407,179.6875,56.25,1.6732074712058023,0.692,-0.328,7.161,360,181.25,49.21875,7.202,-1.3521273809209546,394,186.71875,53.90625,7.411,-0.3217505543966422,435.0,172.65625,59.375,7.694,2.723368324010564,446.0,185.15625,61.71875,7.733,0.7853981633974483,376.0,175.0,51.5625,6.629,-2.356194490192345,451.0,178.90625,62.5,6.298,1.695151321341658
408,225.0,56.25,1.6466890911286987,-1.174,-0.172,7.14,400,232.03125,54.6875,7.202,-0.21866894587394195,364,220.3125,50.0,7.812,-2.214297435588181,365.0,227.34375,50.0,6.675,-1.2120256565243244,452.0,222.65625,62.5,6.675,1.9295669970654687,412.0,217.1875,57.03125,7.851,3.0419240010986313,442.0,229.6875,60.9375,6.629,0.7853981633974483
409,49.21875,57.03125,1.6258146363243322,-1.388,0.099,6.953,373,53.90625,51.5625,7.202,-0.8621700546672264,421,56.25,58.59375,7.202,0.21866894587394195,414.0,42.1875,57.8125,7.074,3.0309354324158977,367.0,46.09375,50.78125,6.987,-2.0344439357957027,456.0,48.4375,63.28125,6.298,1.695151321341658,,,,,
410,125.78125,57.03125,1.6017110019904055,-0.941,0.326,7.48,374,130.46875,51.5625,7.202,-0.8621700546672264,363,123.4375,50.0,7.411,-1.892546881191539,398.0,118.75,54.6875,7.411,-2.819842099193151,433.0,132.8125,59.375,7.411,0.3217505543966422,466.0,127.34375,64.84375,7.967,1.373400766945016,,,,,
411,198.4375,57.03125,1.6564590225615201,-1.414,-0.279,7.238,377,193.75,51.5625,7.202,-2.279422598922567,424,191.40625,58.59375,7.202,2.922923707715851,447.0,203.90625,61.71875,7.202,0.7086262721276703,399.0,205.46875,54.6875,7.411,-0.3217505543966422,361.0,200.0,49.21875,7.967,-1.373400766945016,457.0,196.875,63.28125,6.442,1.8157749899217608
412,217.1875,57.03125,1.6560886657476137,0.71,-0.22,7.393,378,212.5,51.5625,7.202,-2.279422598922567,460,215.625,64.0625,7.202,1.7894652726688385,364.0,220.3125,50.0,7.694,-1.1525719972156676,452.0,222.65625,62.5,7.733,0.7853981633974483,436.0,210.9375,59.375,6.675,2.782821983319221,408.0,225.0,56.25,7.851,-0.09966865249116202
413,246.875,57.03125,1.396553275446321,-0.344,0.436,7.586,366,247.65625,50.0,7.074,-1.460139105621001,461,247.65625,64.0625,7.074,1.460139105621001,395.0,253.90625,53.90625,7.694,-0.4182243295792291,389.0,239.84375,53.125,8.043,-2.6344941491974563,443.0,253.90625,60.9375,8.043,0.507098504392337,,,,,
414,42.1875,57.8125,1.6107144112423015,-1.456,0.108,7.843,404,35.15625,55.46875,7.411,-2.819842099193151,409,49.21875,57.03125,7.074,-0.11065722117389565,449.0,35.9375,62.5,7.812,2.498091544796509,367.0,46.09375,50.78125,8.043,-1.0636978224025597,456.0,48.4375,63.28125,8.304,0.7188299996216245,362.0,39.0625,50.0,8.414,-1.9513027039072615
415,150.78125,57.8125,1.6112169103120368,2.44,0.274,6.846,405,143.75,55.46875,7.411,-2.819842099193151,423,157.8125,58.59375,7.074,0.11065722117389565,459.0,153.125,64.0625,6.675,1.2120256565243244,450.0,146.09375,62.5,6.629,2.356194490192345,375.0,149.21875,51.5625,6.442,-1.8157749899217608,,,,,
416,245.3125,57.8125,1.4166619374851848,2.82,-0.183,7.519,389,239.84375,53.125,7.202,-2.432966381462123,461,247.65625,64.0625,6.675,1.2120256565243244,468.0,241.40625,64.84375,8.043,2.0778948311872334,366.0,247.65625,50.0,8.156,-1.2793395323170296,,,,,,,,,,
417,260.15625,57.8125,1.6884402306724458,0.244,-0.492,7.129,395,253.90625,53.90625,7.37,-2.5829933382462307,448,266.40625,61.71875,7.37,0.5585993153435624,469.0,260.15625,64.84375,7.031,1.5707963267948966,369.0,260.15625,50.78125,7.031,-1.5707963267948966,443.0,253.90625,60.9375,6.987,2.677945044588987,401.0,266.40625,54.6875,6.987,-0.4636476090008061
418,272.65625,57.8125,1.6788738592734849,0.071,0.493,7.359,448,266.40625,61.71875,7.37,2.5829933382462307,370,272.65625,50.78125,7.031,-1.5707963267948966,470.0,272.65625,64.84375,7.031,1.5707963267948966,401.0,266.40625,54.6875,6.987,-2.677945044588987,444.0,279.6875,60.9375,7.694,0.4182243295792291,396.0,279.6875,53.90625,8.043,-0.507098504392337
419,285.9375,57.8125,1.620810360069876,-0.787,0.505,7.237,396,279.6875,53.90625,7.37,-2.5829933382462307,371,285.9375,50.78125,7.031,-1.5707963267948966,444.0,279.6875,60.9375,6.987,2.677945044588987,445.0,292.96875,60.9375,7.694,0.4182243295792291,397.0,292.96875,53.90625,8.043,-0.507098504392337,462.0,286.71875,64.0625,6.298,1.446441332248135
420,299.21875,57.8125,1.5786281582493356,-3.095,0.297,6.909,397,292.96875,53.90625,7.37,-2.5829933382462307,372,299.21875,50.78125,7.031,-1.5707963267948966,445.0,292.96875,60.9375,6.987,2.677945044588987,463.0,299.21875,64.0625,6.25,1.5707963267948966,,,,,,,,,,
421,56.25,58.59375,1.5835242164512042,-0.313,0.049,7.519,409,49.21875,57.03125,7.202,-2.922923707715851,373,53.90625,51.5625,7.411,-1.892546881191539,458.0,60.15625,64.0625,6.72,0.9505468408120752,381.0,60.9375,52.34375,7.812,-0.9272952180016122,422.0,64.0625,58.59375,7.812,0.0,479.0,53.90625,66.40625,8.156,1.8622531212727638
422,64.0625,58.59375,1.6471635295534461,1.94,0.076,7.297,381,60.9375,52.34375,6.987,-2.0344439357957027,471,67.1875,65.625,7.694,1.1525719972156676,458.0,60.15625,64.0625,6.72,2.191045812777718,383.0,67.96875,53.125,6.72,-0.9505468408120752,421.0,56.25,58.59375,7.812,3.141592653589793,428.0,71.875,59.375,7.851,0.09966865249116202
423,157.8125,58.59375,1.653886437796577,-0.414,0.155,7.197,459,153.125,64.0625,7.202,2.279422598922567,415,150.78125,57.8125,7.074,-3.0309354324158977,467.0,160.9375,64.84375,6.987,1.1071487177940904,434.0,165.625,59.375,7.851,0.09966865249116202,368.0,156.25,50.78125,7.967,-1.7681918866447774,393.0,161.71875,53.90625,6.101,-0.8760580505981934
424,191.40625,58.59375,1.611581755506204,0.681,-0.299,7.233,411,198.4375,57.03125,7.202,-0.21866894587394195,457,196.875,63.28125,7.202,0.7086262721276703,377.0,193.75,51.5625,7.411,-1.2490457723982544,446.0,185.15625,61.71875,6.987,2.677945044588987,394.0,186.71875,53.90625,6.629,-2.356194490192345,484.0,189.84375,66.40625,7.967,1.7681918866447774
425,5.46875,59.375,1.686009423421282,1.407,0.507,6.97,402,11.71875,55.46875,7.37,-0.5585993153435624,454,11.71875,63.28125,7.37,0.5585993153435624,475.0,5.46875,66.40625,7.031,1.5707963267948966,379.0,5.46875,52.34375,7.031,-1.5707963267948966,453.0,0.0,63.28125,6.72,2.5213431676069717,406.0,0.0,56.25,6.298,-2.62244653934327
426,17.96875,59.375,1.7034601046503717,0.645,-0.496,7.156,402,11.71875,55.46875,7.37,-2.5829933382462307,403,24.21875,55.46875,7.37,-0.5585993153435624,454.0,11.71875,63.28125,7.37,2.5829933382462307,380.0,18.75,52.34375,7.074,-1.460139105621001,476.0,17.96875,66.40625,7.031,1.5707963267948966,455.0,23.4375,63.28125,6.72,0.6202494859828215
427,29.6875,59.375,1.6741503152643467,-2.472,0.47,6.878,455,23.4375,63.28125,7.37,2.5829933382462307,477,29.6875,66.40625,7.031,1.5707963267948966,449.0,35.9375,62.5,6.987,0.4636476090008061,403.0,24.21875,55.46875,6.72,-2.5213431676069717,404.0,35.15625,55.46875,6.72,-0.6202494859828215,382.0,28.125,53.125,6.442,-1.8157749899217608
428,71.875,59.375,1.6469793386500473,-2.232,0.036,7.289,383,67.96875,53.125,7.37,-2.129395642138459,384,75.78125,53.125,7.37,-1.0121970114513341,429.0,78.90625,59.375,7.031,0.0,471.0,67.1875,65.625,7.812,2.214297435588181,422.0,64.0625,58.59375,7.851,-3.0419240010986313,464.0,75.0,64.84375,6.298,1.0516502125483738
429,78.90625,59.375,1.7034045809243816,-2.553,0.041,7.021,385,82.8125,53.125,7.37,-1.0121970114513341,428,71.875,59.375,7.031,3.141592653589793,430.0,85.9375,59.375,7.031,0.0,384.0,75.78125,53.125,6.987,-2.0344439357957027,472.0,82.03125,65.625,6.987,1.1071487177940904,464.0,75.0,64.84375,6.72,2.191045812777718
430,85.9375,59.375,1.6680655432029494,-0.542,0.006,7.215,386,89.84375,53.125,7.37,-1.0121970114513341,472,82.03125,65.625,7.37,2.129395642138459,429.0,78.90625,59.375,7.031,3.141592653589793,385.0,82.8125,53.125,6.987,-2.0344439357957027,465.0,89.84375,64.84375,6.72,0.9505468408120752,431.0,93.75,59.375,7.812,0.0
431,93.75,59.375,1.6916038352054676,3.051,0.025,7.215,386,89.84375,53.125,7.37,-2.129395642138459,387,97.65625,53.125,7.37,-1.0121970114513341,432.0,100.78125,59.375,7.031,0.0,473.0,96.875,65.625,6.987,1.1071487177940904,465.0,89.84375,64.84375,6.72,2.191045812777718,430.0,85.9375,59.375,7.812,3.141592653589793
432,100.78125,59.375,1.7133460830428668,1.268,0.06,7.028,473,96.875,65.625,7.37,2.129395642138459,438,107.8125,60.15625,7.074,0.11065722117389565,431.0,93.75,59.375,7.031,3.141592653589793,387.0,97.65625,53.125,6.987,-2.0344439357957027,474.0,103.90625,65.625,6.987,1.1071487177940904,390.0,104.6875,53.90625,6.72,-0.9505468408120752
433,132.8125,59.375,1.632390327896733,-2.346,0.258,7.358,392,137.5,53.90625,7.202,-0.8621700546672264,482,134.375,66.40625,7.202,1.3521273809209546,410.0,125.78125,57.03125,7.411,-2.819842099193151,466.0,127.34375,64.84375,7.733,2.356194490192345,441.0,139.0625,60.9375,6.442,0.24497866312686414,374.0,130.46875,51.5625,8.156,-1.8622531212727638
434,165.625,59.375,1.6049707444125716,-2.93,0.054,7.2,467,160.9375,64.84375,7.202,2.279422598922567,483,167.96875,66.40625,7.411,1.2490457723982544,435.0,172.65625,59.375,7.031,0.0,388.0,168.75,53.125,6.987,-1.1071487177940904,393.0,161.71875,53.90625,6.72,-2.191045812777718,423.0,157.8125,58.59375,7.851,-3.0419240010986313
435,172.65625,59.375,1.6222825964748124,-0.8,-0.251,7.534,388,168.75,53.125,7.37,-2.129395642138459,434,165.625,59.375,7.031,3.141592653589793,451.0,178.90625,62.5,6.987,0.4636476090008061,407.0,179.6875,56.25,7.694,-0.4182243295792291,487.0,174.21875,67.1875,7.967,1.373400766945016,376.0,175.0,51.5625,8.156,-1.2793395323170296
436,210.9375,59.375,1.65980184070982,-3.085,-0.303,7.216,399,205.46875,54.6875,7.202,-2.432966381462123,447,203.90625,61.71875,7.411,2.819842099193151,485.0,208.59375,66.40625,7.411,1.892546881191539,412.0,217.1875,57.03125,6.675,-0.35877067027057225,460.0,215.625,64.0625,6.629,0.7853981633974483,378.0,212.5,51.5625,7.967,-1.373400766945016
437,236.71875,59.375,1.6292943307840173,2.797,-0.225,7.086,468,241.40625,64.84375,7.202,0.8621700546672264,442,229.6875,60.9375,7.202,2.922923707715851,486.0,234.375,66.40625,7.411,1.892546881191539,389.0,239.84375,53.125,6.987,-1.1071487177940904,400.0,232.03125,54.6875,6.629,-2.356194490192345,,,,,
438,107.8125,60.15625,1.6733580398558043,-1.377,0.044,7.092,391,111.71875,53.90625,7.37,-1.0121970114513341,480,111.71875,66.40625,7.37,1.0121970114513341,432.0,100.78125,59.375,7.074,-3.0309354324158977,439.0,114.84375,60.15625,7.031,0.0,390.0,104.6875,53.90625,6.987,-2.0344439357957027,474.0,103.90625,65.625,6.72,2.191045812777718
439,114.84375,60.15625,1.6782234987732558,0.601,0.028,7.028,481,118.75,66.40625,7.37,1.0121970114513341,440,121.875,60.9375,7.074,0.11065722117389565,438.0,107.8125,60.15625,7.031,3.141592653589793,391.0,111.71875,53.90625,6.987,-2.0344439357957027,480.0,111.71875,66.40625,6.987,2.0344439357957027,398.0,118.75,54.6875,6.72,-0.9505468408120752
440,121.875,60.9375,1.605082618820329,2.764,0.051,6.77,439,114.84375,60.15625,7.074,-3.0309354324158977,398,118.75,54.6875,6.987,-2.0344439357957027,466.0,127.34375,64.84375,6.72,0.6202494859828215,481.0,118.75,66.40625,6.298,2.0899424410414196,,,,,,,,,,
441,139.0625,60.9375,1.698728882506654,-0.467,0.222,7.11,392,137.5,53.90625,7.202,-1.7894652726688385,405,143.75,55.46875,7.202,-0.8621700546672264,450.0,146.09375,62.5,7.202,0.21866894587394195,482.0,134.375,66.40625,7.202,2.279422598922567,488.0,141.40625,67.96875,7.411,1.2490457723982544,433.0,132.8125,59.375,6.442,-2.896613990462929
442,229.6875,60.9375,1.665911206155849,1.891,-0.209,7.054,452,222.65625,62.5,7.202,2.922923707715851,437,236.71875,59.375,7.202,-0.21866894587394195,486.0,234.375,66.40625,7.202,0.8621700546672264,490.0,227.34375,67.96875,7.411,1.892546881191539,400.0,232.03125,54.6875,6.675,-1.2120256565243244,408.0,225.0,56.25,6.629,-2.356194490192345
443,253.90625,60.9375,1.6782086674919214,2.868,-0.483,7.249,469,260.15625,64.84375,7.37,0.5585993153435624,491,253.125,67.96875,7.074,1.6814535479687922,395.0,253.90625,53.90625,7.031,-1.5707963267948966,417.0,260.15625,57.8125,6.987,-0.4636476090008061,461.0,247.65625,64.0625,6.987,2.677945044588987,413.0,246.875,57.03125,8.043,-2.6344941491974563
444,279.6875,60.9375,1.6665104855972102,1.085,0.501,7.413,396,279.6875,53.90625,7.031,-1.5707963267948966,492,279.6875,67.96875,7.031,1.5707963267948966,419.0,285.9375,57.8125,6.987,-0.4636476090008061,418.0,272.65625,57.8125,7.694,-2.723368324010564,462.0,286.71875,64.0625,7.694,0.4182243295792291,470.0,272.65625,64.84375,8.043,2.6344941491974563
445,292.96875,60.9375,1.6843493267368126,2.011,0.516,7.12,397,292.96875,53.90625,7.031,-1.5707963267948966,493,292.96875,67.96875,7.031,1.5707963267948966,462.0,286.71875,64.0625,6.987,2.677945044588987,420.0,299.21875,57.8125,6.987,-0.4636476090008061,463.0,299.21875,64.0625,6.987,0.4636476090008061,419.0,285.9375,57.8125,7.694,-2.723368324010564
446,185.15625,61.71875,1.6546555601562938,0.293,-0.233,7.391,424,191.40625,58.59375,6.987,-0.4636476090008061,489,182.03125,67.96875,6.987,2.0344439357957027,407.0,179.6875,56.25,7.733,-2.356194490192345,484.0,189.84375,66.40625,6.629,0.7853981633974483,394.0,186.71875,53.90625,7.967,-1.373400766945016,494.0,189.0625,68.75,8.043,1.0636978224025597
447,203.90625,61.71875,1.642289418674023,-2.767,-0.275,7.176,399,205.46875,54.6875,7.202,-1.3521273809209546,411,198.4375,57.03125,7.202,-2.432966381462123,457.0,196.875,63.28125,7.202,2.922923707715851,436.0,210.9375,59.375,7.411,-0.3217505543966422,495.0,201.5625,68.75,7.411,1.892546881191539,485.0,208.59375,66.40625,6.629,0.7853981633974483
448,266.40625,61.71875,1.679126186481726,-1.571,-0.524,7.129,417,260.15625,57.8125,7.37,-2.5829933382462307,418,272.65625,57.8125,7.37,-0.5585993153435624,401.0,266.40625,54.6875,7.031,-1.5707963267948966,496.0,266.40625,68.75,7.031,1.5707963267948966,469.0,260.15625,64.84375,6.987,2.677945044588987,470.0,272.65625,64.84375,6.987,0.4636476090008061
449,35.9375,62.5,1.6887778683226145,3.049,0.475,7.404,477,29.6875,66.40625,7.37,2.5829933382462307,478,42.1875,66.40625,7.37,0.5585993153435624,404.0,35.15625,55.46875,7.074,-1.6814535479687922,427.0,29.6875,59.375,6.987,-2.677945044588987,414.0,42.1875,57.8125,7.812,-0.6435011087932844,502.0,35.9375,70.3125,7.812,1.5707963267948966
450,146.09375,62.5,1.690905455870573,0.117,0.199,7.223,459,153.125,64.0625,7.202,0.21866894587394195,441,139.0625,60.9375,7.202,-2.922923707715851,488.0,141.40625,67.96875,7.202,2.279422598922567,405.0,143.75,55.46875,7.411,-1.892546881191539,497.0,149.21875,69.53125,7.694,1.1525719972156676,415.0,150.78125,57.8125,6.629,-0.7853981633974483
451,178.90625,62.5,1.6253685959997834,0.825,0.064,6.502,435,172.65625,59.375,6.987,-2.677945044588987,487,174.21875,67.1875,6.629,2.356194490192345,407.0,179.6875,56.25,6.298,-1.446441332248135,446.0,185.15625,61.71875,6.298,-0.12435499454676144,489.0,182.03125,67.96875,6.298,1.0516502125483738,,,,,
452,222.65625,62.5,1.687744702700843,1.891,-0.209,7.238,460,215.625,64.0625,7.202,2.922923707715851,442,229.6875,60.9375,7.202,-0.21866894587394195,490.0,227.34375,67.96875,7.202,0.8621700546672264,498.0,220.3125,69.53125,7.411,1.892546881191539,412.0,217.1875,57.03125,7.733,-2.356194490192345,408.0,225.0,56.25,6.675,-1.2120256565243244
453,0.0,63.28125,1.6537914490149626,-0.051,-0.299,6.77,406,0.0,56.25,7.031,-1.5707963267948966,499,0.0,70.3125,7.031,1.5707963267948966,425.0,5.46875,59.375,6.72,-0.6202494859828215,475.0,5.46875,66.40625,6.298,0.5191461142465229,,,,,,,,,,
454,11.71875,63.28125,1.7063585098884697,-1.571,-0.524,7.259,425,5.46875,59.375,7.37,-2.5829933382462307,426,17.96875,59.375,7.37,-0.5585993153435624,500.0,11.71875,70.3125,7.031,1.5707963267948966,475.0,5.46875,66.40625,6.987,2.677945044588987,476.0,17.96875,66.40625,6.987,0.4636476090008061,402.0,11.71875,55.46875,7.812,-1.5707963267948966
455,23.4375,63.28125,1.6625425865608265,-0.795,-0.507,7.043,427,29.6875,59.375,7.37,-0.5585993153435624,501,23.4375,70.3125,7.031,1.5707963267948966,477.0,29.6875,66.40625,6.987,0.4636476090008061,426.0,17.96875,59.375,6.72,-2.5213431676069717,403.0,24.21875,55.46875,7.851,-1.4711276743037347,476.0,17.96875,66.40625,6.298,2.62244653934327
456,48.4375,63.28125,1.6528607723511402,2.783,-0.512,6.992,503,47.65625,70.3125,7.074,1.6814535479687922,478,42.1875,66.40625,6.987,2.677945044588987,479.0,53.90625,66.40625,6.298,0.5191461142465229,409.0,49.21875,57.03125,6.298,-1.446441332248135,414.0,42.1875,57.8125,8.304,-2.4227626539681686,,,,,
457,196.875,63.28125,1.641119616638178,1.638,-0.291,7.157,424,191.40625,58.59375,7.202,-2.432966381462123,447,203.90625,61.71875,7.202,-0.21866894587394195,506.0,195.3125,70.3125,7.202,1.7894652726688385,495.0,201.5625,68.75,7.202,0.8621700546672264,484.0,189.84375,66.40625,7.694,2.723368324010564,411.0,198.4375,57.03125,6.442,-1.3258176636680326
458,60.15625,64.0625,1.6622516435677652,-0.98,0.066,6.713,471,67.1875,65.625,7.202,0.21866894587394195,421,56.25,58.59375,6.72,-2.191045812777718,422.0,64.0625,58.59375,6.72,-0.9505468408120752,479.0,53.90625,66.40625,6.675,2.782821983319221,504.0,60.15625,70.3125,6.25,1.5707963267948966,,,,,
459,153.125,64.0625,1.6761033543351662,-0.517,0.137,7.106,423,157.8125,58.59375,7.202,-0.8621700546672264,450,146.09375,62.5,7.202,-2.922923707715851,505.0,156.25,70.3125,6.987,1.1071487177940904,497.0,149.21875,69.53125,6.72,2.191045812777718,415.0,150.78125,57.8125,6.675,-1.9295669970654687,467.0,160.9375,64.84375,7.851,0.09966865249116202
460,215.625,64.0625,1.6932934174379033,2.372,-0.249,7.176,412,217.1875,57.03125,7.202,-1.3521273809209546,452,222.65625,62.5,7.202,-0.21866894587394195,498.0,220.3125,69.53125,7.202,0.8621700546672264,485.0,208.59375,66.40625,7.411,2.819842099193151,511.0,213.28125,71.09375,7.411,1.892546881191539,436.0,210.9375,59.375,6.629,-2.356194490192345
461,247.65625,64.0625,1.6241744132790943,-1.555,-0.41,6.699,413,246.875,57.03125,7.074,-1.6814535479687922,443,253.90625,60.9375,6.987,-0.4636476090008061,491.0,253.125,67.96875,6.72,0.6202494859828215,416.0,245.3125,57.8125,6.675,-1.9295669970654687,507.0,246.09375,70.3125,6.442,1.8157749899217608,468.0,241.40625,64.84375,6.298,3.017237659043032
462,286.71875,64.0625,1.5976594170276832,2.354,0.505,7.237,493,292.96875,67.96875,7.37,0.5585993153435624,512,286.71875,71.09375,7.031,1.5707963267948966,445.0,292.96875,60.9375,6.987,-0.4636476090008061,444.0,279.6875,60.9375,7.694,-2.723368324010564,492.0,279.6875,67.96875,8.043,2.6344941491974563,419.0,285.9375,57.8125,6.298,-1.695151321341658
463,299.21875,64.0625,1.597614337698728,3.094,-0.298,6.909,493,292.96875,67.96875,7.37,2.5829933382462307,513,299.21875,71.09375,7.031,1.5707963267948966,445.0,292.96875,60.9375,6.987,-2.677945044588987,420.0,299.21875,57.8125,6.25,-1.5707963267948966,,,,,,,,,,
464,75.0,64.84375,1.6434769041626154,1.547,0.033,7.224,472,82.03125,65.625,7.074,0.11065722117389565,508,71.875,71.09375,6.987,2.0344439357957027,429.0,78.90625,59.375,6.72,-0.9505468408120752,471.0,67.1875,65.625,7.851,3.0419240010986313,428.0,71.875,59.375,6.298,-2.0899424410414196,522.0,78.125,72.65625,8.414,1.1902899496825317
465,89.84375,64.84375,1.646886645803786,1.574,0.001,7.184,510,93.75,71.09375,7.37,1.0121970114513341,509,85.9375,71.09375,7.37,2.129395642138459,473.0,96.875,65.625,7.074,0.11065722117389565,430.0,85.9375,59.375,6.72,-2.191045812777718,431.0,93.75,59.375,6.72,-0.9505468408120752,472.0,82.03125,65.625,7.851,3.0419240010986313
466,127.34375,64.84375,1.6023397844236948,-0.558,0.247,7.581,482,134.375,66.40625,7.202,0.21866894587394195,518,129.6875,71.875,7.411,1.2490457723982544,433.0,132.8125,59.375,7.733,-0.7853981633974483,440.0,121.875,60.9375,6.72,-2.5213431676069717,410.0,125.78125,57.03125,7.967,-1.7681918866447774,517.0,122.65625,71.875,8.45,2.158798930342464
467,160.9375,64.84375,1.628264586183503,2.288,0.159,7.309,434,165.625,59.375,7.202,-0.8621700546672264,483,167.96875,66.40625,7.202,0.21866894587394195,505.0,156.25,70.3125,7.202,2.279422598922567,519.0,163.28125,71.875,7.411,1.2490457723982544,423.0,157.8125,58.59375,6.987,-2.0344439357957027,459.0,153.125,64.0625,7.851,-3.0419240010986313
468,241.40625,64.84375,1.6719083790671108,0.734,-0.158,7.226,437,236.71875,59.375,7.202,-2.279422598922567,486,234.375,66.40625,7.202,2.922923707715851,507.0,246.09375,70.3125,7.202,0.8621700546672264,520.0,239.0625,71.875,7.411,1.892546881191539,416.0,245.3125,57.8125,8.043,-1.0636978224025597,461.0,247.65625,64.0625,6.298,-0.12435499454676144
469,260.15625,64.84375,1.6076970321895598,-2.868,-0.454,7.403,443,253.90625,60.9375,7.37,-2.5829933382462307,496,266.40625,68.75,7.37,0.5585993153435624,417.0,260.15625,57.8125,7.031,-1.5707963267948966,448.0,266.40625,61.71875,6.987,-0.4636476090008061,491.0,253.125,67.96875,7.694,2.723368324010564,525.0,258.59375,72.65625,7.967,1.7681918866447774
470,272.65625,64.84375,1.622536975522886,-0.079,0.459,7.388,521,274.21875,71.875,7.202,1.3521273809209546,496,266.40625,68.75,7.37,2.5829933382462307,418.0,272.65625,57.8125,7.031,-1.5707963267948966,448.0,266.40625,61.71875,6.987,-2.677945044588987,492.0,279.6875,67.96875,7.694,0.4182243295792291,444.0,279.6875,60.9375,8.043,-0.507098504392337
471,67.1875,65.625,1.6349551254182328,-1.527,0.08,7.702,458,60.15625,64.0625,7.202,-2.922923707715851,508,71.875,71.09375,7.202,0.8621700546672264,422.0,64.0625,58.59375,7.694,-1.9890206563741257,428.0,71.875,59.375,7.812,-0.9272952180016122,464.0,75.0,64.84375,7.851,-0.09966865249116202,504.0,60.15625,70.3125,8.45,2.5535900500422257
472,82.03125,65.625,1.635330877877138,-0.975,-0.002,7.341,430,85.9375,59.375,7.37,-1.0121970114513341,464,75.0,64.84375,7.074,-3.0309354324158977,429.0,78.90625,59.375,6.987,-2.0344439357957027,509.0,85.9375,71.09375,6.72,0.9505468408120752,465.0,89.84375,64.84375,7.851,-0.09966865249116202,522.0,78.125,72.65625,8.043,2.0778948311872334
473,96.875,65.625,1.66018730861477,-0.839,0.027,7.022,432,100.78125,59.375,7.37,-1.0121970114513341,514,100.78125,71.875,7.37,1.0121970114513341,465.0,89.84375,64.84375,7.074,-3.0309354324158977,474.0,103.90625,65.625,7.031,0.0,431.0,93.75,59.375,6.987,-2.0344439357957027,510.0,93.75,71.09375,6.298,2.0899424410414196
474,103.90625,65.625,1.6773887661125795,0.563,0.027,7.158,515,107.8125,71.875,7.37,1.0121970114513341,473,96.875,65.625,7.031,3.141592653589793,514.0,100.78125,71.875,6.987,2.0344439357957027,432.0,100.78125,59.375,6.987,-2.0344439357957027,438.0,107.8125,60.15625,6.72,-0.9505468408120752,480.0,111.71875,66.40625,7.851,0.09966865249116202
475,5.46875,66.40625,1.6535506077947384,1.225,0.523,7.036,500,11.71875,70.3125,7.37,0.5585993153435624,425,5.46875,59.375,7.031,-1.5707963267948966,454.0,11.71875,63.28125,6.987,-0.4636476090008061,499.0,0.0,70.3125,6.72,2.5213431676069717,529.0,5.46875,74.21875,7.812,1.5707963267948966,453.0,0.0,63.28125,6.298,-2.62244653934327
476,17.96875,66.40625,1.6535884784786685,1.916,-0.524,7.036,500,11.71875,70.3125,7.37,2.5829933382462307,426,17.96875,59.375,7.031,-1.5707963267948966,454.0,11.71875,63.28125,6.987,-2.677945044588987,501.0,23.4375,70.3125,6.72,0.6202494859828215,530.0,17.96875,74.21875,7.812,1.5707963267948966,455.0,23.4375,63.28125,6.298,-0.5191461142465229
477,29.6875,66.40625,1.6631522589037682,2.081,0.507,7.323,449,35.9375,62.5,7.37,-0.5585993153435624,501,23.4375,70.3125,7.37,2.5829933382462307,502.0,35.9375,70.3125,7.37,0.5585993153435624,427.0,29.6875,59.375,7.031,-1.5707963267948966,455.0,23.4375,63.28125,6.987,-2.677945044588987,531.0,29.6875,74.21875,7.812,1.5707963267948966
478,42.1875,66.40625,1.6831496079483863,1.48,-0.498,7.345,449,35.9375,62.5,7.37,-2.5829933382462307,502,35.9375,70.3125,7.37,2.5829933382462307,526.0,42.1875,73.4375,7.031,1.5707963267948966,456.0,48.4375,63.28125,6.987,-0.4636476090008061,503.0,47.65625,70.3125,6.72,0.6202494859828215,414.0,42.1875,57.8125,8.593,-1.5707963267948966
479,53.90625,66.40625,1.6294193031296373,0.622,-0.459,7.28,503,47.65625,70.3125,7.37,2.5829933382462307,504,60.15625,70.3125,7.37,0.5585993153435624,532.0,53.90625,74.21875,7.812,1.5707963267948966,458.0,60.15625,64.0625,6.675,-0.35877067027057225,421.0,56.25,58.59375,8.156,-1.2793395323170296,456.0,48.4375,63.28125,6.298,-2.62244653934327
480,111.71875,66.40625,1.629957098134173,-2.366,0.017,7.043,438,107.8125,60.15625,7.37,-2.129395642138459,481,118.75,66.40625,7.031,0.0,439.0,114.84375,60.15625,6.987,-1.1071487177940904,515.0,107.8125,71.875,6.72,2.191045812777718,474.0,103.90625,65.625,7.851,-3.0419240010986313,516.0,114.84375,71.875,6.298,1.0516502125483738
481,118.75,66.40625,1.6691277972631753,-3.056,-0.011,6.828,439,114.84375,60.15625,7.37,-2.129395642138459,480,111.71875,66.40625,7.031,3.141592653589793,516.0,114.84375,71.875,6.72,2.191045812777718,517.0,122.65625,71.875,6.72,0.9505468408120752,440.0,121.875,60.9375,6.298,-1.0516502125483738,,,,,
482,134.375,66.40625,1.7044326775368634,-0.319,0.202,7.284,433,132.8125,59.375,7.202,-1.7894652726688385,441,139.0625,60.9375,7.202,-0.8621700546672264,466.0,127.34375,64.84375,7.202,-2.922923707715851,488.0,141.40625,67.96875,7.202,0.21866894587394195,518.0,129.6875,71.875,7.202,2.279422598922567,527.0,137.5,73.4375,7.694,1.1525719972156676
483,167.96875,66.40625,1.658764232772176,-1.819,0.16,7.206,467,160.9375,64.84375,7.202,-2.922923707715851,519,163.28125,71.875,7.202,2.279422598922567,434.0,165.625,59.375,7.411,-1.892546881191539,523.0,170.3125,72.65625,6.675,1.2120256565243244,487.0,174.21875,67.1875,6.298,0.12435499454676144,435.0,172.65625,59.375,8.45,-0.982793723247329
484,189.84375,66.40625,1.431641604248959,-1.394,-0.393,7.395,457,196.875,63.28125,7.694,-0.4182243295792291,506,195.3125,70.3125,6.72,0.6202494859828215,446.0,185.15625,61.71875,6.629,-2.356194490192345,424.0,191.40625,58.59375,7.967,-1.373400766945016,489.0,182.03125,67.96875,7.967,2.9441970937399127,,,,,
485,208.59375,66.40625,1.685996410644485,0.283,-0.275,6.989,436,210.9375,59.375,7.411,-1.2490457723982544,460,215.625,64.0625,7.411,-0.3217505543966422,495.0,201.5625,68.75,7.411,2.819842099193151,447.0,203.90625,61.71875,6.629,-2.356194490192345,511.0,213.28125,71.09375,6.629,0.7853981633974483,524.0,207.03125,72.65625,6.442,1.8157749899217608
486,234.375,66.40625,1.6943328844224956,2.356,-0.202,7.272,442,229.6875,60.9375,7.202,-2.279422598922567,468,241.40625,64.84375,7.202,-0.21866894587394195,490.0,227.34375,67.96875,7.202,2.922923707715851,520.0,239.0625,71.875,7.202,0.8621700546672264,437.0,236.71875,59.375,7.411,-1.2490457723982544,528.0,232.03125,73.4375,7.411,1.892546881191539
487,174.21875,67.1875,1.5839033534667808,0.045,0.164,7.193,535,177.34375,74.21875,7.694,1.1525719972156676,523,170.3125,72.65625,6.72,2.191045812777718,489.0,182.03125,67.96875,7.851,0.09966865249116202,451.0,178.90625,62.5,6.629,-0.7853981633974483,435.0,172.65625,59.375,7.967,-1.7681918866447774,483.0,167.96875,66.40625,6.298,-3.017237659043032
488,141.40625,67.96875,1.6641175757236621,-0.101,0.16,7.248,450,146.09375,62.5,7.202,-0.8621700546672264,482,134.375,66.40625,7.202,-2.922923707715851,441.0,139.0625,60.9375,7.411,-1.892546881191539,534.0,144.53125,74.21875,6.987,1.1071487177940904,527.0,137.5,73.4375,6.72,2.191045812777718,497.0,149.21875,69.53125,7.967,0.19739555984988075
489,182.03125,67.96875,1.6516991883919876,0.529,0.059,7.517,536,184.375,75.0,7.411,1.2490457723982544,494,189.0625,68.75,7.074,0.11065722117389565,446.0,185.15625,61.71875,6.987,-1.1071487177940904,535.0,177.34375,74.21875,7.812,2.214297435588181,487.0,174.21875,67.1875,7.851,-3.0419240010986313,484.0,189.84375,66.40625,7.967,-0.19739555984988075
490,227.34375,67.96875,1.6970865860920703,2.356,-0.202,7.272,452,222.65625,62.5,7.202,-2.279422598922567,486,234.375,66.40625,7.202,-0.21866894587394195,498.0,220.3125,69.53125,7.202,2.922923707715851,528.0,232.03125,73.4375,7.202,0.8621700546672264,442.0,229.6875,60.9375,7.411,-1.2490457723982544,537.0,225.0,75.0,7.411,1.892546881191539
491,253.125,67.96875,1.6747835744398878,-2.924,-0.357,7.252,525,258.59375,72.65625,7.202,0.7086262721276703,507,246.09375,70.3125,7.411,2.819842099193151,538.0,250.78125,75.0,7.411,1.892546881191539,443.0,253.90625,60.9375,7.074,-1.460139105621001,469.0,260.15625,64.84375,7.694,-0.4182243295792291,461.0,247.65625,64.0625,6.72,-2.5213431676069717
492,279.6875,67.96875,1.645187769444914,0.482,0.455,7.376,540,280.46875,75.0,7.074,1.460139105621001,444,279.6875,60.9375,7.031,-1.5707963267948966,512.0,286.71875,71.09375,7.694,0.4182243295792291,470.0,272.65625,64.84375,7.694,-2.723368324010564,521.0,274.21875,71.875,6.72,2.5213431676069717,462.0,286.71875,64.0625,8.043,-0.507098504392337
493,292.96875,67.96875,1.6691517645166822,-1.571,-0.524,7.129,462,286.71875,64.0625,7.37,-2.5829933382462307,463,299.21875,64.0625,7.37,-0.5585993153435624,445.0,292.96875,60.9375,7.031,-1.5707963267948966,541.0,292.96875,75.0,7.031,1.5707963267948966,512.0,286.71875,71.09375,6.987,2.677945044588987,513.0,299.21875,71.09375,6.987,0.4636476090008061
494,189.0625,68.75,1.3426953808831976,2.251,0.174,7.505,489,182.03125,67.96875,7.074,-3.0309354324158977,536,184.375,75.0,7.812,2.214297435588181,446.0,185.15625,61.71875,8.043,-2.0778948311872334,506.0,195.3125,70.3125,6.442,0.24497866312686414,544.0,191.40625,76.5625,8.156,1.2793395323170296,,,,,
495,201.5625,68.75,1.6257459359179205,-0.959,-0.266,7.224,457,196.875,63.28125,7.202,-2.279422598922567,447,203.90625,61.71875,7.411,-1.2490457723982544,485.0,208.59375,66.40625,7.411,-0.3217505543966422,524.0,207.03125,72.65625,6.72,0.6202494859828215,506.0,195.3125,70.3125,6.442,2.896613990462929,545.0,199.21875,76.5625,8.156,1.8622531212727638
496,266.40625,68.75,1.6077204084519292,-0.551,-0.508,7.325,469,260.15625,64.84375,7.37,-2.5829933382462307,470,272.65625,64.84375,7.37,-0.5585993153435624,448.0,266.40625,61.71875,7.031,-1.5707963267948966,539.0,267.96875,75.0,6.442,1.3258176636680326,521.0,274.21875,71.875,8.414,0.3805063771123649,,,,,
497,149.21875,69.53125,1.6370449193841181,-2.35,0.155,7.126,505,156.25,70.3125,7.074,0.11065722117389565,450,146.09375,62.5,7.694,-1.9890206563741257,459.0,153.125,64.0625,6.72,-0.9505468408120752,543.0,151.5625,75.78125,6.675,1.2120256565243244,534.0,144.53125,74.21875,6.629,2.356194490192345,488.0,141.40625,67.96875,7.967,-2.9441970937399127
498,220.3125,69.53125,1.688069044426085,2.356,-0.202,7.272,460,215.625,64.0625,7.202,-2.279422598922567,490,227.34375,67.96875,7.202,-0.21866894587394195,511.0,213.28125,71.09375,7.202,2.922923707715851,537.0,225.0,75.0,7.202,0.8621700546672264,452.0,222.65625,62.5,7.411,-1.2490457723982544,546.0,217.96875,76.5625,7.411,1.892546881191539
499,0.0,70.3125,1.6553913223430405,0.0,-0.262,6.875,453,0.0,63.28125,7.031,-1.5707963267948966,547,0.0,77.34375,7.031,1.5707963267948966,475.0,5.46875,66.40625,6.72,-0.6202494859828215,529.0,5.46875,74.21875,6.72,0.6202494859828215,,,,,,,,,,
500,11.71875,70.3125,1.7157125238920674,0.311,-0.524,7.257,475,5.46875,66.40625,7.37,-2.5829933382462307,476,17.96875,66.40625,7.37,-0.5585993153435624,529.0,5.46875,74.21875,7.37,2.5829933382462307,530.0,17.96875,74.21875,7.37,0.5585993153435624,454.0,11.71875,63.28125,7.031,-1.5707963267948966,548.0,11.71875,77.34375,7.031,1.5707963267948966
501,23.4375,70.3125,1.662361508459249,0.0,-0.524,7.04,477,29.6875,66.40625,7.37,-0.5585993153435624,531,29.6875,74.21875,7.37,0.5585993153435624,549.0,23.4375,77.34375,7.031,1.5707963267948966,455.0,23.4375,63.28125,7.031,-1.5707963267948966,530.0,17.96875,74.21875,6.72,2.5213431676069717,476.0,17.96875,66.40625,6.72,-2.5213431676069717
502,35.9375,70.3125,1.696428957868919,-1.06,0.507,7.323,477,29.6875,66.40625,7.37,-2.5829933382462307,478,42.1875,66.40625,7.37,-0.5585993153435624,531.0,29.6875,74.21875,7.37,2.5829933382462307,550.0,35.9375,77.34375,7.031,1.5707963267948966,526.0,42.1875,73.4375,6.987,0.4636476090008061,449.0,35.9375,62.5,7.812,-1.5707963267948966
503,47.65625,70.3125,1.6684132239981173,-0.566,-0.489,6.977,479,53.90625,66.40625,7.37,-0.5585993153435624,532,53.90625,74.21875,7.37,0.5585993153435624,456.0,48.4375,63.28125,7.074,-1.460139105621001,551.0,47.65625,77.34375,7.031,1.5707963267948966,478.0,42.1875,66.40625,6.72,-2.5213431676069717,526.0,42.1875,73.4375,6.298,2.62244653934327
504,60.15625,70.3125,1.6773172340790523,-2.145,0.518,7.307,532,53.90625,74.21875,7.37,2.5829933382462307,479,53.90625,66.40625,7.37,-2.5829933382462307,533.0,66.40625,74.21875,7.37,0.5585993153435624,552.0,60.15625,77.34375,7.031,1.5707963267948966,458.0,60.15625,64.0625,6.25,-1.5707963267948966,471.0,67.1875,65.625,8.45,-0.5880026035475675
505,156.25,70.3125,1.6848325890844529,2.317,0.161,7.18,467,160.9375,64.84375,7.202,-0.8621700546672264,519,163.28125,71.875,7.202,0.21866894587394195,543.0,151.5625,75.78125,7.202,2.279422598922567,556.0,158.59375,77.34375,7.411,1.2490457723982544,497.0,149.21875,69.53125,7.074,-3.0309354324158977,459.0,153.125,64.0625,6.987,-2.0344439357957027
506,195.3125,70.3125,1.6962652968069278,-2.616,-0.16,6.924,457,196.875,63.28125,7.202,-1.3521273809209546,544,191.40625,76.5625,7.37,2.129395642138459,545.0,199.21875,76.5625,7.37,1.0121970114513341,484.0,189.84375,66.40625,6.72,-2.5213431676069717,495.0,201.5625,68.75,6.442,-0.24497866312686414,494.0,189.0625,68.75,6.442,-2.896613990462929
507,246.09375,70.3125,1.6919457796118522,-1.825,-0.245,7.05,468,241.40625,64.84375,7.202,-2.279422598922567,520,239.0625,71.875,7.202,2.922923707715851,491.0,253.125,67.96875,7.411,-0.3217505543966422,557.0,243.75,77.34375,7.411,1.892546881191539,538.0,250.78125,75.0,6.629,0.7853981633974483,461.0,247.65625,64.0625,6.442,-1.3258176636680326
508,71.875,71.09375,1.6869798436874905,2.445,0.517,6.636,471,67.1875,65.625,7.202,-2.279422598922567,464,75.0,64.84375,6.987,-1.1071487177940904,522.0,78.125,72.65625,6.442,0.24497866312686414,533.0,66.40625,74.21875,6.298,2.62244653934327,553.0,71.875,77.34375,6.25,1.5707963267948966,,,,,
509,85.9375,71.09375,1.6870308093614577,0.71,-0.108,7.23,465,89.84375,64.84375,7.37,-1.0121970114513341,558,83.59375,78.125,7.411,1.892546881191539,472.0,82.03125,65.625,6.72,-2.191045812777718,510.0,93.75,71.09375,7.812,0.0,522.0,78.125,72.65625,7.967,2.9441970937399127,542.0,89.84375,75.78125,6.101,0.8760580505981934
510,93.75,71.09375,1.6726577189566192,2.87,0.057,7.058,465,89.84375,64.84375,7.37,-2.129395642138459,514,100.78125,71.875,7.074,0.11065722117389565,559.0,96.875,78.125,7.694,1.1525719972156676,509.0,85.9375,71.09375,7.812,3.141592653589793,473.0,96.875,65.625,6.298,-1.0516502125483738,542.0,89.84375,75.78125,6.101,2.2655346029916
511,213.28125,71.09375,1.6402651474919299,1.134,-0.237,7.015,498,220.3125,69.53125,7.202,-0.21866894587394195,546,217.96875,76.5625,7.202,0.8621700546672264,563.0,211.71875,78.125,7.202,1.7894652726688385,460.0,215.625,64.0625,7.411,-1.2490457723982544,485.0,208.59375,66.40625,6.629,-2.356194490192345,524.0,207.03125,72.65625,6.442,2.896613990462929
512,286.71875,71.09375,1.6464654651487942,1.664,0.516,7.247,540,280.46875,75.0,7.37,2.5829933382462307,541,292.96875,75.0,7.37,0.5585993153435624,565.0,286.71875,78.125,7.031,1.5707963267948966,462.0,286.71875,64.0625,7.031,-1.5707963267948966,493.0,292.96875,67.96875,6.987,-0.4636476090008061,492.0,279.6875,67.96875,7.694,-2.723368324010564
513,299.21875,71.09375,1.6060971190218907,3.094,-0.298,7.105,541,292.96875,75.0,7.37,2.5829933382462307,463,299.21875,64.0625,7.031,-1.5707963267948966,566.0,299.21875,78.125,7.031,1.5707963267948966,493.0,292.96875,67.96875,6.987,-2.677945044588987,,,,,,,,,,
514,100.78125,71.875,1.632151307644848,-2.252,0.008,7.022,473,96.875,65.625,7.37,-2.129395642138459,559,96.875,78.125,7.37,2.129395642138459,510.0,93.75,71.09375,7.074,-3.0309354324158977,515.0,107.8125,71.875,7.031,0.0,474.0,103.90625,65.625,6.987,-1.1071487177940904,554.0,103.90625,77.34375,6.298,1.0516502125483738
515,107.8125,71.875,1.7058256040046205,2.602,0.026,6.862,474,103.90625,65.625,7.37,-2.129395642138459,514,100.78125,71.875,7.031,3.141592653589793,516.0,114.84375,71.875,7.031,0.0,480.0,111.71875,66.40625,6.72,-0.9505468408120752,554.0,103.90625,77.34375,6.72,2.191045812777718,555.0,110.9375,77.34375,6.298,1.0516502125483738
516,114.84375,71.875,1.6488703608970676,-0.539,0.026,6.992,560,118.75,78.125,7.37,1.0121970114513341,515,107.8125,71.875,7.031,3.141592653589793,555.0,110.9375,77.34375,6.72,2.191045812777718,481.0,118.75,66.40625,6.72,-0.9505468408120752,517.0,122.65625,71.875,7.812,0.0,480.0,111.71875,66.40625,6.298,-2.0899424410414196
517,122.65625,71.875,1.688708978042901,2.417,0.011,7.395,560,118.75,78.125,7.37,2.129395642138459,518,129.6875,71.875,7.031,0.0,561.0,125.78125,78.125,6.987,1.1071487177940904,481.0,118.75,66.40625,6.72,-2.191045812777718,516.0,114.84375,71.875,7.812,3.141592653589793,466.0,127.34375,64.84375,8.45,-0.982793723247329
518,129.6875,71.875,1.665441375334027,0.917,0.122,7.446,482,134.375,66.40625,7.202,-0.8621700546672264,561,125.78125,78.125,7.37,2.129395642138459,466.0,127.34375,64.84375,7.411,-1.892546881191539,517.0,122.65625,71.875,7.031,3.141592653589793,567.0,132.8125,78.90625,7.694,1.1525719972156676,527.0,137.5,73.4375,7.967,0.19739555984988075
519,163.28125,71.875,1.7013849227518192,-1.155,0.177,7.128,483,167.96875,66.40625,7.202,-0.8621700546672264,505,156.25,70.3125,7.202,-2.922923707715851,556.0,158.59375,77.34375,7.202,2.279422598922567,467.0,160.9375,64.84375,7.411,-1.892546881191539,523.0,170.3125,72.65625,7.074,0.11065722117389565,562.0,165.625,78.125,6.675,1.2120256565243244
520,239.0625,71.875,1.6907295313688997,2.356,-0.202,7.272,486,234.375,66.40625,7.202,-2.279422598922567,507,246.09375,70.3125,7.202,-0.21866894587394195,528.0,232.03125,73.4375,7.202,2.922923707715851,557.0,243.75,77.34375,7.202,0.8621700546672264,468.0,241.40625,64.84375,7.411,-1.2490457723982544,569.0,236.71875,78.90625,7.411,1.892546881191539
521,274.21875,71.875,1.5963378846457885,-3.039,0.447,7.224,470,272.65625,64.84375,7.202,-1.7894652726688385,570,274.21875,78.90625,7.031,1.5707963267948966,540.0,280.46875,75.0,6.987,0.4636476090008061,539.0,267.96875,75.0,6.987,2.677945044588987,492.0,279.6875,67.96875,6.72,-0.6202494859828215,496.0,266.40625,68.75,8.414,-2.761086276477428
522,78.125,72.65625,1.530556671480205,-1.537,0.045,7.735,558,83.59375,78.125,7.733,0.7853981633974483,553,71.875,77.34375,7.812,2.498091544796509,509.0,85.9375,71.09375,7.967,-0.19739555984988075,472.0,82.03125,65.625,8.043,-1.0636978224025597,508.0,71.875,71.09375,6.442,-2.896613990462929,464.0,75.0,64.84375,8.414,-1.9513027039072615
523,170.3125,72.65625,1.6850662213104166,2.656,0.163,7.047,535,177.34375,74.21875,7.202,0.21866894587394195,562,165.625,78.125,7.202,2.279422598922567,572.0,172.65625,79.6875,7.411,1.2490457723982544,519.0,163.28125,71.875,7.074,-3.0309354324158977,487.0,174.21875,67.1875,6.72,-0.9505468408120752,483.0,167.96875,66.40625,6.675,-1.9295669970654687
524,207.03125,72.65625,1.6175481872900839,-0.14,-0.307,6.696,563,211.71875,78.125,7.202,0.8621700546672264,495,201.5625,68.75,6.72,-2.5213431676069717,568.0,204.6875,78.90625,6.675,1.9295669970654687,485.0,208.59375,66.40625,6.442,-1.3258176636680326,511.0,213.28125,71.09375,6.442,-0.24497866312686414,,,,,
525,258.59375,72.65625,1.62728713337465,2.806,-0.314,7.64,491,253.125,67.96875,7.202,-2.432966381462123,564,262.5,78.125,6.72,0.9505468408120752,469.0,260.15625,64.84375,7.967,-1.373400766945016,538.0,250.78125,75.0,8.156,2.8501358591119264,575.0,256.25,80.46875,8.156,1.8622531212727638,,,,,
526,42.1875,73.4375,1.636730362089898,1.916,-0.524,7.036,550,35.9375,77.34375,7.37,2.5829933382462307,478,42.1875,66.40625,7.031,-1.5707963267948966,502.0,35.9375,70.3125,6.987,-2.677945044588987,551.0,47.65625,77.34375,6.72,0.6202494859828215,579.0,42.1875,81.25,7.812,1.5707963267948966,503.0,47.65625,70.3125,6.298,-0.5191461142465229
527,137.5,73.4375,1.6453022816753207,-2.329,0.143,7.222,567,132.8125,78.90625,7.202,2.279422598922567,534,144.53125,74.21875,7.074,0.11065722117389565,482.0,134.375,66.40625,7.694,-1.9890206563741257,488.0,141.40625,67.96875,6.72,-0.9505468408120752,571.0,139.84375,79.6875,6.675,1.2120256565243244,518.0,129.6875,71.875,7.967,-2.9441970937399127
528,232.03125,73.4375,1.6857870775513184,2.356,-0.202,7.272,490,227.34375,67.96875,7.202,-2.279422598922567,520,239.0625,71.875,7.202,-0.21866894587394195,537.0,225.0,75.0,7.202,2.922923707715851,569.0,236.71875,78.90625,7.202,0.8621700546672264,486.0,234.375,66.40625,7.411,-1.2490457723982544,574.0,229.6875,80.46875,7.411,1.892546881191539
529,5.46875,74.21875,1.6942786846377433,-1.226,-0.524,7.036,500,11.71875,70.3125,7.37,-0.5585993153435624,576,5.46875,81.25,7.031,1.5707963267948966,548.0,11.71875,77.34375,6.987,0.4636476090008061,499.0,0.0,70.3125,6.72,-2.5213431676069717,475.0,5.46875,66.40625,7.812,-1.5707963267948966,547.0,0.0,77.34375,6.298,2.62244653934327
530,17.96875,74.21875,1.6873334006941165,-1.917,0.523,7.036,500,11.71875,70.3125,7.37,-2.5829933382462307,577,17.96875,81.25,7.031,1.5707963267948966,548.0,11.71875,77.34375,6.987,2.677945044588987,501.0,23.4375,70.3125,6.72,-0.6202494859828215,476.0,17.96875,66.40625,7.812,-1.5707963267948966,549.0,23.4375,77.34375,6.298,0.5191461142465229
531,29.6875,74.21875,1.669196119072719,-1.571,-0.524,7.259,501,23.4375,70.3125,7.37,-2.5829933382462307,502,35.9375,70.3125,7.37,-0.5585993153435624,578.0,29.6875,81.25,7.031,1.5707963267948966,549.0,23.4375,77.34375,6.987,2.677945044588987,550.0,35.9375,77.34375,6.987,0.4636476090008061,477.0,29.6875,66.40625,7.812,-1.5707963267948966
532,53.90625,74.21875,1.6961537602981436,-1.571,-0.524,7.259,503,47.65625,70.3125,7.37,-2.5829933382462307,504,60.15625,70.3125,7.37,-0.5585993153435624,580.0,53.90625,81.25,7.031,1.5707963267948966,551.0,47.65625,77.34375,6.987,2.677945044588987,552.0,60.15625,77.34375,6.987,0.4636476090008061,479.0,53.90625,66.40625,7.812,-1.5707963267948966
533,66.40625,74.21875,1.6402300460648243,-1.867,-0.475,7.109,504,60.15625,70.3125,7.37,-2.5829933382462307,581,65.625,81.25,7.074,1.6814535479687922,552.0,60.15625,77.34375,6.987,2.677945044588987,508.0,71.875,71.09375,6.298,-0.5191461142465229,553.0,71.875,77.34375,6.298,0.5191461142465229,471.0,67.1875,65.625,8.629,-1.4801364395941514
534,144.53125,74.21875,1.6911309971154556,1.584,0.156,7.131,543,151.5625,75.78125,7.202,0.21866894587394195,571,139.84375,79.6875,7.202,2.279422598922567,527.0,137.5,73.4375,7.074,-3.0309354324158977,488.0,141.40625,67.96875,6.987,-2.0344439357957027,583.0,147.65625,81.25,7.694,1.1525719972156676,497.0,149.21875,69.53125,6.629,-0.7853981633974483
535,177.34375,74.21875,1.697893253107251,-2.186,0.15,7.276,523,170.3125,72.65625,7.202,-2.922923707715851,572,172.65625,79.6875,7.202,2.279422598922567,536.0,184.375,75.0,7.074,0.11065722117389565,487.0,174.21875,67.1875,7.694,-1.9890206563741257,489.0,182.03125,67.96875,7.812,-0.9272952180016122,573.0,179.6875,80.46875,6.675,1.2120256565243244
536,184.375,75.0,1.6836891900871733,2.376,0.173,7.352,544,191.40625,76.5625,7.202,0.21866894587394195,573,179.6875,80.46875,7.202,2.279422598922567,585.0,186.71875,82.03125,7.411,1.2490457723982544,489.0,182.03125,67.96875,7.411,-1.892546881191539,535.0,177.34375,74.21875,7.074,-3.0309354324158977,494.0,189.0625,68.75,7.812,-0.9272952180016122
537,225.0,75.0,1.6710321112751774,2.356,-0.202,7.272,498,220.3125,69.53125,7.202,-2.279422598922567,528,232.03125,73.4375,7.202,-0.21866894587394195,546.0,217.96875,76.5625,7.202,2.922923707715851,574.0,229.6875,80.46875,7.202,0.8621700546672264,490.0,227.34375,67.96875,7.411,-1.2490457723982544,586.0,222.65625,82.03125,7.411,1.892546881191539
538,250.78125,75.0,1.6198917640419903,0.479,-0.275,7.424,587,249.21875,82.03125,7.202,1.7894652726688385,491,253.125,67.96875,7.411,-1.2490457723982544,557.0,243.75,77.34375,7.411,2.819842099193151,575.0,256.25,80.46875,7.733,0.7853981633974483,507.0,246.09375,70.3125,6.629,-2.356194490192345,525.0,258.59375,72.65625,8.156,-0.2914567944778671
539,267.96875,75.0,1.5509515409584909,0.766,-0.44,6.826,570,274.21875,78.90625,7.37,0.5585993153435624,588,267.96875,82.03125,7.031,1.5707963267948966,521.0,274.21875,71.875,6.987,-0.4636476090008061,496.0,266.40625,68.75,6.442,-1.8157749899217608,564.0,262.5,78.125,6.298,2.62244653934327,,,,,
540,280.46875,75.0,1.678022552158159,3.086,0.473,7.136,512,286.71875,71.09375,7.37,-0.5585993153435624,570,274.21875,78.90625,7.37,2.5829933382462307,492.0,279.6875,67.96875,7.074,-1.6814535479687922,589.0,280.46875,82.03125,7.031,1.5707963267948966,565.0,286.71875,78.125,6.987,0.4636476090008061,521.0,274.21875,71.875,6.987,-2.677945044588987
541,292.96875,75.0,1.6458173484859409,-1.571,-0.524,7.129,512,286.71875,71.09375,7.37,-2.5829933382462307,513,299.21875,71.09375,7.37,-0.5585993153435624,493.0,292.96875,67.96875,7.031,-1.5707963267948966,590.0,292.96875,82.03125,7.031,1.5707963267948966,565.0,286.71875,78.125,6.987,2.677945044588987,566.0,299.21875,78.125,6.987,0.4636476090008061
542,89.84375,75.78125,1.580680896746071,1.476,-0.442,6.508,559,96.875,78.125,7.411,0.3217505543966422,558,83.59375,78.125,6.675,2.782821983319221,584.0,89.84375,82.03125,6.25,1.5707963267948966,510.0,93.75,71.09375,6.101,-0.8760580505981934,509.0,85.9375,71.09375,6.101,-2.2655346029916,,,,,
543,151.5625,75.78125,1.6995429298173501,0.251,0.165,7.116,505,156.25,70.3125,7.202,-0.8621700546672264,534,144.53125,74.21875,7.202,-2.922923707715851,556.0,158.59375,77.34375,7.202,0.21866894587394195,593.0,154.6875,82.8125,7.694,1.1525719972156676,583.0,147.65625,81.25,6.72,2.191045812777718,497.0,149.21875,69.53125,6.675,-1.9295669970654687
544,191.40625,76.5625,1.6651886344690694,-1.672,0.141,7.403,536,184.375,75.0,7.202,-2.922923707715851,585,186.71875,82.03125,7.202,2.279422598922567,506.0,195.3125,70.3125,7.37,-1.0121970114513341,545.0,199.21875,76.5625,7.812,0.0,594.0,193.75,82.8125,6.675,1.2120256565243244,494.0,189.0625,68.75,8.156,-1.8622531212727638
545,199.21875,76.5625,1.5718210774874244,2.753,0.124,7.593,506,195.3125,70.3125,7.37,-2.129395642138459,544,191.40625,76.5625,7.812,3.141592653589793,600.0,200.78125,84.375,7.967,1.373400766945016,495.0,201.5625,68.75,8.156,-1.2793395323170296,594.0,193.75,82.8125,8.304,2.289626326416521,568.0,204.6875,78.90625,5.949,0.40489178628508343
546,217.96875,76.5625,1.6387786308556085,1.338,-0.207,7.145,511,213.28125,71.09375,7.202,-2.279422598922567,537,225.0,75.0,7.202,-0.21866894587394195,586.0,222.65625,82.03125,7.202,0.8621700546672264,498.0,220.3125,69.53125,7.411,-1.2490457723982544,596.0,215.625,83.59375,7.411,1.892546881191539,563.0,211.71875,78.125,6.442,2.896613990462929
547,0.0,77.34375,1.6131747171318362,0.05,0.298,6.965,499,0.0,70.3125,7.031,-1.5707963267948966,576,5.46875,81.25,6.72,0.6202494859828215,601.0,0.0,85.15625,7.812,1.5707963267948966,529.0,5.46875,74.21875,6.298,-0.5191461142465229,,,,,,,,,,
548,11.71875,77.34375,1.6731907519205427,1.57,-0.524,7.259,576,5.46875,81.25,7.37,2.5829933382462307,577,17.96875,81.25,7.37,0.5585993153435624,500.0,11.71875,70.3125,7.031,-1.5707963267948966,529.0,5.46875,74.21875,6.987,-2.677945044588987,530.0,17.96875,74.21875,6.987,-0.4636476090008061,602.0,11.71875,85.15625,7.812,1.5707963267948966
549,23.4375,77.34375,1.6340386901050066,1.225,0.523,7.036,578,29.6875,81.25,7.37,0.5585993153435624,501,23.4375,70.3125,7.031,-1.5707963267948966,531.0,29.6875,74.21875,6.987,-0.4636476090008061,577.0,17.96875,81.25,6.72,2.5213431676069717,603.0,23.4375,85.15625,7.812,1.5707963267948966,530.0,17.96875,74.21875,6.298,-2.62244653934327
550,35.9375,77.34375,1.7034546216820763,2.081,0.507,7.323,526,42.1875,73.4375,7.37,-0.5585993153435624,578,29.6875,81.25,7.37,2.5829933382462307,579.0,42.1875,81.25,7.37,0.5585993153435624,502.0,35.9375,70.3125,7.031,-1.5707963267948966,531.0,29.6875,74.21875,6.987,-2.677945044588987,604.0,35.9375,85.15625,7.812,1.5707963267948966
551,47.65625,77.34375,1.689603601420228,0.624,-0.507,7.107,580,53.90625,81.25,7.37,0.5585993153435624,503,47.65625,70.3125,7.031,-1.5707963267948966,532.0,53.90625,74.21875,6.987,-0.4636476090008061,526.0,42.1875,73.4375,6.72,-2.5213431676069717,579.0,42.1875,81.25,6.72,2.5213431676069717,605.0,47.65625,85.15625,7.812,1.5707963267948966
552,60.15625,77.34375,1.6634766490083643,2.134,-0.497,7.158,580,53.90625,81.25,7.37,2.5829933382462307,504,60.15625,70.3125,7.031,-1.5707963267948966,532.0,53.90625,74.21875,6.987,-2.677945044588987,533.0,66.40625,74.21875,6.987,-0.4636476090008061,581.0,65.625,81.25,6.72,0.6202494859828215,606.0,59.375,85.15625,7.851,1.6704649792860586
553,71.875,77.34375,1.6313033240344816,-2.655,0.503,7.152,581,65.625,81.25,7.37,2.5829933382462307,582,78.125,81.25,7.37,0.5585993153435624,607.0,71.875,85.15625,7.812,1.5707963267948966,522.0,78.125,72.65625,7.812,-0.6435011087932844,533.0,66.40625,74.21875,6.298,-2.62244653934327,508.0,71.875,71.09375,6.25,-1.5707963267948966
554,103.90625,77.34375,1.6278469949925136,0.881,-0.019,6.853,559,96.875,78.125,7.074,3.0309354324158977,555,110.9375,77.34375,7.031,0.0,515.0,107.8125,71.875,6.72,-0.9505468408120752,598.0,107.8125,84.375,8.043,1.0636978224025597,514.0,100.78125,71.875,6.298,-2.0899424410414196,591.0,101.5625,82.8125,5.949,1.97568811307998
555,110.9375,77.34375,1.6063878771486837,0.516,-0.001,7.052,554,103.90625,77.34375,7.031,3.141592653589793,598,107.8125,84.375,7.694,1.9890206563741257,592.0,114.84375,82.8125,6.72,0.9505468408120752,516.0,114.84375,71.875,6.72,-0.9505468408120752,560.0,118.75,78.125,7.851,0.09966865249116202,515.0,107.8125,71.875,6.298,-2.0899424410414196
556,158.59375,77.34375,1.6955433132762823,-0.486,0.163,7.047,519,163.28125,71.875,7.202,-0.8621700546672264,543,151.5625,75.78125,7.202,-2.922923707715851,505.0,156.25,70.3125,7.411,-1.892546881191539,562.0,165.625,78.125,7.074,0.11065722117389565,593.0,154.6875,82.8125,6.72,2.191045812777718,595.0,160.9375,83.59375,6.675,1.2120256565243244
557,243.75,77.34375,1.6309531565921533,-0.878,-0.258,7.145,520,239.0625,71.875,7.202,-2.279422598922567,569,236.71875,78.90625,7.202,2.922923707715851,587.0,249.21875,82.03125,7.202,0.7086262721276703,507.0,246.09375,70.3125,7.411,-1.2490457723982544,538.0,250.78125,75.0,7.411,-0.3217505543966422,597.0,242.1875,83.59375,6.442,1.8157749899217608
558,83.59375,78.125,1.6990063205275725,0.036,-0.398,7.086,584,89.84375,82.03125,7.37,0.5585993153435624,509,85.9375,71.09375,7.411,-1.2490457723982544,608.0,83.59375,85.15625,7.031,1.5707963267948966,522.0,78.125,72.65625,7.733,-2.356194490192345,542.0,89.84375,75.78125,6.675,-0.35877067027057225,582.0,78.125,81.25,6.298,2.62244653934327
559,96.875,78.125,1.6377592158719358,-0.635,-0.069,7.357,514,100.78125,71.875,7.37,-1.0121970114513341,542,89.84375,75.78125,7.411,-2.819842099193151,554.0,103.90625,77.34375,7.074,-0.11065722117389565,510.0,93.75,71.09375,7.694,-1.9890206563741257,591.0,101.5625,82.8125,6.629,0.7853981633974483,616.0,95.3125,85.9375,7.967,1.7681918866447774
560,118.75,78.125,1.6762322752415544,-2.901,0.078,7.189,516,114.84375,71.875,7.37,-2.129395642138459,517,122.65625,71.875,7.37,-1.0121970114513341,609.0,121.09375,85.15625,7.411,1.2490457723982544,561.0,125.78125,78.125,7.031,0.0,555.0,110.9375,77.34375,7.851,-3.0419240010986313,592.0,114.84375,82.8125,6.101,2.2655346029916
561,125.78125,78.125,1.677717686547703,0.746,0.039,7.38,518,129.6875,71.875,7.37,-1.0121970114513341,599,129.6875,84.375,7.37,1.0121970114513341,567.0,132.8125,78.90625,7.074,0.11065722117389565,560.0,118.75,78.125,7.031,3.141592653589793,517.0,122.65625,71.875,6.987,-2.0344439357957027,609.0,121.09375,85.15625,8.45,2.158798930342464
562,165.625,78.125,1.6777907986379599,1.152,0.161,7.175,523,170.3125,72.65625,7.202,-0.8621700546672264,572,172.65625,79.6875,7.202,0.21866894587394195,595.0,160.9375,83.59375,7.202,2.279422598922567,556.0,158.59375,77.34375,7.074,-3.0309354324158977,611.0,168.75,85.15625,7.694,1.1525719972156676,519.0,163.28125,71.875,6.675,-1.9295669970654687
563,211.71875,78.125,1.6870244786860906,-2.682,-0.173,7.056,511,213.28125,71.09375,7.202,-1.3521273809209546,524,207.03125,72.65625,7.202,-2.279422598922567,568.0,204.6875,78.90625,7.074,3.0309354324158977,612.0,208.59375,85.15625,7.694,1.9890206563741257,596.0,215.625,83.59375,6.72,0.9505468408120752,546.0,217.96875,76.5625,6.442,-0.24497866312686414
564,262.5,78.125,1.6233934431609585,1.658,-0.425,6.723,613,260.9375,85.15625,7.202,1.7894652726688385,525,258.59375,72.65625,6.72,-2.191045812777718,588.0,267.96875,82.03125,6.72,0.6202494859828215,575.0,256.25,80.46875,6.675,2.782821983319221,539.0,267.96875,75.0,6.298,-0.5191461142465229,,,,,
565,286.71875,78.125,1.6302659193246225,1.57,-0.524,7.129,589,280.46875,82.03125,7.37,2.5829933382462307,590,292.96875,82.03125,7.37,0.5585993153435624,614.0,286.71875,85.15625,7.031,1.5707963267948966,512.0,286.71875,71.09375,7.031,-1.5707963267948966,541.0,292.96875,75.0,6.987,-0.4636476090008061,540.0,280.46875,75.0,6.987,-2.677945044588987
566,299.21875,78.125,1.6015550285533378,3.094,-0.298,7.105,590,292.96875,82.03125,7.37,2.5829933382462307,513,299.21875,71.09375,7.031,-1.5707963267948966,615.0,299.21875,85.15625,7.031,1.5707963267948966,541.0,292.96875,75.0,6.987,-2.677945044588987,,,,,,,,,,
567,132.8125,78.90625,1.6559695617432726,0.429,0.094,7.055,527,137.5,73.4375,7.202,-0.8621700546672264,561,125.78125,78.125,7.074,-3.0309354324158977,571.0,139.84375,79.6875,7.074,0.11065722117389565,610.0,135.9375,85.15625,6.987,1.1071487177940904,518.0,129.6875,71.875,7.694,-1.9890206563741257,599.0,129.6875,84.375,6.298,2.0899424410414196
568,204.6875,78.90625,1.574734078407131,0.533,-0.038,6.758,612,208.59375,85.15625,7.37,1.0121970114513341,563,211.71875,78.125,7.074,-0.11065722117389565,600.0,200.78125,84.375,6.72,2.191045812777718,524.0,207.03125,72.65625,6.675,-1.2120256565243244,545.0,199.21875,76.5625,5.949,-2.7367008673047097,,,,,
569,236.71875,78.90625,1.652736277969219,-0.786,-0.227,7.272,528,232.03125,73.4375,7.202,-2.279422598922567,557,243.75,77.34375,7.202,-0.21866894587394195,574.0,229.6875,80.46875,7.202,2.922923707715851,597.0,242.1875,83.59375,7.202,0.7086262721276703,520.0,239.0625,71.875,7.411,-1.2490457723982544,618.0,234.375,85.9375,7.411,1.892546881191539
570,274.21875,78.90625,1.6571940364697935,-1.571,-0.524,7.129,539,267.96875,75.0,7.37,-2.5829933382462307,540,280.46875,75.0,7.37,-0.5585993153435624,521.0,274.21875,71.875,7.031,-1.5707963267948966,619.0,274.21875,85.9375,7.031,1.5707963267948966,588.0,267.96875,82.03125,6.987,2.677945044588987,589.0,280.46875,82.03125,6.987,0.4636476090008061
571,139.84375,79.6875,1.6514689755691374,0.216,0.122,7.168,534,144.53125,74.21875,7.202,-0.8621700546672264,617,143.75,85.9375,7.37,1.0121970114513341,567.0,132.8125,78.90625,7.074,-3.0309354324158977,610.0,135.9375,85.15625,6.72,2.191045812777718,527.0,137.5,73.4375,6.675,-1.9295669970654687,583.0,147.65625,81.25,7.967,0.19739555984988075
572,172.65625,79.6875,1.691216143183892,-0.538,0.169,7.17,535,177.34375,74.21875,7.202,-0.8621700546672264,562,165.625,78.125,7.202,-2.922923707715851,523.0,170.3125,72.65625,7.411,-1.892546881191539,620.0,175.0,86.71875,7.411,1.2490457723982544,573.0,179.6875,80.46875,7.074,0.11065722117389565,611.0,168.75,85.15625,6.72,2.191045812777718
573,179.6875,80.46875,1.6435499116510415,1.582,0.166,7.229,536,184.375,75.0,7.202,-0.8621700546672264,585,186.71875,82.03125,7.202,0.21866894587394195,621.0,182.03125,87.5,7.411,1.2490457723982544,572.0,172.65625,79.6875,7.074,-3.0309354324158977,620.0,175.0,86.71875,7.812,2.214297435588181,535.0,177.34375,74.21875,6.675,-1.9295669970654687
574,229.6875,80.46875,1.636761311661514,0.27,-0.219,7.237,537,225.0,75.0,7.202,-2.279422598922567,569,236.71875,78.90625,7.202,-0.21866894587394195,586.0,222.65625,82.03125,7.202,2.922923707715851,618.0,234.375,85.9375,7.202,0.8621700546672264,622.0,228.125,87.5,7.202,1.7894652726688385,528.0,232.03125,73.4375,7.411,-1.2490457723982544
575,256.25,80.46875,1.6091719468192958,-2.018,-0.255,7.301,587,249.21875,82.03125,7.202,2.922923707715851,623,253.90625,87.5,7.411,1.892546881191539,538.0,250.78125,75.0,7.733,-2.356194490192345,564.0,262.5,78.125,6.675,-0.35877067027057225,613.0,260.9375,85.15625,6.629,0.7853981633974483,525.0,258.59375,72.65625,8.156,-1.2793395323170296
576,5.46875,81.25,1.7024026943814905,0.0,-0.524,7.04,548,11.71875,77.34375,7.37,-0.5585993153435624,602,11.71875,85.15625,7.37,0.5585993153435624,624.0,5.46875,88.28125,7.031,1.5707963267948966,529.0,5.46875,74.21875,7.031,-1.5707963267948966,601.0,0.0,85.15625,6.72,2.5213431676069717,547.0,0.0,77.34375,6.72,-2.5213431676069717
577,17.96875,81.25,1.6936348562647905,3.141,-0.524,7.04,548,11.71875,77.34375,7.37,-2.5829933382462307,602,11.71875,85.15625,7.37,2.5829933382462307,530.0,17.96875,74.21875,7.031,-1.5707963267948966,625.0,17.96875,88.28125,7.031,1.5707963267948966,549.0,23.4375,77.34375,6.72,-0.6202494859828215,603.0,23.4375,85.15625,6.72,0.6202494859828215
578,29.6875,81.25,1.711391402192117,0.311,-0.524,7.257,549,23.4375,77.34375,7.37,-2.5829933382462307,550,35.9375,77.34375,7.37,-0.5585993153435624,603.0,23.4375,85.15625,7.37,2.5829933382462307,604.0,35.9375,85.15625,7.37,0.5585993153435624,531.0,29.6875,74.21875,7.031,-1.5707963267948966,626.0,29.6875,88.28125,7.031,1.5707963267948966
579,42.1875,81.25,1.6583177422667024,-3.108,-0.505,7.178,550,35.9375,77.34375,7.37,-2.5829933382462307,604,35.9375,85.15625,7.37,2.5829933382462307,627.0,41.40625,88.28125,7.074,1.6814535479687922,551.0,47.65625,77.34375,6.72,-0.6202494859828215,605.0,47.65625,85.15625,6.72,0.6202494859828215,526.0,42.1875,73.4375,7.812,-1.5707963267948966
580,53.90625,81.25,1.713681439730886,2.16,-0.514,7.148,551,47.65625,77.34375,7.37,-2.5829933382462307,552,60.15625,77.34375,7.37,-0.5585993153435624,605.0,47.65625,85.15625,7.37,2.5829933382462307,532.0,53.90625,74.21875,7.031,-1.5707963267948966,628.0,53.90625,88.28125,7.031,1.5707963267948966,606.0,59.375,85.15625,6.72,0.6202494859828215
581,65.625,81.25,1.684828150303288,-0.303,-0.496,7.156,606,59.375,85.15625,7.37,2.5829933382462307,553,71.875,77.34375,7.37,-0.5585993153435624,607.0,71.875,85.15625,7.37,0.5585993153435624,533.0,66.40625,74.21875,7.074,-1.460139105621001,629.0,65.625,88.28125,7.031,1.5707963267948966,552.0,60.15625,77.34375,6.72,-2.5213431676069717
582,78.125,81.25,1.654887600160395,2.526,-0.491,7.367,553,71.875,77.34375,7.37,-2.5829933382462307,607,71.875,85.15625,7.37,2.5829933382462307,608.0,83.59375,85.15625,6.72,0.6202494859828215,633.0,77.34375,89.0625,7.851,1.6704649792860586,558.0,83.59375,78.125,6.298,-0.5191461142465229,522.0,78.125,72.65625,8.593,-1.5707963267948966
583,147.65625,81.25,1.6706363580182644,3.075,0.165,7.183,593,154.6875,82.8125,7.202,0.21866894587394195,630,150.0,88.28125,7.411,1.2490457723982544,534.0,144.53125,74.21875,7.694,-1.9890206563741257,543.0,151.5625,75.78125,6.72,-0.9505468408120752,571.0,139.84375,79.6875,7.967,-2.9441970937399127,617.0,143.75,85.9375,6.101,2.2655346029916
584,89.84375,82.03125,1.6529867112617236,2.91,-0.49,7.067,558,83.59375,78.125,7.37,-2.5829933382462307,634,89.84375,89.0625,7.031,1.5707963267948966,608.0,83.59375,85.15625,6.987,2.677945044588987,616.0,95.3125,85.9375,6.72,0.6202494859828215,559.0,96.875,78.125,8.043,-0.507098504392337,542.0,89.84375,75.78125,6.25,-1.5707963267948966
585,186.71875,82.03125,1.663713502506814,-0.825,0.161,7.18,544,191.40625,76.5625,7.202,-0.8621700546672264,573,179.6875,80.46875,7.202,-2.922923707715851,621.0,182.03125,87.5,7.202,2.279422598922567,536.0,184.375,75.0,7.411,-1.892546881191539,594.0,193.75,82.8125,7.074,0.11065722117389565,631.0,189.84375,88.28125,6.987,1.1071487177940904
586,222.65625,82.03125,1.626827347795856,-1.251,-0.209,7.238,546,217.96875,76.5625,7.202,-2.279422598922567,574,229.6875,80.46875,7.202,-0.21866894587394195,596.0,215.625,83.59375,7.202,2.922923707715851,537.0,225.0,75.0,7.411,-1.2490457723982544,622.0,228.125,87.5,7.733,0.7853981633974483,632.0,220.3125,88.28125,6.675,1.9295669970654687
587,249.21875,82.03125,1.6490670602771937,2.77,-0.244,7.237,538,250.78125,75.0,7.202,-1.3521273809209546,557,243.75,77.34375,7.202,-2.432966381462123,575.0,256.25,80.46875,7.202,-0.21866894587394195,597.0,242.1875,83.59375,7.202,2.922923707715851,623.0,253.90625,87.5,7.202,0.8621700546672264,637.0,246.875,89.0625,7.411,1.892546881191539
588,267.96875,82.03125,1.6257428039385686,-2.342,-0.456,7.146,619,274.21875,85.9375,7.37,0.5585993153435624,638,267.1875,89.0625,7.074,1.6814535479687922,539.0,267.96875,75.0,7.031,-1.5707963267948966,570.0,274.21875,78.90625,6.987,-0.4636476090008061,613.0,260.9375,85.15625,7.694,2.723368324010564,564.0,262.5,78.125,6.72,-2.5213431676069717
589,280.46875,82.03125,1.6614225182811695,-0.644,0.491,7.129,565,286.71875,78.125,7.37,-0.5585993153435624,619,274.21875,85.9375,7.37,2.5829933382462307,639.0,280.46875,89.0625,7.031,1.5707963267948966,540.0,280.46875,75.0,7.031,-1.5707963267948966,614.0,286.71875,85.15625,6.987,0.4636476090008061,570.0,274.21875,78.90625,6.987,-2.677945044588987
590,292.96875,82.03125,1.6278112221510443,-1.571,-0.524,7.129,565,286.71875,78.125,7.37,-2.5829933382462307,566,299.21875,78.125,7.37,-0.5585993153435624,541.0,292.96875,75.0,7.031,-1.5707963267948966,640.0,292.96875,89.0625,7.031,1.5707963267948966,614.0,286.71875,85.15625,6.987,2.677945044588987,615.0,299.21875,85.15625,6.987,0.4636476090008061
591,101.5625,82.8125,1.6221983173151704,2.88,-0.478,6.451,616,95.3125,85.9375,6.987,2.677945044588987,559,96.875,78.125,6.629,-2.356194490192345,598.0,107.8125,84.375,6.442,0.24497866312686414,635.0,101.5625,89.0625,6.25,1.5707963267948966,554.0,103.90625,77.34375,5.949,-1.1659045405098132,,,,,
592,114.84375,82.8125,1.6354940080670626,-2.939,-0.2,6.599,598,107.8125,84.375,7.202,2.922923707715851,555,110.9375,77.34375,6.72,-2.191045812777718,609.0,121.09375,85.15625,6.675,0.35877067027057225,636.0,114.0625,89.0625,6.298,1.695151321341658,560.0,118.75,78.125,6.101,-0.8760580505981934,,,,,
593,154.6875,82.8125,1.6399344837616934,-1.98,0.174,7.023,583,147.65625,81.25,7.202,-2.922923707715851,630,150.0,88.28125,7.202,2.279422598922567,543.0,151.5625,75.78125,7.694,-1.9890206563741257,556.0,158.59375,77.34375,6.72,-0.9505468408120752,595.0,160.9375,83.59375,6.298,0.12435499454676144,,,,,
594,193.75,82.8125,1.6404490437975303,0.902,0.148,7.278,600,200.78125,84.375,7.202,0.21866894587394195,585,186.71875,82.03125,7.074,-3.0309354324158977,644.0,196.875,89.84375,7.694,1.1525719972156676,631.0,189.84375,88.28125,6.72,2.191045812777718,544.0,191.40625,76.5625,6.675,-1.9295669970654687,545.0,199.21875,76.5625,8.304,-0.8519663271732721
595,160.9375,83.59375,1.6463021116229954,-0.782,0.176,7.026,562,165.625,78.125,7.202,-0.8621700546672264,643,164.0625,89.84375,6.987,1.1071487177940904,556.0,158.59375,77.34375,6.675,-1.9295669970654687,611.0,168.75,85.15625,7.967,0.19739555984988075,593.0,154.6875,82.8125,6.298,-3.017237659043032,,,,,
596,215.625,83.59375,1.6632661044283026,-1.322,-0.185,7.143,612,208.59375,85.15625,7.202,2.922923707715851,586,222.65625,82.03125,7.202,-0.21866894587394195,546.0,217.96875,76.5625,7.411,-1.2490457723982544,646.0,212.5,90.625,7.694,1.9890206563741257,563.0,211.71875,78.125,6.72,-2.191045812777718,632.0,220.3125,88.28125,6.629,0.7853981633974483
597,242.1875,83.59375,1.5871811693283608,2.581,-0.243,7.436,569,236.71875,78.90625,7.202,-2.432966381462123,587,249.21875,82.03125,7.202,-0.21866894587394195,637.0,246.875,89.0625,7.202,0.8621700546672264,557.0,243.75,77.34375,6.442,-1.3258176636680326,618.0,234.375,85.9375,8.156,2.8501358591119264,648.0,239.0625,91.40625,8.414,1.9513027039072615
598,107.8125,84.375,1.656444255390996,0.214,-0.312,7.729,592,114.84375,82.8125,7.202,-0.21866894587394195,555,110.9375,77.34375,7.694,-1.1525719972156676,636.0,114.0625,89.0625,7.812,0.6435011087932844,635.0,101.5625,89.0625,7.812,2.498091544796509,657.0,107.8125,92.1875,7.812,1.5707963267948966,554.0,103.90625,77.34375,8.043,-2.0778948311872334
599,129.6875,84.375,1.642956231326381,2.458,0.051,7.245,561,125.78125,78.125,7.37,-2.129395642138459,641,125.78125,89.84375,6.72,2.191045812777718,659.0,132.03125,92.1875,8.156,1.2793395323170296,567.0,132.8125,78.90625,6.298,-1.0516502125483738,610.0,135.9375,85.15625,6.298,0.12435499454676144,609.0,121.09375,85.15625,8.629,3.050932766389048
600,200.78125,84.375,1.6604954225549535,-0.617,0.13,7.305,594,193.75,82.8125,7.202,-2.922923707715851,645,204.6875,90.625,7.37,1.0121970114513341,644.0,196.875,89.84375,6.72,2.191045812777718,568.0,204.6875,78.90625,6.72,-0.9505468408120752,612.0,208.59375,85.15625,7.851,0.09966865249116202,545.0,199.21875,76.5625,7.967,-1.7681918866447774
601,0.0,85.15625,1.6487191263895669,-0.051,-0.299,6.965,649,0.0,92.1875,7.031,1.5707963267948966,576,5.46875,81.25,6.72,-0.6202494859828215,547.0,0.0,77.34375,7.812,-1.5707963267948966,624.0,5.46875,88.28125,6.298,0.5191461142465229,,,,,,,,,,
602,11.71875,85.15625,1.707967794960572,-1.571,-0.524,7.259,576,5.46875,81.25,7.37,-2.5829933382462307,577,17.96875,81.25,7.37,-0.5585993153435624,650.0,11.71875,92.1875,7.031,1.5707963267948966,624.0,5.46875,88.28125,6.987,2.677945044588987,625.0,17.96875,88.28125,6.987,0.4636476090008061,548.0,11.71875,77.34375,7.812,-1.5707963267948966
603,23.4375,85.15625,1.6617110496193528,-1.226,-0.524,7.036,578,29.6875,81.25,7.37,-0.5585993153435624,651,23.4375,92.1875,7.031,1.5707963267948966,626.0,29.6875,88.28125,6.987,0.4636476090008061,577.0,17.96875,81.25,6.72,-2.5213431676069717,549.0,23.4375,77.34375,7.812,-1.5707963267948966,625.0,17.96875,88.28125,6.298,2.62244653934327
604,35.9375,85.15625,1.6811448184349624,-1.792,-0.515,7.145,578,29.6875,81.25,7.37,-2.5829933382462307,579,42.1875,81.25,7.37,-0.5585993153435624,652.0,35.9375,92.1875,7.031,1.5707963267948966,626.0,29.6875,88.28125,6.987,2.677945044588987,550.0,35.9375,77.34375,7.812,-1.5707963267948966,627.0,41.40625,88.28125,6.298,0.5191461142465229
605,47.65625,85.15625,1.686684080205079,-1.415,-0.514,7.151,580,53.90625,81.25,7.37,-0.5585993153435624,653,47.65625,92.1875,7.031,1.5707963267948966,628.0,53.90625,88.28125,6.987,0.4636476090008061,627.0,41.40625,88.28125,6.987,2.677945044588987,579.0,42.1875,81.25,6.72,-2.5213431676069717,551.0,47.65625,77.34375,7.812,-1.5707963267948966
606,59.375,85.15625,1.6431398553233705,-0.795,-0.507,7.043,581,65.625,81.25,7.37,-0.5585993153435624,654,59.375,92.1875,7.031,1.5707963267948966,629.0,65.625,88.28125,6.987,0.4636476090008061,580.0,53.90625,81.25,6.72,-2.5213431676069717,552.0,60.15625,77.34375,7.851,-1.4711276743037347,628.0,53.90625,88.28125,6.298,2.62244653934327
607,71.875,85.15625,1.700790818833627,-2.769,-0.498,7.215,581,65.625,81.25,7.37,-2.5829933382462307,582,78.125,81.25,7.37,-0.5585993153435624,655.0,71.875,92.1875,7.031,1.5707963267948966,629.0,65.625,88.28125,6.987,2.677945044588987,633.0,77.34375,89.0625,6.72,0.6202494859828215,553.0,71.875,77.34375,7.812,-1.5707963267948966
608,83.59375,85.15625,1.6984924360709095,0.372,-0.498,7.085,633,77.34375,89.0625,7.37,2.5829933382462307,634,89.84375,89.0625,7.37,0.5585993153435624,656.0,83.59375,92.1875,7.031,1.5707963267948966,558.0,83.59375,78.125,7.031,-1.5707963267948966,584.0,89.84375,82.03125,6.987,-0.4636476090008061,582.0,78.125,81.25,6.72,-2.5213431676069717
609,121.09375,85.15625,1.5879680783460988,3.107,0.497,7.402,658,119.53125,92.1875,7.202,1.7894652726688385,560,118.75,78.125,7.411,-1.892546881191539,592.0,114.84375,82.8125,6.675,-2.782821983319221,641.0,125.78125,89.84375,6.629,0.7853981633974483,636.0,114.0625,89.0625,8.043,2.6344941491974563,561.0,125.78125,78.125,8.45,-0.982793723247329
610,135.9375,85.15625,1.4477694799711376,-1.957,0.088,7.18,567,132.8125,78.90625,6.987,-2.0344439357957027,571,139.84375,79.6875,6.72,-0.9505468408120752,617.0,143.75,85.9375,7.851,0.09966865249116202,659.0,132.03125,92.1875,8.043,2.0778948311872334,599.0,129.6875,84.375,6.298,-3.017237659043032,,,,,
611,168.75,85.15625,1.633260726212793,3.134,0.202,7.109,660,170.3125,92.1875,7.202,1.3521273809209546,562,165.625,78.125,7.694,-1.9890206563741257,572.0,172.65625,79.6875,6.72,-0.9505468408120752,643.0,164.0625,89.84375,6.629,2.356194490192345,595.0,160.9375,83.59375,7.967,-2.9441970937399127,620.0,175.0,86.71875,6.442,0.24497866312686414
612,208.59375,85.15625,1.633710491970921,-1.878,-0.044,7.26,596,215.625,83.59375,7.202,-0.21866894587394195,568,204.6875,78.90625,7.37,-2.129395642138459,563.0,211.71875,78.125,7.694,-1.1525719972156676,645.0,204.6875,90.625,6.72,2.191045812777718,646.0,212.5,90.625,6.72,0.9505468408120752,600.0,200.78125,84.375,7.851,-3.0419240010986313
613,260.9375,85.15625,1.6091181290802634,-0.838,-0.37,7.359,564,262.5,78.125,7.202,-1.3521273809209546,638,267.1875,89.0625,7.37,0.5585993153435624,623.0,253.90625,87.5,7.411,2.819842099193151,588.0,267.96875,82.03125,7.694,-0.4182243295792291,666.0,260.15625,92.96875,7.851,1.6704649792860586,575.0,256.25,80.46875,6.629,-2.356194490192345
614,286.71875,85.15625,1.5999985475034846,1.57,-0.524,7.129,639,280.46875,89.0625,7.37,2.5829933382462307,640,292.96875,89.0625,7.37,0.5585993153435624,661.0,286.71875,92.1875,7.031,1.5707963267948966,565.0,286.71875,78.125,7.031,-1.5707963267948966,590.0,292.96875,82.03125,6.987,-0.4636476090008061,589.0,280.46875,82.03125,6.987,-2.677945044588987
615,299.21875,85.15625,1.5894597652518156,3.094,-0.298,7.105,640,292.96875,89.0625,7.37,2.5829933382462307,566,299.21875,78.125,7.031,-1.5707963267948966,662.0,299.21875,92.1875,7.031,1.5707963267948966,590.0,292.96875,82.03125,6.987,-2.677945044588987,,,,,,,,,,
616,95.3125,85.9375,1.6326029107454967,-0.172,-0.494,7.006,663,96.09375,92.96875,7.074,1.460139105621001,591,101.5625,82.8125,6.987,-0.4636476090008061,635.0,101.5625,89.0625,6.987,0.4636476090008061,584.0,89.84375,82.03125,6.72,-2.5213431676069717,559.0,96.875,78.125,7.967,-1.373400766945016,634.0,89.84375,89.0625,6.298,2.62244653934327
617,143.75,85.9375,1.6392778856364298,2.829,0.254,6.965,571,139.84375,79.6875,7.37,-2.129395642138459,664,144.53125,92.96875,7.074,1.460139105621001,642.0,138.28125,89.84375,6.72,2.5213431676069717,630.0,150.0,88.28125,6.675,0.35877067027057225,610.0,135.9375,85.15625,7.851,-3.0419240010986313,583.0,147.65625,81.25,6.101,-0.8760580505981934
618,234.375,85.9375,1.6072413684242708,-0.197,-0.236,7.269,574,229.6875,80.46875,7.202,-2.279422598922567,648,239.0625,91.40625,7.202,0.8621700546672264,665.0,232.8125,92.96875,7.202,1.7894652726688385,569.0,236.71875,78.90625,7.411,-1.2490457723982544,622.0,228.125,87.5,6.442,2.896613990462929,597.0,242.1875,83.59375,8.156,-0.2914567944778671
619,274.21875,85.9375,1.646317499184952,-1.665,-0.517,7.247,588,267.96875,82.03125,7.37,-2.5829933382462307,589,280.46875,82.03125,7.37,-0.5585993153435624,570.0,274.21875,78.90625,7.031,-1.5707963267948966,667.0,274.21875,92.96875,7.031,1.5707963267948966,639.0,280.46875,89.0625,6.987,0.4636476090008061,638.0,267.1875,89.0625,7.694,2.723368324010564
620,175.0,86.71875,1.6686977864883181,-1.727,0.177,7.225,660,170.3125,92.1875,7.202,2.279422598922567,572,172.65625,79.6875,7.411,-1.892546881191539,668.0,177.34375,93.75,7.411,1.2490457723982544,621.0,182.03125,87.5,7.074,0.11065722117389565,573.0,179.6875,80.46875,7.812,-0.9272952180016122,611.0,168.75,85.15625,6.442,-2.896613990462929
621,182.03125,87.5,1.6705600933822111,-0.133,0.129,7.39,585,186.71875,82.03125,7.202,-0.8621700546672264,573,179.6875,80.46875,7.411,-1.892546881191539,620.0,175.0,86.71875,7.074,-3.0309354324158977,669.0,185.15625,93.75,6.987,1.1071487177940904,668.0,177.34375,93.75,7.812,2.214297435588181,631.0,189.84375,88.28125,7.851,0.09966865249116202
622,228.125,87.5,1.5935184278146015,-2.636,-0.195,7.236,574,229.6875,80.46875,7.202,-1.3521273809209546,665,232.8125,92.96875,7.202,0.8621700546672264,670.0,225.0,93.75,6.987,2.0344439357957027,586.0,222.65625,82.03125,7.733,-2.356194490192345,632.0,220.3125,88.28125,7.851,3.0419240010986313,618.0,234.375,85.9375,6.442,-0.24497866312686414
623,253.90625,87.5,1.6127632497674211,-1.388,-0.236,7.368,587,249.21875,82.03125,7.202,-2.279422598922567,637,246.875,89.0625,7.202,2.922923707715851,575.0,256.25,80.46875,7.411,-1.2490457723982544,613.0,260.9375,85.15625,7.411,-0.3217505543966422,671.0,251.5625,93.75,6.675,1.9295669970654687,666.0,260.15625,92.96875,8.304,0.7188299996216245
624,5.46875,88.28125,1.6573008701474787,1.225,0.523,7.036,650,11.71875,92.1875,7.37,0.5585993153435624,576,5.46875,81.25,7.031,-1.5707963267948966,602.0,11.71875,85.15625,6.987,-0.4636476090008061,649.0,0.0,92.1875,6.72,2.5213431676069717,674.0,5.46875,96.09375,7.812,1.5707963267948966,601.0,0.0,85.15625,6.298,-2.62244653934327
625,17.96875,88.28125,1.6489963537592327,1.916,-0.524,7.036,650,11.71875,92.1875,7.37,2.5829933382462307,577,17.96875,81.25,7.031,-1.5707963267948966,602.0,11.71875,85.15625,6.987,-2.677945044588987,651.0,23.4375,92.1875,6.72,0.6202494859828215,675.0,17.96875,96.09375,7.812,1.5707963267948966,603.0,23.4375,85.15625,6.298,-0.5191461142465229
626,29.6875,88.28125,1.6822621948782337,1.57,-0.524,7.259,651,23.4375,92.1875,7.37,2.5829933382462307,652,35.9375,92.1875,7.37,0.5585993153435624,578.0,29.6875,81.25,7.031,-1.5707963267948966,603.0,23.4375,85.15625,6.987,-2.677945044588987,604.0,35.9375,85.15625,6.987,-0.4636476090008061,676.0,29.6875,96.09375,7.812,1.5707963267948966
627,41.40625,88.28125,1.6414037615278048,0.794,-0.506,7.044,653,47.65625,92.1875,7.37,0.5585993153435624,579,42.1875,81.25,7.074,-1.460139105621001,605.0,47.65625,85.15625,6.987,-0.4636476090008061,652.0,35.9375,92.1875,6.72,2.5213431676069717,677.0,41.40625,96.09375,7.812,1.5707963267948966,604.0,35.9375,85.15625,6.298,-2.62244653934327
628,53.90625,88.28125,1.6692566488804,1.916,-0.524,7.036,653,47.65625,92.1875,7.37,2.5829933382462307,580,53.90625,81.25,7.031,-1.5707963267948966,605.0,47.65625,85.15625,6.987,-2.677945044588987,654.0,59.375,92.1875,6.72,0.6202494859828215,678.0,53.90625,96.09375,7.812,1.5707963267948966,606.0,59.375,85.15625,6.298,-0.5191461142465229
629,65.625,88.28125,1.6684338179766838,1.57,-0.524,7.259,654,59.375,92.1875,7.37,2.5829933382462307,655,71.875,92.1875,7.37,0.5585993153435624,581.0,65.625,81.25,7.031,-1.5707963267948966,606.0,59.375,85.15625,6.987,-2.677945044588987,607.0,71.875,85.15625,6.987,-0.4636476090008061,679.0,65.625,96.09375,7.812,1.5707963267948966
630,150.0,88.28125,1.690453402412328,-3.056,0.306,7.358,593,154.6875,82.8125,7.202,-0.8621700546672264,664,144.53125,92.96875,7.202,2.432966381462123,583.0,147.65625,81.25,7.411,-1.892546881191539,647.0,157.03125,91.40625,7.694,0.4182243295792291,617.0,143.75,85.9375,6.675,-2.782821983319221,686.0,151.5625,96.09375,7.967,1.373400766945016
631,189.84375,88.28125,1.6402752548780708,2.575,0.126,7.276,644,196.875,89.84375,7.202,0.21866894587394195,669,185.15625,93.75,7.202,2.279422598922567,585.0,186.71875,82.03125,6.987,-2.0344439357957027,673.0,192.96875,95.3125,7.694,1.1525719972156676,594.0,193.75,82.8125,6.72,-0.9505468408120752,621.0,182.03125,87.5,7.851,-3.0419240010986313
632,220.3125,88.28125,1.6435470238613124,1.65,-0.195,7.198,670,225.0,93.75,7.202,0.8621700546672264,586,222.65625,82.03125,6.675,-1.2120256565243244,672.0,217.96875,94.53125,6.675,1.9295669970654687,622.0,228.125,87.5,7.851,-0.09966865249116202,596.0,215.625,83.59375,6.629,-2.356194490192345,646.0,212.5,90.625,8.156,2.8501358591119264
633,77.34375,89.0625,1.655912183194576,-0.795,-0.507,7.043,608,83.59375,85.15625,7.37,-0.5585993153435624,680,77.34375,96.09375,7.031,1.5707963267948966,656.0,83.59375,92.1875,6.987,0.4636476090008061,607.0,71.875,85.15625,6.72,-2.5213431676069717,582.0,78.125,81.25,7.851,-1.4711276743037347,655.0,71.875,92.1875,6.298,2.62244653934327
634,89.84375,89.0625,1.6986869233222532,-2.063,-0.502,7.014,608,83.59375,85.15625,7.37,-2.5829933382462307,663,96.09375,92.96875,7.37,0.5585993153435624,681.0,89.84375,96.09375,7.031,1.5707963267948966,584.0,89.84375,82.03125,7.031,-1.5707963267948966,656.0,83.59375,92.1875,6.987,2.677945044588987,616.0,95.3125,85.9375,6.298,-0.5191461142465229
635,101.5625,89.0625,1.6429925052315726,-2.203,0.467,6.964,682,101.5625,96.09375,7.031,1.5707963267948966,657,107.8125,92.1875,6.987,0.4636476090008061,616.0,95.3125,85.9375,6.987,-2.677945044588987,663.0,96.09375,92.96875,6.72,2.5213431676069717,598.0,107.8125,84.375,7.812,-0.6435011087932844,591.0,101.5625,82.8125,6.25,-1.5707963267948966
636,114.0625,89.0625,1.6655886800770001,-0.664,-0.472,7.078,683,114.0625,96.09375,7.031,1.5707963267948966,657,107.8125,92.1875,6.987,2.677945044588987,598.0,107.8125,84.375,7.812,-2.498091544796509,609.0,121.09375,85.15625,8.043,-0.507098504392337,592.0,114.84375,82.8125,6.298,-1.446441332248135,658.0,119.53125,92.1875,6.298,0.5191461142465229
637,246.875,89.0625,1.639595700711423,-2.314,-0.212,7.382,597,242.1875,83.59375,7.202,-2.279422598922567,623,253.90625,87.5,7.202,-0.21866894587394195,587.0,249.21875,82.03125,7.411,-1.2490457723982544,690.0,243.75,96.09375,7.694,1.9890206563741257,671.0,251.5625,93.75,6.629,0.7853981633974483,648.0,239.0625,91.40625,8.156,2.8501358591119264
638,267.1875,89.0625,1.5923608706340637,0.121,-0.499,7.55,613,260.9375,85.15625,7.37,-2.5829933382462307,588,267.96875,82.03125,7.074,-1.460139105621001,691.0,267.96875,96.09375,7.074,1.460139105621001,619.0,274.21875,85.9375,7.694,-0.4182243295792291,666.0,260.15625,92.96875,8.043,2.6344941491974563,667.0,274.21875,92.96875,8.043,0.507098504392337
639,280.46875,89.0625,1.6496571539936027,-0.644,0.491,7.129,614,286.71875,85.15625,7.37,-0.5585993153435624,667,274.21875,92.96875,7.37,2.5829933382462307,692.0,280.46875,96.09375,7.031,1.5707963267948966,589.0,280.46875,82.03125,7.031,-1.5707963267948966,661.0,286.71875,92.1875,6.987,0.4636476090008061,619.0,274.21875,85.9375,6.987,-2.677945044588987
640,292.96875,89.0625,1.6167807107578216,-1.0,0.505,7.136,614,286.71875,85.15625,7.37,-2.5829933382462307,615,299.21875,85.15625,7.37,-0.5585993153435624,693.0,293.75,96.09375,7.074,1.460139105621001,590.0,292.96875,82.03125,7.031,-1.5707963267948966,661.0,286.71875,92.1875,6.987,2.677945044588987,662.0,299.21875,92.1875,6.987,0.4636476090008061
641,125.78125,89.84375,1.6584708816810285,1.581,-0.464,6.599,599,129.6875,84.375,6.72,-0.9505468408120752,658,119.53125,92.1875,6.675,2.782821983319221,659.0,132.03125,92.1875,6.675,0.35877067027057225,609.0,121.09375,85.15625,6.629,-2.356194490192345,684.0,126.5625,96.09375,6.298,1.446441332248135,,,,,
642,138.28125,89.84375,1.354537873165423,1.005,-0.267,6.658,664,144.53125,92.96875,6.987,0.4636476090008061,617,143.75,85.9375,6.72,-0.6202494859828215,659.0,132.03125,92.1875,6.675,2.782821983319221,685.0,138.28125,96.09375,6.25,1.5707963267948966,,,,,,,,,,
643,164.0625,89.84375,1.6667951908347385,-0.151,0.371,6.748,647,157.03125,91.40625,7.202,2.922923707715851,595,160.9375,83.59375,6.987,-2.0344439357957027,660.0,170.3125,92.1875,6.675,0.35877067027057225,611.0,168.75,85.15625,6.629,-0.7853981633974483,687.0,164.0625,96.09375,6.25,1.5707963267948966,,,,,
644,196.875,89.84375,1.698451233085963,-1.158,0.111,7.196,631,189.84375,88.28125,7.202,-2.922923707715851,688,200.0,96.09375,6.987,1.1071487177940904,594.0,193.75,82.8125,7.694,-1.9890206563741257,600.0,200.78125,84.375,6.72,-0.9505468408120752,673.0,192.96875,95.3125,6.72,2.191045812777718,645.0,204.6875,90.625,7.851,0.09966865249116202
645,204.6875,90.625,1.624805044074903,-2.206,0.057,7.209,688,200.0,96.09375,7.202,2.279422598922567,600,200.78125,84.375,7.37,-2.129395642138459,612.0,208.59375,85.15625,6.72,-0.9505468408120752,646.0,212.5,90.625,7.812,0.0,644.0,196.875,89.84375,7.851,-3.0419240010986313,689.0,207.8125,96.09375,6.298,1.0516502125483738
646,212.5,90.625,1.642795869169001,-1.652,-0.118,7.384,689,207.8125,96.09375,7.202,2.279422598922567,596,215.625,83.59375,7.694,-1.1525719972156676,672.0,217.96875,94.53125,6.72,0.6202494859828215,612.0,208.59375,85.15625,6.72,-2.191045812777718,645.0,204.6875,90.625,7.812,3.141592653589793,632.0,220.3125,88.28125,8.156,-0.2914567944778671
647,157.03125,91.40625,1.534510300806093,1.423,-0.47,7.68,643,164.0625,89.84375,7.202,-0.21866894587394195,686,151.5625,96.09375,7.202,2.432966381462123,630.0,150.0,88.28125,7.694,-2.723368324010564,707.0,157.8125,99.21875,7.851,1.4711276743037347,687.0,164.0625,96.09375,8.45,0.5880026035475675,,,,,
648,239.0625,91.40625,1.5789362127401028,-0.202,-0.243,7.468,618,234.375,85.9375,7.202,-2.279422598922567,690,243.75,96.09375,6.629,0.7853981633974483,714.0,237.5,99.21875,7.967,1.7681918866447774,665.0,232.8125,92.96875,6.442,2.896613990462929,637.0,246.875,89.0625,8.156,-0.2914567944778671,597.0,242.1875,83.59375,8.414,-1.1902899496825317
649,0.0,92.1875,1.652974656294727,0.0,-0.262,6.875,601,0.0,85.15625,7.031,-1.5707963267948966,694,0.0,99.21875,7.031,1.5707963267948966,624.0,5.46875,88.28125,6.72,-0.6202494859828215,674.0,5.46875,96.09375,6.72,0.6202494859828215,,,,,,,,,,
650,11.71875,92.1875,1.7131572115461213,0.311,-0.524,7.257,624,5.46875,88.28125,7.37,-2.5829933382462307,625,17.96875,88.28125,7.37,-0.5585993153435624,674.0,5.46875,96.09375,7.37,2.5829933382462307,675.0,17.96875,96.09375,7.37,0.5585993153435624,602.0,11.71875,85.15625,7.031,-1.5707963267948966,695.0,11.71875,99.21875,7.031,1.5707963267948966
651,23.4375,92.1875,1.6806067487452305,0.0,-0.524,7.04,626,29.6875,88.28125,7.37,-0.5585993153435624,676,29.6875,96.09375,7.37,0.5585993153435624,696.0,23.4375,99.21875,7.031,1.5707963267948966,603.0,23.4375,85.15625,7.031,-1.5707963267948966,675.0,17.96875,96.09375,6.72,2.5213431676069717,625.0,17.96875,88.28125,6.72,-2.5213431676069717
652,35.9375,92.1875,1.6997743323634729,3.141,-0.524,7.04,626,29.6875,88.28125,7.37,-2.5829933382462307,676,29.6875,96.09375,7.37,2.5829933382462307,604.0,35.9375,85.15625,7.031,-1.5707963267948966,697.0,35.9375,99.21875,7.031,1.5707963267948966,627.0,41.40625,88.28125,6.72,-0.6202494859828215,677.0,41.40625,96.09375,6.72,0.6202494859828215
653,47.65625,92.1875,1.7141983362799933,0.311,-0.524,7.257,627,41.40625,88.28125,7.37,-2.5829933382462307,628,53.90625,88.28125,7.37,-0.5585993153435624,677.0,41.40625,96.09375,7.37,2.5829933382462307,678.0,53.90625,96.09375,7.37,0.5585993153435624,605.0,47.65625,85.15625,7.031,-1.5707963267948966,698.0,47.65625,99.21875,7.031,1.5707963267948966
654,59.375,92.1875,1.679106669475058,0.0,-0.524,7.04,629,65.625,88.28125,7.37,-0.5585993153435624,679,65.625,96.09375,7.37,0.5585993153435624,699.0,59.375,99.21875,7.031,1.5707963267948966,606.0,59.375,85.15625,7.031,-1.5707963267948966,678.0,53.90625,96.09375,6.72,2.5213431676069717,628.0,53.90625,88.28125,6.72,-2.5213431676069717
655,71.875,92.1875,1.679165246572109,1.734,-0.508,6.97,629,65.625,88.28125,7.37,-2.5829933382462307,679,65.625,96.09375,7.37,2.5829933382462307,607.0,71.875,85.15625,7.031,-1.5707963267948966,700.0,71.875,99.21875,7.031,1.5707963267948966,680.0,77.34375,96.09375,6.72,0.6202494859828215,633.0,77.34375,89.0625,6.298,-0.5191461142465229
656,83.59375,92.1875,1.6788203802588912,1.57,-0.524,7.129,680,77.34375,96.09375,7.37,2.5829933382462307,681,89.84375,96.09375,7.37,0.5585993153435624,701.0,83.59375,99.21875,7.031,1.5707963267948966,608.0,83.59375,85.15625,7.031,-1.5707963267948966,634.0,89.84375,89.0625,6.987,-0.4636476090008061,633.0,77.34375,89.0625,6.987,-2.677945044588987
657,107.8125,92.1875,1.6679909134554762,1.57,-0.524,7.259,682,101.5625,96.09375,7.37,2.5829933382462307,683,114.0625,96.09375,7.37,0.5585993153435624,703.0,107.8125,99.21875,7.031,1.5707963267948966,635.0,101.5625,89.0625,6.987,-2.677945044588987,636.0,114.0625,89.0625,6.987,-0.4636476090008061,598.0,107.8125,84.375,7.812,-1.5707963267948966
658,119.53125,92.1875,1.5777455336657893,0.479,-0.505,7.002,609,121.09375,85.15625,7.202,-1.3521273809209546,704,120.3125,99.21875,7.074,1.460139105621001,683.0,114.0625,96.09375,6.72,2.5213431676069717,641.0,125.78125,89.84375,6.675,-0.35877067027057225,684.0,126.5625,96.09375,8.043,0.507098504392337,636.0,114.0625,89.0625,6.298,-2.62244653934327
659,132.03125,92.1875,1.68012269590357,0.799,0.509,7.085,685,138.28125,96.09375,7.37,0.5585993153435624,705,132.03125,99.21875,7.031,1.5707963267948966,684.0,126.5625,96.09375,6.72,2.5213431676069717,642.0,138.28125,89.84375,6.675,-0.35877067027057225,641.0,125.78125,89.84375,6.675,-2.782821983319221,610.0,135.9375,85.15625,8.043,-1.0636978224025597
660,170.3125,92.1875,1.6852747379530384,-1.719,0.286,7.177,611,168.75,85.15625,7.202,-1.7894652726688385,620,175.0,86.71875,7.202,-0.8621700546672264,668.0,177.34375,93.75,7.202,0.21866894587394195,687.0,164.0625,96.09375,7.37,2.5829933382462307,708.0,172.65625,99.21875,7.411,1.2490457723982544,643.0,164.0625,89.84375,6.675,-2.782821983319221
661,286.71875,92.1875,1.5733944128597352,1.358,0.514,7.241,692,280.46875,96.09375,7.37,2.5829933382462307,614,286.71875,85.15625,7.031,-1.5707963267948966,719.0,286.71875,99.21875,7.031,1.5707963267948966,639.0,280.46875,89.0625,6.987,-2.677945044588987,640.0,292.96875,89.0625,6.987,-0.4636476090008061,693.0,293.75,96.09375,8.043,0.507098504392337
662,299.21875,92.1875,1.571987482459986,3.063,-0.321,6.942,615,299.21875,85.15625,7.031,-1.5707963267948966,720,299.21875,99.21875,7.031,1.5707963267948966,640.0,292.96875,89.0625,6.987,-2.677945044588987,693.0,293.75,96.09375,6.72,2.5213431676069717,,,,,,,,,,
663,96.09375,92.96875,1.6224657096081465,-2.384,0.504,6.783,634,89.84375,89.0625,7.37,-2.5829933382462307,616,95.3125,85.9375,7.074,-1.6814535479687922,681.0,89.84375,96.09375,6.987,2.677945044588987,635.0,101.5625,89.0625,6.72,-0.6202494859828215,682.0,101.5625,96.09375,6.298,0.5191461142465229,702.0,96.09375,99.21875,6.25,1.5707963267948966
664,144.53125,92.96875,1.67697396022415,-1.965,0.433,7.04,630,150.0,88.28125,7.202,-0.7086262721276703,617,143.75,85.9375,7.074,-1.6814535479687922,642.0,138.28125,89.84375,6.987,-2.677945044588987,685.0,138.28125,96.09375,6.987,2.677945044588987,686.0,151.5625,96.09375,7.694,0.4182243295792291,706.0,145.3125,99.21875,6.298,1.446441332248135
665,232.8125,92.96875,1.6313774675161508,-2.601,-0.168,7.249,618,234.375,85.9375,7.202,-1.3521273809209546,622,228.125,87.5,7.202,-2.279422598922567,713.0,229.6875,99.21875,6.987,2.0344439357957027,714.0,237.5,99.21875,7.812,0.9272952180016122,670.0,225.0,93.75,7.851,3.0419240010986313,648.0,239.0625,91.40625,6.442,-0.24497866312686414
666,260.15625,92.96875,1.577989410952161,0.017,0.496,7.776,716,256.25,99.21875,7.37,2.129395642138459,717,262.5,99.21875,6.675,1.2120256565243244,613.0,260.9375,85.15625,7.851,-1.4711276743037347,638.0,267.1875,89.0625,8.043,-0.507098504392337,623.0,253.90625,87.5,8.304,-2.4227626539681686,691.0,267.96875,96.09375,8.414,0.3805063771123649
667,274.21875,92.96875,1.6051882515972662,-1.784,0.514,7.111,639,280.46875,89.0625,7.37,-0.5585993153435624,619,274.21875,85.9375,7.031,-1.5707963267948966,691.0,267.96875,96.09375,6.987,2.677945044588987,692.0,280.46875,96.09375,6.987,0.4636476090008061,638.0,267.1875,89.0625,8.043,-2.6344941491974563,718.0,274.21875,99.21875,6.25,1.5707963267948966
668,177.34375,93.75,1.6298192549352744,-1.147,0.123,7.29,660,170.3125,92.1875,7.202,-2.922923707715851,708,172.65625,99.21875,7.202,2.279422598922567,620.0,175.0,86.71875,7.411,-1.892546881191539,621.0,182.03125,87.5,7.812,-0.9272952180016122,669.0,185.15625,93.75,7.812,0.0,709.0,180.46875,99.21875,6.298,1.0516502125483738
669,185.15625,93.75,1.6425924003549104,1.888,0.125,7.187,631,189.84375,88.28125,7.202,-0.8621700546672264,709,180.46875,99.21875,7.202,2.279422598922567,621.0,182.03125,87.5,6.987,-2.0344439357957027,668.0,177.34375,93.75,7.812,3.141592653589793,673.0,192.96875,95.3125,7.967,0.19739555984988075,710.0,187.5,99.21875,5.949,1.1659045405098132
670,225.0,93.75,1.641103063775929,-2.833,-0.108,7.102,632,220.3125,88.28125,7.202,-2.279422598922567,713,229.6875,99.21875,7.202,0.8621700546672264,672.0,217.96875,94.53125,7.074,3.0309354324158977,622.0,228.125,87.5,6.987,-1.1071487177940904,665.0,232.8125,92.96875,7.851,-0.09966865249116202,712.0,221.875,99.21875,6.298,2.0899424410414196
671,251.5625,93.75,1.5998882061590036,1.828,-0.185,7.207,716,256.25,99.21875,7.202,0.8621700546672264,623,253.90625,87.5,6.675,-1.2120256565243244,637.0,246.875,89.0625,6.629,-2.356194490192345,690.0,243.75,96.09375,8.156,2.8501358591119264,715.0,249.21875,99.21875,5.949,1.97568811307998,666.0,260.15625,92.96875,8.629,-0.09065988720074511
672,217.96875,94.53125,1.6383794655553385,-0.318,-0.214,6.64,670,225.0,93.75,7.074,-0.11065722117389565,646,212.5,90.625,6.72,-2.5213431676069717,632.0,220.3125,88.28125,6.675,-1.2120256565243244,711.0,213.28125,99.21875,6.629,2.356194490192345,712.0,221.875,99.21875,6.101,0.8760580505981934,,,,,
673,192.96875,95.3125,1.6027797346012675,-2.041,0.204,7.235,688,200.0,96.09375,7.074,0.11065722117389565,631,189.84375,88.28125,7.694,-1.9890206563741257,644.0,196.875,89.84375,6.72,-0.9505468408120752,710.0,187.5,99.21875,6.72,2.5213431676069717,669.0,185.15625,93.75,7.967,-2.9441970937399127,,,,,
674,5.46875,96.09375,1.6991866230012755,-1.52,0.419,7.037,650,11.71875,92.1875,7.37,-0.5585993153435624,695,11.71875,99.21875,6.987,0.4636476090008061,649.0,0.0,92.1875,6.72,-2.5213431676069717,624.0,5.46875,88.28125,7.812,-1.5707963267948966,694.0,0.0,99.21875,6.298,2.62244653934327,,,,,
675,17.96875,96.09375,1.6821542576808002,-1.623,-0.42,7.037,650,11.71875,92.1875,7.37,-2.5829933382462307,695,11.71875,99.21875,6.987,2.677945044588987,651.0,23.4375,92.1875,6.72,-0.6202494859828215,625.0,17.96875,88.28125,7.812,-1.5707963267948966,696.0,23.4375,99.21875,6.298,0.5191461142465229,,,,,
676,29.6875,96.09375,1.70744219815002,-1.571,-0.419,7.305,651,23.4375,92.1875,7.37,-2.5829933382462307,652,35.9375,92.1875,7.37,-0.5585993153435624,696.0,23.4375,99.21875,6.987,2.677945044588987,697.0,35.9375,99.21875,6.987,0.4636476090008061,626.0,29.6875,88.28125,7.812,-1.5707963267948966,,,,,
677,41.40625,96.09375,1.6687570108762002,-1.52,0.419,7.037,653,47.65625,92.1875,7.37,-0.5585993153435624,698,47.65625,99.21875,6.987,0.4636476090008061,652.0,35.9375,92.1875,6.72,-2.5213431676069717,627.0,41.40625,88.28125,7.812,-1.5707963267948966,697.0,35.9375,99.21875,6.298,2.62244653934327,,,,,
678,53.90625,96.09375,1.683860726018966,-1.623,-0.42,7.037,653,47.65625,92.1875,7.37,-2.5829933382462307,698,47.65625,99.21875,6.987,2.677945044588987,654.0,59.375,92.1875,6.72,-0.6202494859828215,628.0,53.90625,88.28125,7.812,-1.5707963267948966,699.0,59.375,99.21875,6.298,0.5191461142465229,,,,,
679,65.625,96.09375,1.7081467795654206,-1.571,-0.419,7.305,654,59.375,92.1875,7.37,-2.5829933382462307,655,71.875,92.1875,7.37,-0.5585993153435624,699.0,59.375,99.21875,6.987,2.677945044588987,700.0,71.875,99.21875,6.987,0.4636476090008061,629.0,65.625,88.28125,7.812,-1.5707963267948966,,,,,
680,77.34375,96.09375,1.6986824571738814,-1.52,0.419,6.881,656,83.59375,92.1875,7.37,-0.5585993153435624,633,77.34375,89.0625,7.031,-1.5707963267948966,701.0,83.59375,99.21875,6.987,0.4636476090008061,655.0,71.875,92.1875,6.72,-2.5213431676069717,700.0,71.875,99.21875,6.298,2.62244653934327,,,,,
681,89.84375,96.09375,1.6913781156517116,-1.528,0.442,7.072,656,83.59375,92.1875,7.37,-2.5829933382462307,634,89.84375,89.0625,7.031,-1.5707963267948966,663.0,96.09375,92.96875,6.987,-0.4636476090008061,701.0,83.59375,99.21875,6.987,2.677945044588987,702.0,96.09375,99.21875,6.987,0.4636476090008061,,,,,
682,101.5625,96.09375,1.6793452200284107,-1.566,-0.442,6.797,657,107.8125,92.1875,7.37,-0.5585993153435624,635,101.5625,89.0625,7.031,-1.5707963267948966,703.0,107.8125,99.21875,6.987,0.4636476090008061,663.0,96.09375,92.96875,6.298,-2.62244653934327,702.0,96.09375,99.21875,6.298,2.62244653934327,,,,,
683,114.0625,96.09375,1.7138259660923338,-1.599,-0.434,7.019,657,107.8125,92.1875,7.37,-2.5829933382462307,636,114.0625,89.0625,7.031,-1.5707963267948966,703.0,107.8125,99.21875,6.987,2.677945044588987,704.0,120.3125,99.21875,6.987,0.4636476090008061,658.0,119.53125,92.1875,6.72,-0.6202494859828215,,,,,
684,126.5625,96.09375,1.6673903879622634,-1.758,-0.463,6.869,704,120.3125,99.21875,6.987,2.677945044588987,659,132.03125,92.1875,6.72,-0.6202494859828215,658.0,119.53125,92.1875,8.043,-2.6344941491974563,641.0,125.78125,89.84375,6.298,-1.695151321341658,705.0,132.03125,99.21875,6.298,0.5191461142465229,,,,,
685,138.28125,96.09375,1.6819191153630726,-1.513,0.432,7.058,659,132.03125,92.1875,7.37,-2.5829933382462307,664,144.53125,92.96875,6.987,-0.4636476090008061,705.0,132.03125,99.21875,6.987,2.677945044588987,706.0,145.3125,99.21875,7.694,0.4182243295792291,642.0,138.28125,89.84375,6.25,-1.5707963267948966,,,,,
686,151.5625,96.09375,1.6400155453338678,-1.869,0.507,7.367,647,157.03125,91.40625,7.202,-0.7086262721276703,706,145.3125,99.21875,6.987,2.677945044588987,707.0,157.8125,99.21875,6.987,0.4636476090008061,664.0,144.53125,92.96875,7.694,-2.723368324010564,630.0,150.0,88.28125,7.967,-1.7681918866447774,,,,,
687,164.0625,96.09375,1.5856873070117432,-2.064,0.295,7.264,660,170.3125,92.1875,7.37,-0.5585993153435624,707,157.8125,99.21875,6.987,2.677945044588987,643.0,164.0625,89.84375,6.25,-1.5707963267948966,647.0,157.03125,91.40625,8.45,-2.5535900500422257,,,,,,,,,,
688,200.0,96.09375,1.6448098806404956,-1.453,0.132,7.269,645,204.6875,90.625,7.202,-0.8621700546672264,673,192.96875,95.3125,7.074,-3.0309354324158977,644.0,196.875,89.84375,6.987,-2.0344439357957027,689.0,207.8125,96.09375,7.812,0.0,,,,,,,,,,
689,207.8125,96.09375,1.5863507552866398,-1.551,0.145,6.903,646,212.5,90.625,7.202,-0.8621700546672264,688,200.0,96.09375,7.812,3.141592653589793,645.0,204.6875,90.625,6.298,-2.0899424410414196,711.0,213.28125,99.21875,6.298,0.5191461142465229,,,,,,,,,,
690,243.75,96.09375,1.6330487647331418,-0.992,-0.399,7.153,714,237.5,99.21875,6.987,2.677945044588987,637,246.875,89.0625,7.694,-1.1525719972156676,648.0,239.0625,91.40625,6.629,-2.356194490192345,671.0,251.5625,93.75,8.156,-0.2914567944778671,715.0,249.21875,99.21875,6.298,0.5191461142465229,,,,,
691,267.96875,96.09375,1.6419135647239558,-1.707,-0.48,7.152,638,267.1875,89.0625,7.074,-1.6814535479687922,667,274.21875,92.96875,6.987,-0.4636476090008061,718.0,274.21875,99.21875,6.987,0.4636476090008061,717.0,262.5,99.21875,6.298,2.62244653934327,666.0,260.15625,92.96875,8.414,-2.761086276477428,,,,,
692,280.46875,96.09375,1.6254136788887743,-1.614,-0.443,7.072,661,286.71875,92.1875,7.37,-0.5585993153435624,639,280.46875,89.0625,7.031,-1.5707963267948966,667.0,274.21875,92.96875,6.987,-2.677945044588987,718.0,274.21875,99.21875,6.987,2.677945044588987,719.0,286.71875,99.21875,6.987,0.4636476090008061,,,,,
693,293.75,96.09375,1.6097214902313077,-1.756,-0.451,7.166,640,292.96875,89.0625,7.074,-1.6814535479687922,719,286.71875,99.21875,7.694,2.723368324010564,662.0,299.21875,92.1875,6.72,-0.6202494859828215,661.0,286.71875,92.1875,8.043,-2.6344941491974563,720.0,299.21875,99.21875,6.298,0.5191461142465229,,,,,
694,0.0,99.21875,1.6026698174320604,-1.045,-0.517,6.664,649,0.0,92.1875,7.031,-1.5707963267948966,674,5.46875,96.09375,6.298,-0.5191461142465229,,,,,,,,,,,,,,,,,,,,
695,11.71875,99.21875,1.6622119738323753,-1.571,0.0,7.002,650,11.71875,92.1875,7.031,-1.5707963267948966,674,5.46875,96.09375,6.987,-2.677945044588987,675.0,17.96875,96.09375,6.987,-0.4636476090008061,,,,,,,,,,,,,,,
696,23.4375,99.21875,1.6308534450374124,-1.558,0.036,6.772,651,23.4375,92.1875,7.031,-1.5707963267948966,676,29.6875,96.09375,6.987,-0.4636476090008061,675.0,17.96875,96.09375,6.298,-2.62244653934327,,,,,,,,,,,,,,,
697,35.9375,99.21875,1.644145575154621,-1.585,-0.037,6.772,652,35.9375,92.1875,7.031,-1.5707963267948966,676,29.6875,96.09375,6.987,-2.677945044588987,677.0,41.40625,96.09375,6.298,-0.5191461142465229,,,,,,,,,,,,,,,
698,47.65625,99.21875,1.661587699768642,-1.571,0.0,7.002,653,47.65625,92.1875,7.031,-1.5707963267948966,677,41.40625,96.09375,6.987,-2.677945044588987,678.0,53.90625,96.09375,6.987,-0.4636476090008061,,,,,,,,,,,,,,,
699,59.375,99.21875,1.634230893218222,-1.558,0.036,6.772,654,59.375,92.1875,7.031,-1.5707963267948966,679,65.625,96.09375,6.987,-0.4636476090008061,678.0,53.90625,96.09375,6.298,-2.62244653934327,,,,,,,,,,,,,,,
700,71.875,99.21875,1.617776755900422,-1.585,-0.037,6.772,655,71.875,92.1875,7.031,-1.5707963267948966,679,65.625,96.09375,6.987,-2.677945044588987,680.0,77.34375,96.09375,6.298,-0.5191461142465229,,,,,,,,,,,,,,,
701,83.59375,99.21875,1.6550987961735242,-1.571,0.0,7.002,656,83.59375,92.1875,7.031,-1.5707963267948966,680,77.34375,96.09375,6.987,-2.677945044588987,681.0,89.84375,96.09375,6.987,-0.4636476090008061,,,,,,,,,,,,,,,
702,96.09375,99.21875,1.6004324734220583,-1.585,-0.037,6.512,681,89.84375,96.09375,6.987,-2.677945044588987,682,101.5625,96.09375,6.298,-0.5191461142465229,663.0,96.09375,92.96875,6.25,-1.5707963267948966,,,,,,,,,,,,,,,
703,107.8125,99.21875,1.6464743612160133,-1.571,0.0,7.002,657,107.8125,92.1875,7.031,-1.5707963267948966,682,101.5625,96.09375,6.987,-2.677945044588987,683.0,114.0625,96.09375,6.987,-0.4636476090008061,,,,,,,,,,,,,,,
704,120.3125,99.21875,1.6118465577425576,-1.63,-0.076,7.016,658,119.53125,92.1875,7.074,-1.6814535479687922,683,114.0625,96.09375,6.987,-2.677945044588987,684.0,126.5625,96.09375,6.987,-0.4636476090008061,,,,,,,,,,,,,,,
705,132.03125,99.21875,1.6011367530455218,-1.558,0.036,6.772,659,132.03125,92.1875,7.031,-1.5707963267948966,685,138.28125,96.09375,6.987,-0.4636476090008061,684.0,126.5625,96.09375,6.298,-2.62244653934327,,,,,,,,,,,,,,,
706,145.3125,99.21875,1.6034471554948717,-1.649,-0.119,6.993,686,151.5625,96.09375,6.987,-0.4636476090008061,685,138.28125,96.09375,7.694,-2.723368324010564,664.0,144.53125,92.96875,6.298,-1.695151321341658,,,,,,,,,,,,,,,
707,157.8125,99.21875,1.5707481466080018,-1.624,-0.069,7.275,686,151.5625,96.09375,6.987,-2.677945044588987,687,164.0625,96.09375,6.987,-0.4636476090008061,647.0,157.03125,91.40625,7.851,-1.6704649792860586,,,,,,,,,,,,,,,
708,172.65625,99.21875,1.5546000271755358,-0.908,0.265,7.475,668,177.34375,93.75,7.202,-0.8621700546672264,660,170.3125,92.1875,7.411,-1.892546881191539,709.0,180.46875,99.21875,7.812,0.0,,,,,,,,,,,,,,,
709,180.46875,99.21875,1.6378730289670762,-1.477,0.065,7.086,669,185.15625,93.75,7.202,-0.8621700546672264,710,187.5,99.21875,7.031,0.0,708.0,172.65625,99.21875,7.812,3.141592653589793,668.0,177.34375,93.75,6.298,-2.0899424410414196,,,,,,,,,,
710,187.5,99.21875,1.6010571083996619,-1.94,0.305,6.567,709,180.46875,99.21875,7.031,3.141592653589793,673,192.96875,95.3125,6.72,-0.6202494859828215,669.0,185.15625,93.75,5.949,-1.97568811307998,,,,,,,,,,,,,,,
711,213.28125,99.21875,1.558280305732558,-1.243,0.519,7.537,672,217.96875,94.53125,6.629,-0.7853981633974483,689,207.8125,96.09375,6.298,-2.62244653934327,712.0,221.875,99.21875,8.593,0.0,646.0,212.5,90.625,8.629,-1.6614562139956417,,,,,,,,,,
712,221.875,99.21875,1.5665650331324394,-1.659,-0.062,7.201,713,229.6875,99.21875,7.812,0.0,670,225.0,93.75,6.298,-1.0516502125483738,672.0,217.96875,94.53125,6.101,-2.2655346029916,711.0,213.28125,99.21875,8.593,3.141592653589793,,,,,,,,,,
713,229.6875,99.21875,1.61993719223923,-1.694,-0.089,7.453,670,225.0,93.75,7.202,-2.279422598922567,665,232.8125,92.96875,6.987,-1.1071487177940904,712.0,221.875,99.21875,7.812,3.141592653589793,714.0,237.5,99.21875,7.812,0.0,,,,,,,,,,
714,237.5,99.21875,1.487241180528077,-1.796,-0.337,7.644,690,243.75,96.09375,6.987,-0.4636476090008061,665,232.8125,92.96875,7.812,-2.214297435588181,713.0,229.6875,99.21875,7.812,3.141592653589793,648.0,239.0625,91.40625,7.967,-1.373400766945016,,,,,,,,,,
715,249.21875,99.21875,1.5485514689317976,-1.216,-0.231,6.426,716,256.25,99.21875,7.031,0.0,690,243.75,96.09375,6.298,-2.62244653934327,671.0,251.5625,93.75,5.949,-1.1659045405098132,,,,,,,,,,,,,,,
716,256.25,99.21875,1.5672515540413248,-1.646,-0.05,6.963,671,251.5625,93.75,7.202,-2.279422598922567,666,260.15625,92.96875,7.37,-1.0121970114513341,715.0,249.21875,99.21875,7.031,3.141592653589793,717.0,262.5,99.21875,6.25,0.0,,,,,,,,,,
717,262.5,99.21875,1.5730801215213113,-1.896,0.324,6.407,666,260.15625,92.96875,6.675,-1.9295669970654687,691,267.96875,96.09375,6.298,-0.5191461142465229,716.0,256.25,99.21875,6.25,3.141592653589793,,,,,,,,,,,,,,,
718,274.21875,99.21875,1.5668277806657231,-1.571,0.0,6.741,691,267.96875,96.09375,6.987,-2.677945044588987,692,280.46875,96.09375,6.987,-0.4636476090008061,667.0,274.21875,92.96875,6.25,-1.5707963267948966,,,,,,,,,,,,,,,
719,286.71875,99.21875,1.5474744448507756,-1.561,0.028,7.237,661,286.71875,92.1875,7.031,-1.5707963267948966,692,280.46875,96.09375,6.987,-2.677945044588987,693.0,293.75,96.09375,7.694,-0.4182243295792291,,,,,,,,,,,,,,,
720,299.21875,99.21875,1.54896590632077,-2.097,0.516,6.664,662,299.21875,92.1875,7.031,-1.5707963267948966,693,293.75,96.09375,6.298,-2.62244653934327,,,,,,,,,,,,,,,,,,,,
