id,x,y,psi,avg_angle,phi6,avg_dist,nbr1_id,nbr1_x,nbr1_y,nbr1_dist,nbr1_angle,nbr2_id,nbr2_x,nbr2_y,nbr2_dist,nbr2_angle,nbr3_id,nbr3_x,nbr3_y,nbr3_dist,nbr3_angle,nbr4_id,nbr4_x,nbr4_y,nbr4_dist,nbr4_angle,nbr5_id,nbr5_x,nbr5_y,nbr5_dist,nbr5_angle,nbr6_id,nbr6_x,nbr6_y,nbr6_dist,nbr6_angle,disp_field
1,0.0,0.0,1.601269462731619,0.525,0.006,6.664,2,7.03125,0.0,7.031,0.0,48,3.125,5.46875,6.298,1.0516502125483738,,,,,,,,,,,,,,,,,,,,,-0.5911974569368716
2,7.03125,0.0,1.6318603968834944,1.649,0.058,7.138,1,0.0,0.0,7.031,3.141592653589793,51,10.15625,6.25,6.987,1.1071487177940904,48.0,3.125,5.46875,6.72,2.191045812777718,3.0,14.84375,0.0,7.812,0.0,,,,,,,,,,,-0.11719745693687145
3,14.84375,0.0,1.5867716095435591,1.74,0.228,7.555,2,7.03125,0.0,7.812,3.141592653589793,51,10.15625,6.25,7.812,2.214297435588181,25.0,21.09375,1.5625,6.442,0.2449786631268641,69.0,17.1875,7.8125,8.156,1.2793395323170296,,,,,,,,,,,0.29980254306312837
4,39.0625,0.0,1.6067361302769123,1.323,-0.351,7.494,5,46.09375,0.0,7.031,0.0,27,32.8125,2.34375,6.675,2.782821983319221,70.0,37.5,7.8125,7.967,1.7681918866447774,52.0,44.53125,6.25,8.304,0.8519663271732721,,,,,,,,,,,0.23880254306312843
5,46.09375,0.0,1.5515335062742082,2.478,-0.418,6.736,4,39.0625,0.0,7.031,3.141592653589793,52,44.53125,6.25,6.442,1.8157749899217608,,,,,,,,,,,,,,,,,,,,,-0.5191974569368716
6,57.03125,0.0,1.617965085148386,1.635,0.103,7.045,31,50.78125,3.125,6.987,2.677945044588987,71,56.25,7.8125,7.851,1.6704649792860586,32.0,62.5,3.125,6.298,0.5191461142465229,,,,,,,,,,,,,,,,-0.21019745693687142
7,67.96875,0.0,1.6581108726092175,1.466,-0.193,6.424,28,74.21875,2.34375,6.675,0.3587706702705722,32,62.5,3.125,6.298,2.62244653934327,53.0,68.75,6.25,6.298,1.446441332248135,,,,,,,,,,,,,,,,-0.831197456936871
8,100.0,0.0,1.6818677784143248,1.688,0.233,6.576,34,106.25,3.125,6.987,0.4636476090008061,26,93.75,1.5625,6.442,2.896613990462929,54.0,99.21875,6.25,6.298,1.695151321341658,,,,,,,,,,,,,,,,-0.6791974569368717
9,112.5,0.0,1.623857466770567,1.57,-0.001,7.002,60,112.5,7.03125,7.031,1.5707963267948966,34,106.25,3.125,6.987,2.677945044588987,35.0,118.75,3.125,6.987,0.4636476090008061,,,,,,,,,,,,,,,,-0.25319745693687157
10,125.0,0.0,1.643735074195908,1.57,-0.001,7.002,61,125.0,7.03125,7.031,1.5707963267948966,35,118.75,3.125,6.987,2.677945044588987,36.0,131.25,3.125,6.987,0.4636476090008061,,,,,,,,,,,,,,,,-0.25319745693687157
11,137.5,0.0,1.6570904144713476,1.57,-0.001,6.741,36,131.25,3.125,6.987,2.677945044588987,37,143.75,3.125,6.987,0.4636476090008061,55.0,137.5,6.25,6.25,1.5707963267948966,,,,,,,,,,,,,,,,-0.5141974569368717
12,157.03125,0.0,1.6324646698809089,1.667,0.182,6.682,62,156.25,7.03125,7.074,1.6814535479687922,29,150.78125,2.34375,6.675,2.782821983319221,38.0,162.5,3.125,6.298,0.5191461142465229,,,,,,,,,,,,,,,,-0.573197456936871
13,168.75,0.0,1.6565180834484128,1.57,-0.001,7.002,63,168.75,7.03125,7.031,1.5707963267948966,38,162.5,3.125,6.987,2.677945044588987,39.0,175.0,3.125,6.987,0.4636476090008061,,,,,,,,,,,,,,,,-0.25319745693687157
14,181.25,0.0,1.6540535328770622,1.584,0.036,6.772,64,181.25,7.03125,7.031,1.5707963267948966,39,175.0,3.125,6.987,2.677945044588987,40.0,186.71875,3.125,6.298,0.5191461142465229,,,,,,,,,,,,,,,,-0.4831974569368711
15,195.3125,0.0,1.5389874216937958,0.958,-0.176,7.069,49,199.21875,5.46875,6.72,0.9505468408120752,16,203.125,0.0,7.812,0.0,56.0,192.96875,6.25,6.675,1.9295669970654687,,,,,,,,,,,,,,,,-0.1861974569368714
16,203.125,0.0,1.6369141764883182,1.649,0.058,7.333,57,206.25,6.25,6.987,1.1071487177940904,49,199.21875,5.46875,6.72,2.191045812777718,17.0,210.9375,0.0,7.812,0.0,15.0,195.3125,0.0,7.812,3.141592653589793,,,,,,,,,,,0.07780254306312884
17,210.9375,0.0,1.5916575721193558,1.736,0.254,7.862,65,213.28125,7.03125,7.411,1.2490457723982544,16,203.125,0.0,7.812,3.141592653589793,57.0,206.25,6.25,7.812,2.214297435588181,41.0,218.75,3.125,8.414,0.3805063771123649,,,,,,,,,,,0.6068025430631288
18,225.78125,0.0,1.606513156984153,1.581,0.028,6.977,42,232.03125,3.125,6.987,0.4636476090008061,41,218.75,3.125,7.694,2.723368324010564,58.0,225.78125,6.25,6.25,1.5707963267948966,,,,,,,,,,,,,,,,-0.27819745693687103
19,237.5,0.0,1.6342536681320003,1.557,-0.037,6.772,66,237.5,7.03125,7.031,1.5707963267948966,43,243.75,3.125,6.987,0.4636476090008061,42.0,232.03125,3.125,6.298,2.62244653934327,,,,,,,,,,,,,,,,-0.4831974569368711
20,250.0,0.0,1.6608256857314576,1.57,-0.001,7.002,67,250.0,7.03125,7.031,1.5707963267948966,43,243.75,3.125,6.987,2.677945044588987,44.0,256.25,3.125,6.987,0.4636476090008061,,,,,,,,,,,,,,,,-0.25319745693687157
21,264.0625,0.0,1.5794922234741449,1.392,-0.271,7.853,22,271.09375,0.0,7.031,0.0,59,268.75,6.25,7.812,0.9272952180016122,72.0,261.71875,7.8125,8.156,1.862253121272764,44.0,256.25,3.125,8.414,2.761086276477428,,,,,,,,,,,0.5978025430631284
22,271.09375,0.0,1.6751408780348092,1.395,-0.132,6.985,50,275.78125,5.46875,7.202,0.8621700546672264,21,264.0625,0.0,7.031,3.141592653589793,23.0,278.125,0.0,7.031,0.0,59.0,268.75,6.25,6.675,1.9295669970654687,,,,,,,,,,,-0.270197456936871
23,278.125,0.0,1.6293071368238927,1.952,-0.295,6.36,22,271.09375,0.0,7.031,3.141592653589793,47,282.8125,3.90625,6.101,0.6947382761967031,50.0,275.78125,5.46875,5.949,1.97568811307998,,,,,,,,,,,,,,,,-0.895197456936871
24,296.09375,0.0,1.6496176120381498,2.179,-0.268,7.031,68,295.3125,7.03125,7.074,1.6814535479687922,45,289.84375,3.125,6.987,2.677945044588987,,,,,,,,,,,,,,,,,,,,,-0.22419745693687165
25,21.09375,1.5625,1.465169784844835,1.638,0.227,7.177,30,28.125,3.125,7.202,0.2186689458739419,69,17.1875,7.8125,7.37,2.129395642138459,73.0,24.21875,8.59375,7.694,1.1525719972156676,3.0,14.84375,0.0,6.442,-2.896613990462929,,,,,,,,,,,-0.07819745693687175
26,93.75,1.5625,1.4551371896377905,1.299,-0.376,7.064,33,86.71875,3.125,7.202,2.922923707715851,54,99.21875,6.25,7.202,0.7086262721276703,74.0,91.40625,8.59375,7.411,1.892546881191539,8.0,100.0,0.0,6.442,-0.2449786631268641,,,,,,,,,,,-0.1911974569368713
27,32.8125,2.34375,1.470691291588652,0.79,0.479,7.026,70,37.5,7.8125,7.202,0.8621700546672264,75,31.25,9.375,7.202,1.7894652726688385,4.0,39.0625,0.0,6.675,-0.3587706702705722,,,,,,,,,,,,,,,,-0.22919745693687155
28,74.21875,2.34375,1.53266976946231,1.941,0.5,6.76,76,75.78125,9.375,7.202,1.3521273809209546,53,68.75,6.25,6.72,2.521343167606972,7.0,67.96875,0.0,6.675,-2.782821983319221,46.0,80.46875,3.90625,6.442,0.2449786631268641,,,,,,,,,,,-0.49519745693687156
29,150.78125,2.34375,1.4541870127180692,1.234,-0.428,7.038,77,149.21875,9.375,7.202,1.7894652726688385,62,156.25,7.03125,7.202,0.7086262721276703,37.0,143.75,3.125,7.074,3.0309354324158977,12.0,157.03125,0.0,6.675,-0.3587706702705722,,,,,,,,,,,-0.2171974569368711
30,28.125,3.125,1.4655224932958522,2.21,0.247,6.97,25,21.09375,1.5625,7.202,-2.922923707715851,75,31.25,9.375,6.987,1.1071487177940904,73.0,24.21875,8.59375,6.72,2.191045812777718,,,,,,,,,,,,,,,,-0.2851974569368716
31,50.78125,3.125,1.6424929627609617,1.195,0.416,7.063,71,56.25,7.8125,7.202,0.7086262721276703,81,50.0,10.15625,7.074,1.6814535479687922,52.0,44.53125,6.25,6.987,2.677945044588987,6.0,57.03125,0.0,6.987,-0.4636476090008061,,,,,,,,,,,-0.19219745693687162
32,62.5,3.125,1.6842892738908173,1.388,-0.486,7.049,53,68.75,6.25,6.987,0.4636476090008061,71,56.25,7.8125,7.812,2.498091544796509,88.0,63.28125,10.9375,7.851,1.4711276743037347,7.0,67.96875,0.0,6.298,-0.5191461142465229,6.0,57.03125,0.0,6.298,-2.62244653934327,,,,,,-0.20619745693687097
33,86.71875,3.125,1.5137010000731987,1.427,-0.238,7.099,26,93.75,1.5625,7.202,-0.2186689458739419,74,91.40625,8.59375,7.202,0.8621700546672264,82.0,83.59375,10.15625,7.694,1.9890206563741255,46.0,80.46875,3.90625,6.298,3.017237659043032,,,,,,,,,,,-0.15619745693687115
34,106.25,3.125,1.6286175238409268,1.821,0.499,7.401,60,112.5,7.03125,7.37,0.5585993153435624,8,100.0,0.0,6.987,-2.677945044588987,9.0,112.5,0.0,6.987,-0.4636476090008061,54.0,99.21875,6.25,7.694,2.723368324010564,89.0,104.6875,10.9375,7.967,1.7681918866447774,,,,,,0.14580254306312845
35,118.75,3.125,1.7073245804895971,1.57,0.418,7.149,61,125.0,7.03125,7.37,0.5585993153435624,60,112.5,7.03125,7.37,2.5829933382462307,83.0,118.75,10.15625,7.031,1.5707963267948966,10.0,125.0,0.0,6.987,-0.4636476090008061,9.0,112.5,0.0,6.987,-2.677945044588987,,,,,,-0.10619745693687133
36,131.25,3.125,1.7020616991735975,1.63,0.421,7.081,61,125.0,7.03125,7.37,2.5829933382462307,84,130.46875,10.15625,7.074,1.6814535479687922,11.0,137.5,0.0,6.987,-0.4636476090008061,10.0,125.0,0.0,6.987,-2.677945044588987,55.0,137.5,6.25,6.987,0.4636476090008061,,,,,,-0.17419745693687094
37,143.75,3.125,1.6616871474274997,1.772,-0.397,7.464,29,150.78125,2.34375,7.074,-0.1106572211738956,11,137.5,0.0,6.987,-2.677945044588987,55.0,137.5,6.25,6.987,2.677945044588987,90.0,142.1875,10.9375,7.967,1.7681918866447774,77.0,149.21875,9.375,8.304,0.8519663271732721,,,,,,0.20880254306312906
38,162.5,3.125,1.6804246525572692,1.636,0.456,7.175,63,168.75,7.03125,7.37,0.5585993153435624,62,156.25,7.03125,7.37,2.5829933382462307,13.0,168.75,0.0,6.987,-0.4636476090008061,91.0,161.71875,10.9375,7.851,1.6704649792860586,12.0,157.03125,0.0,6.298,-2.62244653934327,,,,,,-0.08019745693687153
39,175.0,3.125,1.7229508083861915,1.57,0.418,7.149,64,181.25,7.03125,7.37,0.5585993153435624,63,168.75,7.03125,7.37,2.5829933382462307,85.0,175.0,10.15625,7.031,1.5707963267948966,14.0,181.25,0.0,6.987,-0.4636476090008061,13.0,168.75,0.0,6.987,-2.677945044588987,,,,,,-0.10619745693687133
40,186.71875,3.125,1.659404214868822,1.988,-0.365,6.77,86,187.5,10.15625,7.074,1.460139105621001,56,192.96875,6.25,6.987,0.4636476090008061,64.0,181.25,7.03125,6.72,2.521343167606972,14.0,181.25,0.0,6.298,-2.62244653934327,,,,,,,,,,,-0.4851974569368718
41,218.75,3.125,1.647502689681189,1.398,-0.515,7.364,18,225.78125,0.0,7.694,-0.4182243295792291,58,225.78125,6.25,7.694,0.4182243295792291,65.0,213.28125,7.03125,6.72,2.521343167606972,78.0,219.53125,9.375,6.298,1.446441332248135,17.0,210.9375,0.0,8.414,-2.761086276477428,,,,,,0.10880254306312853
42,232.03125,3.125,1.6951392359873263,1.769,0.47,6.813,87,231.25,10.15625,7.074,1.6814535479687922,18,225.78125,0.0,6.987,-2.677945044588987,58.0,225.78125,6.25,6.987,2.677945044588987,66.0,237.5,7.03125,6.72,0.6202494859828215,19.0,237.5,0.0,6.298,-0.5191461142465229,,,,,,-0.4421974569368716
43,243.75,3.125,1.7138755433559347,1.57,0.418,7.305,67,250.0,7.03125,7.37,0.5585993153435624,66,237.5,7.03125,7.37,2.5829933382462307,20.0,250.0,0.0,6.987,-0.4636476090008061,19.0,237.5,0.0,6.987,-2.677945044588987,92.0,243.75,10.9375,7.812,1.5707963267948966,,,,,,0.04980254306312837
44,256.25,3.125,1.685621864940529,1.701,0.507,7.254,72,261.71875,7.8125,7.202,0.7086262721276703,67,250.0,7.03125,7.37,2.5829933382462307,20.0,250.0,0.0,6.987,-2.677945044588987,79.0,255.46875,9.375,6.298,1.695151321341658,21.0,264.0625,0.0,8.414,-0.3805063771123649,,,,,,-0.001197456936871788
45,289.84375,3.125,1.627295730916512,1.272,-0.439,6.864,47,282.8125,3.90625,7.074,3.0309354324158977,24,296.09375,0.0,6.987,-0.4636476090008061,68.0,295.3125,7.03125,6.72,0.6202494859828215,80.0,287.5,9.375,6.675,1.9295669970654687,,,,,,,,,,,-0.39119745693687147
46,80.46875,3.90625,1.530535379283154,1.71,0.153,6.732,76,75.78125,9.375,7.202,2.279422598922567,82,83.59375,10.15625,6.987,1.1071487177940904,28.0,74.21875,2.34375,6.442,-2.896613990462929,33.0,86.71875,3.125,6.298,-0.1243549945467614,,,,,,,,,,,-0.5231974569368711
47,282.8125,3.90625,1.639054000484805,1.911,-0.255,6.998,80,287.5,9.375,7.202,0.8621700546672264,50,275.78125,5.46875,7.202,2.922923707715851,93.0,280.46875,10.9375,7.411,1.892546881191539,45.0,289.84375,3.125,7.074,-0.1106572211738956,23.0,278.125,0.0,6.101,-2.44685437739309,,,,,,-0.2571974569368711
48,3.125,5.46875,1.6962154560044338,0.224,0.063,6.955,51,10.15625,6.25,7.074,0.1106572211738956,94,0.0,11.71875,6.987,2.0344439357957027,98.0,6.25,12.5,7.694,1.1525719972156676,2.0,7.03125,0.0,6.72,-0.9505468408120752,1.0,0.0,0.0,6.298,-2.08994244104142,,,,,,-0.3001974569368713
49,199.21875,5.46875,1.7028406343007203,2.241,0.057,7.006,100,201.5625,12.5,7.411,1.2490457723982544,57,206.25,6.25,7.074,0.1106572211738956,16.0,203.125,0.0,6.72,-0.9505468408120752,15.0,195.3125,0.0,6.72,-2.191045812777718,95.0,194.53125,11.71875,7.812,2.214297435588181,56.0,192.96875,6.25,6.298,3.017237659043032,-0.24919745693687112
50,275.78125,5.46875,1.7090319451244689,-1.297,-0.164,6.884,22,271.09375,0.0,7.202,-2.279422598922567,47,282.8125,3.90625,7.202,-0.2186689458739419,93.0,280.46875,10.9375,7.202,0.8621700546672264,59.0,268.75,6.25,7.074,3.0309354324158977,96.0,273.4375,11.71875,6.675,1.9295669970654687,23.0,278.125,0.0,5.949,-1.1659045405098132,-0.371197456936871
51,10.15625,6.25,1.6652402268203148,1.506,0.107,7.357,69,17.1875,7.8125,7.202,0.2186689458739419,98,6.25,12.5,7.37,2.129395642138459,48.0,3.125,5.46875,7.074,-3.0309354324158977,2.0,7.03125,0.0,6.987,-2.0344439357957027,102.0,13.28125,13.28125,7.694,1.1525719972156676,3.0,14.84375,0.0,7.812,-0.9272952180016122,0.10180254306312886
52,44.53125,6.25,1.636618836858806,-1.652,-0.287,7.055,70,37.5,7.8125,7.202,2.922923707715851,31,50.78125,3.125,6.987,-0.4636476090008061,81.0,50.0,10.15625,6.72,0.6202494859828215,99.0,42.1875,12.5,6.675,1.9295669970654687,5.0,46.09375,0.0,6.442,-1.3258176636680326,4.0,39.0625,0.0,8.304,-2.289626326416521,-0.20019745693687163
53,68.75,6.25,1.6480526588468,0.114,0.395,7.145,88,63.28125,10.9375,7.202,2.432966381462123,32,62.5,3.125,6.987,-2.677945044588987,76.0,75.78125,9.375,7.694,0.4182243295792291,28.0,74.21875,2.34375,6.72,-0.6202494859828215,108.0,70.3125,14.0625,7.967,1.373400766945016,7.0,67.96875,0.0,6.298,-1.695151321341658,-0.11019745693687177
54,99.21875,6.25,1.6792747287379317,-2.54,-0.333,7.327,26,93.75,1.5625,7.202,-2.432966381462123,89,104.6875,10.9375,7.202,0.7086262721276703,103.0,96.875,13.28125,7.411,1.892546881191539,34.0,106.25,3.125,7.694,-0.4182243295792291,74.0,91.40625,8.59375,8.156,2.8501358591119264,8.0,100.0,0.0,6.298,-1.446441332248135,0.07180254306312861
55,137.5,6.25,1.6864454887737474,2.33,-0.465,6.995,104,136.71875,13.28125,7.074,1.6814535479687922,36,131.25,3.125,6.987,-2.677945044588987,37.0,143.75,3.125,6.987,-0.4636476090008061,90.0,142.1875,10.9375,6.629,0.7853981633974483,84.0,130.46875,10.15625,8.043,2.6344941491974563,11.0,137.5,0.0,6.25,-1.5707963267948966,-0.26019745693687124
56,192.96875,6.25,1.6146420701091049,-1.946,0.486,6.67,40,186.71875,3.125,6.987,-2.677945044588987,86,187.5,10.15625,6.72,2.521343167606972,15.0,195.3125,0.0,6.675,-1.2120256565243244,49.0,199.21875,5.46875,6.298,-0.1243549945467614,,,,,,,,,,,-0.5851974569368714
57,206.25,6.25,1.6765364141279973,2.73,0.114,7.239,65,213.28125,7.03125,7.074,0.1106572211738956,49,199.21875,5.46875,7.074,-3.0309354324158977,16.0,203.125,0.0,6.987,-2.0344439357957027,17.0,210.9375,0.0,7.812,-0.9272952180016122,100.0,201.5625,12.5,7.812,2.214297435588181,101.0,208.59375,12.5,6.675,1.2120256565243244,-0.016197456936871468
58,225.78125,6.25,1.674140549822581,2.657,-0.472,7.101,78,219.53125,9.375,6.987,2.677945044588987,42,232.03125,3.125,6.987,-0.4636476090008061,41.0,218.75,3.125,7.694,-2.723368324010564,87.0,231.25,10.15625,6.72,0.6202494859828215,114.0,224.21875,14.0625,7.967,1.7681918866447774,18.0,225.78125,0.0,6.25,-1.5707963267948966,-0.15419745693687137
59,268.75,6.25,1.6921360515891142,0.647,-0.167,7.229,72,261.71875,7.8125,7.202,2.922923707715851,96,273.4375,11.71875,7.202,0.8621700546672264,106.0,266.40625,13.28125,7.411,1.892546881191539,50.0,275.78125,5.46875,7.074,-0.1106572211738956,21.0,264.0625,0.0,7.812,-2.214297435588181,22.0,271.09375,0.0,6.675,-1.2120256565243244,-0.026197456936871255
60,112.5,7.03125,1.678793367337408,-0.553,-0.46,7.166,34,106.25,3.125,7.37,-2.5829933382462307,35,118.75,3.125,7.37,-0.5585993153435624,109.0,113.28125,14.0625,7.074,1.460139105621001,9.0,112.5,0.0,7.031,-1.5707963267948966,83.0,118.75,10.15625,6.987,0.4636476090008061,,,,,,-0.08919745693687098
61,125.0,7.03125,1.6593792375577232,-1.792,-0.515,7.014,35,118.75,3.125,7.37,-2.5829933382462307,36,131.25,3.125,7.37,-0.5585993153435624,10.0,125.0,0.0,7.031,-1.5707963267948966,110.0,125.0,14.0625,7.031,1.5707963267948966,83.0,118.75,10.15625,6.987,2.677945044588987,84.0,130.46875,10.15625,6.298,0.5191461142465229,-0.2411974569368711
62,156.25,7.03125,1.6857564531570413,-2.226,-0.377,7.198,29,150.78125,2.34375,7.202,-2.432966381462123,38,162.5,3.125,7.37,-0.5585993153435624,77.0,149.21875,9.375,7.411,2.819842099193151,111.0,153.90625,14.0625,7.411,1.892546881191539,12.0,157.03125,0.0,7.074,-1.460139105621001,91.0,161.71875,10.9375,6.72,0.6202494859828215,-0.05719745693687095
63,168.75,7.03125,1.6735019108853035,-0.752,0.496,7.183,38,162.5,3.125,7.37,-2.5829933382462307,39,175.0,3.125,7.37,-0.5585993153435624,13.0,168.75,0.0,7.031,-1.5707963267948966,85.0,175.0,10.15625,6.987,0.4636476090008061,91.0,161.71875,10.9375,8.043,2.6344941491974563,105.0,169.53125,13.28125,6.298,1.446441332248135,-0.07219745693687152
64,181.25,7.03125,1.6921443123602915,-1.242,0.494,7.028,39,175.0,3.125,7.37,-2.5829933382462307,112,182.03125,14.0625,7.074,1.460139105621001,14.0,181.25,0.0,7.031,-1.5707963267948966,85.0,175.0,10.15625,6.987,2.677945044588987,86.0,187.5,10.15625,6.987,0.4636476090008061,40.0,186.71875,3.125,6.72,-0.6202494859828215,-0.22719745693687177
65,213.28125,7.03125,1.718821061699772,1.324,0.242,7.082,101,208.59375,12.5,7.202,2.279422598922567,17,210.9375,0.0,7.411,-1.892546881191539,113.0,215.625,14.0625,7.411,1.2490457723982544,57.0,206.25,6.25,7.074,-3.0309354324158977,41.0,218.75,3.125,6.72,-0.6202494859828215,78.0,219.53125,9.375,6.675,0.3587706702705722,-0.1731974569368715
66,237.5,7.03125,1.6792838104234948,-1.662,-0.498,7.085,43,243.75,3.125,7.37,-0.5585993153435624,92,243.75,10.9375,7.37,0.5585993153435624,115.0,237.5,14.0625,7.031,1.5707963267948966,19.0,237.5,0.0,7.031,-1.5707963267948966,87.0,231.25,10.15625,6.987,2.677945044588987,42.0,232.03125,3.125,6.72,-2.521343167606972,-0.17019745693687138
67,250.0,7.03125,1.6773820693544557,-0.691,0.481,7.157,43,243.75,3.125,7.37,-2.5829933382462307,44,256.25,3.125,7.37,-0.5585993153435624,92.0,243.75,10.9375,7.37,2.5829933382462307,20.0,250.0,0.0,7.031,-1.5707963267948966,120.0,250.78125,14.84375,7.851,1.4711276743037347,79.0,255.46875,9.375,5.949,0.4048917862850834,-0.09819745693687132
68,295.3125,7.03125,1.6156768980614968,2.846,-0.352,6.945,24,296.09375,0.0,7.074,-1.460139105621001,45,289.84375,3.125,6.72,-2.521343167606972,107.0,292.96875,13.28125,6.675,1.9295669970654687,80.0,287.5,9.375,8.156,2.8501358591119264,97.0,299.21875,11.71875,6.101,0.8760580505981934,,,,,,-0.31019745693687106
69,17.1875,7.8125,1.6928568618259288,-1.139,0.132,7.369,51,10.15625,6.25,7.202,-2.922923707715851,25,21.09375,1.5625,7.37,-1.012197011451334,73.0,24.21875,8.59375,7.074,0.1106572211738956,116.0,20.3125,14.84375,7.694,1.1525719972156676,102.0,13.28125,13.28125,6.72,2.191045812777718,3.0,14.84375,0.0,8.156,-1.862253121272764,0.11380254306312843
70,37.5,7.8125,1.6715387912378878,-2.351,-0.24,7.142,27,32.8125,2.34375,7.202,-2.279422598922567,52,44.53125,6.25,7.202,-0.2186689458739419,117.0,35.15625,14.84375,7.411,1.892546881191539,99.0,42.1875,12.5,6.629,0.7853981633974483,4.0,39.0625,0.0,7.967,-1.373400766945016,75.0,31.25,9.375,6.442,2.896613990462929,-0.113197456936871
71,56.25,7.8125,1.6255593176665013,-1.335,-0.485,7.377,31,50.78125,3.125,7.202,-2.432966381462123,118,56.25,14.84375,7.031,1.5707963267948966,88.0,63.28125,10.9375,7.694,0.4182243295792291,32.0,62.5,3.125,7.812,-0.6435011087932844,81.0,50.0,10.15625,6.675,2.782821983319221,6.0,57.03125,0.0,7.851,-1.4711276743037347,0.12180254306312843
72,261.71875,7.8125,1.6968097622658662,2.381,-0.236,7.269,44,256.25,3.125,7.202,-2.432966381462123,59,268.75,6.25,7.202,-0.2186689458739419,106.0,266.40625,13.28125,7.202,0.8621700546672264,121.0,259.375,14.84375,7.411,1.892546881191539,79.0,255.46875,9.375,6.442,2.896613990462929,21.0,264.0625,0.0,8.156,-1.2793395323170296,0.01380254306312878
73,24.21875,8.59375,1.7077311145774006,-0.042,0.079,7.329,116,20.3125,14.84375,7.37,2.129395642138459,75,31.25,9.375,7.074,0.1106572211738956,69.0,17.1875,7.8125,7.074,-3.0309354324158977,25.0,21.09375,1.5625,7.694,-1.9890206563741255,30.0,28.125,3.125,6.72,-0.9505468408120752,122.0,28.125,15.625,8.043,1.0636978224025595,0.07380254306312839
74,91.40625,8.59375,1.651388225211032,-0.842,-0.249,7.397,33,86.71875,3.125,7.202,-2.279422598922567,103,96.875,13.28125,7.202,0.7086262721276703,26.0,93.75,1.5625,7.411,-1.2490457723982544,82.0,83.59375,10.15625,7.967,2.9441970937399127,119.0,89.84375,14.84375,6.442,1.8157749899217608,54.0,99.21875,6.25,8.156,-0.2914567944778671,0.1418025430631289
75,31.25,9.375,1.682871926416469,-1.8,-0.086,6.902,27,32.8125,2.34375,7.202,-1.3521273809209546,73,24.21875,8.59375,7.074,-3.0309354324158977,30.0,28.125,3.125,6.987,-2.0344439357957027,122.0,28.125,15.625,6.987,2.0344439357957027,117.0,35.15625,14.84375,6.72,0.9505468408120752,70.0,37.5,7.8125,6.442,-0.2449786631268641,-0.3531974569368712
76,75.78125,9.375,1.6625458008087035,-1.864,0.296,7.242,28,74.21875,2.34375,7.202,-1.7894652726688385,46,80.46875,3.90625,7.202,-0.8621700546672264,108.0,70.3125,14.0625,7.202,2.432966381462123,53.0,68.75,6.25,7.694,-2.723368324010564,82.0,83.59375,10.15625,7.851,0.099668652491162,123.0,76.5625,15.625,6.298,1.446441332248135,-0.013197456936871355
77,149.21875,9.375,1.661130362103587,-1.997,-0.251,7.36,29,150.78125,2.34375,7.202,-1.3521273809209546,90,142.1875,10.9375,7.202,2.922923707715851,62.0,156.25,7.03125,7.411,-0.3217505543966422,125.0,146.875,16.40625,7.411,1.892546881191539,111.0,153.90625,14.0625,6.629,0.7853981633974483,37.0,143.75,3.125,8.304,-2.289626326416521,0.10480254306312897
78,219.53125,9.375,1.6529110454453226,-1.876,0.52,6.538,58,225.78125,6.25,6.987,-0.4636476090008061,65,213.28125,7.03125,6.675,-2.782821983319221,114.0,224.21875,14.0625,6.629,0.7853981633974483,41.0,218.75,3.125,6.298,-1.695151321341658,113.0,215.625,14.0625,6.101,2.2655346029916,,,,,,-0.7171974569368711
79,255.46875,9.375,1.6417904612281011,-0.487,-0.347,6.522,120,250.78125,14.84375,7.202,2.279422598922567,121,259.375,14.84375,6.72,0.9505468408120752,72.0,261.71875,7.8125,6.442,-0.2449786631268641,44.0,256.25,3.125,6.298,-1.446441332248135,67.0,250.0,7.03125,5.949,-2.7367008673047097,,,,,,-0.7331974569368711
80,287.5,9.375,1.6781252264236113,-0.704,-0.258,7.066,47,282.8125,3.90625,7.202,-2.279422598922567,93,280.46875,10.9375,7.202,2.922923707715851,107.0,292.96875,13.28125,6.72,0.6202494859828215,45.0,289.84375,3.125,6.675,-1.2120256565243244,124.0,285.9375,15.625,6.442,1.8157749899217608,68.0,295.3125,7.03125,8.156,-0.2914567944778671,-0.1891974569368715
81,50.0,10.15625,1.650637229511296,-2.784,-0.352,7.308,126,47.65625,17.1875,7.411,1.892546881191539,31,50.78125,3.125,7.074,-1.460139105621001,52.0,44.53125,6.25,6.72,-2.521343167606972,118.0,56.25,14.84375,7.812,0.6435011087932844,71.0,56.25,7.8125,6.675,-0.3587706702705722,99.0,42.1875,12.5,8.156,2.8501358591119264,0.05280254306312848
82,83.59375,10.15625,1.6337425688854796,-0.595,-0.136,7.557,128,83.59375,17.1875,7.031,1.5707963267948966,46,80.46875,3.90625,6.987,-2.0344439357957027,33.0,86.71875,3.125,7.694,-1.1525719972156676,119.0,89.84375,14.84375,7.812,0.6435011087932844,76.0,75.78125,9.375,7.851,-3.0419240010986317,74.0,91.40625,8.59375,7.967,-0.1973955598498807,0.30180254306312904
83,118.75,10.15625,1.694192765974473,1.007,0.496,7.158,110,125.0,14.0625,7.37,0.5585993153435624,35,118.75,3.125,7.031,-1.5707963267948966,61.0,125.0,7.03125,6.987,-0.4636476090008061,60.0,112.5,7.03125,6.987,-2.677945044588987,109.0,113.28125,14.0625,6.72,2.521343167606972,138.0,119.53125,17.96875,7.851,1.4711276743037347,-0.09719745693687099
84,130.46875,10.15625,1.6916829453829214,0.15,0.497,7.033,36,131.25,3.125,7.074,-1.460139105621001,130,131.25,17.1875,7.074,1.460139105621001,104.0,136.71875,13.28125,6.987,0.4636476090008061,110.0,125.0,14.0625,6.72,2.521343167606972,55.0,137.5,6.25,8.043,-0.507098504392337,61.0,125.0,7.03125,6.298,-2.62244653934327,-0.22219745693687099
85,175.0,10.15625,1.7123482248970177,0.609,0.503,7.07,132,175.78125,17.1875,7.074,1.460139105621001,39,175.0,3.125,7.031,-1.5707963267948966,64.0,181.25,7.03125,6.987,-0.4636476090008061,63.0,168.75,7.03125,6.987,-2.677945044588987,112.0,182.03125,14.0625,8.043,0.507098504392337,105.0,169.53125,13.28125,6.298,2.62244653934327,-0.18519745693687106
86,187.5,10.15625,1.7201520677009452,-0.922,0.379,6.984,95,194.53125,11.71875,7.202,0.2186689458739419,133,189.0625,17.1875,7.202,1.3521273809209546,40.0,186.71875,3.125,7.074,-1.6814535479687922,64.0,181.25,7.03125,6.987,-2.677945044588987,56.0,192.96875,6.25,6.72,-0.6202494859828215,112.0,182.03125,14.0625,6.72,2.521343167606972,-0.27119745693687136
87,231.25,10.15625,1.6753022135456537,-0.041,-0.471,7.204,115,237.5,14.0625,7.37,0.5585993153435624,42,232.03125,3.125,7.074,-1.460139105621001,134.0,231.25,17.1875,7.031,1.5707963267948966,66.0,237.5,7.03125,6.987,-0.4636476090008061,58.0,225.78125,6.25,6.72,-2.521343167606972,114.0,224.21875,14.0625,8.043,2.6344941491974563,-0.05119745693687161
88,63.28125,10.9375,1.6123564368694463,-2.5,0.443,7.456,53,68.75,6.25,7.202,-0.7086262721276703,71,56.25,7.8125,7.694,-2.723368324010564,108.0,70.3125,14.0625,7.694,0.4182243295792291,32.0,62.5,3.125,7.851,-1.6704649792860586,118.0,56.25,14.84375,8.043,2.6344941491974563,127.0,63.28125,17.1875,6.25,1.5707963267948966,0.20080254306312906
89,104.6875,10.9375,1.5520249707438842,2.837,-0.267,7.601,54,99.21875,6.25,7.202,-2.432966381462123,129,107.8125,17.1875,6.987,1.1071487177940904,137.0,101.5625,17.96875,7.694,1.9890206563741255,34.0,106.25,3.125,7.967,-1.373400766945016,103.0,96.875,13.28125,8.156,2.8501358591119264,,,,,,0.34580254306312863
90,142.1875,10.9375,1.6350171781548068,1.984,-0.27,7.184,77,149.21875,9.375,7.202,-0.2186689458739419,125,146.875,16.40625,7.202,0.8621700546672264,55.0,137.5,6.25,6.629,-2.356194490192345,37.0,143.75,3.125,7.967,-1.373400766945016,142.0,139.84375,18.75,8.156,1.862253121272764,104.0,136.71875,13.28125,5.949,2.7367008673047097,-0.07119745693687118
91,161.71875,10.9375,1.6326226701524704,-0.713,-0.516,7.643,62,156.25,7.03125,6.72,-2.521343167606972,131,164.0625,17.1875,6.675,1.2120256565243244,38.0,162.5,3.125,7.851,-1.4711276743037347,63.0,168.75,7.03125,8.043,-0.507098504392337,105.0,169.53125,13.28125,8.156,0.2914567944778671,111.0,153.90625,14.0625,8.414,2.761086276477428,0.38780254306312845
92,243.75,10.9375,1.6893799818085466,-1.729,-0.517,7.435,66,237.5,7.03125,7.37,-2.5829933382462307,67,250.0,7.03125,7.37,-0.5585993153435624,140.0,243.75,17.96875,7.031,1.5707963267948966,115.0,237.5,14.0625,6.987,2.677945044588987,43.0,243.75,3.125,7.812,-1.5707963267948966,120.0,250.78125,14.84375,8.043,0.507098504392337,0.17980254306312826
93,280.46875,10.9375,1.7060198088624987,-1.33,-0.202,7.128,50,275.78125,5.46875,7.202,-2.279422598922567,80,287.5,9.375,7.202,-0.2186689458739419,124.0,285.9375,15.625,7.202,0.7086262721276703,47.0,282.8125,3.90625,7.411,-1.2490457723982544,96.0,273.4375,11.71875,7.074,3.0309354324158977,135.0,278.125,17.1875,6.675,1.9295669970654687,-0.12719745693687123
94,0.0,11.71875,1.6469956978133964,0.092,0.16,6.653,48,3.125,5.46875,6.987,-1.1071487177940904,136,2.34375,17.96875,6.675,1.2120256565243244,98.0,6.25,12.5,6.298,0.1243549945467614,,,,,,,,,,,,,,,,-0.6021974569368718
95,194.53125,11.71875,1.641893639968735,1.095,0.184,7.362,86,187.5,10.15625,7.202,-2.922923707715851,100,201.5625,12.5,7.074,0.1106572211738956,139.0,197.65625,17.96875,6.987,1.1071487177940904,133.0,189.0625,17.1875,7.733,2.356194490192345,49.0,199.21875,5.46875,7.812,-0.9272952180016122,,,,,,0.10680254306312875
96,273.4375,11.71875,1.680908012731697,1.154,-0.178,7.128,59,268.75,6.25,7.202,-2.279422598922567,106,266.40625,13.28125,7.202,2.922923707715851,135.0,278.125,17.1875,7.202,0.8621700546672264,144.0,271.09375,18.75,7.411,1.892546881191539,93.0,280.46875,10.9375,7.074,-0.1106572211738956,50.0,275.78125,5.46875,6.675,-1.2120256565243244,-0.12719745693687123
97,299.21875,11.71875,1.694462137720972,2.878,0.508,6.28,107,292.96875,13.28125,6.442,2.896613990462929,141,298.4375,17.96875,6.298,1.695151321341658,68.0,295.3125,7.03125,6.101,-2.2655346029916,,,,,,,,,,,,,,,,-0.9751974569368711
98,6.25,12.5,1.6672179433965872,-2.375,0.096,7.142,51,10.15625,6.25,7.37,-1.012197011451334,102,13.28125,13.28125,7.074,0.1106572211738956,48.0,3.125,5.46875,7.694,-1.9890206563741255,145.0,9.375,19.53125,7.694,1.1525719972156676,136.0,2.34375,17.96875,6.72,2.191045812777718,94.0,0.0,11.71875,6.298,-3.017237659043032,-0.113197456936871
99,42.1875,12.5,1.668671992629716,-0.156,-0.264,7.247,126,47.65625,17.1875,7.202,0.7086262721276703,117,35.15625,14.84375,7.411,2.819842099193151,146.0,39.84375,19.53125,7.411,1.892546881191539,52.0,44.53125,6.25,6.675,-1.2120256565243244,70.0,37.5,7.8125,6.629,-2.356194490192345,81.0,50.0,10.15625,8.156,-0.2914567944778671,-0.008197456936871461
100,201.5625,12.5,1.6306448064074714,-0.77,0.098,7.173,49,199.21875,5.46875,7.411,-1.892546881191539,95,194.53125,11.71875,7.074,-3.0309354324158977,101.0,208.59375,12.5,7.031,0.0,143.0,204.6875,18.75,6.987,1.1071487177940904,139.0,197.65625,17.96875,6.72,2.191045812777718,57.0,206.25,6.25,7.812,-0.9272952180016122,-0.0821974569368713
101,208.59375,12.5,1.6440705821551795,1.078,0.119,7.196,65,213.28125,7.03125,7.202,-0.8621700546672264,113,215.625,14.0625,7.202,0.2186689458739419,143.0,204.6875,18.75,7.37,2.129395642138459,100.0,201.5625,12.5,7.031,3.141592653589793,148.0,211.71875,19.53125,7.694,1.1525719972156676,57.0,206.25,6.25,6.675,-1.9295669970654687,-0.05919745693687162
102,13.28125,13.28125,1.685025440073259,1.336,0.111,7.292,116,20.3125,14.84375,7.202,0.2186689458739419,145,9.375,19.53125,7.37,2.129395642138459,98.0,6.25,12.5,7.074,-3.0309354324158977,51.0,10.15625,6.25,7.694,-1.9890206563741255,149.0,16.40625,20.3125,7.694,1.1525719972156676,69.0,17.1875,7.8125,6.72,-0.9505468408120752,0.03680254306312847
103,96.875,13.28125,1.685924710949948,-2.945,-0.252,7.335,74,91.40625,8.59375,7.202,-2.432966381462123,119,89.84375,14.84375,7.202,2.922923707715851,54.0,99.21875,6.25,7.411,-1.2490457723982544,150.0,94.53125,20.3125,7.411,1.892546881191539,137.0,101.5625,17.96875,6.629,0.7853981633974483,89.0,104.6875,10.9375,8.156,-0.2914567944778671,0.07980254306312862
104,136.71875,13.28125,1.6252534020355702,-2.013,0.448,6.606,55,137.5,6.25,7.074,-1.460139105621001,84,130.46875,10.15625,6.987,-2.677945044588987,130.0,131.25,17.1875,6.72,2.521343167606972,142.0,139.84375,18.75,6.298,1.0516502125483738,90.0,142.1875,10.9375,5.949,-0.4048917862850834,,,,,,-0.6491974569368715
105,169.53125,13.28125,1.6592205179048969,2.061,0.457,7.109,132,175.78125,17.1875,7.37,0.5585993153435624,131,164.0625,17.1875,6.72,2.521343167606972,158.0,169.53125,21.09375,7.812,1.5707963267948966,91.0,161.71875,10.9375,8.156,-2.8501358591119264,63.0,168.75,7.03125,6.298,-1.695151321341658,85.0,175.0,10.15625,6.298,-0.5191461142465229,-0.14619745693687136
106,266.40625,13.28125,1.7215968683502516,-2.772,-0.187,7.319,72,261.71875,7.8125,7.202,-2.279422598922567,96,273.4375,11.71875,7.202,-0.2186689458739419,121.0,259.375,14.84375,7.202,2.922923707715851,144.0,271.09375,18.75,7.202,0.8621700546672264,59.0,268.75,6.25,7.411,-1.2490457723982544,153.0,263.28125,20.3125,7.694,1.9890206563741255,0.0638025430631286
107,292.96875,13.28125,1.649142704660728,1.558,-0.283,6.977,141,298.4375,17.96875,7.202,0.7086262721276703,124,285.9375,15.625,7.411,2.819842099193151,154.0,290.625,20.3125,7.411,1.892546881191539,80.0,287.5,9.375,6.72,-2.521343167606972,68.0,295.3125,7.03125,6.675,-1.2120256565243244,97.0,299.21875,11.71875,6.442,-0.2449786631268641,-0.27819745693687103
108,70.3125,14.0625,1.63144702102428,-1.588,0.347,7.526,76,75.78125,9.375,7.202,-0.7086262721276703,88,63.28125,10.9375,7.694,-2.723368324010564,127.0,63.28125,17.1875,7.694,2.723368324010564,53.0,68.75,6.25,7.967,-1.7681918866447774,123.0,76.5625,15.625,6.442,0.2449786631268641,163.0,72.65625,21.875,8.156,1.2793395323170296,0.27080254306312845
109,113.28125,14.0625,1.6667357456962,0.583,-0.459,6.899,138,119.53125,17.96875,7.37,0.5585993153435624,60,112.5,7.03125,7.074,-1.6814535479687922,156.0,113.28125,21.09375,7.031,1.5707963267948966,83.0,118.75,10.15625,6.72,-0.6202494859828215,129.0,107.8125,17.1875,6.298,2.62244653934327,,,,,,-0.3561974569368713
110,125.0,14.0625,1.7181829948890108,-0.542,0.47,7.113,83,118.75,10.15625,7.37,-2.5829933382462307,61,125.0,7.03125,7.031,-1.5707963267948966,130.0,131.25,17.1875,6.987,0.4636476090008061,84.0,130.46875,10.15625,6.72,-0.6202494859828215,138.0,119.53125,17.96875,6.72,2.521343167606972,164.0,125.78125,21.875,7.851,1.4711276743037347,-0.14219745693687091
111,153.90625,14.0625,1.6807936175626974,-3.103,-0.258,7.413,147,158.59375,19.53125,7.202,0.8621700546672264,62,156.25,7.03125,7.411,-1.2490457723982544,157.0,151.5625,21.09375,7.411,1.892546881191539,125.0,146.875,16.40625,7.411,2.819842099193151,77.0,149.21875,9.375,6.629,-2.356194490192345,91.0,161.71875,10.9375,8.414,-0.3805063771123649,0.1578025430631289
112,182.03125,14.0625,1.6439649015984104,-2.458,0.495,7.265,64,181.25,7.03125,7.074,-1.6814535479687922,159,181.25,21.09375,7.074,1.6814535479687922,132.0,175.78125,17.1875,6.987,2.677945044588987,133.0,189.0625,17.1875,7.694,0.4182243295792291,86.0,187.5,10.15625,6.72,-0.6202494859828215,85.0,175.0,10.15625,8.043,-2.6344941491974563,0.009802543063128333
113,215.625,14.0625,1.6880641316669416,-0.813,0.125,7.169,101,208.59375,12.5,7.202,-2.922923707715851,65,213.28125,7.03125,7.411,-1.892546881191539,151.0,218.75,20.3125,6.987,1.1071487177940904,148.0,211.71875,19.53125,6.72,2.191045812777718,78.0,219.53125,9.375,6.101,-0.8760580505981934,114.0,224.21875,14.0625,8.593,0.0,-0.08619745693687175
114,224.21875,14.0625,1.6162571802744548,-0.052,0.481,7.513,134,231.25,17.1875,7.694,0.4182243295792291,78,219.53125,9.375,6.629,-2.356194490192345,58.0,225.78125,6.25,7.967,-1.373400766945016,87.0,231.25,10.15625,8.043,-0.507098504392337,152.0,225.78125,20.3125,6.442,1.3258176636680326,151.0,218.75,20.3125,8.304,2.289626326416521,0.25780254306312855
115,237.5,14.0625,1.724012369559364,-3.087,-0.474,7.136,87,231.25,10.15625,7.37,-2.5829933382462307,140,243.75,17.96875,7.37,0.5585993153435624,160.0,236.71875,21.09375,7.074,1.6814535479687922,66.0,237.5,7.03125,7.031,-1.5707963267948966,134.0,231.25,17.1875,6.987,2.677945044588987,92.0,243.75,10.9375,6.987,-0.4636476090008061,-0.11919745693687123
116,20.3125,14.84375,1.6742015563936594,-1.173,0.086,7.368,102,13.28125,13.28125,7.202,-2.922923707715851,73,24.21875,8.59375,7.37,-1.012197011451334,155.0,24.21875,21.09375,7.37,1.012197011451334,69.0,17.1875,7.8125,7.694,-1.9890206563741255,149.0,16.40625,20.3125,6.72,2.191045812777718,122.0,28.125,15.625,7.851,0.099668652491162,0.11280254306312898
117,35.15625,14.84375,1.6938792574425607,-1.319,-0.199,7.109,70,37.5,7.8125,7.411,-1.2490457723982544,99,42.1875,12.5,7.411,-0.3217505543966422,162.0,32.8125,21.875,7.411,1.892546881191539,122.0,28.125,15.625,7.074,3.0309354324158977,75.0,31.25,9.375,6.72,-2.191045812777718,146.0,39.84375,19.53125,6.629,0.7853981633974483,-0.14619745693687136
118,56.25,14.84375,1.6086876906432312,-0.543,-0.492,7.742,127,63.28125,17.1875,7.411,0.3217505543966422,71,56.25,7.8125,7.031,-1.5707963267948966,81.0,50.0,10.15625,7.812,-2.498091544796509,88.0,63.28125,10.9375,8.043,-0.507098504392337,168.0,59.375,22.65625,8.414,1.1902899496825317,,,,,,0.48680254306312865
119,89.84375,14.84375,1.6962271139190972,2.072,-0.279,7.248,103,96.875,13.28125,7.202,-0.2186689458739419,150,94.53125,20.3125,7.202,0.8621700546672264,82.0,83.59375,10.15625,7.812,-2.498091544796509,128.0,83.59375,17.1875,6.675,2.782821983319221,74.0,91.40625,8.59375,6.442,-1.3258176636680326,171.0,87.5,22.65625,8.156,1.862253121272764,-0.007197456936871127
120,250.78125,14.84375,1.6541624806957502,-3.011,-0.454,7.716,79,255.46875,9.375,7.202,-0.8621700546672264,165,249.21875,21.875,7.202,1.7894652726688385,140.0,243.75,17.96875,7.694,2.723368324010564,67.0,250.0,7.03125,7.851,-1.6704649792860586,92.0,243.75,10.9375,8.043,-2.6344941491974563,161.0,256.25,21.09375,8.304,0.8519663271732721,0.46080254306312884
121,259.375,14.84375,1.7119605028632805,-2.09,-0.112,7.272,106,266.40625,13.28125,7.202,-0.2186689458739419,72,261.71875,7.8125,7.411,-1.2490457723982544,161.0,256.25,21.09375,6.987,2.0344439357957027,79.0,255.46875,9.375,6.72,-2.191045812777718,153.0,263.28125,20.3125,6.72,0.9505468408120752,120.0,250.78125,14.84375,8.593,3.141592653589793,0.016802543063128894
122,28.125,15.625,1.624382939200465,-1.628,-0.014,7.415,117,35.15625,14.84375,7.074,-0.1106572211738956,75,31.25,9.375,6.987,-1.1071487177940904,155.0,24.21875,21.09375,6.72,2.191045812777718,162.0,32.8125,21.875,7.812,0.9272952180016122,116.0,20.3125,14.84375,7.851,-3.0419240010986317,73.0,24.21875,8.59375,8.043,-2.0778948311872334,0.1598025430631287
123,76.5625,15.625,1.624487874289312,1.797,0.214,7.071,128,83.59375,17.1875,7.202,0.2186689458739419,163,72.65625,21.875,7.37,2.129395642138459,170.0,80.46875,22.65625,8.043,1.0636978224025595,108.0,70.3125,14.0625,6.442,-2.896613990462929,76.0,75.78125,9.375,6.298,-1.695151321341658,,,,,,-0.18419745693687162
124,285.9375,15.625,1.6571994770281502,-2.185,-0.288,7.27,93,280.46875,10.9375,7.202,-2.432966381462123,107,292.96875,13.28125,7.411,-0.3217505543966422,154.0,290.625,20.3125,6.629,0.7853981633974483,135.0,278.125,17.1875,7.967,2.9441970937399127,176.0,284.375,23.4375,7.967,1.7681918866447774,80.0,287.5,9.375,6.442,-1.3258176636680326,0.014802543063128226
125,146.875,16.40625,1.6651954937242432,-0.158,-0.267,7.211,90,142.1875,10.9375,7.202,-2.279422598922567,173,145.3125,23.4375,7.202,1.7894652726688385,111.0,153.90625,14.0625,7.411,-0.3217505543966422,77.0,149.21875,9.375,7.411,-1.2490457723982544,142.0,139.84375,18.75,7.411,2.819842099193151,157.0,151.5625,21.09375,6.629,0.7853981633974483,-0.04419745693687105
126,47.65625,17.1875,1.6298879181963846,2.831,-0.273,7.184,99,42.1875,12.5,7.202,-2.432966381462123,167,52.34375,22.65625,7.202,0.8621700546672264,81.0,50.0,10.15625,7.411,-1.2490457723982544,146.0,39.84375,19.53125,8.156,2.8501358591119264,166.0,45.3125,22.65625,5.949,1.97568811307998,,,,,,-0.07119745693687118
127,63.28125,17.1875,1.642114560640084,-2.817,0.381,6.875,118,56.25,14.84375,7.411,-2.819842099193151,108,70.3125,14.0625,7.694,-0.4182243295792291,168.0,59.375,22.65625,6.72,2.191045812777718,169.0,66.40625,22.65625,6.298,1.0516502125483738,88.0,63.28125,10.9375,6.25,-1.5707963267948966,,,,,,-0.38019745693687135
128,83.59375,17.1875,1.6527074535543234,1.192,-0.138,6.785,123,76.5625,15.625,7.202,-2.922923707715851,82,83.59375,10.15625,7.031,-1.5707963267948966,171.0,87.5,22.65625,6.72,0.9505468408120752,119.0,89.84375,14.84375,6.675,-0.3587706702705722,170.0,80.46875,22.65625,6.298,2.08994244104142,,,,,,-0.4701974569368712
129,107.8125,17.1875,1.6589172485203274,1.57,-0.343,6.549,89,104.6875,10.9375,6.987,-2.0344439357957027,156,113.28125,21.09375,6.72,0.6202494859828215,172.0,106.25,23.4375,6.442,1.8157749899217608,109.0,113.28125,14.0625,6.298,-0.5191461142465229,137.0,101.5625,17.96875,6.298,3.017237659043032,,,,,,-0.706197456936871
130,131.25,17.1875,1.7030192936965811,-2.648,0.467,7.037,164,125.78125,21.875,7.202,2.432966381462123,178,132.8125,24.21875,7.202,1.3521273809209546,84.0,130.46875,10.15625,7.074,-1.6814535479687922,110.0,125.0,14.0625,6.987,-2.677945044588987,104.0,136.71875,13.28125,6.72,-0.6202494859828215,,,,,,-0.21819745693687143
131,164.0625,17.1875,1.6582997014359817,1.07,0.451,6.628,179,163.28125,24.21875,7.074,1.6814535479687922,105,169.53125,13.28125,6.72,-0.6202494859828215,158.0,169.53125,21.09375,6.72,0.6202494859828215,91.0,161.71875,10.9375,6.675,-1.9295669970654687,147.0,158.59375,19.53125,5.949,2.7367008673047097,,,,,,-0.6271974569368712
132,175.78125,17.1875,1.7012079341383644,2.182,-0.516,7.092,105,169.53125,13.28125,7.37,-2.5829933382462307,158,169.53125,21.09375,7.37,2.5829933382462307,85.0,175.0,10.15625,7.074,-1.6814535479687922,180.0,175.78125,24.21875,7.031,1.5707963267948966,112.0,182.03125,14.0625,6.987,-0.4636476090008061,159.0,181.25,21.09375,6.72,0.6202494859828215,-0.1631974569368717
133,189.0625,17.1875,1.6116907176381114,-0.252,0.173,7.673,86,187.5,10.15625,7.202,-1.7894652726688385,174,192.96875,23.4375,7.37,1.012197011451334,181.0,186.71875,24.21875,7.411,1.892546881191539,112.0,182.03125,14.0625,7.694,-2.723368324010564,95.0,194.53125,11.71875,7.733,-0.7853981633974483,139.0,197.65625,17.96875,8.629,0.0906598872007451,0.4178025430631287
134,231.25,17.1875,1.7253888130817383,2.272,-0.495,6.967,183,230.46875,24.21875,7.074,1.6814535479687922,87,231.25,10.15625,7.031,-1.5707963267948966,115.0,237.5,14.0625,6.987,-0.4636476090008061,114.0,224.21875,14.0625,7.694,-2.723368324010564,160.0,236.71875,21.09375,6.72,0.6202494859828215,152.0,225.78125,20.3125,6.298,2.62244653934327,-0.2881974569368717
135,278.125,17.1875,1.6665011095361892,-2.29,-0.224,7.144,96,273.4375,11.71875,7.202,-2.279422598922567,144,271.09375,18.75,7.202,2.922923707715851,93.0,280.46875,10.9375,6.675,-1.2120256565243244,175.0,275.78125,23.4375,6.675,1.9295669970654687,124.0,285.9375,15.625,7.967,-0.1973955598498807,,,,,,-0.11119745693687122
136,2.34375,17.96875,1.4563447090043506,-0.371,0.284,6.76,145,9.375,19.53125,7.202,0.2186689458739419,98,6.25,12.5,6.72,-0.9505468408120752,94.0,0.0,11.71875,6.675,-1.9295669970654687,177.0,3.90625,24.21875,6.442,1.3258176636680326,,,,,,,,,,,-0.49519745693687156
137,101.5625,17.96875,1.680403420458683,1.301,-0.2,7.108,172,106.25,23.4375,7.202,0.8621700546672264,150,94.53125,20.3125,7.411,2.819842099193151,185.0,99.21875,25.0,7.411,1.892546881191539,89.0,104.6875,10.9375,7.694,-1.1525719972156676,103.0,96.875,13.28125,6.629,-2.356194490192345,129.0,107.8125,17.1875,6.298,-0.1243549945467614,-0.1471974569368717
138,119.53125,17.96875,1.69302205332357,-2.521,0.513,7.352,109,113.28125,14.0625,7.37,-2.5829933382462307,164,125.78125,21.875,7.37,0.5585993153435624,156.0,113.28125,21.09375,6.987,2.677945044588987,110.0,125.0,14.0625,6.72,-0.6202494859828215,188.0,119.53125,25.78125,7.812,1.5707963267948966,83.0,118.75,10.15625,7.851,-1.6704649792860586,0.09680254306312897
139,197.65625,17.96875,1.703412941120744,3.097,0.117,7.214,174,192.96875,23.4375,7.202,2.279422598922567,143,204.6875,18.75,7.074,0.1106572211738956,95.0,194.53125,11.71875,6.987,-2.0344439357957027,100.0,201.5625,12.5,6.72,-0.9505468408120752,182.0,200.0,24.21875,6.675,1.2120256565243244,133.0,189.0625,17.1875,8.629,-3.050932766389048,-0.041197456936870935
140,243.75,17.96875,1.7056793632021017,3.004,-0.434,7.413,115,237.5,14.0625,7.37,-2.5829933382462307,92,243.75,10.9375,7.031,-1.5707963267948966,120.0,250.78125,14.84375,7.694,-0.4182243295792291,160.0,236.71875,21.09375,7.694,2.723368324010564,165.0,249.21875,21.875,6.72,0.6202494859828215,190.0,242.1875,25.78125,7.967,1.7681918866447774,0.1578025430631289
141,298.4375,17.96875,1.474006409557848,-2.935,-0.49,7.025,107,292.96875,13.28125,7.202,-2.432966381462123,184,296.875,24.21875,6.442,1.8157749899217608,154.0,290.625,20.3125,8.156,2.8501358591119264,97.0,299.21875,11.71875,6.298,-1.446441332248135,,,,,,,,,,,-0.230197456936871
142,139.84375,18.75,1.6192484737697008,-0.345,-0.338,7.228,173,145.3125,23.4375,7.202,0.7086262721276703,125,146.875,16.40625,7.411,-0.3217505543966422,189.0,139.0625,25.78125,7.074,1.6814535479687922,90.0,142.1875,10.9375,8.156,-1.2793395323170296,104.0,136.71875,13.28125,6.298,-2.08994244104142,,,,,,-0.02719745693687159
143,204.6875,18.75,1.7193962511985366,-2.508,0.093,7.116,182,200.0,24.21875,7.202,2.279422598922567,101,208.59375,12.5,7.37,-1.012197011451334,148.0,211.71875,19.53125,7.074,0.1106572211738956,139.0,197.65625,17.96875,7.074,-3.0309354324158977,100.0,201.5625,12.5,6.987,-2.0344439357957027,186.0,207.8125,25.0,6.987,1.1071487177940904,-0.1391974569368717
144,271.09375,18.75,1.6987336895019227,-1.91,-0.196,7.351,106,266.40625,13.28125,7.202,-2.279422598922567,135,278.125,17.1875,7.202,-0.2186689458739419,96.0,273.4375,11.71875,7.411,-1.2490457723982544,191.0,267.96875,25.78125,7.694,1.9890206563741255,175.0,275.78125,23.4375,6.629,0.7853981633974483,153.0,263.28125,20.3125,7.967,2.9441970937399127,0.09580254306312863
145,9.375,19.53125,1.6570556898696722,-2.6,0.184,7.291,136,2.34375,17.96875,7.202,-2.922923707715851,177,3.90625,24.21875,7.202,2.432966381462123,192.0,10.9375,26.5625,7.202,1.3521273809209546,102.0,13.28125,13.28125,7.37,-1.012197011451334,149.0,16.40625,20.3125,7.074,0.1106572211738956,98.0,6.25,12.5,7.694,-1.9890206563741255,0.03580254306312902
146,39.84375,19.53125,1.6298848535908257,-0.263,-0.348,7.026,99,42.1875,12.5,7.411,-1.2490457723982544,162,32.8125,21.875,7.411,2.819842099193151,117.0,35.15625,14.84375,6.629,-2.356194490192345,126.0,47.65625,17.1875,8.156,-0.2914567944778671,166.0,45.3125,22.65625,6.298,0.5191461142465229,187.0,39.84375,25.78125,6.25,1.5707963267948966,-0.22919745693687155
147,158.59375,19.53125,1.5963766700654198,1.854,-0.329,6.837,111,153.90625,14.0625,7.202,-2.279422598922567,157,151.5625,21.09375,7.202,2.922923707715851,194.0,157.03125,26.5625,7.202,1.7894652726688385,179.0,163.28125,24.21875,6.629,0.7853981633974483,131.0,164.0625,17.1875,5.949,-0.4048917862850834,,,,,,-0.4181974569368716
148,211.71875,19.53125,1.7045871717657668,-0.463,0.089,7.221,151,218.75,20.3125,7.074,0.1106572211738956,143,204.6875,18.75,7.074,-3.0309354324158977,101.0,208.59375,12.5,7.694,-1.9890206563741255,113.0,215.625,14.0625,6.72,-0.9505468408120752,186.0,207.8125,25.0,6.72,2.191045812777718,195.0,215.625,26.5625,8.043,1.0636978224025595,-0.03419745693687126
149,16.40625,20.3125,1.6854826409353831,-1.937,0.11,7.438,145,9.375,19.53125,7.074,-3.0309354324158977,193,19.53125,26.5625,6.987,1.1071487177940904,102.0,13.28125,13.28125,7.694,-1.9890206563741255,116.0,20.3125,14.84375,6.72,-0.9505468408120752,155.0,24.21875,21.09375,7.851,0.099668652491162,192.0,10.9375,26.5625,8.304,2.289626326416521,0.18280254306312838
150,94.53125,20.3125,1.698242908441781,-0.468,-0.254,7.37,119,89.84375,14.84375,7.202,-2.279422598922567,103,96.875,13.28125,7.411,-1.2490457723982544,137.0,101.5625,17.96875,7.411,-0.3217505543966422,171.0,87.5,22.65625,7.411,2.819842099193151,185.0,99.21875,25.0,6.629,0.7853981633974483,201.0,92.1875,28.125,8.156,1.862253121272764,0.11480254306312876
151,218.75,20.3125,1.6974480697160563,-0.05,0.043,7.292,196,222.65625,26.5625,7.37,1.012197011451334,148,211.71875,19.53125,7.074,-3.0309354324158977,152.0,225.78125,20.3125,7.031,0.0,113.0,215.625,14.0625,6.987,-2.0344439357957027,195.0,215.625,26.5625,6.987,2.0344439357957027,114.0,224.21875,14.0625,8.304,-0.8519663271732721,0.03680254306312847
152,225.78125,20.3125,1.629632290532412,2.233,-0.13,6.572,151,218.75,20.3125,7.031,3.141592653589793,196,222.65625,26.5625,6.987,2.0344439357957027,114.0,224.21875,14.0625,6.442,-1.8157749899217608,134.0,231.25,17.1875,6.298,-0.5191461142465229,183.0,230.46875,24.21875,6.101,0.6947382761967031,,,,,,-0.6831974569368713
153,263.28125,20.3125,1.6728999484517069,-0.944,-0.14,7.512,191,267.96875,25.78125,7.202,0.8621700546672264,161,256.25,21.09375,7.074,3.0309354324158977,106.0,266.40625,13.28125,7.694,-1.1525719972156676,121.0,259.375,14.84375,6.72,-2.191045812777718,144.0,271.09375,18.75,7.967,-0.1973955598498807,205.0,260.15625,28.125,8.414,1.9513027039072612,0.2568025430631282
154,290.625,20.3125,1.657657584125647,0.044,-0.383,7.271,184,296.875,24.21875,7.37,0.5585993153435624,107,292.96875,13.28125,7.411,-1.2490457723982544,199.0,291.40625,27.34375,7.074,1.460139105621001,176.0,284.375,23.4375,6.987,2.677945044588987,124.0,285.9375,15.625,6.629,-2.356194490192345,141.0,298.4375,17.96875,8.156,-0.2914567944778671,0.01580254306312856
155,24.21875,21.09375,1.647388693274202,-3.03,0.083,7.46,193,19.53125,26.5625,7.202,2.279422598922567,116,20.3125,14.84375,7.37,-2.129395642138459,197.0,27.34375,27.34375,6.987,1.1071487177940904,122.0,28.125,15.625,6.72,-0.9505468408120752,149.0,16.40625,20.3125,7.851,-3.0419240010986317,162.0,32.8125,21.875,8.629,0.0906598872007451,0.20480254306312862
156,113.28125,21.09375,1.7141767017477387,-2.697,-0.408,7.194,202,111.71875,28.125,7.202,1.7894652726688385,172,106.25,23.4375,7.411,2.819842099193151,109.0,113.28125,14.0625,7.031,-1.5707963267948966,138.0,119.53125,17.96875,6.987,-0.4636476090008061,129.0,107.8125,17.1875,6.72,-2.521343167606972,188.0,119.53125,25.78125,7.812,0.6435011087932844,-0.0611974569368714
157,151.5625,21.09375,1.6830323476486,0.86,-0.268,7.142,147,158.59375,19.53125,7.202,-0.2186689458739419,203,150.0,28.125,7.202,1.7894652726688385,111.0,153.90625,14.0625,7.411,-1.2490457723982544,194.0,157.03125,26.5625,7.733,0.7853981633974483,173.0,145.3125,23.4375,6.675,2.782821983319221,125.0,146.875,16.40625,6.629,-2.356194490192345,-0.113197456936871
158,169.53125,21.09375,1.6984337559766427,-1.901,-0.495,7.158,132,175.78125,17.1875,7.37,-0.5585993153435624,204,168.75,28.125,7.074,1.6814535479687922,180.0,175.78125,24.21875,6.987,0.4636476090008061,179.0,163.28125,24.21875,6.987,2.677945044588987,131.0,164.0625,17.1875,6.72,-2.521343167606972,105.0,169.53125,13.28125,7.812,-1.5707963267948966,-0.09719745693687099
159,181.25,21.09375,1.644571115465241,2.606,0.468,6.84,112,182.03125,14.0625,7.074,-1.460139105621001,132,175.78125,17.1875,6.72,-2.521343167606972,212.0,181.25,28.90625,7.812,1.5707963267948966,180.0,175.78125,24.21875,6.298,2.62244653934327,181.0,186.71875,24.21875,6.298,0.5191461142465229,,,,,,-0.4151974569368715
160,236.71875,21.09375,1.6603166576569697,2.463,-0.399,7.274,190,242.1875,25.78125,7.202,0.7086262721276703,115,237.5,14.0625,7.074,-1.460139105621001,183.0,230.46875,24.21875,6.987,2.677945044588987,140.0,243.75,17.96875,7.694,-0.4182243295792291,134.0,231.25,17.1875,6.72,-2.521343167606972,213.0,235.15625,28.90625,7.967,1.7681918866447774,0.018802543063128674
161,256.25,21.09375,1.6769555238488325,2.009,-0.106,7.36,165,249.21875,21.875,7.074,3.0309354324158977,153,263.28125,20.3125,7.074,-0.1106572211738956,121.0,259.375,14.84375,6.987,-1.1071487177940904,198.0,253.90625,27.34375,6.675,1.9295669970654687,205.0,260.15625,28.125,8.043,1.0636978224025595,120.0,250.78125,14.84375,8.304,-2.289626326416521,0.10480254306312897
162,32.8125,21.875,1.6280535063469637,0.105,-0.41,7.73,117,35.15625,14.84375,7.411,-1.2490457723982544,146,39.84375,19.53125,7.411,-0.3217505543966422,197.0,27.34375,27.34375,7.733,2.356194490192345,122.0,28.125,15.625,7.812,-2.214297435588181,215.0,34.375,29.6875,7.967,1.373400766945016,187.0,39.84375,25.78125,8.043,0.507098504392337,0.4748025430631291
163,72.65625,21.875,1.6288824767609562,0.393,0.004,7.636,123,76.5625,15.625,7.37,-1.012197011451334,208,69.53125,28.90625,7.694,1.9890206563741255,170.0,80.46875,22.65625,7.851,0.099668652491162,108.0,70.3125,14.0625,8.156,-1.862253121272764,169.0,66.40625,22.65625,6.298,3.017237659043032,209.0,77.34375,28.90625,8.45,0.982793723247329,0.3808025430631288
164,125.78125,21.875,1.6987582647345252,-1.031,0.39,7.436,130,131.25,17.1875,7.202,-0.7086262721276703,138,119.53125,17.96875,7.37,-2.5829933382462307,188.0,119.53125,25.78125,7.37,2.5829933382462307,178.0,132.8125,24.21875,7.411,0.3217505543966422,211.0,128.125,28.90625,7.411,1.2490457723982544,110.0,125.0,14.0625,7.851,-1.6704649792860586,0.1808025430631286
165,249.21875,21.875,1.6557256752418947,-1.182,-0.368,7.248,120,250.78125,14.84375,7.202,-1.3521273809209546,198,253.90625,27.34375,7.202,0.8621700546672264,161.0,256.25,21.09375,7.074,-0.1106572211738956,140.0,243.75,17.96875,6.72,-2.521343167606972,190.0,242.1875,25.78125,8.043,2.6344941491974563,,,,,,-0.007197456936871127
166,45.3125,22.65625,1.596750889525936,2.299,0.24,6.597,216,47.65625,29.6875,7.411,1.2490457723982544,167,52.34375,22.65625,7.031,0.0,187.0,39.84375,25.78125,6.298,2.62244653934327,146.0,39.84375,19.53125,6.298,-2.62244653934327,126.0,47.65625,17.1875,5.949,-1.1659045405098132,,,,,,-0.6581974569368709
167,52.34375,22.65625,1.646399365015068,2.216,-0.023,7.202,126,47.65625,17.1875,7.202,-2.279422598922567,166,45.3125,22.65625,7.031,3.141592653589793,168.0,59.375,22.65625,7.031,0.0,200.0,55.46875,28.125,6.298,1.0516502125483738,216.0,47.65625,29.6875,8.45,2.158798930342464,,,,,,-0.05319745693687139
168,59.375,22.65625,1.643225767559456,-0.423,0.066,7.15,169,66.40625,22.65625,7.031,0.0,167,52.34375,22.65625,7.031,3.141592653589793,207.0,62.5,28.90625,6.987,1.1071487177940904,127.0,63.28125,17.1875,6.72,-0.9505468408120752,200.0,55.46875,28.125,6.72,2.191045812777718,118.0,56.25,14.84375,8.414,-1.9513027039072612,-0.10519745693687099
169,66.40625,22.65625,1.5881029092788916,2.234,-0.004,6.797,207,62.5,28.90625,7.37,2.129395642138459,168,59.375,22.65625,7.031,3.141592653589793,208.0,69.53125,28.90625,6.987,1.1071487177940904,163.0,72.65625,21.875,6.298,-0.1243549945467614,127.0,63.28125,17.1875,6.298,-2.08994244104142,,,,,,-0.45819745693687164
170,80.46875,22.65625,1.673970133722386,-0.792,0.002,7.263,210,84.375,28.90625,7.37,1.012197011451334,171,87.5,22.65625,7.031,0.0,209.0,77.34375,28.90625,6.987,2.0344439357957027,163.0,72.65625,21.875,7.851,-3.0419240010986317,123.0,76.5625,15.625,8.043,-2.0778948311872334,128.0,83.59375,17.1875,6.298,-1.0516502125483738,0.007802543063128553
171,87.5,22.65625,1.6629285619864855,-1.887,-0.148,7.251,201,92.1875,28.125,7.202,0.8621700546672264,150,94.53125,20.3125,7.411,-0.3217505543966422,170.0,80.46875,22.65625,7.031,3.141592653589793,210.0,84.375,28.90625,6.987,2.0344439357957027,128.0,83.59375,17.1875,6.72,-2.191045812777718,119.0,89.84375,14.84375,8.156,-1.2793395323170296,-0.0041974569368710135
172,106.25,23.4375,1.688632600725554,-0.713,-0.293,7.089,137,101.5625,17.96875,7.202,-2.279422598922567,185,99.21875,25.0,7.202,2.922923707715851,202.0,111.71875,28.125,7.202,0.7086262721276703,156.0,113.28125,21.09375,7.411,-0.3217505543966422,218.0,105.46875,30.46875,7.074,1.6814535479687922,129.0,107.8125,17.1875,6.442,-1.3258176636680326,-0.16619745693687094
173,145.3125,23.4375,1.7002953230180229,2.841,-0.31,7.09,125,146.875,16.40625,7.202,-1.3521273809209546,142,139.84375,18.75,7.202,-2.432966381462123,157.0,151.5625,21.09375,6.675,-0.3587706702705722,189.0,139.0625,25.78125,6.675,2.782821983319221,203.0,150.0,28.125,6.629,0.7853981633974483,228.0,142.96875,31.25,8.156,1.862253121272764,-0.1651974569368715
174,192.96875,23.4375,1.639267272956983,1.467,0.038,7.28,139,197.65625,17.96875,7.202,-0.8621700546672264,133,189.0625,17.1875,7.37,-2.129395642138459,182.0,200.0,24.21875,7.074,0.1106572211738956,220.0,196.09375,30.46875,7.694,1.1525719972156676,219.0,189.0625,30.46875,8.043,2.0778948311872334,181.0,186.71875,24.21875,6.298,3.017237659043032,0.0248025430631289
175,275.78125,23.4375,1.6308992212313285,1.69,-0.173,7.364,223,273.4375,30.46875,7.411,1.892546881191539,214,279.6875,28.90625,6.72,0.9505468408120752,135.0,278.125,17.1875,6.675,-1.2120256565243244,144.0,271.09375,18.75,6.629,-2.356194490192345,191.0,267.96875,25.78125,8.156,2.8501358591119264,176.0,284.375,23.4375,8.593,0.0,0.10880254306312853
176,284.375,23.4375,1.6111958933654016,1.001,0.443,7.793,214,279.6875,28.90625,7.202,2.279422598922567,154,290.625,20.3125,6.987,-0.4636476090008061,233.0,285.9375,31.25,7.967,1.373400766945016,124.0,285.9375,15.625,7.967,-1.373400766945016,199.0,291.40625,27.34375,8.043,0.507098504392337,175.0,275.78125,23.4375,8.593,3.141592653589793,0.5378025430631288
177,3.90625,24.21875,1.6834058176063869,0.399,0.341,6.872,145,9.375,19.53125,7.202,-0.7086262721276703,225,5.46875,31.25,7.202,1.3521273809209546,192.0,10.9375,26.5625,7.411,0.3217505543966422,136.0,2.34375,17.96875,6.442,-1.8157749899217608,206.0,0.0,28.90625,6.101,2.2655346029916,,,,,,-0.38319745693687146
178,132.8125,24.21875,1.6681333862057512,2.339,0.32,7.019,130,131.25,17.1875,7.202,-1.7894652726688385,164,125.78125,21.875,7.411,-2.819842099193151,227.0,135.15625,31.25,7.411,1.2490457723982544,211.0,128.125,28.90625,6.629,2.356194490192345,189.0,139.0625,25.78125,6.442,0.2449786631268641,,,,,,-0.23619745693687122
179,163.28125,24.21875,1.7202997990792548,-1.288,-0.392,6.86,131,164.0625,17.1875,7.074,-1.460139105621001,229,162.5,31.25,7.074,1.6814535479687922,158.0,169.53125,21.09375,6.987,-0.4636476090008061,204.0,168.75,28.125,6.72,0.6202494859828215,194.0,157.03125,26.5625,6.675,2.782821983319221,147.0,158.59375,19.53125,6.629,-2.356194490192345,-0.395197456936871
180,175.78125,24.21875,1.6397391861213502,2.502,-0.483,7.106,212,181.25,28.90625,7.202,0.7086262721276703,230,175.0,31.25,7.074,1.6814535479687922,132.0,175.78125,17.1875,7.031,-1.5707963267948966,158.0,169.53125,21.09375,6.987,-2.677945044588987,204.0,168.75,28.125,8.043,2.6344941491974563,159.0,181.25,21.09375,6.298,-0.5191461142465229,-0.14919745693687148
181,186.71875,24.21875,1.677218845656986,0.516,0.128,6.777,212,181.25,28.90625,7.202,2.432966381462123,133,189.0625,17.1875,7.411,-1.2490457723982544,219.0,189.0625,30.46875,6.675,1.2120256565243244,159.0,181.25,21.09375,6.298,-2.62244653934327,174.0,192.96875,23.4375,6.298,-0.1243549945467614,,,,,,-0.4781974569368712
182,200.0,24.21875,1.684853370658748,0.163,0.109,7.193,143,204.6875,18.75,7.202,-0.8621700546672264,220,196.09375,30.46875,7.37,2.129395642138459,174.0,192.96875,23.4375,7.074,-3.0309354324158977,221.0,203.125,30.46875,6.987,1.1071487177940904,139.0,197.65625,17.96875,6.675,-1.9295669970654687,186.0,207.8125,25.0,7.851,0.099668652491162,-0.06219745693687173
183,230.46875,24.21875,1.6971771153154165,-2.746,-0.331,7.06,232,228.125,31.25,7.411,1.892546881191539,134,231.25,17.1875,7.074,-1.460139105621001,160.0,236.71875,21.09375,6.987,-0.4636476090008061,213.0,235.15625,28.90625,6.629,0.7853981633974483,196.0,222.65625,26.5625,8.156,2.8501358591119264,152.0,225.78125,20.3125,6.101,-2.44685437739309,-0.19519745693687174
184,296.875,24.21875,1.515434463251885,-3.082,0.324,6.696,154,290.625,20.3125,7.37,-2.5829933382462307,224,299.21875,30.46875,6.675,1.2120256565243244,141.0,298.4375,17.96875,6.442,-1.3258176636680326,199.0,291.40625,27.34375,6.298,2.62244653934327,,,,,,,,,,,-0.5591974569368716
185,99.21875,25.0,1.6358739531920152,0.55,-0.305,7.256,172,106.25,23.4375,7.202,-0.2186689458739419,137,101.5625,17.96875,7.411,-1.2490457723982544,201.0,92.1875,28.125,7.694,2.723368324010564,150.0,94.53125,20.3125,6.629,-2.356194490192345,226.0,98.4375,31.25,6.298,1.695151321341658,218.0,105.46875,30.46875,8.304,0.7188299996216245,0.0008025430631288799
186,207.8125,25.0,1.7048831078557305,2.705,0.134,7.234,221,203.125,30.46875,7.202,2.279422598922567,143,204.6875,18.75,6.987,-2.0344439357957027,148.0,211.71875,19.53125,6.72,-0.9505468408120752,231.0,210.15625,31.25,6.675,1.2120256565243244,182.0,200.0,24.21875,7.851,-3.0419240010986317,195.0,215.625,26.5625,7.967,0.1973955598498807,-0.02119745693687136
187,39.84375,25.78125,1.633339105541501,-2.621,-0.472,6.877,236,40.625,32.8125,7.074,1.460139105621001,215,34.375,29.6875,6.72,2.521343167606972,162.0,32.8125,21.875,8.043,-2.6344941491974563,166.0,45.3125,22.65625,6.298,-0.5191461142465229,146.0,39.84375,19.53125,6.25,-1.5707963267948966,,,,,,-0.37819745693687157
188,119.53125,25.78125,1.6051580767512148,-2.532,-0.482,7.627,164,125.78125,21.875,7.37,-0.5585993153435624,234,116.40625,32.03125,6.987,2.0344439357957027,156.0,113.28125,21.09375,7.812,-2.498091544796509,138.0,119.53125,17.96875,7.812,-1.5707963267948966,202.0,111.71875,28.125,8.156,2.8501358591119264,,,,,,0.37180254306312843
189,139.0625,25.78125,1.6709813406261225,0.48,-0.162,6.726,142,139.84375,18.75,7.074,-1.460139105621001,227,135.15625,31.25,6.72,2.191045812777718,228.0,142.96875,31.25,6.72,0.9505468408120752,173.0,145.3125,23.4375,6.675,-0.3587706702705722,178.0,132.8125,24.21875,6.442,-2.896613990462929,,,,,,-0.5291974569368714
190,242.1875,25.78125,1.6950447437959002,-2.034,-0.374,7.679,160,236.71875,21.09375,7.202,-2.432966381462123,222,247.65625,30.46875,7.202,0.7086262721276703,213.0,235.15625,28.90625,7.694,2.723368324010564,140.0,243.75,17.96875,7.967,-1.373400766945016,241.0,240.625,33.59375,7.967,1.7681918866447774,165.0,249.21875,21.875,8.043,-0.507098504392337,0.4238025430631289
191,267.96875,25.78125,1.7023833426733035,-0.154,-0.256,7.602,153,263.28125,20.3125,7.202,-2.279422598922567,223,273.4375,30.46875,7.202,0.7086262721276703,238.0,266.40625,32.8125,7.202,1.7894652726688385,144.0,271.09375,18.75,7.694,-1.1525719972156676,205.0,260.15625,28.125,8.156,2.8501358591119264,175.0,275.78125,23.4375,8.156,-0.2914567944778671,0.34680254306312897
192,10.9375,26.5625,1.6579812962479203,-0.979,0.287,7.572,145,9.375,19.53125,7.202,-1.7894652726688385,225,5.46875,31.25,7.202,2.432966381462123,177.0,3.90625,24.21875,7.411,-2.819842099193151,217.0,16.40625,30.46875,6.72,0.6202494859828215,149.0,16.40625,20.3125,8.304,-0.8519663271732721,193.0,19.53125,26.5625,8.593,0.0,0.3168025430631287
193,19.53125,26.5625,1.5164325003957315,-0.797,0.096,7.524,155,24.21875,21.09375,7.202,-0.8621700546672264,149,16.40625,20.3125,6.987,-2.0344439357957027,235.0,22.65625,32.8125,6.987,1.1071487177940904,197.0,27.34375,27.34375,7.851,0.099668652491162,192.0,10.9375,26.5625,8.593,3.141592653589793,,,,,,0.2688025430631287
194,157.03125,26.5625,1.6878023843968335,-1.507,-0.299,7.203,147,158.59375,19.53125,7.202,-1.3521273809209546,203,150.0,28.125,7.202,2.922923707715851,240.0,155.46875,33.59375,7.202,1.7894652726688385,229.0,162.5,31.25,7.202,0.7086262721276703,157.0,151.5625,21.09375,7.733,-2.356194490192345,179.0,163.28125,24.21875,6.675,-0.3587706702705722,-0.052197456936871056
195,215.625,26.5625,1.6105848364214426,-1.905,0.041,7.507,231,210.15625,31.25,7.202,2.432966381462123,196,222.65625,26.5625,7.031,0.0,151.0,218.75,20.3125,6.987,-1.1071487177940904,237.0,220.3125,32.8125,7.812,0.9272952180016122,186.0,207.8125,25.0,7.967,-2.9441970937399127,148.0,211.71875,19.53125,8.043,-2.0778948311872334,0.2518025430631283
196,222.65625,26.5625,1.696901536288535,-1.002,-0.143,7.237,232,228.125,31.25,7.202,0.7086262721276703,151,218.75,20.3125,7.37,-2.129395642138459,195.0,215.625,26.5625,7.031,3.141592653589793,152.0,225.78125,20.3125,6.987,-1.1071487177940904,237.0,220.3125,32.8125,6.675,1.9295669970654687,183.0,230.46875,24.21875,8.156,-0.2914567944778671,-0.018197456936871248
197,27.34375,27.34375,1.6865206350179676,2.131,0.207,7.398,243,28.90625,34.375,7.202,1.3521273809209546,235,22.65625,32.8125,7.202,2.279422598922567,215.0,34.375,29.6875,7.411,0.3217505543966422,155.0,24.21875,21.09375,6.987,-2.0344439357957027,162.0,32.8125,21.875,7.733,-0.7853981633974483,193.0,19.53125,26.5625,7.851,-3.0419240010986317,0.14280254306312834
198,253.90625,27.34375,1.6315352483523544,-2.757,-0.309,6.692,165,249.21875,21.875,7.202,-2.279422598922567,222,247.65625,30.46875,6.987,2.677945044588987,161.0,256.25,21.09375,6.675,-1.2120256565243244,205.0,260.15625,28.125,6.298,0.1243549945467614,242.0,253.125,33.59375,6.298,1.695151321341658,,,,,,-0.5631974569368712
199,291.40625,27.34375,1.6870281655790411,-0.262,0.444,7.271,154,290.625,20.3125,7.074,-1.6814535479687922,245,292.1875,34.375,7.074,1.460139105621001,233.0,285.9375,31.25,6.72,2.521343167606972,176.0,284.375,23.4375,8.043,-2.6344941491974563,184.0,296.875,24.21875,6.298,-0.5191461142465229,224.0,299.21875,30.46875,8.414,0.3805063771123649,0.01580254306312856
200,55.46875,28.125,1.6738695994087731,1.235,0.0,7.182,207,62.5,28.90625,7.074,0.1106572211738956,244,52.34375,34.375,6.987,2.0344439357957027,168.0,59.375,22.65625,6.72,-0.9505468408120752,216.0,47.65625,29.6875,7.967,2.9441970937399127,247.0,59.375,35.15625,8.043,1.0636978224025595,167.0,52.34375,22.65625,6.298,-2.08994244104142,-0.07319745693687096
201,92.1875,28.125,1.6382420312843364,-0.699,-0.274,7.674,171,87.5,22.65625,7.202,-2.279422598922567,226,98.4375,31.25,6.987,0.4636476090008061,185.0,99.21875,25.0,7.694,-0.4182243295792291,210.0,84.375,28.90625,7.851,3.0419240010986317,150.0,94.53125,20.3125,8.156,-1.2793395323170296,255.0,94.53125,35.9375,8.156,1.2793395323170296,0.41880254306312903
202,111.71875,28.125,1.685318634569005,0.843,-0.329,7.217,156,113.28125,21.09375,7.202,-1.3521273809209546,172,106.25,23.4375,7.202,-2.432966381462123,218.0,105.46875,30.46875,6.675,2.782821983319221,256.0,110.15625,35.9375,7.967,1.7681918866447774,188.0,119.53125,25.78125,8.156,-0.2914567944778671,234.0,116.40625,32.03125,6.101,0.6947382761967031,-0.03819745693687171
203,150.0,28.125,1.673988482093807,1.252,-0.294,7.277,157,151.5625,21.09375,7.202,-1.3521273809209546,194,157.03125,26.5625,7.202,-0.2186689458739419,252.0,148.4375,35.15625,7.202,1.7894652726688385,228.0,142.96875,31.25,7.694,2.723368324010564,240.0,155.46875,33.59375,7.733,0.7853981633974483,173.0,145.3125,23.4375,6.629,-2.356194490192345,0.021802543063128788
204,168.75,28.125,1.699454310733956,-0.565,-0.502,7.277,158,169.53125,21.09375,7.074,-1.460139105621001,229,162.5,31.25,6.987,2.677945044588987,230.0,175.0,31.25,6.987,0.4636476090008061,179.0,163.28125,24.21875,6.72,-2.521343167606972,258.0,169.53125,35.9375,7.851,1.4711276743037347,180.0,175.78125,24.21875,8.043,-0.507098504392337,0.021802543063128788
205,260.15625,28.125,1.545840109935299,-0.756,-0.217,7.886,238,266.40625,32.8125,7.812,0.6435011087932844,161,256.25,21.09375,8.043,-2.0778948311872334,191.0,267.96875,25.78125,8.156,-0.2914567944778671,198.0,253.90625,27.34375,6.298,-3.017237659043032,153.0,263.28125,20.3125,8.414,-1.1902899496825317,269.0,260.15625,36.71875,8.593,1.5707963267948966,0.6308025430631288
206,0.0,28.90625,1.5899884434825269,0.381,-0.295,6.36,254,0.0,35.9375,7.031,1.5707963267948966,177,3.90625,24.21875,6.101,-0.8760580505981934,225.0,5.46875,31.25,5.949,0.4048917862850834,,,,,,,,,,,,,,,,-0.895197456936871
207,62.5,28.90625,1.6998887898694828,-0.572,0.018,7.136,169,66.40625,22.65625,7.37,-1.012197011451334,248,66.40625,35.15625,7.37,1.012197011451334,200.0,55.46875,28.125,7.074,-3.0309354324158977,208.0,69.53125,28.90625,7.031,0.0,168.0,59.375,22.65625,6.987,-2.0344439357957027,247.0,59.375,35.15625,6.987,2.0344439357957027,-0.11919745693687123
208,69.53125,28.90625,1.653480470590127,-1.006,-0.024,7.313,249,73.4375,35.15625,7.37,1.012197011451334,207,62.5,28.90625,7.031,3.141592653589793,248.0,66.40625,35.15625,6.987,2.0344439357957027,169.0,66.40625,22.65625,6.987,-2.0344439357957027,163.0,72.65625,21.875,7.694,-1.1525719972156676,209.0,77.34375,28.90625,7.812,0.0,0.057802543063128375
209,77.34375,28.90625,1.6183994831358903,3.057,-0.005,7.439,249,73.4375,35.15625,7.37,2.129395642138459,210,84.375,28.90625,7.031,0.0,250.0,80.46875,35.15625,6.987,1.1071487177940904,170.0,80.46875,22.65625,6.987,-1.1071487177940904,208.0,69.53125,28.90625,7.812,3.141592653589793,163.0,72.65625,21.875,8.45,-2.158798930342464,0.1838025430631287
210,84.375,28.90625,1.6767292269995309,-2.614,-0.017,7.266,170,80.46875,22.65625,7.37,-2.129395642138459,250,80.46875,35.15625,7.37,2.129395642138459,209.0,77.34375,28.90625,7.031,3.141592653589793,171.0,87.5,22.65625,6.987,-1.1071487177940904,251.0,87.5,35.15625,6.987,1.1071487177940904,201.0,92.1875,28.125,7.851,-0.099668652491162,0.010802543063128667
211,128.125,28.90625,1.6631670632361992,0.321,0.299,7.098,164,125.78125,21.875,7.411,-1.892546881191539,227,135.15625,31.25,7.411,0.3217505543966422,257.0,130.46875,35.9375,7.411,1.2490457723982544,178.0,132.8125,24.21875,6.629,-0.7853981633974483,239.0,123.4375,33.59375,6.629,2.356194490192345,,,,,,-0.15719745693687148
212,181.25,28.90625,1.6339830201517762,-1.029,0.494,7.483,180,175.78125,24.21875,7.202,-2.432966381462123,181,186.71875,24.21875,7.202,-0.7086262721276703,159.0,181.25,21.09375,7.812,-1.5707963267948966,230.0,175.0,31.25,6.675,2.782821983319221,219.0,189.0625,30.46875,7.967,0.1973955598498807,259.0,185.15625,35.9375,8.043,1.0636978224025595,0.2278025430631283
213,235.15625,28.90625,1.6717504018335991,-1.595,-0.329,7.351,261,233.59375,35.9375,7.202,1.7894652726688385,241,240.625,33.59375,7.202,0.7086262721276703,232.0,228.125,31.25,7.411,2.819842099193151,190.0,242.1875,25.78125,7.694,-0.4182243295792291,183.0,230.46875,24.21875,6.629,-2.356194490192345,160.0,236.71875,21.09375,7.967,-1.373400766945016,0.09580254306312863
214,279.6875,28.90625,1.635767810625431,0.524,0.459,6.658,176,284.375,23.4375,7.202,-0.8621700546672264,175,275.78125,23.4375,6.72,-2.191045812777718,233.0,285.9375,31.25,6.675,0.3587706702705722,223.0,273.4375,30.46875,6.442,2.896613990462929,253.0,279.6875,35.15625,6.25,1.5707963267948966,,,,,,-0.597197456936871
215,34.375,29.6875,1.656122115604667,1.951,0.381,7.227,243,28.90625,34.375,7.202,2.432966381462123,197,27.34375,27.34375,7.411,-2.819842099193151,262.0,35.15625,36.71875,7.074,1.460139105621001,236.0,40.625,32.8125,6.987,0.4636476090008061,187.0,39.84375,25.78125,6.72,-0.6202494859828215,162.0,32.8125,21.875,7.967,-1.7681918866447774,-0.028197456936871035
216,47.65625,29.6875,1.620116006383343,0.143,-0.257,7.537,166,45.3125,22.65625,7.411,-1.892546881191539,263,46.875,36.71875,7.074,1.6814535479687922,236.0,40.625,32.8125,7.694,2.723368324010564,244.0,52.34375,34.375,6.629,0.7853981633974483,200.0,55.46875,28.125,7.967,-0.1973955598498807,167.0,52.34375,22.65625,8.45,-0.982793723247329,0.2818025430631286
217,16.40625,30.46875,1.528201499934365,1.926,-0.413,6.918,246,10.9375,35.15625,7.202,2.432966381462123,270,17.1875,37.5,7.074,1.460139105621001,192.0,10.9375,26.5625,6.72,-2.521343167606972,235.0,22.65625,32.8125,6.675,0.3587706702705722,,,,,,,,,,,-0.3371974569368712
218,105.46875,30.46875,1.6352472508469242,-2.693,-0.245,7.219,256,110.15625,35.9375,7.202,0.8621700546672264,172,106.25,23.4375,7.074,-1.460139105621001,226.0,98.4375,31.25,7.074,3.0309354324158977,264.0,102.34375,36.71875,6.987,2.0344439357957027,202.0,111.71875,28.125,6.675,-0.3587706702705722,185.0,99.21875,25.0,8.304,-2.4227626539681686,-0.03619745693687104
219,189.0625,30.46875,1.6787033515571217,-1.505,0.083,7.237,220,196.09375,30.46875,7.031,0.0,266,192.1875,36.71875,6.987,1.1071487177940904,259.0,185.15625,35.9375,6.72,2.191045812777718,181.0,186.71875,24.21875,6.675,-1.9295669970654687,212.0,181.25,28.90625,7.967,-2.9441970937399127,174.0,192.96875,23.4375,8.043,-1.0636978224025595,-0.018197456936871248
220,196.09375,30.46875,1.6993763254424097,-0.441,0.039,7.247,182,200.0,24.21875,7.37,-1.012197011451334,266,192.1875,36.71875,7.37,2.129395642138459,221.0,203.125,30.46875,7.031,0.0,219.0,189.0625,30.46875,7.031,3.141592653589793,267.0,199.21875,36.71875,6.987,1.1071487177940904,174.0,192.96875,23.4375,7.694,-1.9890206563741255,-0.008197456936871461
221,203.125,30.46875,1.7060723558594992,0.658,0.058,7.172,186,207.8125,25.0,7.202,-0.8621700546672264,267,199.21875,36.71875,7.37,2.129395642138459,268.0,207.03125,36.71875,7.37,1.012197011451334,231.0,210.15625,31.25,7.074,0.1106572211738956,220.0,196.09375,30.46875,7.031,3.141592653589793,182.0,200.0,24.21875,6.987,-2.0344439357957027,-0.08319745693687164
222,247.65625,30.46875,1.6397728007603265,1.732,-0.493,7.077,190,242.1875,25.78125,7.202,-2.432966381462123,274,246.09375,37.5,7.202,1.7894652726688385,198.0,253.90625,27.34375,6.987,-0.4636476090008061,241.0,240.625,33.59375,7.694,2.723368324010564,242.0,253.125,33.59375,6.298,0.5191461142465229,,,,,,-0.1781974569368714
223,273.4375,30.46875,1.6989040238860205,0.248,-0.322,7.225,191,267.96875,25.78125,7.202,-2.432966381462123,175,275.78125,23.4375,7.411,-1.2490457723982544,238.0,266.40625,32.8125,7.411,2.819842099193151,275.0,272.65625,37.5,7.074,1.6814535479687922,253.0,279.6875,35.15625,7.812,0.6435011087932844,214.0,279.6875,28.90625,6.442,-0.2449786631268641,-0.030197456936871703
224,299.21875,30.46875,1.556056155941567,3.059,-0.417,7.541,276,299.21875,37.5,7.031,1.5707963267948966,184,296.875,24.21875,6.675,-1.9295669970654687,245.0,292.1875,34.375,8.043,2.6344941491974563,199.0,291.40625,27.34375,8.414,-2.761086276477428,,,,,,,,,,,0.285802543063129
225,5.46875,31.25,1.676151968311658,2.561,0.414,7.015,177,3.90625,24.21875,7.202,-1.7894652726688385,192,10.9375,26.5625,7.202,-0.7086262721276703,254.0,0.0,35.9375,7.202,2.432966381462123,246.0,10.9375,35.15625,6.72,0.6202494859828215,280.0,5.46875,39.0625,7.812,1.5707963267948966,206.0,0.0,28.90625,5.949,-2.7367008673047097,-0.24019745693687167
226,98.4375,31.25,1.647658431897666,0.192,-0.187,6.636,218,105.46875,30.46875,7.074,-0.1106572211738956,201,92.1875,28.125,6.987,-2.677945044588987,264.0,102.34375,36.71875,6.72,0.9505468408120752,185.0,99.21875,25.0,6.298,-1.446441332248135,255.0,94.53125,35.9375,6.101,2.2655346029916,,,,,,-0.6191974569368712
227,135.15625,31.25,1.6438217991424895,-1.662,0.176,7.11,178,132.8125,24.21875,7.411,-1.892546881191539,211,128.125,28.90625,7.411,-2.819842099193151,189.0,139.0625,25.78125,6.72,-0.9505468408120752,228.0,142.96875,31.25,7.812,0.0,271.0,137.5,37.5,6.675,1.2120256565243244,257.0,130.46875,35.9375,6.629,2.356194490192345,-0.14519745693687103
228,142.96875,31.25,1.643774210556866,-1.275,-0.25,7.257,203,150.0,28.125,7.694,-0.4182243295792291,189,139.0625,25.78125,6.72,-2.191045812777718,252.0,148.4375,35.15625,6.72,0.6202494859828215,227.0,135.15625,31.25,7.812,3.141592653589793,272.0,141.40625,37.5,6.442,1.8157749899217608,173.0,145.3125,23.4375,8.156,-1.2793395323170296,0.0018025430631283257
229,162.5,31.25,1.7001792050752376,-1.916,-0.384,7.388,194,157.03125,26.5625,7.202,-2.432966381462123,278,160.9375,38.28125,7.202,1.7894652726688385,240.0,155.46875,33.59375,7.411,2.819842099193151,179.0,163.28125,24.21875,7.074,-1.460139105621001,204.0,168.75,28.125,6.987,-0.4636476090008061,258.0,169.53125,35.9375,8.45,0.5880026035475675,0.13280254306312855
230,175.0,31.25,1.62683882456756,-1.957,0.439,6.847,258,169.53125,35.9375,7.202,2.432966381462123,180,175.78125,24.21875,7.074,-1.460139105621001,204.0,168.75,28.125,6.987,-2.677945044588987,212.0,181.25,28.90625,6.675,-0.3587706702705722,265.0,178.125,36.71875,6.298,1.0516502125483738,,,,,,-0.40819745693687093
231,210.15625,31.25,1.6718968871254851,-3.005,0.109,6.67,195,215.625,26.5625,7.202,-0.7086262721276703,221,203.125,30.46875,7.074,-3.0309354324158977,186.0,207.8125,25.0,6.675,-1.9295669970654687,268.0,207.03125,36.71875,6.298,2.08994244104142,260.0,214.0625,35.9375,6.101,0.8760580505981934,,,,,,-0.5851974569368714
232,228.125,31.25,1.679528525788729,-1.171,-0.281,7.273,196,222.65625,26.5625,7.202,-2.432966381462123,261,233.59375,35.9375,7.202,0.7086262721276703,213.0,235.15625,28.90625,7.411,-0.3217505543966422,183.0,230.46875,24.21875,7.411,-1.2490457723982544,237.0,220.3125,32.8125,7.967,2.9441970937399127,273.0,226.5625,37.5,6.442,1.8157749899217608,0.01780254306312834
233,285.9375,31.25,1.6774315028856437,2.796,0.413,7.132,253,279.6875,35.15625,7.37,2.5829933382462307,279,286.71875,38.28125,7.074,1.460139105621001,245.0,292.1875,34.375,6.987,0.4636476090008061,199.0,291.40625,27.34375,6.72,-0.6202494859828215,214.0,279.6875,28.90625,6.675,-2.782821983319221,176.0,284.375,23.4375,7.967,-1.7681918866447774,-0.12319745693687167
234,116.40625,32.03125,1.6646043168395035,1.304,0.393,6.82,239,123.4375,33.59375,7.202,0.2186689458739419,256,110.15625,35.9375,7.37,2.5829933382462307,188.0,119.53125,25.78125,6.987,-1.1071487177940904,277.0,117.96875,38.28125,6.442,1.3258176636680326,202.0,111.71875,28.125,6.101,-2.44685437739309,,,,,,-0.43519745693687106
235,22.65625,32.8125,1.6608095096529294,-2.864,0.272,6.93,197,27.34375,27.34375,7.202,-0.8621700546672264,270,17.1875,37.5,7.202,2.432966381462123,281.0,23.4375,39.84375,7.074,1.460139105621001,193.0,19.53125,26.5625,6.987,-2.0344439357957027,217.0,16.40625,30.46875,6.675,-2.782821983319221,243.0,28.90625,34.375,6.442,0.2449786631268641,-0.32519745693687163
236,40.625,32.8125,1.6862136160918262,1.407,0.483,7.283,263,46.875,36.71875,7.37,0.5585993153435624,187,39.84375,25.78125,7.074,-1.6814535479687922,215.0,34.375,29.6875,6.987,-2.677945044588987,216.0,47.65625,29.6875,7.694,-0.4182243295792291,262.0,35.15625,36.71875,6.72,2.521343167606972,284.0,41.40625,40.625,7.851,1.4711276743037347,0.027802543063129015
237,220.3125,32.8125,1.6649512272213272,0.212,-0.277,7.537,260,214.0625,35.9375,6.987,2.677945044588987,195,215.625,26.5625,7.812,-2.214297435588181,273.0,226.5625,37.5,7.812,0.6435011087932844,196.0,222.65625,26.5625,6.675,-1.2120256565243244,232.0,228.125,31.25,7.967,-0.1973955598498807,289.0,218.75,40.625,7.967,1.7681918866447774,0.2818025430631286
238,266.40625,32.8125,1.6945084743956924,0.817,-0.401,7.576,191,267.96875,25.78125,7.202,-1.3521273809209546,269,260.15625,36.71875,7.37,2.5829933382462307,223.0,273.4375,30.46875,7.411,-0.3217505543966422,205.0,260.15625,28.125,7.812,-2.498091544796509,275.0,272.65625,37.5,7.812,0.6435011087932844,292.0,265.625,40.625,7.851,1.6704649792860586,0.3208025430631283
239,123.4375,33.59375,1.6943245123283517,1.336,0.322,7.171,234,116.40625,32.03125,7.202,-2.922923707715851,277,117.96875,38.28125,7.202,2.432966381462123,257.0,130.46875,35.9375,7.411,0.3217505543966422,288.0,125.78125,40.625,7.411,1.2490457723982544,211.0,128.125,28.90625,6.629,-0.7853981633974483,,,,,,-0.08419745693687108
240,155.46875,33.59375,1.6629133753093963,-1.577,-0.288,7.199,194,157.03125,26.5625,7.202,-1.3521273809209546,252,148.4375,35.15625,7.202,2.922923707715851,278.0,160.9375,38.28125,7.202,0.7086262721276703,229.0,162.5,31.25,7.411,-0.3217505543966422,203.0,150.0,28.125,7.733,-2.356194490192345,282.0,153.90625,39.84375,6.442,1.8157749899217608,-0.056197456936871504
241,240.625,33.59375,1.698891245426678,-1.579,-0.356,7.366,213,235.15625,28.90625,7.202,-2.432966381462123,290,239.0625,40.625,7.202,1.7894652726688385,261.0,233.59375,35.9375,7.411,2.819842099193151,222.0,247.65625,30.46875,7.694,-0.4182243295792291,274.0,246.09375,37.5,6.72,0.6202494859828215,190.0,242.1875,25.78125,7.967,-1.373400766945016,0.11080254306312831
242,253.125,33.59375,1.647298015459142,2.621,0.425,7.073,291,253.125,40.625,7.031,1.5707963267948966,269,260.15625,36.71875,7.694,0.4182243295792291,274.0,246.09375,37.5,8.043,2.6344941491974563,222.0,247.65625,30.46875,6.298,-2.62244653934327,198.0,253.90625,27.34375,6.298,-1.446441332248135,,,,,,-0.18219745693687095
243,28.90625,34.375,1.6944177371594615,1.961,0.318,6.925,197,27.34375,27.34375,7.202,-1.7894652726688385,215,34.375,29.6875,7.202,-0.7086262721276703,281.0,23.4375,39.84375,7.733,2.356194490192345,262.0,35.15625,36.71875,6.675,0.3587706702705722,235.0,22.65625,32.8125,6.442,-2.896613990462929,283.0,29.6875,40.625,6.298,1.446441332248135,-0.3301974569368715
244,52.34375,34.375,1.6074025849778562,-0.77,-0.071,6.663,247,59.375,35.15625,7.074,0.1106572211738956,200,55.46875,28.125,6.987,-1.1071487177940904,285.0,54.6875,40.625,6.675,1.2120256565243244,216.0,47.65625,29.6875,6.629,-2.356194490192345,263.0,46.875,36.71875,5.949,2.7367008673047097,,,,,,-0.5921974569368711
245,292.1875,34.375,1.6604519055273503,0.195,0.428,7.287,296,293.75,41.40625,7.202,1.3521273809209546,199,291.40625,27.34375,7.074,-1.6814535479687922,233.0,285.9375,31.25,6.987,-2.677945044588987,276.0,299.21875,37.5,7.694,0.4182243295792291,279.0,286.71875,38.28125,6.72,2.521343167606972,224.0,299.21875,30.46875,8.043,-0.507098504392337,0.031802543063128574
246,10.9375,35.15625,1.6392799195472183,-1.043,0.442,7.164,217,16.40625,30.46875,7.202,-0.7086262721276703,297,11.71875,42.1875,7.074,1.460139105621001,280.0,5.46875,39.0625,6.72,2.521343167606972,225.0,5.46875,31.25,6.72,-2.521343167606972,270.0,17.1875,37.5,6.675,0.3587706702705722,192.0,10.9375,26.5625,8.593,-1.5707963267948966,-0.09119745693687165
247,59.375,35.15625,1.660956713520915,-2.211,0.04,7.106,285,54.6875,40.625,7.202,2.279422598922567,244,52.34375,34.375,7.074,-3.0309354324158977,248.0,66.40625,35.15625,7.031,0.0,207.0,62.5,28.90625,6.987,-1.1071487177940904,200.0,55.46875,28.125,8.043,-2.0778948311872334,286.0,62.5,40.625,6.298,1.0516502125483738,-0.14919745693687148
248,66.40625,35.15625,1.684654247353312,-2.796,0.0,6.906,207,62.5,28.90625,7.37,-2.129395642138459,247,59.375,35.15625,7.031,3.141592653589793,249.0,73.4375,35.15625,7.031,0.0,208.0,69.53125,28.90625,6.987,-1.1071487177940904,286.0,62.5,40.625,6.72,2.191045812777718,287.0,69.53125,40.625,6.298,1.0516502125483738,-0.34919745693687165
249,73.4375,35.15625,1.6737920550000118,3.051,0.025,7.085,208,69.53125,28.90625,7.37,-2.129395642138459,209,77.34375,28.90625,7.37,-1.012197011451334,248.0,66.40625,35.15625,7.031,3.141592653589793,250.0,80.46875,35.15625,7.031,0.0,293.0,76.5625,41.40625,6.987,1.1071487177940904,287.0,69.53125,40.625,6.72,2.191045812777718,-0.17019745693687138
250,80.46875,35.15625,1.673076519103873,1.107,0.031,7.129,210,84.375,28.90625,7.37,-1.012197011451334,293,76.5625,41.40625,7.37,2.129395642138459,251.0,87.5,35.15625,7.031,0.0,249.0,73.4375,35.15625,7.031,3.141592653589793,209.0,77.34375,28.90625,6.987,-2.0344439357957027,294.0,83.59375,41.40625,6.987,1.1071487177940904,-0.1261974569368718
251,87.5,35.15625,1.6810639585421083,1.424,0.054,7.317,294,83.59375,41.40625,7.37,2.129395642138459,255,94.53125,35.9375,7.074,0.1106572211738956,250.0,80.46875,35.15625,7.031,3.141592653589793,210.0,84.375,28.90625,6.987,-2.0344439357957027,295.0,90.625,41.40625,6.987,1.1071487177940904,201.0,92.1875,28.125,8.45,-0.982793723247329,0.06180254306312882
252,148.4375,35.15625,1.7007245987527504,1.729,-0.32,7.157,203,150.0,28.125,7.202,-1.3521273809209546,240,155.46875,33.59375,7.202,-0.2186689458739419,300.0,146.875,42.1875,7.202,1.7894652726688385,282.0,153.90625,39.84375,7.202,0.7086262721276703,272.0,141.40625,37.5,7.411,2.819842099193151,228.0,142.96875,31.25,6.72,-2.521343167606972,-0.09819745693687132
253,279.6875,35.15625,1.6690341136595,-1.116,0.518,7.417,233,285.9375,31.25,7.37,-0.5585993153435624,275,272.65625,37.5,7.411,2.819842099193151,279.0,286.71875,38.28125,7.694,0.4182243295792291,223.0,273.4375,30.46875,7.812,-2.498091544796509,313.0,281.25,42.96875,7.967,1.373400766945016,214.0,279.6875,28.90625,6.25,-1.5707963267948966,0.16180254306312847
254,0.0,35.9375,1.6376932505529649,-0.095,-0.328,6.89,225,5.46875,31.25,7.202,-0.7086262721276703,206,0.0,28.90625,7.031,-1.5707963267948966,306.0,0.0,42.96875,7.031,1.5707963267948966,280.0,5.46875,39.0625,6.298,0.5191461142465229,,,,,,,,,,,-0.36519745693687167
255,94.53125,35.9375,1.685773778533178,-0.244,0.113,7.212,298,98.4375,42.1875,7.37,1.012197011451334,251,87.5,35.15625,7.074,-3.0309354324158977,295.0,90.625,41.40625,6.72,2.191045812777718,264.0,102.34375,36.71875,7.851,0.099668652491162,201.0,92.1875,28.125,8.156,-1.862253121272764,226.0,98.4375,31.25,6.101,-0.8760580505981934,-0.0431974569368716
256,110.15625,35.9375,1.6603476231862286,-2.621,-0.094,7.649,218,105.46875,30.46875,7.202,-2.279422598922567,234,116.40625,32.03125,7.37,-0.5585993153435624,307.0,113.28125,42.96875,7.694,1.1525719972156676,299.0,105.46875,42.1875,7.812,2.214297435588181,264.0,102.34375,36.71875,7.851,3.0419240010986317,202.0,111.71875,28.125,7.967,-1.373400766945016,0.3938025430631287
257,130.46875,35.9375,1.6796639802558455,-1.301,0.244,7.115,271,137.5,37.5,7.202,0.2186689458739419,211,128.125,28.90625,7.411,-1.892546881191539,239.0,123.4375,33.59375,7.411,-2.819842099193151,308.0,132.8125,42.96875,7.411,1.2490457723982544,227.0,135.15625,31.25,6.629,-0.7853981633974483,288.0,125.78125,40.625,6.629,2.356194490192345,-0.14019745693687113
258,169.53125,35.9375,1.604951836949725,-0.353,0.177,7.866,230,175.0,31.25,7.202,-0.7086262721276703,301,173.4375,42.1875,7.37,1.012197011451334,309.0,166.40625,42.96875,7.694,1.9890206563741255,204.0,168.75,28.125,7.851,-1.6704649792860586,229.0,162.5,31.25,8.45,-2.5535900500422257,265.0,178.125,36.71875,8.629,0.0906598872007451,0.6108025430631283
259,185.15625,35.9375,1.687531541298257,1.524,0.037,7.211,302,181.25,42.1875,7.37,2.129395642138459,266,192.1875,36.71875,7.074,0.1106572211738956,265.0,178.125,36.71875,7.074,3.0309354324158977,303.0,188.28125,42.1875,6.987,1.1071487177940904,219.0,189.0625,30.46875,6.72,-0.9505468408120752,212.0,181.25,28.90625,8.043,-2.0778948311872334,-0.04419745693687105
260,214.0625,35.9375,1.6563193877727442,1.561,-0.155,7.034,305,217.96875,42.1875,7.37,1.012197011451334,268,207.03125,36.71875,7.074,3.0309354324158977,237.0,220.3125,32.8125,6.987,-0.4636476090008061,289.0,218.75,40.625,6.629,0.7853981633974483,311.0,210.15625,42.96875,8.043,2.0778948311872334,231.0,210.15625,31.25,6.101,-2.2655346029916,-0.22119745693687154
261,233.59375,35.9375,1.7066919633835105,-2.357,-0.289,7.272,213,235.15625,28.90625,7.202,-1.3521273809209546,232,228.125,31.25,7.202,-2.432966381462123,273.0,226.5625,37.5,7.202,2.922923707715851,290.0,239.0625,40.625,7.202,0.7086262721276703,241.0,240.625,33.59375,7.411,-0.3217505543966422,312.0,231.25,42.96875,7.411,1.892546881191539,0.016802543063128894
262,35.15625,36.71875,1.707863482280434,2.392,0.45,7.062,284,41.40625,40.625,7.37,0.5585993153435624,215,34.375,29.6875,7.074,-1.6814535479687922,283.0,29.6875,40.625,6.72,2.521343167606972,236.0,40.625,32.8125,6.72,-0.6202494859828215,318.0,35.15625,44.53125,7.812,1.5707963267948966,243.0,28.90625,34.375,6.675,-2.782821983319221,-0.19319745693687107
263,46.875,36.71875,1.6841409107433132,-2.653,0.46,6.829,236,40.625,32.8125,7.37,-2.5829933382462307,216,47.65625,29.6875,7.074,-1.460139105621001,314.0,46.875,43.75,7.031,1.5707963267948966,284.0,41.40625,40.625,6.72,2.521343167606972,244.0,52.34375,34.375,5.949,-0.4048917862850834,,,,,,-0.4261974569368716
264,102.34375,36.71875,1.6776085679560246,-2.343,-0.011,7.071,218,105.46875,30.46875,6.987,-1.1071487177940904,226,98.4375,31.25,6.72,-2.191045812777718,298.0,98.4375,42.1875,6.72,2.191045812777718,255.0,94.53125,35.9375,7.851,-3.0419240010986317,256.0,110.15625,35.9375,7.851,-0.099668652491162,299.0,105.46875,42.1875,6.298,1.0516502125483738,-0.18419745693687162
265,178.125,36.71875,1.6650320008987682,-2.221,0.003,7.319,301,173.4375,42.1875,7.202,2.279422598922567,259,185.15625,35.9375,7.074,-0.1106572211738956,302.0,181.25,42.1875,6.298,1.0516502125483738,230.0,175.0,31.25,6.298,-2.08994244104142,212.0,181.25,28.90625,8.414,-1.1902899496825317,258.0,169.53125,35.9375,8.629,-3.050932766389048,0.0638025430631286
266,192.1875,36.71875,1.6646408549241996,-1.196,0.035,6.984,220,196.09375,30.46875,7.37,-1.012197011451334,259,185.15625,35.9375,7.074,-3.0309354324158977,267.0,199.21875,36.71875,7.031,0.0,219.0,189.0625,30.46875,6.987,-2.0344439357957027,303.0,188.28125,42.1875,6.72,2.191045812777718,304.0,196.09375,42.1875,6.72,0.9505468408120752,-0.27119745693687136
267,199.21875,36.71875,1.677803356906403,-0.221,0.009,7.145,221,203.125,30.46875,7.37,-1.012197011451334,310,203.125,42.96875,7.37,1.012197011451334,266.0,192.1875,36.71875,7.031,3.141592653589793,220.0,196.09375,30.46875,6.987,-2.0344439357957027,268.0,207.03125,36.71875,7.812,0.0,304.0,196.09375,42.1875,6.298,2.08994244104142,-0.11019745693687177
268,207.03125,36.71875,1.6975064887234788,-2.541,-0.009,7.152,221,203.125,30.46875,7.37,-2.129395642138459,310,203.125,42.96875,7.37,2.129395642138459,260.0,214.0625,35.9375,7.074,-0.1106572211738956,311.0,210.15625,42.96875,6.987,1.1071487177940904,267.0,199.21875,36.71875,7.812,3.141592653589793,231.0,210.15625,31.25,6.298,-1.0516502125483738,-0.10319745693687121
269,260.15625,36.71875,1.633037303645354,2.656,-0.51,7.582,238,266.40625,32.8125,7.37,-0.5585993153435624,316,259.375,43.75,7.074,1.6814535479687922,242.0,253.125,33.59375,7.694,-2.723368324010564,292.0,265.625,40.625,6.72,0.6202494859828215,291.0,253.125,40.625,8.043,2.6344941491974563,205.0,260.15625,28.125,8.593,-1.5707963267948966,0.3268025430631285
270,17.1875,37.5,1.70267265257465,-0.165,0.351,7.005,235,22.65625,32.8125,7.202,-0.7086262721276703,297,11.71875,42.1875,7.202,2.432966381462123,317.0,18.75,44.53125,7.202,1.3521273809209546,217.0,16.40625,30.46875,7.074,-1.6814535479687922,281.0,23.4375,39.84375,6.675,0.3587706702705722,246.0,10.9375,35.15625,6.675,-2.782821983319221,-0.25019745693687145
271,137.5,37.5,1.4239116797547609,-2.989,0.255,7.317,308,132.8125,42.96875,7.202,2.279422598922567,257,130.46875,35.9375,7.202,-2.922923707715851,319.0,139.0625,44.53125,7.202,1.3521273809209546,227.0,135.15625,31.25,6.675,-1.9295669970654687,228.0,142.96875,31.25,8.304,-0.8519663271732721,,,,,,0.06180254306312882
272,141.40625,37.5,1.433613870527536,0.189,-0.429,7.117,300,146.875,42.1875,7.202,0.7086262721276703,252,148.4375,35.15625,7.411,-0.3217505543966422,319.0,139.0625,44.53125,7.411,1.892546881191539,228.0,142.96875,31.25,6.442,-1.3258176636680326,,,,,,,,,,,-0.13819745693687135
273,226.5625,37.5,1.6711354181460036,2.214,-0.271,7.291,261,233.59375,35.9375,7.202,-0.2186689458739419,312,231.25,42.96875,7.202,0.8621700546672264,237.0,220.3125,32.8125,7.812,-2.498091544796509,315.0,224.21875,43.75,6.675,1.9295669970654687,232.0,228.125,31.25,6.442,-1.3258176636680326,289.0,218.75,40.625,8.414,2.761086276477428,0.03580254306312902
274,246.09375,37.5,1.6341869732412635,-0.476,-0.497,7.426,222,247.65625,30.46875,7.202,-1.3521273809209546,321,247.65625,44.53125,7.202,1.3521273809209546,291.0,253.125,40.625,7.694,0.4182243295792291,290.0,239.0625,40.625,7.694,2.723368324010564,241.0,240.625,33.59375,6.72,-2.521343167606972,242.0,253.125,33.59375,8.043,-0.507098504392337,0.1708025430631288
275,272.65625,37.5,1.6539520155190277,-2.598,-0.448,7.439,322,271.09375,44.53125,7.202,1.7894652726688385,253,279.6875,35.15625,7.411,-0.3217505543966422,223.0,273.4375,30.46875,7.074,-1.460139105621001,292.0,265.625,40.625,7.694,2.723368324010564,238.0,266.40625,32.8125,7.812,-2.498091544796509,,,,,,0.1838025430631287
276,299.21875,37.5,1.645691873682245,3.04,-0.338,7.119,224,299.21875,30.46875,7.031,-1.5707963267948966,323,299.21875,44.53125,7.031,1.5707963267948966,245.0,292.1875,34.375,7.694,-2.723368324010564,296.0,293.75,41.40625,6.72,2.521343167606972,,,,,,,,,,,-0.13619745693687157
277,117.96875,38.28125,1.6540516710174162,0.27,0.277,7.333,239,123.4375,33.59375,7.202,-0.7086262721276703,324,120.3125,45.3125,7.411,1.2490457723982544,307.0,113.28125,42.96875,6.629,2.356194490192345,234.0,116.40625,32.03125,6.442,-1.8157749899217608,288.0,125.78125,40.625,8.156,0.2914567944778671,256.0,110.15625,35.9375,8.156,-2.8501358591119264,0.07780254306312884
278,160.9375,38.28125,1.616496406929664,2.934,-0.356,7.05,229,162.5,31.25,7.202,-1.3521273809209546,240,155.46875,33.59375,7.202,-2.432966381462123,282.0,153.90625,39.84375,7.202,2.922923707715851,309.0,166.40625,42.96875,7.202,0.7086262721276703,320.0,159.375,44.53125,6.442,1.8157749899217608,,,,,,-0.20519745693687153
279,286.71875,38.28125,1.6556842285735167,0.311,0.387,7.264,325,288.28125,45.3125,7.202,1.3521273809209546,313,281.25,42.96875,7.202,2.432966381462123,233.0,285.9375,31.25,7.074,-1.6814535479687922,253.0,279.6875,35.15625,7.694,-2.723368324010564,296.0,293.75,41.40625,7.694,0.4182243295792291,245.0,292.1875,34.375,6.72,-0.6202494859828215,0.008802543063128887
280,5.46875,39.0625,1.6916093766528,-0.383,0.461,6.935,326,6.25,46.09375,7.074,1.460139105621001,297,11.71875,42.1875,6.987,0.4636476090008061,306.0,0.0,42.96875,6.72,2.521343167606972,246.0,10.9375,35.15625,6.72,-0.6202494859828215,225.0,5.46875,31.25,7.812,-1.5707963267948966,254.0,0.0,35.9375,6.298,-2.62244653934327,-0.32019745693687174
281,23.4375,39.84375,1.635450207550278,-0.678,0.246,7.075,235,22.65625,32.8125,7.074,-1.6814535479687922,243,28.90625,34.375,7.733,-0.7853981633974483,270.0,17.1875,37.5,6.675,-2.782821983319221,317.0,18.75,44.53125,6.629,2.356194490192345,327.0,27.34375,46.875,8.043,1.0636978224025595,283.0,29.6875,40.625,6.298,0.1243549945467614,-0.18019745693687117
282,153.90625,39.84375,1.690336141553177,1.767,-0.289,7.269,252,148.4375,35.15625,7.202,-2.432966381462123,278,160.9375,38.28125,7.202,-0.2186689458739419,320.0,159.375,44.53125,7.202,0.7086262721276703,300.0,146.875,42.1875,7.411,2.819842099193151,240.0,155.46875,33.59375,6.442,-1.3258176636680326,336.0,151.5625,47.65625,8.156,1.862253121272764,0.01380254306312878
283,29.6875,40.625,1.630289022955537,-0.845,-0.506,6.542,262,35.15625,36.71875,6.72,-0.6202494859828215,318,35.15625,44.53125,6.72,0.6202494859828215,327.0,27.34375,46.875,6.675,1.9295669970654687,243.0,28.90625,34.375,6.298,-1.695151321341658,281.0,23.4375,39.84375,6.298,-3.017237659043032,,,,,,-0.7131974569368715
284,41.40625,40.625,1.6517629448736957,-2.527,0.49,7.107,262,35.15625,36.71875,7.37,-2.5829933382462307,318,35.15625,44.53125,7.37,2.5829933382462307,331.0,41.40625,47.65625,7.031,1.5707963267948966,263.0,46.875,36.71875,6.72,-0.6202494859828215,236.0,40.625,32.8125,7.851,-1.6704649792860586,314.0,46.875,43.75,6.298,0.5191461142465229,-0.14819745693687114
285,54.6875,40.625,1.6540478038395656,0.586,-0.033,7.432,247,59.375,35.15625,7.202,-0.8621700546672264,286,62.5,40.625,7.812,0.0,329.0,59.375,46.875,7.812,0.9272952180016122,244.0,52.34375,34.375,6.675,-1.9295669970654687,328.0,52.34375,46.875,6.675,1.9295669970654687,314.0,46.875,43.75,8.414,2.761086276477428,0.17680254306312904
286,62.5,40.625,1.6681465557506217,0.345,0.0,7.036,330,66.40625,46.875,7.37,1.012197011451334,287,69.53125,40.625,7.031,0.0,329.0,59.375,46.875,6.987,2.0344439357957027,248.0,66.40625,35.15625,6.72,-0.9505468408120752,285.0,54.6875,40.625,7.812,3.141592653589793,247.0,59.375,35.15625,6.298,-2.08994244104142,-0.21919745693687176
287,69.53125,40.625,1.6335614198115616,1.033,0.027,7.026,293,76.5625,41.40625,7.074,0.1106572211738956,286,62.5,40.625,7.031,3.141592653589793,330.0,66.40625,46.875,6.987,2.0344439357957027,249.0,73.4375,35.15625,6.72,-0.9505468408120752,332.0,73.4375,47.65625,8.043,1.0636978224025595,248.0,66.40625,35.15625,6.298,-2.08994244104142,-0.22919745693687155
288,125.78125,40.625,1.6699487370036126,3.141,0.287,7.335,335,127.34375,47.65625,7.202,1.3521273809209546,324,120.3125,45.3125,7.202,2.432966381462123,239.0,123.4375,33.59375,7.411,-1.892546881191539,308.0,132.8125,42.96875,7.411,0.3217505543966422,257.0,130.46875,35.9375,6.629,-0.7853981633974483,277.0,117.96875,38.28125,8.156,-2.8501358591119264,0.07980254306312862
289,218.75,40.625,1.3626851775005202,-0.883,0.491,7.327,260,214.0625,35.9375,6.629,-2.356194490192345,237,220.3125,32.8125,7.967,-1.373400766945016,315.0,224.21875,43.75,6.298,0.5191461142465229,273.0,226.5625,37.5,8.414,-0.3805063771123649,,,,,,,,,,,0.07180254306312861
290,239.0625,40.625,1.5853356480944985,-1.898,-0.413,7.533,241,240.625,33.59375,7.202,-1.3521273809209546,261,233.59375,35.9375,7.202,-2.432966381462123,337.0,241.40625,47.65625,7.411,1.2490457723982544,274.0,246.09375,37.5,7.694,-0.4182243295792291,312.0,231.25,42.96875,8.156,2.8501358591119264,,,,,,0.277802543063129
291,253.125,40.625,1.6672913904046078,1.279,0.482,7.251,242,253.125,33.59375,7.031,-1.5707963267948966,338,253.125,47.65625,7.031,1.5707963267948966,316.0,259.375,43.75,6.987,0.4636476090008061,274.0,246.09375,37.5,7.694,-2.723368324010564,321.0,247.65625,44.53125,6.72,2.521343167606972,269.0,260.15625,36.71875,8.043,-0.507098504392337,-0.0041974569368710135
292,265.625,40.625,1.676304321263162,0.369,-0.447,7.167,339,265.625,47.65625,7.031,1.5707963267948966,316,259.375,43.75,6.987,2.677945044588987,275.0,272.65625,37.5,7.694,-0.4182243295792291,269.0,260.15625,36.71875,6.72,-2.521343167606972,322.0,271.09375,44.53125,6.72,0.6202494859828215,238.0,266.40625,32.8125,7.851,-1.4711276743037347,-0.08819745693687153
293,76.5625,41.40625,1.6377165552175883,-0.572,0.018,7.136,250,80.46875,35.15625,7.37,-1.012197011451334,333,80.46875,47.65625,7.37,1.012197011451334,287.0,69.53125,40.625,7.074,-3.0309354324158977,294.0,83.59375,41.40625,7.031,0.0,249.0,73.4375,35.15625,6.987,-2.0344439357957027,332.0,73.4375,47.65625,6.987,2.0344439357957027,-0.11919745693687123
294,83.59375,41.40625,1.6673020503615037,0.0,-0.001,7.129,251,87.5,35.15625,7.37,-1.012197011451334,334,87.5,47.65625,7.37,1.012197011451334,295.0,90.625,41.40625,7.031,0.0,293.0,76.5625,41.40625,7.031,3.141592653589793,250.0,80.46875,35.15625,6.987,-2.0344439357957027,333.0,80.46875,47.65625,6.987,2.0344439357957027,-0.1261974569368718
295,90.625,41.40625,1.6312137018196025,0.762,0.035,7.27,294,83.59375,41.40625,7.031,3.141592653589793,251,87.5,35.15625,6.987,-2.0344439357957027,334.0,87.5,47.65625,6.987,2.0344439357957027,255.0,94.53125,35.9375,6.72,-0.9505468408120752,298.0,98.4375,42.1875,7.851,0.099668652491162,340.0,94.53125,48.4375,8.043,1.0636978224025595,0.014802543063128226
296,293.75,41.40625,1.6762360577286808,-1.859,0.503,6.927,245,292.1875,34.375,7.202,-1.7894652726688385,279,286.71875,38.28125,7.694,-2.723368324010564,276.0,299.21875,37.5,6.72,-0.6202494859828215,325.0,288.28125,45.3125,6.72,2.521343167606972,323.0,299.21875,44.53125,6.298,0.5191461142465229,,,,,,-0.32819745693687175
297,11.71875,42.1875,1.6758145730645329,-1.118,0.377,7.099,270,17.1875,37.5,7.202,-0.7086262721276703,350,13.28125,49.21875,7.202,1.3521273809209546,317.0,18.75,44.53125,7.411,0.3217505543966422,246.0,10.9375,35.15625,7.074,-1.6814535479687922,280.0,5.46875,39.0625,6.987,-2.677945044588987,326.0,6.25,46.09375,6.72,2.521343167606972,-0.15619745693687115
298,98.4375,42.1875,1.7022842114555214,-2.526,0.042,7.221,255,94.53125,35.9375,7.37,-2.129395642138459,340,94.53125,48.4375,7.37,2.129395642138459,299.0,105.46875,42.1875,7.031,0.0,341.0,101.5625,48.4375,6.987,1.1071487177940904,264.0,102.34375,36.71875,6.72,-0.9505468408120752,295.0,90.625,41.40625,7.851,-3.0419240010986317,-0.03419745693687126
299,105.46875,42.1875,1.6394276300793076,1.699,0.06,7.343,341,101.5625,48.4375,7.37,2.129395642138459,298,98.4375,42.1875,7.031,3.141592653589793,351.0,108.59375,49.21875,7.694,1.1525719972156676,256.0,110.15625,35.9375,7.812,-0.9272952180016122,307.0,113.28125,42.96875,7.851,0.099668652491162,264.0,102.34375,36.71875,6.298,-2.08994244104142,0.08780254306312862
300,146.875,42.1875,1.685033910125555,2.667,-0.288,7.269,252,148.4375,35.15625,7.202,-1.3521273809209546,272,141.40625,37.5,7.202,-2.432966381462123,336.0,151.5625,47.65625,7.202,0.8621700546672264,282.0,153.90625,39.84375,7.411,-0.3217505543966422,342.0,145.3125,48.4375,6.442,1.8157749899217608,319.0,139.0625,44.53125,8.156,2.8501358591119264,0.01380254306312878
301,173.4375,42.1875,1.6273142385469304,0.55,-0.057,7.447,265,178.125,36.71875,7.202,-0.8621700546672264,258,169.53125,35.9375,7.37,-2.129395642138459,352.0,171.09375,49.21875,7.411,1.892546881191539,309.0,166.40625,42.96875,7.074,3.0309354324158977,302.0,181.25,42.1875,7.812,0.0,343.0,178.125,48.4375,7.812,0.9272952180016122,0.19180254306312872
302,181.25,42.1875,1.678179866592395,0.22,-0.01,7.145,259,185.15625,35.9375,7.37,-1.012197011451334,344,185.15625,48.4375,7.37,1.012197011451334,303.0,188.28125,42.1875,7.031,0.0,343.0,178.125,48.4375,6.987,2.0344439357957027,301.0,173.4375,42.1875,7.812,3.141592653589793,265.0,178.125,36.71875,6.298,-2.08994244104142,-0.11019745693687177
303,188.28125,42.1875,1.6613168265917502,0.156,0.009,7.151,345,192.1875,48.4375,7.37,1.012197011451334,302,181.25,42.1875,7.031,3.141592653589793,344.0,185.15625,48.4375,6.987,2.0344439357957027,259.0,185.15625,35.9375,6.987,-2.0344439357957027,266.0,192.1875,36.71875,6.72,-0.9505468408120752,304.0,196.09375,42.1875,7.812,0.0,-0.10419745693687155
304,196.09375,42.1875,1.6304059539385938,2.365,0.018,7.044,345,192.1875,48.4375,7.37,2.129395642138459,310,203.125,42.96875,7.074,0.1106572211738956,346.0,199.21875,48.4375,6.987,1.1071487177940904,266.0,192.1875,36.71875,6.72,-2.191045812777718,303.0,188.28125,42.1875,7.812,3.141592653589793,267.0,199.21875,36.71875,6.298,-1.0516502125483738,-0.21119745693687175
305,217.96875,42.1875,1.4409272865897884,2.03,0.038,7.48,260,214.0625,35.9375,7.37,-2.129395642138459,354,221.09375,49.21875,7.694,1.1525719972156676,311.0,210.15625,42.96875,7.851,3.0419240010986317,353.0,214.0625,49.21875,8.043,2.0778948311872334,315.0,224.21875,43.75,6.442,0.2449786631268641,,,,,,0.22480254306312908
306,0.0,42.96875,1.64923168888744,-0.079,-0.321,6.942,254,0.0,35.9375,7.031,-1.5707963267948966,356,0.0,50.0,7.031,1.5707963267948966,326.0,6.25,46.09375,6.987,0.4636476090008061,280.0,5.46875,39.0625,6.72,-0.6202494859828215,,,,,,,,,,,-0.3131974569368712
307,113.28125,42.96875,1.633354842660301,1.655,0.183,7.468,324,120.3125,45.3125,7.411,0.3217505543966422,357,115.625,50.0,7.411,1.2490457723982544,256.0,110.15625,35.9375,7.694,-1.9890206563741255,351.0,108.59375,49.21875,7.812,2.214297435588181,299.0,105.46875,42.1875,7.851,-3.0419240010986317,277.0,117.96875,38.28125,6.629,-0.7853981633974483,0.21280254306312862
308,132.8125,42.96875,1.645840020731183,-2.705,0.283,7.124,271,137.5,37.5,7.202,-0.8621700546672264,335,127.34375,47.65625,7.202,2.432966381462123,288.0,125.78125,40.625,7.411,-2.819842099193151,257.0,130.46875,35.9375,7.411,-1.892546881191539,358.0,133.59375,50.0,7.074,1.460139105621001,319.0,139.0625,44.53125,6.442,0.2449786631268641,-0.13119745693687168
309,166.40625,42.96875,1.6952178989951556,1.746,-0.18,7.399,278,160.9375,38.28125,7.202,-2.432966381462123,320,159.375,44.53125,7.202,2.922923707715851,359.0,164.0625,50.0,7.411,1.892546881191539,301.0,173.4375,42.1875,7.074,-0.1106572211738956,258.0,169.53125,35.9375,7.694,-1.1525719972156676,352.0,171.09375,49.21875,7.812,0.9272952180016122,0.14380254306312867
310,203.125,42.96875,1.6915241140206612,-2.137,0.035,6.977,267,199.21875,36.71875,7.37,-2.129395642138459,268,207.03125,36.71875,7.37,-1.012197011451334,304.0,196.09375,42.1875,7.074,-3.0309354324158977,311.0,210.15625,42.96875,7.031,0.0,346.0,199.21875,48.4375,6.72,2.191045812777718,347.0,206.25,48.4375,6.298,1.0516502125483738,-0.27819745693687103
311,210.15625,42.96875,1.6319171507713153,-1.657,0.0,7.334,353,214.0625,49.21875,7.37,1.012197011451334,310,203.125,42.96875,7.031,3.141592653589793,268.0,207.03125,36.71875,6.987,-2.0344439357957027,347.0,206.25,48.4375,6.72,2.191045812777718,305.0,217.96875,42.1875,7.851,-0.099668652491162,260.0,214.0625,35.9375,8.043,-1.0636978224025595,0.07880254306312828
312,231.25,42.96875,1.6615281672610736,-2.501,-0.157,7.258,273,226.5625,37.5,7.202,-2.279422598922567,261,233.59375,35.9375,7.411,-1.2490457723982544,315.0,224.21875,43.75,7.074,3.0309354324158977,355.0,228.125,49.21875,6.987,2.0344439357957027,348.0,235.15625,48.4375,6.72,0.9505468408120752,290.0,239.0625,40.625,8.156,-0.2914567944778671,0.0028025430631286596
313,281.25,42.96875,1.436484352954424,0.371,0.356,7.397,279,286.71875,38.28125,7.202,-0.7086262721276703,349,276.5625,48.4375,7.202,2.279422598922567,360.0,282.8125,50.0,7.202,1.3521273809209546,325.0,288.28125,45.3125,7.411,0.3217505543966422,253.0,279.6875,35.15625,7.967,-1.7681918866447774,,,,,,0.1418025430631289
314,46.875,43.75,1.649457365765597,0.735,0.509,6.972,364,47.65625,50.78125,7.074,1.460139105621001,263,46.875,36.71875,7.031,-1.5707963267948966,331.0,41.40625,47.65625,6.72,2.521343167606972,284.0,41.40625,40.625,6.298,-2.62244653934327,328.0,52.34375,46.875,6.298,0.5191461142465229,285.0,54.6875,40.625,8.414,-0.3805063771123649,-0.28319745693687093
315,224.21875,43.75,1.674933238622592,-2.894,-0.07,6.584,312,231.25,42.96875,7.074,-0.1106572211738956,355,228.125,49.21875,6.72,0.9505468408120752,273.0,226.5625,37.5,6.675,-1.2120256565243244,305.0,217.96875,42.1875,6.442,-2.896613990462929,289.0,218.75,40.625,6.298,-2.62244653934327,354.0,221.09375,49.21875,6.298,2.08994244104142,-0.6711974569368717
316,259.375,43.75,1.67620121861087,0.999,-0.506,7.267,338,253.125,47.65625,7.37,2.5829933382462307,339,265.625,47.65625,7.37,0.5585993153435624,269.0,260.15625,36.71875,7.074,-1.460139105621001,291.0,253.125,40.625,6.987,-2.677945044588987,292.0,265.625,40.625,6.987,-0.4636476090008061,367.0,259.375,51.5625,7.812,1.5707963267948966,0.011802543063129
317,18.75,44.53125,1.6846246295414182,-2.609,0.319,7.086,270,17.1875,37.5,7.202,-1.7894652726688385,350,13.28125,49.21875,7.202,2.432966381462123,297.0,11.71875,42.1875,7.411,-2.819842099193151,362.0,21.875,50.78125,6.987,1.1071487177940904,281.0,23.4375,39.84375,6.629,-0.7853981633974483,,,,,,-0.16919745693687105
318,35.15625,44.53125,1.6286532550722506,-1.648,-0.492,7.216,284,41.40625,40.625,7.37,-0.5585993153435624,331,41.40625,47.65625,6.987,0.4636476090008061,283.0,29.6875,40.625,6.72,-2.521343167606972,262.0,35.15625,36.71875,7.812,-1.5707963267948966,327.0,27.34375,46.875,8.156,2.8501358591119264,363.0,35.15625,50.78125,6.25,1.5707963267948966,-0.039197456936871156
319,139.0625,44.53125,1.6539401127198603,-1.386,0.404,7.386,271,137.5,37.5,7.202,-1.7894652726688385,342,145.3125,48.4375,7.37,0.5585993153435624,272.0,141.40625,37.5,7.411,-1.2490457723982544,358.0,133.59375,50.0,7.733,2.356194490192345,308.0,132.8125,42.96875,6.442,-2.896613990462929,300.0,146.875,42.1875,8.156,-0.2914567944778671,0.13080254306312877
320,159.375,44.53125,1.6849988148339912,2.207,-0.261,7.189,282,153.90625,39.84375,7.202,-2.432966381462123,309,166.40625,42.96875,7.202,-0.2186689458739419,359.0,164.0625,50.0,7.202,0.8621700546672264,365.0,157.03125,50.78125,6.675,1.9295669970654687,278.0,160.9375,38.28125,6.442,-1.3258176636680326,336.0,151.5625,47.65625,8.414,2.761086276477428,-0.06619745693687129
321,247.65625,44.53125,1.6198177323678,0.69,-0.449,6.856,274,246.09375,37.5,7.202,-1.7894652726688385,366,246.875,51.5625,7.074,1.6814535479687922,337.0,241.40625,47.65625,6.987,2.677945044588987,291.0,253.125,40.625,6.72,-0.6202494859828215,338.0,253.125,47.65625,6.298,0.5191461142465229,,,,,,-0.3991974569368715
322,271.09375,44.53125,1.6445010824055668,2.467,0.516,6.794,275,272.65625,37.5,7.202,-1.3521273809209546,368,271.09375,51.5625,7.031,1.5707963267948966,349.0,276.5625,48.4375,6.72,0.6202494859828215,292.0,265.625,40.625,6.72,-2.521343167606972,339.0,265.625,47.65625,6.298,2.62244653934327,,,,,,-0.46119745693687175
323,299.21875,44.53125,1.6057314413295316,-2.711,0.0,6.542,276,299.21875,37.5,7.031,-1.5707963267948966,296,293.75,41.40625,6.298,-2.62244653934327,361.0,296.09375,50.0,6.298,2.08994244104142,,,,,,,,,,,,,,,,-0.7131974569368715
324,120.3125,45.3125,1.702441469225629,0.823,0.274,7.246,288,125.78125,40.625,7.202,-0.7086262721276703,277,117.96875,38.28125,7.411,-1.892546881191539,307.0,113.28125,42.96875,7.411,-2.819842099193151,335.0,127.34375,47.65625,7.411,0.3217505543966422,370.0,122.65625,52.34375,7.411,1.2490457723982544,357.0,115.625,50.0,6.629,2.356194490192345,-0.009197456936870907
325,288.28125,45.3125,1.6737358340025934,-2.859,0.4,6.996,279,286.71875,38.28125,7.202,-1.7894652726688385,360,282.8125,50.0,7.202,2.432966381462123,313.0,281.25,42.96875,7.411,-2.819842099193151,296.0,293.75,41.40625,6.72,-0.6202494859828215,369.0,289.84375,51.5625,6.442,1.3258176636680326,,,,,,-0.2591974569368709
326,6.25,46.09375,1.6844638132395688,-2.54,0.455,7.146,356,0.0,50.0,7.37,2.5829933382462307,280,5.46875,39.0625,7.074,-1.6814535479687922,371.0,6.25,53.125,7.031,1.5707963267948966,306.0,0.0,42.96875,6.987,-2.677945044588987,350.0,13.28125,49.21875,7.694,0.4182243295792291,297.0,11.71875,42.1875,6.72,-0.6202494859828215,-0.10919745693687144
327,27.34375,46.875,1.5370968348679714,-1.174,-0.129,7.359,375,28.90625,53.90625,7.202,1.3521273809209546,362,21.875,50.78125,6.72,2.521343167606972,283.0,29.6875,40.625,6.675,-1.2120256565243244,281.0,23.4375,39.84375,8.043,-2.0778948311872334,318.0,35.15625,44.53125,8.156,-0.2914567944778671,,,,,,0.10380254306312864
328,52.34375,46.875,1.593253448079492,1.375,0.239,6.703,376,54.6875,53.90625,7.411,1.2490457723982544,329,59.375,46.875,7.031,0.0,285.0,54.6875,40.625,6.675,-1.2120256565243244,314.0,46.875,43.75,6.298,-2.62244653934327,364.0,47.65625,50.78125,6.101,2.44685437739309,,,,,,-0.5521974569368711
329,59.375,46.875,1.649103854745666,3.019,-0.009,7.383,330,66.40625,46.875,7.031,0.0,328,52.34375,46.875,7.031,3.141592653589793,286.0,62.5,40.625,6.987,-1.1071487177940904,372.0,62.5,53.125,6.987,1.1071487177940904,285.0,54.6875,40.625,7.812,-2.214297435588181,376.0,54.6875,53.90625,8.45,2.158798930342464,0.12780254306312866
330,66.40625,46.875,1.6800962093378995,2.57,0.018,7.136,286,62.5,40.625,7.37,-2.129395642138459,372,62.5,53.125,7.37,2.129395642138459,332.0,73.4375,47.65625,7.074,0.1106572211738956,329.0,59.375,46.875,7.031,3.141592653589793,287.0,69.53125,40.625,6.987,-1.1071487177940904,373.0,69.53125,53.125,6.987,1.1071487177940904,-0.11919745693687123
331,41.40625,47.65625,1.692591923703686,-2.113,0.497,6.957,284,41.40625,40.625,7.031,-1.5707963267948966,379,41.40625,54.6875,7.031,1.5707963267948966,363.0,35.15625,50.78125,6.987,2.677945044588987,318.0,35.15625,44.53125,6.987,-2.677945044588987,364.0,47.65625,50.78125,6.987,0.4636476090008061,314.0,46.875,43.75,6.72,-0.6202494859828215,-0.2981974569368715
332,73.4375,47.65625,1.646956640512668,-2.343,0.037,7.14,330,66.40625,46.875,7.074,-3.0309354324158977,333,80.46875,47.65625,7.031,0.0,293.0,76.5625,41.40625,6.987,-1.1071487177940904,377.0,76.5625,53.90625,6.987,1.1071487177940904,373.0,69.53125,53.125,6.72,2.191045812777718,287.0,69.53125,40.625,8.043,-2.0778948311872334,-0.11519745693687167
333,80.46875,47.65625,1.682830477560436,3.141,-0.001,7.129,293,76.5625,41.40625,7.37,-2.129395642138459,377,76.5625,53.90625,7.37,2.129395642138459,334.0,87.5,47.65625,7.031,0.0,332.0,73.4375,47.65625,7.031,3.141592653589793,294.0,83.59375,41.40625,6.987,-1.1071487177940904,378.0,83.59375,53.90625,6.987,1.1071487177940904,-0.1261974569368718
334,87.5,47.65625,1.6775229474998667,2.593,0.025,7.254,294,83.59375,41.40625,7.37,-2.129395642138459,378,83.59375,53.90625,7.37,2.129395642138459,340.0,94.53125,48.4375,7.074,0.1106572211738956,333.0,80.46875,47.65625,7.031,3.141592653589793,295.0,90.625,41.40625,6.987,-1.1071487177940904,380.0,90.625,54.6875,7.694,1.1525719972156676,-0.001197456936871788
335,127.34375,47.65625,1.705885661527149,1.159,0.315,7.054,288,125.78125,40.625,7.202,-1.7894652726688385,308,132.8125,42.96875,7.202,-0.7086262721276703,383.0,128.90625,54.6875,7.202,1.3521273809209546,324.0,120.3125,45.3125,7.411,-2.819842099193151,358.0,133.59375,50.0,6.675,0.3587706702705722,370.0,122.65625,52.34375,6.629,2.356194490192345,-0.20119745693687108
336,151.5625,47.65625,1.5857772530904928,-1.748,-0.227,7.47,300,146.875,42.1875,7.202,-2.279422598922567,282,153.90625,39.84375,8.156,-1.2793395323170296,342.0,145.3125,48.4375,6.298,3.017237659043032,365.0,157.03125,50.78125,6.298,0.5191461142465229,320.0,159.375,44.53125,8.414,-0.3805063771123649,384.0,146.875,54.6875,8.45,2.158798930342464,0.2148025430631284
337,241.40625,47.65625,1.613135850854395,1.001,-0.421,6.924,390,239.84375,54.6875,7.202,1.7894652726688385,290,239.0625,40.625,7.411,-1.892546881191539,321.0,247.65625,44.53125,6.987,-0.4636476090008061,366.0,246.875,51.5625,6.72,0.6202494859828215,348.0,235.15625,48.4375,6.298,3.017237659043032,,,,,,-0.33119745693687097
338,253.125,47.65625,1.660123141861394,2.109,0.516,7.078,316,259.375,43.75,7.37,-0.5585993153435624,366,246.875,51.5625,7.37,2.5829933382462307,367.0,259.375,51.5625,7.37,0.5585993153435624,291.0,253.125,40.625,7.031,-1.5707963267948966,391.0,253.125,54.6875,7.031,1.5707963267948966,321.0,247.65625,44.53125,6.298,-2.62244653934327,-0.17719745693687106
339,265.625,47.65625,1.6508785215735742,2.526,-0.491,7.107,316,259.375,43.75,7.37,-2.5829933382462307,367,259.375,51.5625,7.37,2.5829933382462307,292.0,265.625,40.625,7.031,-1.5707963267948966,368.0,271.09375,51.5625,6.72,0.6202494859828215,398.0,264.84375,55.46875,7.851,1.6704649792860586,322.0,271.09375,44.53125,6.298,-0.5191461142465229,-0.14819745693687114
340,94.53125,48.4375,1.6768466431786526,-1.915,0.042,7.312,298,98.4375,42.1875,7.37,-1.012197011451334,380,90.625,54.6875,7.37,2.129395642138459,334.0,87.5,47.65625,7.074,-3.0309354324158977,341.0,101.5625,48.4375,7.031,0.0,381.0,97.65625,54.6875,6.987,1.1071487177940904,295.0,90.625,41.40625,8.043,-2.0778948311872334,0.05680254306312893
341,101.5625,48.4375,1.7057297338800923,1.626,0.05,7.136,299,105.46875,42.1875,7.37,-1.012197011451334,381,97.65625,54.6875,7.37,2.129395642138459,351.0,108.59375,49.21875,7.074,0.1106572211738956,340.0,94.53125,48.4375,7.031,3.141592653589793,298.0,98.4375,42.1875,6.987,-2.0344439357957027,382.0,104.6875,54.6875,6.987,1.1071487177940904,-0.11919745693687123
342,145.3125,48.4375,1.6661202506673245,2.542,-0.469,6.636,319,139.0625,44.53125,7.37,-2.5829933382462307,374,140.625,53.125,6.629,2.356194490192345,300.0,146.875,42.1875,6.442,-1.3258176636680326,384.0,146.875,54.6875,6.442,1.3258176636680326,336.0,151.5625,47.65625,6.298,-0.1243549945467614,,,,,,-0.6191974569368712
343,178.125,48.4375,1.6148081403458558,2.357,-0.042,7.322,352,171.09375,49.21875,7.074,3.0309354324158977,344,185.15625,48.4375,7.031,0.0,302.0,181.25,42.1875,6.987,-1.1071487177940904,385.0,181.25,54.6875,6.987,1.1071487177940904,301.0,173.4375,42.1875,7.812,-2.214297435588181,394.0,174.21875,55.46875,8.043,2.0778948311872334,0.06680254306312872
344,185.15625,48.4375,1.678025352880395,3.141,-0.001,7.129,302,181.25,42.1875,7.37,-2.129395642138459,385,181.25,54.6875,7.37,2.129395642138459,345.0,192.1875,48.4375,7.031,0.0,343.0,178.125,48.4375,7.031,3.141592653589793,303.0,188.28125,42.1875,6.987,-1.1071487177940904,386.0,188.28125,54.6875,6.987,1.1071487177940904,-0.1261974569368718
345,192.1875,48.4375,1.69432723464344,0.051,-0.001,7.257,303,188.28125,42.1875,7.37,-2.129395642138459,304,196.09375,42.1875,7.37,-1.012197011451334,387.0,196.09375,54.6875,7.37,1.012197011451334,386.0,188.28125,54.6875,7.37,2.129395642138459,346.0,199.21875,48.4375,7.031,0.0,344.0,185.15625,48.4375,7.031,3.141592653589793,0.0018025430631283257
346,199.21875,48.4375,1.6747561979392516,0.156,0.009,7.021,388,203.125,54.6875,7.37,1.012197011451334,347,206.25,48.4375,7.031,0.0,345.0,192.1875,48.4375,7.031,3.141592653589793,304.0,196.09375,42.1875,6.987,-2.0344439357957027,387.0,196.09375,54.6875,6.987,2.0344439357957027,310.0,203.125,42.96875,6.72,-0.9505468408120752,-0.23419745693687144
347,206.25,48.4375,1.6086861372442391,0.776,0.017,7.043,389,210.15625,54.6875,7.37,1.012197011451334,346,199.21875,48.4375,7.031,3.141592653589793,388.0,203.125,54.6875,6.987,2.0344439357957027,311.0,210.15625,42.96875,6.72,-0.9505468408120752,353.0,214.0625,49.21875,7.851,0.099668652491162,310.0,203.125,42.96875,6.298,-2.08994244104142,-0.2121974569368712
348,235.15625,48.4375,1.6752660006764528,1.984,-0.134,7.12,355,228.125,49.21875,7.074,3.0309354324158977,397,232.03125,55.46875,7.694,1.9890206563741255,312.0,231.25,42.96875,6.72,-2.191045812777718,390.0,239.84375,54.6875,7.812,0.9272952180016122,337.0,241.40625,47.65625,6.298,-0.1243549945467614,,,,,,-0.13519745693687124
349,276.5625,48.4375,1.645981275065766,1.176,0.433,6.773,313,281.25,42.96875,7.202,-0.8621700546672264,399,278.125,55.46875,7.202,1.3521273809209546,322.0,271.09375,44.53125,6.72,-2.521343167606972,360.0,282.8125,50.0,6.442,0.2449786631268641,368.0,271.09375,51.5625,6.298,2.62244653934327,,,,,,-0.48219745693687166
350,13.28125,49.21875,1.6082245823053205,2.823,0.399,7.516,297,11.71875,42.1875,7.202,-1.7894652726688385,317,18.75,44.53125,7.202,-0.7086262721276703,392.0,16.40625,55.46875,6.987,1.1071487177940904,326.0,6.25,46.09375,7.694,-2.723368324010564,404.0,11.71875,57.03125,7.967,1.7681918866447774,371.0,6.25,53.125,8.043,2.6344941491974563,0.26080254306312867
351,108.59375,49.21875,1.6862516554152276,2.356,0.117,7.175,357,115.625,50.0,7.074,0.1106572211738956,341,101.5625,48.4375,7.074,-3.0309354324158977,299.0,105.46875,42.1875,7.694,-1.9890206563741255,382.0,104.6875,54.6875,6.72,2.191045812777718,307.0,113.28125,42.96875,7.812,-0.9272952180016122,393.0,110.9375,55.46875,6.675,1.2120256565243244,-0.08019745693687153
352,171.09375,49.21875,1.6388317122855034,3.079,-0.085,7.4,301,173.4375,42.1875,7.411,-1.2490457723982544,343,178.125,48.4375,7.074,-0.1106572211738956,359.0,164.0625,50.0,7.074,3.0309354324158977,394.0,174.21875,55.46875,6.987,1.1071487177940904,309.0,166.40625,42.96875,7.812,-2.214297435588181,402.0,167.1875,56.25,8.043,2.0778948311872334,0.144802543063129
353,214.0625,49.21875,1.6468470613153738,-2.563,0.034,7.334,311,210.15625,42.96875,7.37,-2.129395642138459,354,221.09375,49.21875,7.031,0.0,395.0,217.1875,55.46875,6.987,1.1071487177940904,389.0,210.15625,54.6875,6.72,2.191045812777718,347.0,206.25,48.4375,7.851,-3.0419240010986317,305.0,217.96875,42.1875,8.043,-1.0636978224025595,0.07880254306312828
354,221.09375,49.21875,1.6639552619689888,-1.391,0.032,7.068,395,217.1875,55.46875,7.37,2.129395642138459,355,228.125,49.21875,7.031,0.0,353.0,214.0625,49.21875,7.031,3.141592653589793,396.0,224.21875,55.46875,6.987,1.1071487177940904,305.0,217.96875,42.1875,7.694,-1.9890206563741255,315.0,224.21875,43.75,6.298,-1.0516502125483738,-0.18719745693687173
355,228.125,49.21875,1.7030930675541895,-2.423,-0.045,7.092,397,232.03125,55.46875,7.37,1.012197011451334,396,224.21875,55.46875,7.37,2.129395642138459,348.0,235.15625,48.4375,7.074,-0.1106572211738956,354.0,221.09375,49.21875,7.031,3.141592653589793,312.0,231.25,42.96875,6.987,-1.1071487177940904,315.0,224.21875,43.75,6.72,-2.191045812777718,-0.1631974569368717
356,0.0,50.0,1.6413742254023254,-0.048,-0.298,7.105,326,6.25,46.09375,7.37,-0.5585993153435624,306,0.0,42.96875,7.031,-1.5707963267948966,403.0,0.0,57.03125,7.031,1.5707963267948966,371.0,6.25,53.125,6.987,0.4636476090008061,,,,,,,,,,,-0.15019745693687092
357,115.625,50.0,1.7091180836294686,1.385,0.206,7.067,393,110.9375,55.46875,7.202,2.279422598922567,307,113.28125,42.96875,7.411,-1.892546881191539,370.0,122.65625,52.34375,7.411,0.3217505543966422,351.0,108.59375,49.21875,7.074,-3.0309354324158977,400.0,117.96875,56.25,6.675,1.2120256565243244,324.0,120.3125,45.3125,6.629,-0.7853981633974483,-0.18819745693687118
358,133.59375,50.0,1.6484577813128145,0.418,0.336,7.168,405,135.15625,57.03125,7.202,1.3521273809209546,308,132.8125,42.96875,7.074,-1.6814535479687922,374.0,140.625,53.125,7.694,0.4182243295792291,319.0,139.0625,44.53125,7.733,-0.7853981633974483,335.0,127.34375,47.65625,6.675,-2.782821983319221,383.0,128.90625,54.6875,6.629,2.356194490192345,-0.0871974569368712
359,164.0625,50.0,1.6869150398511394,2.812,-0.113,7.24,320,159.375,44.53125,7.202,-2.279422598922567,309,166.40625,42.96875,7.411,-1.2490457723982544,352.0,171.09375,49.21875,7.074,-0.1106572211738956,365.0,157.03125,50.78125,7.074,3.0309354324158977,402.0,167.1875,56.25,6.987,1.1071487177940904,406.0,160.9375,57.03125,7.694,1.9890206563741255,-0.015197456936871134
360,282.8125,50.0,1.613806974375588,0.067,0.233,7.157,313,281.25,42.96875,7.202,-1.7894652726688385,325,288.28125,45.3125,7.202,-0.7086262721276703,369.0,289.84375,51.5625,7.202,0.2186689458739419,399.0,278.125,55.46875,7.202,2.279422598922567,407.0,285.9375,57.03125,7.694,1.1525719972156676,349.0,276.5625,48.4375,6.442,-2.896613990462929,-0.09819745693687132
361,296.09375,50.0,1.5562078503711625,1.946,-0.091,7.032,409,299.21875,57.03125,7.694,1.1525719972156676,408,292.96875,57.03125,7.694,1.9890206563741255,369.0,289.84375,51.5625,6.442,2.896613990462929,323.0,299.21875,44.53125,6.298,-1.0516502125483738,,,,,,,,,,,-0.22319745693687132
362,21.875,50.78125,1.6561152993280688,0.646,0.393,7.161,392,16.40625,55.46875,7.202,2.432966381462123,410,23.4375,57.8125,7.202,1.3521273809209546,317.0,18.75,44.53125,6.987,-2.0344439357957027,375.0,28.90625,53.90625,7.694,0.4182243295792291,327.0,27.34375,46.875,6.72,-0.6202494859828215,,,,,,-0.09419745693687176
363,35.15625,50.78125,1.6813814791906172,0.558,0.456,6.925,379,41.40625,54.6875,7.37,0.5585993153435624,411,35.15625,57.8125,7.031,1.5707963267948966,375.0,28.90625,53.90625,6.987,2.677945044588987,331.0,41.40625,47.65625,6.987,-0.4636476090008061,318.0,35.15625,44.53125,6.25,-1.5707963267948966,,,,,,-0.3301974569368715
364,47.65625,50.78125,1.6685420936161264,-2.438,0.443,7.043,379,41.40625,54.6875,7.37,2.5829933382462307,314,46.875,43.75,7.074,-1.6814535479687922,412.0,47.65625,57.8125,7.031,1.5707963267948966,331.0,41.40625,47.65625,6.987,-2.677945044588987,376.0,54.6875,53.90625,7.694,0.4182243295792291,328.0,52.34375,46.875,6.101,-0.6947382761967031,-0.2121974569368712
365,157.03125,50.78125,1.5998669383845896,0.327,-0.125,6.743,406,160.9375,57.03125,7.37,1.012197011451334,359,164.0625,50.0,7.074,-0.1106572211738956,320.0,159.375,44.53125,6.675,-1.2120256565243244,336.0,151.5625,47.65625,6.298,-2.62244653934327,401.0,153.90625,56.25,6.298,2.08994244104142,,,,,,-0.512197456936871
366,246.875,51.5625,1.6370801852429715,-1.109,-0.487,7.016,338,253.125,47.65625,7.37,-0.5585993153435624,321,247.65625,44.53125,7.074,-1.460139105621001,391.0,253.125,54.6875,6.987,0.4636476090008061,390.0,239.84375,54.6875,7.694,2.723368324010564,337.0,241.40625,47.65625,6.72,-2.521343167606972,413.0,246.875,57.8125,6.25,1.5707963267948966,-0.23919745693687133
367,259.375,51.5625,1.6869636392720626,-2.948,-0.479,7.222,338,253.125,47.65625,7.37,-2.5829933382462307,339,265.625,47.65625,7.37,-0.5585993153435624,415.0,258.59375,58.59375,7.074,1.6814535479687922,391.0,253.125,54.6875,6.987,2.677945044588987,398.0,264.84375,55.46875,6.72,0.6202494859828215,316.0,259.375,43.75,7.812,-1.5707963267948966,-0.03319745693687093
368,271.09375,51.5625,1.6800562542231836,-0.654,-0.516,7.082,398,264.84375,55.46875,7.37,2.5829933382462307,322,271.09375,44.53125,7.031,-1.5707963267948966,416.0,271.09375,58.59375,7.031,1.5707963267948966,339.0,265.625,47.65625,6.72,-2.521343167606972,399.0,278.125,55.46875,8.043,0.507098504392337,349.0,276.5625,48.4375,6.298,-0.5191461142465229,-0.1731974569368715
369,289.84375,51.5625,1.5914366414896657,2.494,0.126,6.621,360,282.8125,50.0,7.202,-2.922923707715851,407,285.9375,57.03125,6.72,2.191045812777718,325.0,288.28125,45.3125,6.442,-1.8157749899217608,361.0,296.09375,50.0,6.442,-0.2449786631268641,408.0,292.96875,57.03125,6.298,1.0516502125483738,,,,,,-0.6341974569368709
370,122.65625,52.34375,1.6263350712948352,3.092,0.332,7.137,324,120.3125,45.3125,7.411,-1.892546881191539,357,115.625,50.0,7.411,-2.819842099193151,383.0,128.90625,54.6875,6.675,0.3587706702705722,335.0,127.34375,47.65625,6.629,-0.7853981633974483,400.0,117.96875,56.25,6.101,2.44685437739309,426.0,122.65625,60.9375,8.593,1.5707963267948966,-0.11819745693687178
371,6.25,53.125,1.6768532589435334,2.334,-0.503,7.204,403,0.0,57.03125,7.37,2.5829933382462307,418,5.46875,60.15625,7.074,1.6814535479687922,326.0,6.25,46.09375,7.031,-1.5707963267948966,356.0,0.0,50.0,6.987,-2.677945044588987,404.0,11.71875,57.03125,6.72,0.6202494859828215,350.0,13.28125,49.21875,8.043,-0.507098504392337,-0.05119745693687161
372,62.5,53.125,1.65384539719393,1.257,0.009,7.087,330,66.40625,46.875,7.37,-1.012197011451334,373,69.53125,53.125,7.031,0.0,329.0,59.375,46.875,6.987,-2.0344439357957027,417.0,65.625,59.375,6.987,1.1071487177940904,376.0,54.6875,53.90625,7.851,3.0419240010986317,414.0,59.375,58.59375,6.298,2.08994244104142,-0.1681974569368716
373,69.53125,53.125,1.664375382183044,1.546,0.068,7.146,417,65.625,59.375,7.37,2.129395642138459,377,76.5625,53.90625,7.074,0.1106572211738956,372.0,62.5,53.125,7.031,3.141592653589793,330.0,66.40625,46.875,6.987,-2.0344439357957027,419.0,72.65625,60.15625,7.694,1.1525719972156676,332.0,73.4375,47.65625,6.72,-0.9505468408120752,-0.10919745693687144
374,140.625,53.125,1.5998337688523976,1.332,0.396,6.937,422,142.1875,60.15625,7.202,1.3521273809209546,358,133.59375,50.0,7.694,-2.723368324010564,405.0,135.15625,57.03125,6.72,2.521343167606972,342.0,145.3125,48.4375,6.629,-0.7853981633974483,384.0,146.875,54.6875,6.442,0.2449786631268641,,,,,,-0.31819745693687107
375,28.90625,53.90625,1.68936389086868,1.891,0.45,7.175,327,27.34375,46.875,7.202,-1.7894652726688385,411,35.15625,57.8125,7.37,0.5585993153435624,423.0,29.6875,60.9375,7.074,1.460139105621001,363.0,35.15625,50.78125,6.987,-0.4636476090008061,362.0,21.875,50.78125,7.694,-2.723368324010564,410.0,23.4375,57.8125,6.72,2.521343167606972,-0.08019745693687153
376,54.6875,53.90625,1.617663365961903,2.17,-0.449,7.58,328,52.34375,46.875,7.411,-1.892546881191539,364,47.65625,50.78125,7.694,-2.723368324010564,372.0,62.5,53.125,7.851,-0.099668652491162,435.0,53.90625,61.71875,7.851,1.6704649792860586,414.0,59.375,58.59375,6.629,0.7853981633974483,412.0,47.65625,57.8125,8.043,2.6344941491974563,0.3248025430631287
377,76.5625,53.90625,1.6962674125605233,-1.516,0.05,7.136,333,80.46875,47.65625,7.37,-1.012197011451334,419,72.65625,60.15625,7.37,2.129395642138459,373.0,69.53125,53.125,7.074,-3.0309354324158977,378.0,83.59375,53.90625,7.031,0.0,332.0,73.4375,47.65625,6.987,-2.0344439357957027,420.0,79.6875,60.15625,6.987,1.1071487177940904,-0.11919745693687123
378,83.59375,53.90625,1.703129545974433,1.626,0.05,7.136,334,87.5,47.65625,7.37,-1.012197011451334,420,79.6875,60.15625,7.37,2.129395642138459,380.0,90.625,54.6875,7.074,0.1106572211738956,377.0,76.5625,53.90625,7.031,3.141592653589793,333.0,80.46875,47.65625,6.987,-2.0344439357957027,421.0,86.71875,60.15625,6.987,1.1071487177940904,-0.11919745693687123
379,41.40625,54.6875,1.6944624012747638,-1.571,-0.524,7.129,363,35.15625,50.78125,7.37,-2.5829933382462307,364,47.65625,50.78125,7.37,-0.5585993153435624,331.0,41.40625,47.65625,7.031,-1.5707963267948966,434.0,41.40625,61.71875,7.031,1.5707963267948966,411.0,35.15625,57.8125,6.987,2.677945044588987,412.0,47.65625,57.8125,6.987,0.4636476090008061,-0.1261974569368718
380,90.625,54.6875,1.6596804770351146,-1.596,0.068,7.146,340,94.53125,48.4375,7.37,-1.012197011451334,378,83.59375,53.90625,7.074,-3.0309354324158977,381.0,97.65625,54.6875,7.031,0.0,424.0,93.75,60.9375,6.987,1.1071487177940904,334.0,87.5,47.65625,7.694,-1.9890206563741255,421.0,86.71875,60.15625,6.72,2.191045812777718,-0.10919745693687144
381,97.65625,54.6875,1.7033377445077007,1.107,0.031,7.129,341,101.5625,48.4375,7.37,-1.012197011451334,424,93.75,60.9375,7.37,2.129395642138459,382.0,104.6875,54.6875,7.031,0.0,380.0,90.625,54.6875,7.031,3.141592653589793,340.0,94.53125,48.4375,6.987,-2.0344439357957027,425.0,100.78125,60.9375,6.987,1.1071487177940904,-0.1261974569368718
382,104.6875,54.6875,1.6441531697384653,1.557,0.07,7.017,425,100.78125,60.9375,7.37,2.129395642138459,381,97.65625,54.6875,7.031,3.141592653589793,341.0,101.5625,48.4375,6.987,-2.0344439357957027,436.0,107.8125,61.71875,7.694,1.1525719972156676,351.0,108.59375,49.21875,6.72,-0.9505468408120752,393.0,110.9375,55.46875,6.298,0.1243549945467614,-0.238197456936871
383,128.90625,54.6875,1.5950605158416526,-0.863,0.409,7.006,335,127.34375,47.65625,7.202,-1.7894652726688385,370,122.65625,52.34375,6.675,-2.782821983319221,405.0,135.15625,57.03125,6.675,0.3587706702705722,443.0,129.6875,62.5,7.851,1.4711276743037347,358.0,133.59375,50.0,6.629,-0.7853981633974483,,,,,,-0.24919745693687112
384,146.875,54.6875,1.6602283412224037,-1.959,0.206,7.316,401,153.90625,56.25,7.202,0.2186689458739419,422,142.1875,60.15625,7.202,2.279422598922567,374.0,140.625,53.125,6.442,-2.896613990462929,342.0,145.3125,48.4375,6.442,-1.8157749899217608,444.0,149.21875,62.5,8.156,1.2793395323170296,336.0,151.5625,47.65625,8.45,-0.982793723247329,0.06080254306312849
385,181.25,54.6875,1.6340096109523643,0.547,-0.026,7.254,344,185.15625,48.4375,7.37,-1.012197011451334,427,185.15625,60.9375,7.37,1.012197011451334,394.0,174.21875,55.46875,7.074,3.0309354324158977,386.0,188.28125,54.6875,7.031,0.0,343.0,178.125,48.4375,6.987,-2.0344439357957027,438.0,178.125,61.71875,7.694,1.9890206563741255,-0.001197456936871788
386,188.28125,54.6875,1.647930741547276,0.0,-0.001,7.259,345,192.1875,48.4375,7.37,-1.012197011451334,428,192.1875,60.9375,7.37,1.012197011451334,385.0,181.25,54.6875,7.031,3.141592653589793,344.0,185.15625,48.4375,6.987,-2.0344439357957027,427.0,185.15625,60.9375,6.987,2.0344439357957027,387.0,196.09375,54.6875,7.812,0.0,0.0038025430631289936
387,196.09375,54.6875,1.6577659179676738,3.141,-0.001,7.259,345,192.1875,48.4375,7.37,-2.129395642138459,428,192.1875,60.9375,7.37,2.129395642138459,388.0,203.125,54.6875,7.031,0.0,346.0,199.21875,48.4375,6.987,-1.1071487177940904,429.0,199.21875,60.9375,6.987,1.1071487177940904,386.0,188.28125,54.6875,7.812,3.141592653589793,0.0038025430631289936
388,203.125,54.6875,1.675214478243637,3.141,-0.001,7.129,346,199.21875,48.4375,7.37,-2.129395642138459,429,199.21875,60.9375,7.37,2.129395642138459,389.0,210.15625,54.6875,7.031,0.0,387.0,196.09375,54.6875,7.031,3.141592653589793,347.0,206.25,48.4375,6.987,-1.1071487177940904,430.0,206.25,60.9375,6.987,1.1071487177940904,-0.1261974569368718
389,210.15625,54.6875,1.6582773870452534,1.268,0.028,7.156,347,206.25,48.4375,7.37,-2.129395642138459,430,206.25,60.9375,7.37,2.129395642138459,431.0,214.0625,60.9375,7.37,1.012197011451334,395.0,217.1875,55.46875,7.074,0.1106572211738956,388.0,203.125,54.6875,7.031,3.141592653589793,353.0,214.0625,49.21875,6.72,-0.9505468408120752,-0.09919745693687165
390,239.84375,54.6875,1.6628483827014868,0.0,-0.524,7.569,337,241.40625,47.65625,7.202,-1.3521273809209546,441,241.40625,61.71875,7.202,1.3521273809209546,413.0,246.875,57.8125,7.694,0.4182243295792291,366.0,246.875,51.5625,7.694,-0.4182243295792291,432.0,235.15625,60.9375,7.812,2.214297435588181,348.0,235.15625,48.4375,7.812,-2.214297435588181,0.3138025430631286
391,253.125,54.6875,1.67017887499262,2.52,-0.481,7.094,338,253.125,47.65625,7.031,-1.5707963267948966,366,246.875,51.5625,6.987,-2.677945044588987,367.0,259.375,51.5625,6.987,-0.4636476090008061,413.0,246.875,57.8125,6.987,2.677945044588987,415.0,258.59375,58.59375,6.72,0.6202494859828215,446.0,252.34375,62.5,7.851,1.6704649792860586,-0.16119745693687104
392,16.40625,55.46875,1.4478154205892693,-0.17,0.443,6.975,362,21.875,50.78125,7.202,-0.7086262721276703,410,23.4375,57.8125,7.411,0.3217505543966422,350.0,13.28125,49.21875,6.987,-2.0344439357957027,433.0,17.1875,61.71875,6.298,1.446441332248135,,,,,,,,,,,-0.2801974569368717
393,110.9375,55.46875,1.6443352991751912,0.173,0.092,7.047,357,115.625,50.0,7.202,-0.8621700546672264,400,117.96875,56.25,7.074,0.1106572211738956,436.0,107.8125,61.71875,6.987,2.0344439357957027,351.0,108.59375,49.21875,6.675,-1.9295669970654687,442.0,114.84375,62.5,8.043,1.0636978224025595,382.0,104.6875,54.6875,6.298,-3.017237659043032,-0.20819745693687164
394,174.21875,55.46875,1.6660316334967429,-0.213,-0.047,7.256,438,178.125,61.71875,7.37,1.012197011451334,402,167.1875,56.25,7.074,3.0309354324158977,385.0,181.25,54.6875,7.074,-0.1106572211738956,352.0,171.09375,49.21875,6.987,-2.0344439357957027,437.0,171.09375,61.71875,6.987,2.0344439357957027,343.0,178.125,48.4375,8.043,-1.0636978224025595,0.0008025430631288799
395,217.1875,55.46875,1.6864456492740876,-0.839,0.027,7.022,354,221.09375,49.21875,7.37,-1.012197011451334,439,221.09375,61.71875,7.37,1.012197011451334,389.0,210.15625,54.6875,7.074,-3.0309354324158977,396.0,224.21875,55.46875,7.031,0.0,353.0,214.0625,49.21875,6.987,-2.0344439357957027,431.0,214.0625,60.9375,6.298,2.08994244104142,-0.2331974569368711
396,224.21875,55.46875,1.6575605162735667,0.0,-0.001,7.259,355,228.125,49.21875,7.37,-1.012197011451334,440,228.125,61.71875,7.37,1.012197011451334,395.0,217.1875,55.46875,7.031,3.141592653589793,354.0,221.09375,49.21875,6.987,-2.0344439357957027,439.0,221.09375,61.71875,6.987,2.0344439357957027,397.0,232.03125,55.46875,7.812,0.0,0.0038025430631289936
397,232.03125,55.46875,1.633884485474735,-2.414,-0.034,7.399,355,228.125,49.21875,7.37,-2.129395642138459,440,228.125,61.71875,7.37,2.129395642138459,348.0,235.15625,48.4375,7.694,-1.1525719972156676,396.0,224.21875,55.46875,7.812,3.141592653589793,390.0,239.84375,54.6875,7.851,-0.099668652491162,432.0,235.15625,60.9375,6.298,1.0516502125483738,0.14380254306312867
398,264.84375,55.46875,1.6539880375382938,-1.008,-0.497,7.158,368,271.09375,51.5625,7.37,-0.5585993153435624,447,264.84375,62.5,7.031,1.5707963267948966,416.0,271.09375,58.59375,6.987,0.4636476090008061,415.0,258.59375,58.59375,6.987,2.677945044588987,367.0,259.375,51.5625,6.72,-2.521343167606972,339.0,265.625,47.65625,7.851,-1.4711276743037347,-0.09719745693687099
399,278.125,55.46875,1.6505169850336951,-2.314,0.402,7.552,349,276.5625,48.4375,7.202,-1.7894652726688385,360,282.8125,50.0,7.202,-0.8621700546672264,448.0,276.5625,62.5,7.202,1.7894652726688385,416.0,271.09375,58.59375,7.694,2.723368324010564,407.0,285.9375,57.03125,7.967,0.1973955598498807,368.0,271.09375,51.5625,8.043,-2.6344941491974563,0.29680254306312825
400,117.96875,56.25,1.6408528882387832,-2.879,0.099,6.693,393,110.9375,55.46875,7.074,-3.0309354324158977,442,114.84375,62.5,6.987,2.0344439357957027,357.0,115.625,50.0,6.675,-1.9295669970654687,426.0,122.65625,60.9375,6.629,0.7853981633974483,370.0,122.65625,52.34375,6.101,-0.6947382761967031,,,,,,-0.5621974569368717
401,153.90625,56.25,1.613632814084264,1.281,0.157,7.16,384,146.875,54.6875,7.202,-2.922923707715851,449,156.25,63.28125,7.411,1.2490457723982544,406.0,160.9375,57.03125,7.074,0.1106572211738956,444.0,149.21875,62.5,7.812,2.214297435588181,365.0,157.03125,50.78125,6.298,-1.0516502125483738,,,,,,-0.0951974569368712
402,167.1875,56.25,1.6096392061372446,-0.263,-0.06,7.018,394,174.21875,55.46875,7.074,-0.1106572211738956,359,164.0625,50.0,6.987,-2.0344439357957027,445.0,164.0625,62.5,6.987,2.0344439357957027,437.0,171.09375,61.71875,6.72,0.9505468408120752,352.0,171.09375,49.21875,8.043,-1.0636978224025595,406.0,160.9375,57.03125,6.298,3.017237659043032,-0.23719745693687155
403,0.0,57.03125,1.637814550613848,-0.02,-0.277,6.932,371,6.25,53.125,7.37,-0.5585993153435624,356,0.0,50.0,7.031,-1.5707963267948966,453.0,0.0,64.0625,7.031,1.5707963267948966,418.0,5.46875,60.15625,6.298,0.5191461142465229,,,,,,,,,,,-0.32319745693687096
404,11.71875,57.03125,1.5477771868400831,2.522,-0.499,7.181,433,17.1875,61.71875,7.202,0.7086262721276703,454,11.71875,64.0625,7.031,1.5707963267948966,418.0,5.46875,60.15625,6.987,2.677945044588987,371.0,6.25,53.125,6.72,-2.521343167606972,350.0,13.28125,49.21875,7.967,-1.373400766945016,,,,,,-0.0741974569368713
405,135.15625,57.03125,1.668212799358142,1.135,0.345,7.204,358,133.59375,50.0,7.202,-1.7894652726688385,455,136.71875,64.0625,7.202,1.3521273809209546,422.0,142.1875,60.15625,7.694,0.4182243295792291,443.0,129.6875,62.5,7.733,2.356194490192345,374.0,140.625,53.125,6.72,-0.6202494859828215,383.0,128.90625,54.6875,6.675,-2.782821983319221,-0.05119745693687161
406,160.9375,57.03125,1.6147439070054272,-2.181,-0.006,7.091,365,157.03125,50.78125,7.37,-2.129395642138459,401,153.90625,56.25,7.074,-3.0309354324158977,359.0,164.0625,50.0,7.694,-1.1525719972156676,449.0,156.25,63.28125,7.812,2.214297435588181,402.0,167.1875,56.25,6.298,-0.1243549945467614,445.0,164.0625,62.5,6.298,1.0516502125483738,-0.16419745693687116
407,285.9375,57.03125,1.6202420425029938,-0.607,0.066,7.231,408,292.96875,57.03125,7.031,0.0,450,282.8125,63.28125,6.987,2.0344439357957027,451.0,289.0625,63.28125,6.987,1.1071487177940904,360.0,282.8125,50.0,7.694,-1.9890206563741255,369.0,289.84375,51.5625,6.72,-0.9505468408120752,399.0,278.125,55.46875,7.967,-2.9441970937399127,-0.024197456936871475
408,292.96875,57.03125,1.6610380740704802,-2.917,-0.001,6.938,451,289.0625,63.28125,7.37,2.129395642138459,407,285.9375,57.03125,7.031,3.141592653589793,452.0,296.09375,63.28125,6.987,1.1071487177940904,361.0,296.09375,50.0,7.694,-1.1525719972156676,369.0,289.84375,51.5625,6.298,-2.08994244104142,409.0,299.21875,57.03125,6.25,0.0,-0.3171974569368716
409,299.21875,57.03125,1.6249283061728514,-3.132,0.028,6.977,452,296.09375,63.28125,6.987,2.0344439357957027,361,296.09375,50.0,7.694,-1.9890206563741255,408.0,292.96875,57.03125,6.25,3.141592653589793,,,,,,,,,,,,,,,,-0.27819745693687103
410,23.4375,57.8125,1.673829499454195,2.814,0.422,7.12,362,21.875,50.78125,7.202,-1.7894652726688385,433,17.1875,61.71875,7.37,2.5829933382462307,392.0,16.40625,55.46875,7.411,-2.819842099193151,456.0,23.4375,64.84375,7.031,1.5707963267948966,423.0,29.6875,60.9375,6.987,0.4636476090008061,375.0,28.90625,53.90625,6.72,-0.6202494859828215,-0.13519745693687124
411,35.15625,57.8125,1.6975438429573706,0.303,-0.519,7.022,375,28.90625,53.90625,7.37,-2.5829933382462307,434,41.40625,61.71875,7.37,0.5585993153435624,457.0,35.9375,64.84375,7.074,1.460139105621001,363.0,35.15625,50.78125,7.031,-1.5707963267948966,379.0,41.40625,54.6875,6.987,-0.4636476090008061,423.0,29.6875,60.9375,6.298,2.62244653934327,-0.2331974569368711
412,47.65625,57.8125,1.69297848525044,1.728,0.516,7.305,434,41.40625,61.71875,7.37,2.5829933382462307,435,53.90625,61.71875,7.37,0.5585993153435624,458.0,47.65625,64.84375,7.031,1.5707963267948966,364.0,47.65625,50.78125,7.031,-1.5707963267948966,379.0,41.40625,54.6875,6.987,-2.677945044588987,376.0,54.6875,53.90625,8.043,-0.507098504392337,0.04980254306312837
413,246.875,57.8125,1.6286330942174745,-1.69,0.424,6.971,446,252.34375,62.5,7.202,0.7086262721276703,391,253.125,54.6875,6.987,-0.4636476090008061,390.0,239.84375,54.6875,7.694,-2.723368324010564,441.0,241.40625,61.71875,6.72,2.521343167606972,366.0,246.875,51.5625,6.25,-1.5707963267948966,,,,,,-0.28419745693687126
414,59.375,58.59375,1.5936137200308185,0.095,0.154,6.393,376,54.6875,53.90625,6.629,-2.356194490192345,459,60.9375,64.84375,6.442,1.3258176636680326,417.0,65.625,59.375,6.298,0.1243549945467614,372.0,62.5,53.125,6.298,-1.0516502125483738,435.0,53.90625,61.71875,6.298,2.62244653934327,,,,,,-0.8621974569368716
415,258.59375,58.59375,1.6364318174413717,0.194,-0.479,7.092,446,252.34375,62.5,7.37,2.5829933382462307,447,264.84375,62.5,7.37,0.5585993153435624,367.0,259.375,51.5625,7.074,-1.460139105621001,460.0,258.59375,65.625,7.031,1.5707963267948966,398.0,264.84375,55.46875,6.987,-0.4636476090008061,391.0,253.125,54.6875,6.72,-2.521343167606972,-0.1631974569368717
416,271.09375,58.59375,1.6702952211481428,1.628,-0.507,7.269,447,264.84375,62.5,7.37,2.5829933382462307,368,271.09375,51.5625,7.031,-1.5707963267948966,398.0,264.84375,55.46875,6.987,-2.677945044588987,399.0,278.125,55.46875,7.694,-0.4182243295792291,448.0,276.5625,62.5,6.72,0.6202494859828215,464.0,271.09375,66.40625,7.812,1.5707963267948966,0.01380254306312878
417,65.625,59.375,1.673499258734064,-2.952,0.119,7.057,459,60.9375,64.84375,7.202,2.279422598922567,373,69.53125,53.125,7.37,-1.012197011451334,461.0,67.96875,66.40625,7.411,1.2490457723982544,419.0,72.65625,60.15625,7.074,0.1106572211738956,372.0,62.5,53.125,6.987,-2.0344439357957027,414.0,59.375,58.59375,6.298,-3.017237659043032,-0.19819745693687096
418,5.46875,60.15625,1.65837259720995,0.794,-0.506,7.044,454,11.71875,64.0625,7.37,0.5585993153435624,371,6.25,53.125,7.074,-1.460139105621001,404.0,11.71875,57.03125,6.987,-0.4636476090008061,453.0,0.0,64.0625,6.72,2.521343167606972,475.0,5.46875,67.96875,7.812,1.5707963267948966,403.0,0.0,57.03125,6.298,-2.62244653934327,-0.21119745693687175
419,72.65625,60.15625,1.6783104757502472,-1.699,0.072,7.328,377,76.5625,53.90625,7.37,-1.012197011451334,417,65.625,59.375,7.074,-3.0309354324158977,420.0,79.6875,60.15625,7.031,0.0,462.0,75.78125,66.40625,6.987,1.1071487177940904,373.0,69.53125,53.125,7.694,-1.9890206563741255,461.0,67.96875,66.40625,7.812,2.214297435588181,0.07280254306312894
420,79.6875,60.15625,1.7111262321822185,1.107,0.031,7.129,378,83.59375,53.90625,7.37,-1.012197011451334,462,75.78125,66.40625,7.37,2.129395642138459,421.0,86.71875,60.15625,7.031,0.0,419.0,72.65625,60.15625,7.031,3.141592653589793,377.0,76.5625,53.90625,6.987,-2.0344439357957027,463.0,82.8125,66.40625,6.987,1.1071487177940904,-0.1261974569368718
421,86.71875,60.15625,1.6567354316993694,1.546,0.068,7.146,463,82.8125,66.40625,7.37,2.129395642138459,424,93.75,60.9375,7.074,0.1106572211738956,420.0,79.6875,60.15625,7.031,3.141592653589793,378.0,83.59375,53.90625,6.987,-2.0344439357957027,465.0,89.84375,67.1875,7.694,1.1525719972156676,380.0,90.625,54.6875,6.72,-0.9505468408120752,-0.10919745693687144
422,142.1875,60.15625,1.6723870589930865,-2.017,0.328,7.239,374,140.625,53.125,7.202,-1.7894652726688385,384,146.875,54.6875,7.202,-0.8621700546672264,467.0,143.75,67.1875,7.202,1.3521273809209546,444.0,149.21875,62.5,7.411,0.3217505543966422,405.0,135.15625,57.03125,7.694,-2.723368324010564,455.0,136.71875,64.0625,6.72,2.521343167606972,-0.016197456936871468
423,29.6875,60.9375,1.634773025049434,2.409,0.496,7.152,456,23.4375,64.84375,7.37,2.5829933382462307,457,35.9375,64.84375,7.37,0.5585993153435624,375.0,28.90625,53.90625,7.074,-1.6814535479687922,410.0,23.4375,57.8125,6.987,-2.677945044588987,486.0,29.6875,68.75,7.812,1.5707963267948966,411.0,35.15625,57.8125,6.298,-0.5191461142465229,-0.10319745693687121
424,93.75,60.9375,1.7050516121600474,-1.516,0.05,7.136,381,97.65625,54.6875,7.37,-1.012197011451334,465,89.84375,67.1875,7.37,2.129395642138459,421.0,86.71875,60.15625,7.074,-3.0309354324158977,425.0,100.78125,60.9375,7.031,0.0,380.0,90.625,54.6875,6.987,-2.0344439357957027,466.0,96.875,67.1875,6.987,1.1071487177940904,-0.11919745693687123
425,100.78125,60.9375,1.675616362334979,1.919,0.057,7.254,382,104.6875,54.6875,7.37,-1.012197011451334,466,96.875,67.1875,7.37,2.129395642138459,436.0,107.8125,61.71875,7.074,0.1106572211738956,424.0,93.75,60.9375,7.031,3.141592653589793,381.0,97.65625,54.6875,6.987,-2.0344439357957027,477.0,103.90625,67.96875,7.694,1.1525719972156676,-0.001197456936871788
426,122.65625,60.9375,1.6138802651565252,2.583,-0.053,7.688,443,129.6875,62.5,7.202,0.2186689458739419,480,125.78125,67.96875,7.694,1.1525719972156676,400.0,117.96875,56.25,6.629,-2.356194490192345,442.0,114.84375,62.5,7.967,2.9441970937399127,479.0,118.75,67.96875,8.043,2.0778948311872334,370.0,122.65625,52.34375,8.593,-1.5707963267948966,0.4328025430631284
427,185.15625,60.9375,1.6560456180659369,1.222,-0.058,7.254,385,181.25,54.6875,7.37,-2.129395642138459,468,189.0625,67.1875,7.37,1.012197011451334,438.0,178.125,61.71875,7.074,3.0309354324158977,428.0,192.1875,60.9375,7.031,0.0,386.0,188.28125,54.6875,6.987,-1.1071487177940904,482.0,182.03125,67.96875,7.694,1.9890206563741255,-0.001197456936871788
428,192.1875,60.9375,1.6814512852053904,0.511,-0.016,7.193,386,188.28125,54.6875,7.37,-2.129395642138459,387,196.09375,54.6875,7.37,-1.012197011451334,469.0,196.09375,67.1875,7.37,1.012197011451334,427.0,185.15625,60.9375,7.031,3.141592653589793,429.0,199.21875,60.9375,7.031,0.0,468.0,189.0625,67.1875,6.987,2.0344439357957027,-0.06219745693687173
429,199.21875,60.9375,1.6792275763800109,0.0,-0.001,7.129,388,203.125,54.6875,7.37,-1.012197011451334,470,203.125,67.1875,7.37,1.012197011451334,430.0,206.25,60.9375,7.031,0.0,428.0,192.1875,60.9375,7.031,3.141592653589793,387.0,196.09375,54.6875,6.987,-2.0344439357957027,469.0,196.09375,67.1875,6.987,2.0344439357957027,-0.1261974569368718
430,206.25,60.9375,1.656403596382623,0.0,-0.001,7.259,389,210.15625,54.6875,7.37,-1.012197011451334,471,210.15625,67.1875,7.37,1.012197011451334,429.0,199.21875,60.9375,7.031,3.141592653589793,388.0,203.125,54.6875,6.987,-2.0344439357957027,470.0,203.125,67.1875,6.987,2.0344439357957027,431.0,214.0625,60.9375,7.812,0.0,0.0038025430631289936
431,214.0625,60.9375,1.6059256964027269,2.302,0.027,7.152,389,210.15625,54.6875,7.37,-2.129395642138459,471,210.15625,67.1875,7.37,2.129395642138459,439.0,221.09375,61.71875,7.074,0.1106572211738956,472.0,217.1875,67.1875,6.987,1.1071487177940904,430.0,206.25,60.9375,7.812,3.141592653589793,395.0,217.1875,55.46875,6.298,-1.0516502125483738,-0.10319745693687121
432,235.15625,60.9375,1.651772044781214,1.096,0.008,7.203,440,228.125,61.71875,7.074,3.0309354324158977,483,232.03125,67.96875,7.694,1.9890206563741255,390.0,239.84375,54.6875,7.812,-0.9272952180016122,484.0,239.0625,67.96875,8.043,1.0636978224025595,441.0,241.40625,61.71875,6.298,0.1243549945467614,397.0,232.03125,55.46875,6.298,-2.08994244104142,-0.052197456936871056
433,17.1875,61.71875,1.659688471715325,-1.423,0.512,6.813,404,11.71875,57.03125,7.202,-2.432966381462123,410,23.4375,57.8125,7.37,-0.5585993153435624,485.0,17.96875,68.75,7.074,1.460139105621001,456.0,23.4375,64.84375,6.987,0.4636476090008061,392.0,16.40625,55.46875,6.298,-1.695151321341658,454.0,11.71875,64.0625,5.949,2.7367008673047097,-0.4421974569368716
434,41.40625,61.71875,1.6343698970244298,-0.733,0.496,7.022,411,35.15625,57.8125,7.37,-2.5829933382462307,412,47.65625,57.8125,7.37,-0.5585993153435624,487.0,42.1875,68.75,7.074,1.460139105621001,379.0,41.40625,54.6875,7.031,-1.5707963267948966,458.0,47.65625,64.84375,6.987,0.4636476090008061,457.0,35.9375,64.84375,6.298,2.62244653934327,-0.2331974569368711
435,53.90625,61.71875,1.633816427416197,-0.589,0.519,7.083,412,47.65625,57.8125,7.37,-2.5829933382462307,458,47.65625,64.84375,6.987,2.677945044588987,459.0,60.9375,64.84375,7.694,0.4182243295792291,376.0,54.6875,53.90625,7.851,-1.4711276743037347,414.0,59.375,58.59375,6.298,-0.5191461142465229,476.0,54.6875,67.96875,6.298,1.446441332248135,-0.17219745693687116
436,107.8125,61.71875,1.6998985373659214,-2.136,0.061,7.198,477,103.90625,67.96875,7.37,2.129395642138459,442,114.84375,62.5,7.074,0.1106572211738956,425.0,100.78125,60.9375,7.074,-3.0309354324158977,393.0,110.9375,55.46875,6.987,-1.1071487177940904,478.0,110.9375,67.96875,6.987,1.1071487177940904,382.0,104.6875,54.6875,7.694,-1.9890206563741255,-0.05719745693687095
437,171.09375,61.71875,1.6761568654029184,1.595,-0.069,7.146,481,175.0,67.96875,7.37,1.012197011451334,445,164.0625,62.5,7.074,3.0309354324158977,438.0,178.125,61.71875,7.031,0.0,394.0,174.21875,55.46875,6.987,-1.1071487177940904,491.0,167.96875,68.75,7.694,1.9890206563741255,402.0,167.1875,56.25,6.72,-2.191045812777718,-0.10919745693687144
438,178.125,61.71875,1.6910914690429903,-1.92,-0.058,7.254,394,174.21875,55.46875,7.37,-2.129395642138459,482,182.03125,67.96875,7.37,1.012197011451334,427.0,185.15625,60.9375,7.074,-0.1106572211738956,437.0,171.09375,61.71875,7.031,3.141592653589793,481.0,175.0,67.96875,6.987,2.0344439357957027,385.0,181.25,54.6875,7.694,-1.1525719972156676,-0.001197456936871788
439,221.09375,61.71875,1.6480928569198974,-2.329,0.018,6.913,395,217.1875,55.46875,7.37,-2.129395642138459,431,214.0625,60.9375,7.074,-3.0309354324158977,440.0,228.125,61.71875,7.031,0.0,396.0,224.21875,55.46875,6.987,-1.1071487177940904,472.0,217.1875,67.1875,6.72,2.191045812777718,473.0,224.21875,67.1875,6.298,1.0516502125483738,-0.3421974569368711
440,228.125,61.71875,1.6505461867075168,-1.949,-0.009,7.156,396,224.21875,55.46875,7.37,-2.129395642138459,397,232.03125,55.46875,7.37,-1.012197011451334,483.0,232.03125,67.96875,7.37,1.012197011451334,432.0,235.15625,60.9375,7.074,-0.1106572211738956,439.0,221.09375,61.71875,7.031,3.141592653589793,473.0,224.21875,67.1875,6.72,2.191045812777718,-0.09919745693687165
441,241.40625,61.71875,1.6196146986704194,2.995,0.125,6.819,390,239.84375,54.6875,7.202,-1.7894652726688385,474,246.09375,67.1875,7.202,0.8621700546672264,413.0,246.875,57.8125,6.72,-0.6202494859828215,484.0,239.0625,67.96875,6.675,1.9295669970654687,432.0,235.15625,60.9375,6.298,-3.017237659043032,,,,,,-0.4361974569368714
442,114.84375,62.5,1.6310982788676402,-1.686,-0.02,7.252,436,107.8125,61.71875,7.074,-3.0309354324158977,400,117.96875,56.25,6.987,-1.1071487177940904,479.0,118.75,67.96875,6.72,0.9505468408120752,478.0,110.9375,67.96875,6.72,2.191045812777718,426.0,122.65625,60.9375,7.967,-0.1973955598498807,393.0,110.9375,55.46875,8.043,-2.0778948311872334,-0.0031974569368715677
443,129.6875,62.5,1.6677777761087282,0.126,0.225,7.231,455,136.71875,64.0625,7.202,0.2186689458739419,426,122.65625,60.9375,7.202,-2.922923707715851,405.0,135.15625,57.03125,7.733,-0.7853981633974483,480.0,125.78125,67.96875,6.72,2.191045812777718,488.0,132.03125,68.75,6.675,1.2120256565243244,383.0,128.90625,54.6875,7.851,-1.6704649792860586,-0.024197456936871475
444,149.21875,62.5,1.655727744073052,-1.462,0.195,7.44,467,143.75,67.1875,7.202,2.432966381462123,422,142.1875,60.15625,7.411,-2.819842099193151,449.0,156.25,63.28125,7.074,0.1106572211738956,489.0,152.34375,68.75,6.987,1.1071487177940904,401.0,153.90625,56.25,7.812,-0.9272952180016122,384.0,146.875,54.6875,8.156,-1.862253121272764,0.18480254306312904
445,164.0625,62.5,1.7042317548613866,-2.144,-0.045,7.158,491,167.96875,68.75,7.37,1.012197011451334,490,160.15625,68.75,7.37,2.129395642138459,437.0,171.09375,61.71875,7.074,-0.1106572211738956,402.0,167.1875,56.25,6.987,-1.1071487177940904,449.0,156.25,63.28125,7.851,3.0419240010986317,406.0,160.9375,57.03125,6.298,-2.08994244104142,-0.09719745693687099
446,252.34375,62.5,1.6111235816246563,-0.324,0.507,7.253,413,246.875,57.8125,7.202,-2.432966381462123,415,258.59375,58.59375,7.37,-0.5585993153435624,460.0,258.59375,65.625,6.987,0.4636476090008061,474.0,246.09375,67.1875,7.812,2.498091544796509,391.0,253.125,54.6875,7.851,-1.4711276743037347,492.0,253.125,68.75,6.298,1.446441332248135,-0.0021974569368712338
447,264.84375,62.5,1.6900898933515365,-2.082,-0.508,7.193,415,258.59375,58.59375,7.37,-2.5829933382462307,416,271.09375,58.59375,7.37,-0.5585993153435624,464.0,271.09375,66.40625,7.37,0.5585993153435624,398.0,264.84375,55.46875,7.031,-1.5707963267948966,494.0,264.84375,69.53125,7.031,1.5707963267948966,460.0,258.59375,65.625,6.987,2.677945044588987,-0.06219745693687173
448,276.5625,62.5,1.5824325240684638,2.55,-0.519,6.676,399,278.125,55.46875,7.202,-1.3521273809209546,416,271.09375,58.59375,6.72,-2.521343167606972,464.0,271.09375,66.40625,6.72,2.521343167606972,493.0,278.125,68.75,6.442,1.3258176636680326,450.0,282.8125,63.28125,6.298,0.1243549945467614,,,,,,-0.5791974569368712
449,156.25,63.28125,1.6241714620516554,-0.861,0.059,7.265,401,153.90625,56.25,7.411,-1.892546881191539,444,149.21875,62.5,7.074,-3.0309354324158977,490.0,160.15625,68.75,6.72,0.9505468408120752,489.0,152.34375,68.75,6.72,2.191045812777718,406.0,160.9375,57.03125,7.812,-0.9272952180016122,445.0,164.0625,62.5,7.851,-0.099668652491162,0.009802543063128333
450,282.8125,63.28125,1.6307675479123267,1.345,0.102,6.682,493,278.125,68.75,7.202,2.279422598922567,407,285.9375,57.03125,6.987,-1.1071487177940904,495.0,285.15625,69.53125,6.675,1.2120256565243244,448.0,276.5625,62.5,6.298,-3.017237659043032,451.0,289.0625,63.28125,6.25,0.0,,,,,,-0.573197456936871
451,289.0625,63.28125,1.6545724909026789,2.7,0.039,7.117,408,292.96875,57.03125,7.37,-1.012197011451334,495,285.15625,69.53125,7.37,2.129395642138459,452.0,296.09375,63.28125,7.031,0.0,407.0,285.9375,57.03125,6.987,-2.0344439357957027,496.0,292.1875,70.3125,7.694,1.1525719972156676,450.0,282.8125,63.28125,6.25,3.141592653589793,-0.13819745693687135
452,296.09375,63.28125,1.6753581131881228,-3.141,0.02,7.348,451,289.0625,63.28125,7.031,3.141592653589793,408,292.96875,57.03125,6.987,-2.0344439357957027,409.0,299.21875,57.03125,6.987,-1.1071487177940904,497.0,299.21875,70.3125,7.694,1.1525719972156676,496.0,292.1875,70.3125,8.043,2.0778948311872334,,,,,,0.09280254306312852
453,0.0,64.0625,1.652685070618606,0.0,-0.262,6.875,403,0.0,57.03125,7.031,-1.5707963267948966,498,0.0,71.09375,7.031,1.5707963267948966,418.0,5.46875,60.15625,6.72,-0.6202494859828215,475.0,5.46875,67.96875,6.72,0.6202494859828215,,,,,,,,,,,-0.38019745693687135
454,11.71875,64.0625,1.6417966282455123,1.458,-0.485,7.224,418,5.46875,60.15625,7.37,-2.5829933382462307,475,5.46875,67.96875,7.37,2.5829933382462307,404.0,11.71875,57.03125,7.031,-1.5707963267948966,485.0,17.96875,68.75,7.812,0.6435011087932844,501.0,11.71875,71.875,7.812,1.5707963267948966,433.0,17.1875,61.71875,5.949,-0.4048917862850834,-0.03119745693687115
455,136.71875,64.0625,1.6449040814071814,1.431,0.321,7.108,405,135.15625,57.03125,7.202,-1.7894652726688385,443,129.6875,62.5,7.202,-2.922923707715851,500.0,138.28125,71.09375,7.202,1.3521273809209546,467.0,143.75,67.1875,7.694,0.4182243295792291,422.0,142.1875,60.15625,6.72,-0.6202494859828215,488.0,132.03125,68.75,6.629,2.356194490192345,-0.1471974569368717
456,23.4375,64.84375,1.695735540630515,1.661,0.497,7.085,423,29.6875,60.9375,7.37,-0.5585993153435624,486,29.6875,68.75,7.37,0.5585993153435624,502.0,23.4375,71.875,7.031,1.5707963267948966,410.0,23.4375,57.8125,7.031,-1.5707963267948966,433.0,17.1875,61.71875,6.987,-2.677945044588987,485.0,17.96875,68.75,6.72,2.521343167606972,-0.17019745693687138
457,35.9375,64.84375,1.688812111760023,2.724,0.512,7.085,423,29.6875,60.9375,7.37,-2.5829933382462307,486,29.6875,68.75,7.37,2.5829933382462307,487.0,42.1875,68.75,7.37,0.5585993153435624,411.0,35.15625,57.8125,7.074,-1.6814535479687922,503.0,35.9375,71.875,7.031,1.5707963267948966,434.0,41.40625,61.71875,6.298,-0.5191461142465229,-0.17019745693687138
458,47.65625,64.84375,1.6619751973445358,0.391,0.47,7.082,504,48.4375,71.875,7.074,1.460139105621001,412,47.65625,57.8125,7.031,-1.5707963267948966,435.0,53.90625,61.71875,6.987,-0.4636476090008061,434.0,41.40625,61.71875,6.987,-2.677945044588987,476.0,54.6875,67.96875,7.694,0.4182243295792291,487.0,42.1875,68.75,6.72,2.521343167606972,-0.1731974569368715
459,60.9375,64.84375,1.6617038353104197,-2.304,0.362,6.963,417,65.625,59.375,7.202,-0.8621700546672264,461,67.96875,66.40625,7.202,0.2186689458739419,476.0,54.6875,67.96875,6.987,2.677945044588987,435.0,53.90625,61.71875,7.694,-2.723368324010564,414.0,59.375,58.59375,6.442,-1.8157749899217608,499.0,60.9375,71.09375,6.25,1.5707963267948966,-0.29219745693687127
460,258.59375,65.625,1.5885365347925,2.285,-0.502,7.217,494,264.84375,69.53125,7.37,0.5585993153435624,415,258.59375,58.59375,7.031,-1.5707963267948966,447.0,264.84375,62.5,6.987,-0.4636476090008061,446.0,252.34375,62.5,6.987,-2.677945044588987,492.0,253.125,68.75,6.298,2.62244653934327,527.0,257.8125,74.21875,8.629,1.6614562139956417,-0.03819745693687171
461,67.96875,66.40625,1.595351585642794,-1.38,0.137,7.648,459,60.9375,64.84375,7.202,-2.922923707715851,505,72.65625,71.875,7.202,0.8621700546672264,417.0,65.625,59.375,7.411,-1.892546881191539,419.0,72.65625,60.15625,7.812,-0.9272952180016122,462.0,75.78125,66.40625,7.812,0.0,499.0,60.9375,71.09375,8.45,2.5535900500422257,0.39280254306312834
462,75.78125,66.40625,1.6225358595374888,0.538,0.025,7.081,420,79.6875,60.15625,7.37,-1.012197011451334,463,82.8125,66.40625,7.031,0.0,419.0,72.65625,60.15625,6.987,-2.0344439357957027,506.0,78.90625,72.65625,6.987,1.1071487177940904,461.0,67.96875,66.40625,7.812,3.141592653589793,505.0,72.65625,71.875,6.298,2.08994244104142,-0.17419745693687094
463,82.8125,66.40625,1.6474661388436438,1.919,0.057,7.254,421,86.71875,60.15625,7.37,-1.012197011451334,506,78.90625,72.65625,7.37,2.129395642138459,465.0,89.84375,67.1875,7.074,0.1106572211738956,462.0,75.78125,66.40625,7.031,3.141592653589793,420.0,79.6875,60.15625,6.987,-2.0344439357957027,507.0,85.9375,73.4375,7.694,1.1525719972156676,-0.001197456936871788
464,271.09375,66.40625,1.652258574478553,-1.218,0.472,7.229,447,264.84375,62.5,7.37,-2.5829933382462307,493,278.125,68.75,7.411,0.3217505543966422,517.0,271.875,73.4375,7.074,1.460139105621001,494.0,264.84375,69.53125,6.987,2.677945044588987,448.0,276.5625,62.5,6.72,-0.6202494859828215,416.0,271.09375,58.59375,7.812,-1.5707963267948966,-0.026197456936871255
465,89.84375,67.1875,1.695422605079015,-1.223,0.057,7.254,424,93.75,60.9375,7.37,-1.012197011451334,507,85.9375,73.4375,7.37,2.129395642138459,463.0,82.8125,66.40625,7.074,-3.0309354324158977,466.0,96.875,67.1875,7.031,0.0,508.0,92.96875,73.4375,6.987,1.1071487177940904,421.0,86.71875,60.15625,7.694,-1.9890206563741255,-0.001197456936871788
466,96.875,67.1875,1.6841646016816585,1.626,0.05,7.136,425,100.78125,60.9375,7.37,-1.012197011451334,508,92.96875,73.4375,7.37,2.129395642138459,477.0,103.90625,67.96875,7.074,0.1106572211738956,465.0,89.84375,67.1875,7.031,3.141592653589793,424.0,93.75,60.9375,6.987,-2.0344439357957027,509.0,100.0,73.4375,6.987,1.1071487177940904,-0.11919745693687123
467,143.75,67.1875,1.616735884045424,-2.778,0.482,7.17,422,142.1875,60.15625,7.202,-1.7894652726688385,444,149.21875,62.5,7.202,-0.7086262721276703,521.0,143.75,74.21875,7.031,1.5707963267948966,455.0,136.71875,64.0625,7.694,-2.723368324010564,500.0,138.28125,71.09375,6.72,2.521343167606972,,,,,,-0.08519745693687142
468,189.0625,67.1875,1.6488017366871688,1.552,-0.05,7.366,427,185.15625,60.9375,7.37,-2.129395642138459,482,182.03125,67.96875,7.074,3.0309354324158977,469.0,196.09375,67.1875,7.031,0.0,428.0,192.1875,60.9375,6.987,-1.1071487177940904,524.0,185.9375,74.21875,7.694,1.9890206563741255,525.0,192.96875,74.21875,8.043,1.0636978224025595,0.11080254306312831
469,196.09375,67.1875,1.6757979228937263,0.44,-0.04,7.247,428,192.1875,60.9375,7.37,-2.129395642138459,510,200.0,73.4375,7.37,1.012197011451334,470.0,203.125,67.1875,7.031,0.0,468.0,189.0625,67.1875,7.031,3.141592653589793,429.0,199.21875,60.9375,6.987,-1.1071487177940904,525.0,192.96875,74.21875,7.694,1.9890206563741255,-0.008197456936871461
470,203.125,67.1875,1.6835953198502176,0.0,-0.032,7.129,429,199.21875,60.9375,7.37,-2.129395642138459,511,207.03125,73.4375,7.37,1.012197011451334,471.0,210.15625,67.1875,7.031,0.0,469.0,196.09375,67.1875,7.031,3.141592653589793,430.0,206.25,60.9375,6.987,-1.1071487177940904,510.0,200.0,73.4375,6.987,2.0344439357957027,-0.1261974569368718
471,210.15625,67.1875,1.6783030678070905,0.511,-0.016,7.193,430,206.25,60.9375,7.37,-2.129395642138459,431,214.0625,60.9375,7.37,-1.012197011451334,512.0,214.0625,73.4375,7.37,1.012197011451334,470.0,203.125,67.1875,7.031,3.141592653589793,472.0,217.1875,67.1875,7.031,0.0,511.0,207.03125,73.4375,6.987,2.0344439357957027,-0.06219745693687173
472,217.1875,67.1875,1.6553055823020388,0.156,0.009,7.021,513,221.09375,73.4375,7.37,1.012197011451334,473,224.21875,67.1875,7.031,0.0,471.0,210.15625,67.1875,7.031,3.141592653589793,431.0,214.0625,60.9375,6.987,-2.0344439357957027,512.0,214.0625,73.4375,6.987,2.0344439357957027,439.0,221.09375,61.71875,6.72,-0.9505468408120752,-0.23419745693687144
473,224.21875,67.1875,1.6145943108747838,0.776,0.017,7.043,514,228.125,73.4375,7.37,1.012197011451334,472,217.1875,67.1875,7.031,3.141592653589793,513.0,221.09375,73.4375,6.987,2.0344439357957027,440.0,228.125,61.71875,6.72,-0.9505468408120752,483.0,232.03125,67.96875,7.851,0.099668652491162,439.0,221.09375,61.71875,6.298,-2.08994244104142,-0.2121974569368712
474,246.09375,67.1875,1.592631106323432,1.56,0.057,7.392,441,241.40625,61.71875,7.202,-2.279422598922567,492,253.125,68.75,7.202,0.2186689458739419,516.0,242.1875,73.4375,7.37,2.129395642138459,484.0,239.0625,67.96875,7.074,3.0309354324158977,526.0,249.21875,74.21875,7.694,1.1525719972156676,446.0,252.34375,62.5,7.812,-0.6435011087932844,0.136802543063129
475,5.46875,67.96875,1.6921551755149324,-1.408,-0.508,7.1,454,11.71875,64.0625,7.37,-0.5585993153435624,501,11.71875,71.875,7.37,0.5585993153435624,528.0,5.46875,75.0,7.031,1.5707963267948966,453.0,0.0,64.0625,6.72,-2.521343167606972,418.0,5.46875,60.15625,7.812,-1.5707963267948966,498.0,0.0,71.09375,6.298,2.62244653934327,-0.1551974569368717
476,54.6875,67.96875,1.641403402107261,2.205,0.478,7.061,504,48.4375,71.875,7.37,2.5829933382462307,530,54.6875,75.0,7.031,1.5707963267948966,499.0,60.9375,71.09375,6.987,0.4636476090008061,459.0,60.9375,64.84375,6.987,-0.4636476090008061,458.0,47.65625,64.84375,7.694,-2.723368324010564,435.0,53.90625,61.71875,6.298,-1.695151321341658,-0.1941974569368714
477,103.90625,67.96875,1.67046866201832,-1.213,0.052,7.21,436,107.8125,61.71875,7.37,-1.012197011451334,518,107.8125,74.21875,7.37,1.012197011451334,466.0,96.875,67.1875,7.074,-3.0309354324158977,478.0,110.9375,67.96875,7.031,0.0,425.0,100.78125,60.9375,7.694,-1.9890206563741255,509.0,100.0,73.4375,6.72,2.191045812777718,-0.04519745693687138
478,110.9375,67.96875,1.6716074167753778,0.156,0.009,7.151,519,114.84375,74.21875,7.37,1.012197011451334,477,103.90625,67.96875,7.031,3.141592653589793,518.0,107.8125,74.21875,6.987,2.0344439357957027,436.0,107.8125,61.71875,6.987,-2.0344439357957027,442.0,114.84375,62.5,6.72,-0.9505468408120752,479.0,118.75,67.96875,7.812,0.0,-0.10419745693687155
479,118.75,67.96875,1.6691936847213942,2.844,-0.003,7.327,519,114.84375,74.21875,7.37,2.129395642138459,480,125.78125,67.96875,7.031,0.0,520.0,121.875,74.21875,6.987,1.1071487177940904,442.0,114.84375,62.5,6.72,-2.191045812777718,478.0,110.9375,67.96875,7.812,3.141592653589793,426.0,122.65625,60.9375,8.043,-1.0636978224025595,0.07180254306312861
480,125.78125,67.96875,1.6443024792257614,1.302,0.078,7.134,520,121.875,74.21875,7.37,2.129395642138459,479,118.75,67.96875,7.031,3.141592653589793,532.0,128.90625,75.0,7.694,1.1525719972156676,426.0,122.65625,60.9375,7.694,-1.9890206563741255,443.0,129.6875,62.5,6.72,-0.9505468408120752,488.0,132.03125,68.75,6.298,0.1243549945467614,-0.121197456936871
481,175.0,67.96875,1.697341599705128,1.515,-0.051,7.136,437,171.09375,61.71875,7.37,-2.129395642138459,523,178.90625,74.21875,7.37,1.012197011451334,491.0,167.96875,68.75,7.074,3.0309354324158977,482.0,182.03125,67.96875,7.031,0.0,438.0,178.125,61.71875,6.987,-1.1071487177940904,522.0,171.875,74.21875,6.987,2.0344439357957027,-0.11919745693687123
482,182.03125,67.96875,1.6880738943266975,-1.92,-0.058,7.254,438,178.125,61.71875,7.37,-2.129395642138459,524,185.9375,74.21875,7.37,1.012197011451334,468.0,189.0625,67.1875,7.074,-0.1106572211738956,481.0,175.0,67.96875,7.031,3.141592653589793,523.0,178.90625,74.21875,6.987,2.0344439357957027,427.0,185.15625,60.9375,7.694,-1.1525719972156676,-0.001197456936871788
483,232.03125,67.96875,1.5814328880825634,-2.421,0.01,7.161,440,228.125,61.71875,7.37,-2.129395642138459,484,239.0625,67.96875,7.031,0.0,432.0,235.15625,60.9375,7.694,-1.1525719972156676,514.0,228.125,73.4375,6.72,2.191045812777718,473.0,224.21875,67.1875,7.851,-3.0419240010986317,515.0,235.15625,73.4375,6.298,1.0516502125483738,-0.09419745693687176
484,239.0625,67.96875,1.6387606411739712,-2.328,-0.025,6.973,474,246.09375,67.1875,7.074,-0.1106572211738956,483,232.03125,67.96875,7.031,3.141592653589793,515.0,235.15625,73.4375,6.72,2.191045812777718,441.0,241.40625,61.71875,6.675,-1.2120256565243244,432.0,235.15625,60.9375,8.043,-2.0778948311872334,516.0,242.1875,73.4375,6.298,1.0516502125483738,-0.2821974569368715
485,17.96875,68.75,1.5985345768048216,-2.059,0.517,6.857,433,17.1875,61.71875,7.074,-1.6814535479687922,501,11.71875,71.875,6.987,2.677945044588987,456.0,23.4375,64.84375,6.72,-0.6202494859828215,454.0,11.71875,64.0625,7.812,-2.498091544796509,502.0,23.4375,71.875,6.298,0.5191461142465229,529.0,17.96875,75.0,6.25,1.5707963267948966,-0.39819745693687114
486,29.6875,68.75,1.659988031965935,-1.571,-0.524,7.259,456,23.4375,64.84375,7.37,-2.5829933382462307,457,35.9375,64.84375,7.37,-0.5585993153435624,537.0,29.6875,75.78125,7.031,1.5707963267948966,502.0,23.4375,71.875,6.987,2.677945044588987,503.0,35.9375,71.875,6.987,0.4636476090008061,423.0,29.6875,60.9375,7.812,-1.5707963267948966,0.0038025430631289936
487,42.1875,68.75,1.6574040003936406,-2.173,0.494,7.028,457,35.9375,64.84375,7.37,-2.5829933382462307,434,41.40625,61.71875,7.074,-1.6814535479687922,538.0,42.1875,75.78125,7.031,1.5707963267948966,503.0,35.9375,71.875,6.987,2.677945044588987,504.0,48.4375,71.875,6.987,0.4636476090008061,458.0,47.65625,64.84375,6.72,-0.6202494859828215,-0.22719745693687177
488,132.03125,68.75,1.699853648755703,0.705,0.135,6.772,533,135.9375,75.0,7.37,1.012197011451334,532,128.90625,75.0,6.987,2.0344439357957027,443.0,129.6875,62.5,6.675,-1.9295669970654687,500.0,138.28125,71.09375,6.675,0.3587706702705722,455.0,136.71875,64.0625,6.629,-0.7853981633974483,480.0,125.78125,67.96875,6.298,-3.017237659043032,-0.4831974569368711
489,152.34375,68.75,1.600116474619446,0.044,-0.044,7.307,539,150.78125,75.78125,7.202,1.7894652726688385,444,149.21875,62.5,6.987,-2.0344439357957027,449.0,156.25,63.28125,6.72,-0.9505468408120752,490.0,160.15625,68.75,7.812,0.0,534.0,157.03125,75.0,7.812,0.9272952180016122,,,,,,0.051802543063129036
490,160.15625,68.75,1.6592014217642008,1.198,-0.026,7.345,445,164.0625,62.5,7.37,-1.012197011451334,535,164.0625,75.0,7.37,1.012197011451334,534.0,157.03125,75.0,6.987,2.0344439357957027,449.0,156.25,63.28125,6.72,-2.191045812777718,491.0,167.96875,68.75,7.812,0.0,489.0,152.34375,68.75,7.812,3.141592653589793,0.0898025430631284
491,167.96875,68.75,1.6594645051733807,-1.929,-0.053,7.34,445,164.0625,62.5,7.37,-2.129395642138459,535,164.0625,75.0,7.37,2.129395642138459,481.0,175.0,67.96875,7.074,-0.1106572211738956,437.0,171.09375,61.71875,7.694,-1.1525719972156676,522.0,171.875,74.21875,6.72,0.9505468408120752,490.0,160.15625,68.75,7.812,3.141592653589793,0.08480254306312851
492,253.125,68.75,1.6383540163266417,-2.458,0.344,6.744,474,246.09375,67.1875,7.202,-2.922923707715851,527,257.8125,74.21875,7.202,0.8621700546672264,526.0,249.21875,74.21875,6.72,2.191045812777718,460.0,258.59375,65.625,6.298,-0.5191461142465229,446.0,252.34375,62.5,6.298,-1.695151321341658,,,,,,-0.5111974569368716
493,278.125,68.75,1.6655969975673248,-1.56,0.242,7.103,450,282.8125,63.28125,7.202,-0.8621700546672264,464,271.09375,66.40625,7.411,-2.819842099193151,495.0,285.15625,69.53125,7.074,0.1106572211738956,517.0,271.875,73.4375,7.812,2.498091544796509,536.0,280.46875,75.0,6.675,1.2120256565243244,448.0,276.5625,62.5,6.442,-1.8157749899217608,-0.1521974569368716
494,264.84375,69.53125,1.657710626990188,0.619,-0.522,7.355,460,258.59375,65.625,7.37,-2.5829933382462307,447,264.84375,62.5,7.031,-1.5707963267948966,464.0,271.09375,66.40625,6.987,-0.4636476090008061,517.0,271.875,73.4375,8.043,0.507098504392337,540.0,264.84375,75.78125,6.25,1.5707963267948966,527.0,257.8125,74.21875,8.45,2.5535900500422257,0.09980254306312908
495,285.15625,69.53125,1.6038754199172327,-2.105,0.118,7.181,536,280.46875,75.0,7.202,2.279422598922567,451,289.0625,63.28125,7.37,-1.012197011451334,496.0,292.1875,70.3125,7.074,0.1106572211738956,493.0,278.125,68.75,7.074,-3.0309354324158977,542.0,288.28125,76.5625,7.694,1.1525719972156676,450.0,282.8125,63.28125,6.675,-1.9295669970654687,-0.0741974569368713
496,292.1875,70.3125,1.6024975531287593,-1.047,0.023,7.322,542,288.28125,76.5625,7.37,2.129395642138459,495,285.15625,69.53125,7.074,-3.0309354324158977,497.0,299.21875,70.3125,7.031,0.0,451.0,289.0625,63.28125,7.694,-1.9890206563741255,541.0,296.09375,75.78125,6.72,0.9505468408120752,452.0,296.09375,63.28125,8.043,-1.0636978224025595,0.06680254306312872
497,299.21875,70.3125,1.6516623708268194,-3.118,0.066,7.008,496,292.1875,70.3125,7.031,3.141592653589793,452,296.09375,63.28125,7.694,-1.9890206563741255,541.0,296.09375,75.78125,6.298,2.08994244104142,,,,,,,,,,,,,,,,-0.24719745693687134
498,0.0,71.09375,1.6349945910898167,0.05,0.298,6.77,453,0.0,64.0625,7.031,-1.5707963267948966,543,0.0,78.125,7.031,1.5707963267948966,528.0,5.46875,75.0,6.72,0.6202494859828215,475.0,5.46875,67.96875,6.298,-0.5191461142465229,,,,,,,,,,,-0.4851974569368718
499,60.9375,71.09375,1.6362583589147748,2.391,0.502,7.373,530,54.6875,75.0,7.37,2.5829933382462307,531,67.1875,75.0,7.37,0.5585993153435624,476.0,54.6875,67.96875,6.987,-2.677945044588987,549.0,60.9375,78.90625,7.812,1.5707963267948966,459.0,60.9375,64.84375,6.25,-1.5707963267948966,461.0,67.96875,66.40625,8.45,-0.5880026035475675,0.11780254306312887
500,138.28125,71.09375,1.38788183587443,-1.213,-0.445,6.724,455,136.71875,64.0625,7.202,-1.7894652726688385,467,143.75,67.1875,6.72,-0.6202494859828215,488.0,132.03125,68.75,6.675,-2.782821983319221,521.0,143.75,74.21875,6.298,0.5191461142465229,,,,,,,,,,,-0.5311974569368711
501,11.71875,71.875,1.6643727615533297,-1.06,-0.508,7.196,475,5.46875,67.96875,7.37,-2.5829933382462307,545,11.71875,78.90625,7.031,1.5707963267948966,528.0,5.46875,75.0,6.987,2.677945044588987,485.0,17.96875,68.75,6.987,-0.4636476090008061,529.0,17.96875,75.0,6.987,0.4636476090008061,454.0,11.71875,64.0625,7.812,-1.5707963267948966,-0.05919745693687162
502,23.4375,71.875,1.6647188187517388,0.582,0.521,6.843,537,29.6875,75.78125,7.37,0.5585993153435624,546,24.21875,78.90625,7.074,1.460139105621001,456.0,23.4375,64.84375,7.031,-1.5707963267948966,486.0,29.6875,68.75,6.987,-0.4636476090008061,529.0,17.96875,75.0,6.298,2.62244653934327,485.0,17.96875,68.75,6.298,-2.62244653934327,-0.4121974569368714
503,35.9375,71.875,1.7078313462354764,1.57,-0.524,7.129,537,29.6875,75.78125,7.37,2.5829933382462307,538,42.1875,75.78125,7.37,0.5585993153435624,547.0,35.9375,78.90625,7.031,1.5707963267948966,457.0,35.9375,64.84375,7.031,-1.5707963267948966,487.0,42.1875,68.75,6.987,-0.4636476090008061,486.0,29.6875,68.75,6.987,-2.677945044588987,-0.1261974569368718
504,48.4375,71.875,1.7066047723793796,3.086,0.473,7.136,476,54.6875,67.96875,7.37,-0.5585993153435624,538,42.1875,75.78125,7.37,2.5829933382462307,458.0,47.65625,64.84375,7.074,-1.6814535479687922,548.0,48.4375,78.90625,7.031,1.5707963267948966,530.0,54.6875,75.0,6.987,0.4636476090008061,487.0,42.1875,68.75,6.987,-2.677945044588987,-0.11919745693687123
505,72.65625,71.875,1.6211249808786343,-0.174,0.118,6.508,461,67.96875,66.40625,7.202,-2.279422598922567,544,74.21875,78.125,6.442,1.3258176636680326,506.0,78.90625,72.65625,6.298,0.1243549945467614,462.0,75.78125,66.40625,6.298,-1.0516502125483738,531.0,67.1875,75.0,6.298,2.62244653934327,,,,,,-0.7471974569368713
506,78.90625,72.65625,1.6340223527404425,-3.003,0.124,7.181,544,74.21875,78.125,7.202,2.279422598922567,463,82.8125,66.40625,7.37,-1.012197011451334,507.0,85.9375,73.4375,7.074,0.1106572211738956,462.0,75.78125,66.40625,6.987,-2.0344439357957027,555.0,81.25,80.46875,8.156,1.2793395323170296,505.0,72.65625,71.875,6.298,-3.017237659043032,-0.0741974569368713
507,85.9375,73.4375,1.6844133498352156,-1.07,0.046,7.498,465,89.84375,67.1875,7.37,-1.012197011451334,551,89.84375,79.6875,7.37,1.012197011451334,506.0,78.90625,72.65625,7.074,-3.0309354324158977,508.0,92.96875,73.4375,7.031,0.0,463.0,82.8125,66.40625,7.694,-1.9890206563741255,555.0,81.25,80.46875,8.45,2.158798930342464,0.24280254306312887
508,92.96875,73.4375,1.6740341047242528,0.0,-0.001,7.129,466,96.875,67.1875,7.37,-1.012197011451334,552,96.875,79.6875,7.37,1.012197011451334,509.0,100.0,73.4375,7.031,0.0,507.0,85.9375,73.4375,7.031,3.141592653589793,465.0,89.84375,67.1875,6.987,-2.0344439357957027,551.0,89.84375,79.6875,6.987,2.0344439357957027,-0.1261974569368718
509,100.0,73.4375,1.5945492587570556,0.762,0.035,7.27,508,92.96875,73.4375,7.031,3.141592653589793,466,96.875,67.1875,6.987,-2.0344439357957027,552.0,96.875,79.6875,6.987,2.0344439357957027,477.0,103.90625,67.96875,6.72,-0.9505468408120752,518.0,107.8125,74.21875,7.851,0.099668652491162,556.0,103.90625,80.46875,8.043,1.0636978224025595,0.014802543063128226
510,200.0,73.4375,1.6349947199566766,2.356,-0.021,7.366,469,196.09375,67.1875,7.37,-2.129395642138459,525,192.96875,74.21875,7.074,3.0309354324158977,511.0,207.03125,73.4375,7.031,0.0,470.0,203.125,67.1875,6.987,-1.1071487177940904,565.0,203.125,80.46875,7.694,1.1525719972156676,564.0,196.09375,80.46875,8.043,2.0778948311872334,0.11080254306312831
511,207.03125,73.4375,1.6476626341536635,2.929,-0.009,7.241,470,203.125,67.1875,7.37,-2.129395642138459,510,200.0,73.4375,7.031,3.141592653589793,512.0,214.0625,73.4375,7.031,0.0,471.0,210.15625,67.1875,6.987,-1.1071487177940904,553.0,210.15625,79.6875,6.987,1.1071487177940904,565.0,203.125,80.46875,8.043,2.0778948311872334,-0.014197456936871689
512,214.0625,73.4375,1.6533491213615594,3.141,-0.001,7.129,471,210.15625,67.1875,7.37,-2.129395642138459,553,210.15625,79.6875,7.37,2.129395642138459,513.0,221.09375,73.4375,7.031,0.0,511.0,207.03125,73.4375,7.031,3.141592653589793,472.0,217.1875,67.1875,6.987,-1.1071487177940904,554.0,217.1875,79.6875,6.987,1.1071487177940904,-0.1261974569368718
513,221.09375,73.4375,1.6520576973886734,-2.984,-0.008,7.305,472,217.1875,67.1875,7.37,-2.129395642138459,554,217.1875,79.6875,7.37,2.129395642138459,514.0,228.125,73.4375,7.031,0.0,512.0,214.0625,73.4375,7.031,3.141592653589793,473.0,224.21875,67.1875,6.987,-1.1071487177940904,566.0,225.0,80.46875,8.043,1.0636978224025595,0.04980254306312837
514,228.125,73.4375,1.6446117689494446,0.767,-0.005,7.315,473,224.21875,67.1875,7.37,-2.129395642138459,513,221.09375,73.4375,7.031,3.141592653589793,515.0,235.15625,73.4375,7.031,0.0,566.0,225.0,80.46875,7.694,1.9890206563741255,483.0,232.03125,67.96875,6.72,-0.9505468408120752,567.0,232.03125,80.46875,8.043,1.0636978224025595,0.05980254306312904
515,235.15625,73.4375,1.6330659006867347,0.572,0.002,7.136,516,242.1875,73.4375,7.031,0.0,514,228.125,73.4375,7.031,3.141592653589793,567.0,232.03125,80.46875,7.694,1.9890206563741255,484.0,239.0625,67.96875,6.72,-0.9505468408120752,568.0,239.0625,80.46875,8.043,1.0636978224025595,483.0,232.03125,67.96875,6.298,-2.08994244104142,-0.11919745693687123
516,242.1875,73.4375,1.5889974312985158,1.038,0.01,7.252,474,246.09375,67.1875,7.37,-1.012197011451334,526,249.21875,74.21875,7.074,0.1106572211738956,515.0,235.15625,73.4375,7.031,3.141592653589793,568.0,239.0625,80.46875,7.694,1.9890206563741255,569.0,246.09375,80.46875,8.043,1.0636978224025595,484.0,239.0625,67.96875,6.298,-2.08994244104142,-0.0031974569368715677
517,271.875,73.4375,1.5811093276615216,-2.19,-0.468,7.328,540,264.84375,75.78125,7.411,2.819842099193151,464,271.09375,66.40625,7.074,-1.6814535479687922,493.0,278.125,68.75,7.812,-0.6435011087932844,494.0,264.84375,69.53125,8.043,-2.6344941491974563,550.0,275.0,78.90625,6.298,1.0516502125483738,,,,,,0.07280254306312894
518,107.8125,74.21875,1.6696230086477313,-2.587,0.016,7.266,477,103.90625,67.96875,7.37,-2.129395642138459,556,103.90625,80.46875,7.37,2.129395642138459,519.0,114.84375,74.21875,7.031,0.0,478.0,110.9375,67.96875,6.987,-1.1071487177940904,557.0,110.9375,80.46875,6.987,1.1071487177940904,509.0,100.0,73.4375,7.851,-3.0419240010986317,0.010802543063128667
519,114.84375,74.21875,1.6946693209278314,2.63,0.015,7.193,478,110.9375,67.96875,7.37,-2.129395642138459,479,118.75,67.96875,7.37,-1.012197011451334,557.0,110.9375,80.46875,7.37,2.129395642138459,518.0,107.8125,74.21875,7.031,3.141592653589793,520.0,121.875,74.21875,7.031,0.0,558.0,117.96875,80.46875,6.987,1.1071487177940904,-0.06219745693687173
520,121.875,74.21875,1.686300950683066,1.626,0.05,7.136,480,125.78125,67.96875,7.37,-1.012197011451334,558,117.96875,80.46875,7.37,2.129395642138459,532.0,128.90625,75.0,7.074,0.1106572211738956,519.0,114.84375,74.21875,7.031,3.141592653589793,479.0,118.75,67.96875,6.987,-2.0344439357957027,559.0,125.0,80.46875,6.987,1.1071487177940904,-0.11919745693687123
521,143.75,74.21875,1.6362184666556274,2.619,0.159,7.241,539,150.78125,75.78125,7.202,0.2186689458739419,560,139.84375,80.46875,7.37,2.129395642138459,467.0,143.75,67.1875,7.031,-1.5707963267948966,573.0,146.875,81.25,7.694,1.1525719972156676,533.0,135.9375,75.0,7.851,3.0419240010986317,500.0,138.28125,71.09375,6.298,-2.62244653934327,-0.014197456936871689
522,171.875,74.21875,1.6288066231618472,2.379,-0.036,7.27,523,178.90625,74.21875,7.031,0.0,481,175.0,67.96875,6.987,-1.1071487177940904,561.0,175.0,80.46875,6.987,1.1071487177940904,491.0,167.96875,68.75,6.72,-2.191045812777718,535.0,164.0625,75.0,7.851,3.0419240010986317,576.0,167.96875,81.25,8.043,2.0778948311872334,0.014802543063128226
523,178.90625,74.21875,1.6728415018678726,3.141,-0.001,7.129,481,175.0,67.96875,7.37,-2.129395642138459,561,175.0,80.46875,7.37,2.129395642138459,524.0,185.9375,74.21875,7.031,0.0,522.0,171.875,74.21875,7.031,3.141592653589793,482.0,182.03125,67.96875,6.987,-1.1071487177940904,562.0,182.03125,80.46875,6.987,1.1071487177940904,-0.1261974569368718
524,185.9375,74.21875,1.6619084151986414,-3.049,-0.007,7.247,482,182.03125,67.96875,7.37,-2.129395642138459,562,182.03125,80.46875,7.37,2.129395642138459,525.0,192.96875,74.21875,7.031,0.0,523.0,178.90625,74.21875,7.031,3.141592653589793,563.0,189.0625,80.46875,6.987,1.1071487177940904,468.0,189.0625,67.1875,7.694,-1.1525719972156676,-0.008197456936871461
525,192.96875,74.21875,1.62839094253852,-2.395,-0.017,7.366,563,189.0625,80.46875,7.37,2.129395642138459,510,200.0,73.4375,7.074,-0.1106572211738956,524.0,185.9375,74.21875,7.031,3.141592653589793,564.0,196.09375,80.46875,6.987,1.1071487177940904,469.0,196.09375,67.1875,7.694,-1.1525719972156676,468.0,189.0625,67.1875,8.043,-2.0778948311872334,0.11080254306312831
526,249.21875,74.21875,1.610672197589061,-0.348,0.036,7.406,570,253.125,80.46875,7.37,1.012197011451334,516,242.1875,73.4375,7.074,-3.0309354324158977,569.0,246.09375,80.46875,6.987,2.0344439357957027,474.0,246.09375,67.1875,7.694,-1.9890206563741255,492.0,253.125,68.75,6.72,-0.9505468408120752,527.0,257.8125,74.21875,8.593,0.0,0.15080254306312835
527,257.8125,74.21875,1.589116572782663,1.712,0.125,7.656,492,253.125,68.75,7.202,-2.279422598922567,540,264.84375,75.78125,7.202,0.2186689458739419,570.0,253.125,80.46875,7.812,2.214297435588181,571.0,260.15625,80.46875,6.675,1.2120256565243244,494.0,264.84375,69.53125,8.45,-0.5880026035475675,526.0,249.21875,74.21875,8.593,3.141592653589793,0.40080254306312835
528,5.46875,75.0,1.7062153864606255,-0.039,-0.492,6.906,545,11.71875,78.90625,7.37,0.5585993153435624,475,5.46875,67.96875,7.031,-1.5707963267948966,578.0,5.46875,82.03125,7.031,1.5707963267948966,501.0,11.71875,71.875,6.987,-0.4636476090008061,498.0,0.0,71.09375,6.72,-2.521343167606972,543.0,0.0,78.125,6.298,2.62244653934327,-0.34919745693687165
529,17.96875,75.0,1.6478372082342791,1.791,0.514,6.884,545,11.71875,78.90625,7.37,2.5829933382462307,546,24.21875,78.90625,7.37,0.5585993153435624,579.0,17.96875,82.03125,7.031,1.5707963267948966,501.0,11.71875,71.875,6.987,-2.677945044588987,502.0,23.4375,71.875,6.298,-0.5191461142465229,485.0,17.96875,68.75,6.25,-1.5707963267948966,-0.371197456936871
530,54.6875,75.0,1.6773558303398688,2.081,0.507,7.193,499,60.9375,71.09375,7.37,-0.5585993153435624,548,48.4375,78.90625,7.37,2.5829933382462307,549.0,60.9375,78.90625,7.37,0.5585993153435624,476.0,54.6875,67.96875,7.031,-1.5707963267948966,582.0,54.6875,82.03125,7.031,1.5707963267948966,504.0,48.4375,71.875,6.987,-2.677945044588987,-0.06219745693687173
531,67.1875,75.0,1.673378452633261,-0.311,0.503,7.406,499,60.9375,71.09375,7.37,-2.5829933382462307,549,60.9375,78.90625,7.37,2.5829933382462307,583.0,67.96875,82.03125,7.074,1.460139105621001,544.0,74.21875,78.125,7.694,0.4182243295792291,505.0,72.65625,71.875,6.298,-0.5191461142465229,461.0,67.96875,66.40625,8.629,-1.4801364395941514,0.15080254306312835
532,128.90625,75.0,1.668427520368911,-1.587,0.036,7.146,572,132.8125,81.25,7.37,1.012197011451334,520,121.875,74.21875,7.074,-3.0309354324158977,533.0,135.9375,75.0,7.031,0.0,488.0,132.03125,68.75,6.987,-1.1071487177940904,480.0,125.78125,67.96875,7.694,-1.9890206563741255,559.0,125.0,80.46875,6.72,2.191045812777718,-0.10919745693687144
533,135.9375,75.0,1.4325757594242603,2.055,-0.071,7.192,488,132.03125,68.75,7.37,-2.129395642138459,532,128.90625,75.0,7.031,3.141592653589793,572.0,132.8125,81.25,6.987,2.0344439357957027,560.0,139.84375,80.46875,6.72,0.9505468408120752,521.0,143.75,74.21875,7.851,-0.099668652491162,,,,,,-0.06319745693687118
534,157.03125,75.0,1.6686225742502654,1.918,-0.067,7.081,575,160.9375,81.25,7.37,1.012197011451334,535,164.0625,75.0,7.031,0.0,574.0,153.90625,81.25,6.987,2.0344439357957027,490.0,160.15625,68.75,6.987,-1.1071487177940904,489.0,152.34375,68.75,7.812,-2.214297435588181,539.0,150.78125,75.78125,6.298,3.017237659043032,-0.17419745693687094
535,164.0625,75.0,1.640152659669946,-0.599,-0.033,7.33,490,160.15625,68.75,7.37,-2.129395642138459,491,167.96875,68.75,7.37,-1.012197011451334,576.0,167.96875,81.25,7.37,1.012197011451334,534.0,157.03125,75.0,7.031,3.141592653589793,575.0,160.9375,81.25,6.987,2.0344439357957027,522.0,171.875,74.21875,7.851,-0.099668652491162,0.07480254306312872
536,280.46875,75.0,1.6401530910133335,0.13,0.327,7.128,495,285.15625,69.53125,7.202,-0.8621700546672264,585,281.25,82.03125,7.074,1.460139105621001,550.0,275.0,78.90625,6.72,2.521343167606972,493.0,278.125,68.75,6.675,-1.9295669970654687,542.0,288.28125,76.5625,7.967,0.1973955598498807,,,,,,-0.12719745693687123
537,29.6875,75.78125,1.6177531171432642,-0.692,0.494,6.892,502,23.4375,71.875,7.37,-2.5829933382462307,503,35.9375,71.875,7.37,-0.5585993153435624,486.0,29.6875,68.75,7.031,-1.5707963267948966,547.0,35.9375,78.90625,6.987,0.4636476090008061,546.0,24.21875,78.90625,6.298,2.62244653934327,580.0,30.46875,82.03125,6.298,1.446441332248135,-0.363197456936871
538,42.1875,75.78125,1.640435240764516,-1.571,-0.524,6.999,503,35.9375,71.875,7.37,-2.5829933382462307,504,48.4375,71.875,7.37,-0.5585993153435624,487.0,42.1875,68.75,7.031,-1.5707963267948966,547.0,35.9375,78.90625,6.987,2.677945044588987,548.0,48.4375,78.90625,6.987,0.4636476090008061,581.0,42.1875,82.03125,6.25,1.5707963267948966,-0.2561974569368717
539,150.78125,75.78125,1.600795083045378,1.185,-0.009,6.744,489,152.34375,68.75,7.202,-1.3521273809209546,521,143.75,74.21875,7.202,-2.922923707715851,573.0,146.875,81.25,6.72,2.191045812777718,534.0,157.03125,75.0,6.298,-0.1243549945467614,574.0,153.90625,81.25,6.298,1.0516502125483738,,,,,,-0.5111974569368716
540,264.84375,75.78125,1.5282949245533557,3.034,0.342,6.972,527,257.8125,74.21875,7.202,-2.922923707715851,584,268.75,82.03125,7.37,1.012197011451334,517.0,271.875,73.4375,7.411,-0.3217505543966422,571.0,260.15625,80.46875,6.629,2.356194490192345,494.0,264.84375,69.53125,6.25,-1.5707963267948966,,,,,,-0.28319745693687093
541,296.09375,75.78125,1.5160118200247812,-2.717,-0.077,6.792,496,292.1875,70.3125,6.72,-2.191045812777718,542,288.28125,76.5625,7.851,3.0419240010986317,497.0,299.21875,70.3125,6.298,-1.0516502125483738,577.0,292.96875,81.25,6.298,2.08994244104142,,,,,,,,,,,-0.46319745693687153
542,288.28125,76.5625,1.5997388610647267,-0.439,-0.028,7.69,496,292.1875,70.3125,7.37,-1.012197011451334,495,285.15625,69.53125,7.694,-1.9890206563741255,541.0,296.09375,75.78125,7.851,-0.099668652491162,577.0,292.96875,81.25,6.629,0.7853981633974483,536.0,280.46875,75.0,7.967,-2.9441970937399127,589.0,287.5,85.15625,8.629,1.6614562139956417,0.43480254306312904
543,0.0,78.125,1.6019490723706729,0.05,0.298,6.965,498,0.0,71.09375,7.031,-1.5707963267948966,578,5.46875,82.03125,6.72,0.6202494859828215,590.0,0.0,85.9375,7.812,1.5707963267948966,528.0,5.46875,75.0,6.298,-0.5191461142465229,,,,,,,,,,,-0.2901974569368715
544,74.21875,78.125,1.666152785093756,-2.522,0.371,7.192,506,78.90625,72.65625,7.202,-0.8621700546672264,583,67.96875,82.03125,7.37,2.5829933382462307,555.0,81.25,80.46875,7.411,0.3217505543966422,587.0,74.21875,85.15625,7.031,1.5707963267948966,531.0,67.1875,75.0,7.694,-2.723368324010564,505.0,72.65625,71.875,6.442,-1.8157749899217608,-0.06319745693687118
545,11.71875,78.90625,1.679595844700668,-1.571,-0.524,7.129,528,5.46875,75.0,7.37,-2.5829933382462307,529,17.96875,75.0,7.37,-0.5585993153435624,501.0,11.71875,71.875,7.031,-1.5707963267948966,591.0,11.71875,85.9375,7.031,1.5707963267948966,578.0,5.46875,82.03125,6.987,2.677945044588987,579.0,17.96875,82.03125,6.987,0.4636476090008061,-0.1261974569368718
546,24.21875,78.90625,1.6681263074350778,-2.194,0.512,6.958,529,17.96875,75.0,7.37,-2.5829933382462307,502,23.4375,71.875,7.074,-1.6814535479687922,592.0,24.21875,85.9375,7.031,1.5707963267948966,579.0,17.96875,82.03125,6.987,2.677945044588987,580.0,30.46875,82.03125,6.987,0.4636476090008061,537.0,29.6875,75.78125,6.298,-0.5191461142465229,-0.29719745693687116
547,35.9375,78.90625,1.6751459285347154,0.303,0.495,6.894,593,36.71875,85.9375,7.074,1.460139105621001,503,35.9375,71.875,7.031,-1.5707963267948966,538.0,42.1875,75.78125,6.987,-0.4636476090008061,537.0,29.6875,75.78125,6.987,-2.677945044588987,581.0,42.1875,82.03125,6.987,0.4636476090008061,580.0,30.46875,82.03125,6.298,2.62244653934327,-0.3611974569368712
548,48.4375,78.90625,1.683889335184806,-0.947,0.488,7.073,530,54.6875,75.0,7.37,-0.5585993153435624,594,49.21875,85.9375,7.074,1.460139105621001,504.0,48.4375,71.875,7.031,-1.5707963267948966,538.0,42.1875,75.78125,6.987,-2.677945044588987,581.0,42.1875,82.03125,6.987,2.677945044588987,582.0,54.6875,82.03125,6.987,0.4636476090008061,-0.18219745693687095
549,60.9375,78.90625,1.641501737693814,-1.023,0.497,7.384,530,54.6875,75.0,7.37,-2.5829933382462307,531,67.1875,75.0,7.37,-0.5585993153435624,595.0,61.71875,85.9375,7.074,1.460139105621001,582.0,54.6875,82.03125,6.987,2.677945044588987,583.0,67.96875,82.03125,7.694,0.4182243295792291,499.0,60.9375,71.09375,7.812,-1.5707963267948966,0.128802543063129
550,275.0,78.90625,1.6095670765129464,1.129,0.422,6.813,597,274.21875,85.9375,7.074,1.6814535479687922,585,281.25,82.03125,6.987,0.4636476090008061,584.0,268.75,82.03125,6.987,2.677945044588987,536.0,280.46875,75.0,6.72,-0.6202494859828215,517.0,271.875,73.4375,6.298,-2.08994244104142,,,,,,-0.4421974569368716
551,89.84375,79.6875,1.6405080512446213,2.851,0.001,7.405,507,85.9375,73.4375,7.37,-2.129395642138459,552,96.875,79.6875,7.031,0.0,508.0,92.96875,73.4375,6.987,-1.1071487177940904,598.0,92.96875,86.71875,7.694,1.1525719972156676,588.0,85.9375,85.15625,6.72,2.191045812777718,555.0,81.25,80.46875,8.629,3.050932766389048,0.1498025430631289
552,96.875,79.6875,1.6261926391123749,2.321,0.009,7.249,508,92.96875,73.4375,7.37,-2.129395642138459,556,103.90625,80.46875,7.074,0.1106572211738956,551.0,89.84375,79.6875,7.031,3.141592653589793,509.0,100.0,73.4375,6.987,-1.1071487177940904,596.0,100.0,85.9375,6.987,1.1071487177940904,598.0,92.96875,86.71875,8.043,2.0778948311872334,-0.006197456936871681
553,210.15625,79.6875,1.5918743919491127,0.747,-0.017,7.366,512,214.0625,73.4375,7.37,-1.012197011451334,565,203.125,80.46875,7.074,3.0309354324158977,554.0,217.1875,79.6875,7.031,0.0,511.0,207.03125,73.4375,6.987,-2.0344439357957027,608.0,207.03125,86.71875,7.694,1.9890206563741255,609.0,214.0625,86.71875,8.043,1.0636978224025595,0.11080254306312831
554,217.1875,79.6875,1.581180422622651,0.744,0.018,7.496,513,221.09375,73.4375,7.37,-1.012197011451334,553,210.15625,79.6875,7.031,3.141592653589793,512.0,214.0625,73.4375,6.987,-2.0344439357957027,609.0,214.0625,86.71875,7.694,1.9890206563741255,566.0,225.0,80.46875,7.851,0.099668652491162,610.0,221.09375,86.71875,8.043,1.0636978224025595,0.2408025430631291
555,81.25,80.46875,1.556946788966158,2.976,0.384,7.824,544,74.21875,78.125,7.411,-2.819842099193151,622,80.46875,88.28125,7.851,1.6704649792860586,588.0,85.9375,85.15625,6.629,0.7853981633974483,506.0,78.90625,72.65625,8.156,-1.862253121272764,587.0,74.21875,85.15625,8.45,2.5535900500422257,507.0,85.9375,73.4375,8.45,-0.982793723247329,0.5688025430631285
556,103.90625,80.46875,1.6813475028951768,-2.163,0.053,7.204,518,107.8125,74.21875,7.37,-1.012197011451334,552,96.875,79.6875,7.074,-3.0309354324158977,557.0,110.9375,80.46875,7.031,0.0,599.0,107.03125,86.71875,6.987,1.1071487177940904,596.0,100.0,85.9375,6.72,2.191045812777718,509.0,100.0,73.4375,8.043,-2.0778948311872334,-0.05119745693687161
557,110.9375,80.46875,1.7008255152674738,1.107,0.031,7.129,519,114.84375,74.21875,7.37,-1.012197011451334,599,107.03125,86.71875,7.37,2.129395642138459,558.0,117.96875,80.46875,7.031,0.0,556.0,103.90625,80.46875,7.031,3.141592653589793,518.0,107.8125,74.21875,6.987,-2.0344439357957027,600.0,114.0625,86.71875,6.987,1.1071487177940904,-0.1261974569368718
558,117.96875,80.46875,1.6823407046394472,-0.512,0.015,7.193,520,121.875,74.21875,7.37,-1.012197011451334,600,114.0625,86.71875,7.37,2.129395642138459,601.0,121.875,86.71875,7.37,1.012197011451334,557.0,110.9375,80.46875,7.031,3.141592653589793,559.0,125.0,80.46875,7.031,0.0,519.0,114.84375,74.21875,6.987,-2.0344439357957027,-0.06219745693687173
559,125.0,80.46875,1.63830689763363,0.563,0.027,7.158,602,128.90625,86.71875,7.37,1.012197011451334,558,117.96875,80.46875,7.031,3.141592653589793,601.0,121.875,86.71875,6.987,2.0344439357957027,520.0,121.875,74.21875,6.987,-2.0344439357957027,532.0,128.90625,75.0,6.72,-0.9505468408120752,572.0,132.8125,81.25,7.851,0.099668652491162,-0.09719745693687099
560,139.84375,80.46875,1.6442745624330923,1.931,0.004,7.329,521,143.75,74.21875,7.37,-1.012197011451334,572,132.8125,81.25,7.074,3.0309354324158977,573.0,146.875,81.25,7.074,0.1106572211738956,617.0,142.96875,87.5,7.694,1.1525719972156676,533.0,135.9375,75.0,6.72,-2.191045812777718,616.0,135.9375,87.5,8.043,2.0778948311872334,0.07380254306312839
561,175.0,80.46875,1.6439642156163083,0.571,-0.019,7.136,523,178.90625,74.21875,7.37,-1.012197011451334,604,178.90625,86.71875,7.37,1.012197011451334,576.0,167.96875,81.25,7.074,3.0309354324158977,562.0,182.03125,80.46875,7.031,0.0,522.0,171.875,74.21875,6.987,-2.0344439357957027,603.0,171.875,86.71875,6.987,2.0344439357957027,-0.11919745693687123
562,182.03125,80.46875,1.6498027292690751,0.0,-0.001,7.129,524,185.9375,74.21875,7.37,-1.012197011451334,605,185.9375,86.71875,7.37,1.012197011451334,563.0,189.0625,80.46875,7.031,0.0,561.0,175.0,80.46875,7.031,3.141592653589793,523.0,178.90625,74.21875,6.987,-2.0344439357957027,604.0,178.90625,86.71875,6.987,2.0344439357957027,-0.1261974569368718
563,189.0625,80.46875,1.6361646161252756,0.0,-0.001,7.129,525,192.96875,74.21875,7.37,-1.012197011451334,606,192.96875,86.71875,7.37,1.012197011451334,564.0,196.09375,80.46875,7.031,0.0,562.0,182.03125,80.46875,7.031,3.141592653589793,524.0,185.9375,74.21875,6.987,-2.0344439357957027,605.0,185.9375,86.71875,6.987,2.0344439357957027,-0.1261974569368718
564,196.09375,80.46875,1.6145888117468346,-0.213,-0.009,7.241,607,200.0,86.71875,7.37,1.012197011451334,565,203.125,80.46875,7.031,0.0,563.0,189.0625,80.46875,7.031,3.141592653589793,525.0,192.96875,74.21875,6.987,-2.0344439357957027,606.0,192.96875,86.71875,6.987,2.0344439357957027,510.0,200.0,73.4375,8.043,-1.0636978224025595,-0.014197456936871689
565,203.125,80.46875,1.5949184810414578,-0.785,-0.021,7.366,608,207.03125,86.71875,7.37,1.012197011451334,553,210.15625,79.6875,7.074,-0.1106572211738956,564.0,196.09375,80.46875,7.031,3.141592653589793,607.0,200.0,86.71875,6.987,2.0344439357957027,510.0,200.0,73.4375,7.694,-1.9890206563741255,511.0,207.03125,73.4375,8.043,-1.0636978224025595,0.11080254306312831
566,225.0,80.46875,1.591985448125918,-2.397,0.018,7.496,610,221.09375,86.71875,7.37,2.129395642138459,567,232.03125,80.46875,7.031,0.0,611.0,228.125,86.71875,6.987,1.1071487177940904,514.0,228.125,73.4375,7.694,-1.1525719972156676,554.0,217.1875,79.6875,7.851,-3.0419240010986317,513.0,221.09375,73.4375,8.043,-2.0778948311872334,0.2408025430631291
567,232.03125,80.46875,1.6054027966417077,-2.869,0.001,7.359,611,228.125,86.71875,7.37,2.129395642138459,568,239.0625,80.46875,7.031,0.0,566.0,225.0,80.46875,7.031,3.141592653589793,612.0,235.15625,86.71875,6.987,1.1071487177940904,515.0,235.15625,73.4375,7.694,-1.1525719972156676,514.0,228.125,73.4375,8.043,-2.0778948311872334,0.10380254306312864
568,239.0625,80.46875,1.6177628771991284,-2.869,0.001,7.359,612,235.15625,86.71875,7.37,2.129395642138459,569,246.09375,80.46875,7.031,0.0,567.0,232.03125,80.46875,7.031,3.141592653589793,613.0,242.1875,86.71875,6.987,1.1071487177940904,516.0,242.1875,73.4375,7.694,-1.1525719972156676,515.0,235.15625,73.4375,8.043,-2.0778948311872334,0.10380254306312864
569,246.09375,80.46875,1.656917569570957,-2.93,0.008,7.241,613,242.1875,86.71875,7.37,2.129395642138459,570,253.125,80.46875,7.031,0.0,568.0,239.0625,80.46875,7.031,3.141592653589793,526.0,249.21875,74.21875,6.987,-1.1071487177940904,614.0,249.21875,86.71875,6.987,1.1071487177940904,516.0,242.1875,73.4375,8.043,-2.0778948311872334,-0.014197456936871689
570,253.125,80.46875,1.639013756159666,1.705,0.029,7.267,526,249.21875,74.21875,7.37,-2.129395642138459,614,249.21875,86.71875,7.37,2.129395642138459,571.0,260.15625,80.46875,7.031,0.0,569.0,246.09375,80.46875,7.031,3.141592653589793,615.0,256.25,86.71875,6.987,1.1071487177940904,527.0,257.8125,74.21875,7.812,-0.9272952180016122,0.011802543063129
571,260.15625,80.46875,1.5619192995836135,2.988,0.133,7.08,615,256.25,86.71875,7.37,2.129395642138459,570,253.125,80.46875,7.031,3.141592653589793,621.0,263.28125,87.5,7.694,1.1525719972156676,527.0,257.8125,74.21875,6.675,-1.9295669970654687,540.0,264.84375,75.78125,6.629,-0.7853981633974483,,,,,,-0.17519745693687128
572,132.8125,81.25,1.606810443479529,-2.3,0.008,7.165,532,128.90625,75.0,7.37,-2.129395642138459,560,139.84375,80.46875,7.074,-0.1106572211738956,533.0,135.9375,75.0,6.987,-1.1071487177940904,616.0,135.9375,87.5,6.987,1.1071487177940904,602.0,128.90625,86.71875,6.72,2.191045812777718,559.0,125.0,80.46875,7.851,-3.0419240010986317,-0.09019745693687131
573,146.875,81.25,1.693363208773241,-0.771,0.068,7.146,617,142.96875,87.5,7.37,2.129395642138459,560,139.84375,80.46875,7.074,-3.0309354324158977,574.0,153.90625,81.25,7.031,0.0,618.0,150.0,87.5,6.987,1.1071487177940904,521.0,143.75,74.21875,7.694,-1.9890206563741255,539.0,150.78125,75.78125,6.72,-0.9505468408120752,-0.10919745693687144
574,153.90625,81.25,1.695584027637986,-2.204,-0.01,7.014,619,157.8125,87.5,7.37,1.012197011451334,618,150.0,87.5,7.37,2.129395642138459,575.0,160.9375,81.25,7.031,0.0,573.0,146.875,81.25,7.031,3.141592653589793,534.0,157.03125,75.0,6.987,-1.1071487177940904,539.0,150.78125,75.78125,6.298,-2.08994244104142,-0.2411974569368711
575,160.9375,81.25,1.683380278023468,0.0,-0.032,7.129,534,157.03125,75.0,7.37,-2.129395642138459,620,164.84375,87.5,7.37,1.012197011451334,576.0,167.96875,81.25,7.031,0.0,574.0,153.90625,81.25,7.031,3.141592653589793,535.0,164.0625,75.0,6.987,-1.1071487177940904,619.0,157.8125,87.5,6.987,2.0344439357957027,-0.1261974569368718
576,167.96875,81.25,1.638208119167652,-0.98,-0.054,7.204,535,164.0625,75.0,7.37,-2.129395642138459,561,175.0,80.46875,7.074,-0.1106572211738956,575.0,160.9375,81.25,7.031,3.141592653589793,620.0,164.84375,87.5,6.987,2.0344439357957027,603.0,171.875,86.71875,6.72,0.9505468408120752,522.0,171.875,74.21875,8.043,-1.0636978224025595,-0.05119745693687161
577,292.96875,81.25,1.6231716826822002,1.615,-0.48,6.742,623,293.75,88.28125,7.074,1.460139105621001,586,299.21875,84.375,6.987,0.4636476090008061,589.0,287.5,85.15625,6.72,2.521343167606972,542.0,288.28125,76.5625,6.629,-2.356194490192345,541.0,296.09375,75.78125,6.298,-1.0516502125483738,,,,,,-0.5131974569368714
578,5.46875,82.03125,1.7007440401703398,0.624,-0.507,6.976,591,11.71875,85.9375,7.37,0.5585993153435624,528,5.46875,75.0,7.031,-1.5707963267948966,624.0,5.46875,89.0625,7.031,1.5707963267948966,545.0,11.71875,78.90625,6.987,-0.4636476090008061,590.0,0.0,85.9375,6.72,2.521343167606972,543.0,0.0,78.125,6.72,-2.521343167606972,-0.27919745693687137
579,17.96875,82.03125,1.6801695171176094,1.57,-0.524,7.129,591,11.71875,85.9375,7.37,2.5829933382462307,592,24.21875,85.9375,7.37,0.5585993153435624,625.0,17.96875,89.0625,7.031,1.5707963267948966,529.0,17.96875,75.0,7.031,-1.5707963267948966,546.0,24.21875,78.90625,6.987,-0.4636476090008061,545.0,11.71875,78.90625,6.987,-2.677945044588987,-0.1261974569368718
580,30.46875,82.03125,1.618993258456539,2.45,0.494,6.892,592,24.21875,85.9375,7.37,2.5829933382462307,593,36.71875,85.9375,7.37,0.5585993153435624,626.0,30.46875,89.0625,7.031,1.5707963267948966,546.0,24.21875,78.90625,6.987,-2.677945044588987,547.0,35.9375,78.90625,6.298,-0.5191461142465229,537.0,29.6875,75.78125,6.298,-1.695151321341658,-0.363197456936871
581,42.1875,82.03125,1.622464059604622,0.772,0.485,7.01,627,42.96875,89.0625,7.074,1.460139105621001,547,35.9375,78.90625,6.987,-2.677945044588987,548.0,48.4375,78.90625,6.987,-0.4636476090008061,593.0,36.71875,85.9375,6.72,2.521343167606972,594.0,49.21875,85.9375,8.043,0.507098504392337,538.0,42.1875,75.78125,6.25,-1.5707963267948966,-0.24519745693687156
582,54.6875,82.03125,1.6422742068651404,0.772,0.485,7.14,628,55.46875,89.0625,7.074,1.460139105621001,530,54.6875,75.0,7.031,-1.5707963267948966,549.0,60.9375,78.90625,6.987,-0.4636476090008061,548.0,48.4375,78.90625,6.987,-2.677945044588987,594.0,49.21875,85.9375,6.72,2.521343167606972,595.0,61.71875,85.9375,8.043,0.507098504392337,-0.11519745693687167
583,67.96875,82.03125,1.654333954816717,2.792,0.465,7.254,544,74.21875,78.125,7.37,-0.5585993153435624,595,61.71875,85.9375,7.37,2.5829933382462307,531.0,67.1875,75.0,7.074,-1.6814535479687922,629.0,67.96875,89.0625,7.031,1.5707963267948966,587.0,74.21875,85.15625,6.987,0.4636476090008061,549.0,60.9375,78.90625,7.694,-2.723368324010564,-0.001197456936871788
584,268.75,82.03125,1.5866905602991728,-0.015,0.295,7.203,540,264.84375,75.78125,7.37,-2.129395642138459,550,275.0,78.90625,6.987,-0.4636476090008061,621.0,263.28125,87.5,7.733,2.356194490192345,597.0,274.21875,85.9375,6.72,0.6202494859828215,,,,,,,,,,,-0.052197456936871056
585,281.25,82.03125,1.6471953781174866,2.678,-0.471,7.224,536,280.46875,75.0,7.074,-1.6814535479687922,630,281.25,89.0625,7.031,1.5707963267948966,589.0,287.5,85.15625,6.987,0.4636476090008061,550.0,275.0,78.90625,6.987,-2.677945044588987,597.0,274.21875,85.9375,8.043,2.6344941491974563,,,,,,-0.03119745693687115
586,299.21875,84.375,1.600721783181121,2.555,-0.105,7.173,577,292.96875,81.25,6.987,-2.677945044588987,623,293.75,88.28125,6.72,2.521343167606972,635.0,299.21875,92.1875,7.812,1.5707963267948966,,,,,,,,,,,,,,,,-0.0821974569368713
587,74.21875,85.15625,1.6796876754369716,-2.145,0.486,7.309,629,67.96875,89.0625,7.37,2.5829933382462307,544,74.21875,78.125,7.031,-1.5707963267948966,631.0,74.21875,92.1875,7.031,1.5707963267948966,583.0,67.96875,82.03125,6.987,-2.677945044588987,622.0,80.46875,88.28125,6.987,0.4636476090008061,555.0,81.25,80.46875,8.45,-0.5880026035475675,0.053802543063128816
588,85.9375,85.15625,1.697138432504676,1.109,0.426,6.785,598,92.96875,86.71875,7.202,0.2186689458739419,632,86.71875,92.1875,7.074,1.460139105621001,551.0,89.84375,79.6875,6.72,-0.9505468408120752,555.0,81.25,80.46875,6.629,-2.356194490192345,622.0,80.46875,88.28125,6.298,2.62244653934327,,,,,,-0.4701974569368712
589,287.5,85.15625,1.6650929039524816,-0.698,0.495,7.287,630,281.25,89.0625,7.37,2.5829933382462307,634,287.5,92.1875,7.031,1.5707963267948966,623.0,293.75,88.28125,6.987,0.4636476090008061,585.0,281.25,82.03125,6.987,-2.677945044588987,577.0,292.96875,81.25,6.72,-0.6202494859828215,542.0,288.28125,76.5625,8.629,-1.4801364395941514,0.031802543063128574
590,0.0,85.9375,1.5973414425589083,-0.051,-0.299,6.965,636,0.0,92.96875,7.031,1.5707963267948966,578,5.46875,82.03125,6.72,-0.6202494859828215,543.0,0.0,78.125,7.812,-1.5707963267948966,624.0,5.46875,89.0625,6.298,0.5191461142465229,,,,,,,,,,,-0.2901974569368715
591,11.71875,85.9375,1.676927252342345,-1.571,-0.524,7.129,578,5.46875,82.03125,7.37,-2.5829933382462307,579,17.96875,82.03125,7.37,-0.5585993153435624,545.0,11.71875,78.90625,7.031,-1.5707963267948966,637.0,11.71875,92.96875,7.031,1.5707963267948966,624.0,5.46875,89.0625,6.987,2.677945044588987,625.0,17.96875,89.0625,6.987,0.4636476090008061,-0.1261974569368718
592,24.21875,85.9375,1.678469061656601,-1.571,-0.524,7.129,579,17.96875,82.03125,7.37,-2.5829933382462307,580,30.46875,82.03125,7.37,-0.5585993153435624,546.0,24.21875,78.90625,7.031,-1.5707963267948966,638.0,24.21875,92.96875,7.031,1.5707963267948966,625.0,17.96875,89.0625,6.987,2.677945044588987,626.0,30.46875,89.0625,6.987,0.4636476090008061,-0.1261974569368718
593,36.71875,85.9375,1.6601675315195914,-2.173,0.494,7.028,580,30.46875,82.03125,7.37,-2.5829933382462307,547,35.9375,78.90625,7.074,-1.6814535479687922,639.0,36.71875,92.96875,7.031,1.5707963267948966,626.0,30.46875,89.0625,6.987,2.677945044588987,627.0,42.96875,89.0625,6.987,0.4636476090008061,581.0,42.1875,82.03125,6.72,-0.6202494859828215,-0.22719745693687177
594,49.21875,85.9375,1.6532156822340864,-2.37,0.485,7.14,548,48.4375,78.90625,7.074,-1.6814535479687922,640,49.21875,92.96875,7.031,1.5707963267948966,628.0,55.46875,89.0625,6.987,0.4636476090008061,627.0,42.96875,89.0625,6.987,2.677945044588987,582.0,54.6875,82.03125,6.72,-0.6202494859828215,581.0,42.1875,82.03125,8.043,-2.6344941491974563,-0.11519745693687167
595,61.71875,85.9375,1.6280518438884983,-2.442,0.496,7.249,583,67.96875,82.03125,7.37,-0.5585993153435624,549,60.9375,78.90625,7.074,-1.6814535479687922,641.0,61.71875,92.96875,7.031,1.5707963267948966,628.0,55.46875,89.0625,6.987,2.677945044588987,629.0,67.96875,89.0625,6.987,0.4636476090008061,582.0,54.6875,82.03125,8.043,-2.6344941491974563,-0.006197456936871681
596,100.0,85.9375,1.634865220547682,1.02,0.02,7.148,599,107.03125,86.71875,7.074,0.1106572211738956,598,92.96875,86.71875,7.074,3.0309354324158977,552.0,96.875,79.6875,6.987,-2.0344439357957027,633.0,96.875,92.1875,6.987,2.0344439357957027,556.0,103.90625,80.46875,6.72,-0.9505468408120752,642.0,103.90625,92.96875,8.043,1.0636978224025595,-0.10719745693687166
597,274.21875,85.9375,1.5591880988729188,-0.506,0.421,7.321,550,275.0,78.90625,7.074,-1.460139105621001,660,275.0,92.96875,7.074,1.460139105621001,630.0,281.25,89.0625,7.694,0.4182243295792291,584.0,268.75,82.03125,6.72,-2.521343167606972,585.0,281.25,82.03125,8.043,-0.507098504392337,,,,,,0.06580254306312838
598,92.96875,86.71875,1.570686204625742,-1.686,0.058,7.506,588,85.9375,85.15625,7.202,-2.922923707715851,596,100.0,85.9375,7.074,-0.1106572211738956,551.0,89.84375,79.6875,7.694,-1.9890206563741255,633.0,96.875,92.1875,6.72,0.9505468408120752,552.0,96.875,79.6875,8.043,-1.0636978224025595,632.0,86.71875,92.1875,8.304,2.4227626539681686,0.2508025430631289
599,107.03125,86.71875,1.657072062074094,-0.572,0.018,7.136,557,110.9375,80.46875,7.37,-1.012197011451334,643,110.9375,92.96875,7.37,1.012197011451334,596.0,100.0,85.9375,7.074,-3.0309354324158977,600.0,114.0625,86.71875,7.031,0.0,556.0,103.90625,80.46875,6.987,-2.0344439357957027,642.0,103.90625,92.96875,6.987,2.0344439357957027,-0.11919745693687123
600,114.0625,86.71875,1.6395424868316804,0.0,-0.001,7.259,558,117.96875,80.46875,7.37,-1.012197011451334,644,117.96875,92.96875,7.37,1.012197011451334,599.0,107.03125,86.71875,7.031,3.141592653589793,557.0,110.9375,80.46875,6.987,-2.0344439357957027,643.0,110.9375,92.96875,6.987,2.0344439357957027,601.0,121.875,86.71875,7.812,0.0,0.0038025430631289936
601,121.875,86.71875,1.630995891561532,3.141,-0.001,7.259,558,117.96875,80.46875,7.37,-2.129395642138459,644,117.96875,92.96875,7.37,2.129395642138459,602.0,128.90625,86.71875,7.031,0.0,559.0,125.0,80.46875,6.987,-1.1071487177940904,645.0,125.0,92.96875,6.987,1.1071487177940904,600.0,114.0625,86.71875,7.812,3.141592653589793,0.0038025430631289936
602,128.90625,86.71875,1.6324383131813835,1.928,0.052,7.21,559,125.0,80.46875,7.37,-2.129395642138459,645,125.0,92.96875,7.37,2.129395642138459,616.0,135.9375,87.5,7.074,0.1106572211738956,601.0,121.875,86.71875,7.031,3.141592653589793,661.0,132.03125,93.75,7.694,1.1525719972156676,572.0,132.8125,81.25,6.72,-0.9505468408120752,-0.04519745693687138
603,171.875,86.71875,1.64519136637995,1.595,-0.069,7.146,646,175.78125,92.96875,7.37,1.012197011451334,620,164.84375,87.5,7.074,3.0309354324158977,604.0,178.90625,86.71875,7.031,0.0,561.0,175.0,80.46875,6.987,-1.1071487177940904,666.0,168.75,93.75,7.694,1.9890206563741255,576.0,167.96875,81.25,6.72,-2.191045812777718,-0.10919745693687144
604,178.90625,86.71875,1.6740649025833505,0.0,-0.032,7.129,561,175.0,80.46875,7.37,-2.129395642138459,647,182.8125,92.96875,7.37,1.012197011451334,605.0,185.9375,86.71875,7.031,0.0,603.0,171.875,86.71875,7.031,3.141592653589793,562.0,182.03125,80.46875,6.987,-1.1071487177940904,646.0,175.78125,92.96875,6.987,2.0344439357957027,-0.1261974569368718
605,185.9375,86.71875,1.6830946711344914,0.0,-0.032,7.129,562,182.03125,80.46875,7.37,-2.129395642138459,648,189.84375,92.96875,7.37,1.012197011451334,606.0,192.96875,86.71875,7.031,0.0,604.0,178.90625,86.71875,7.031,3.141592653589793,563.0,189.0625,80.46875,6.987,-1.1071487177940904,647.0,182.8125,92.96875,6.987,2.0344439357957027,-0.1261974569368718
606,192.96875,86.71875,1.6807677733138224,0.0,-0.032,7.129,563,189.0625,80.46875,7.37,-2.129395642138459,649,196.875,92.96875,7.37,1.012197011451334,607.0,200.0,86.71875,7.031,0.0,605.0,185.9375,86.71875,7.031,3.141592653589793,564.0,196.09375,80.46875,6.987,-1.1071487177940904,648.0,189.84375,92.96875,6.987,2.0344439357957027,-0.1261974569368718
607,200.0,86.71875,1.6742403629423672,0.0,-0.032,7.129,564,196.09375,80.46875,7.37,-2.129395642138459,650,203.90625,92.96875,7.37,1.012197011451334,608.0,207.03125,86.71875,7.031,0.0,606.0,192.96875,86.71875,7.031,3.141592653589793,565.0,203.125,80.46875,6.987,-1.1071487177940904,649.0,196.875,92.96875,6.987,2.0344439357957027,-0.1261974569368718
608,207.03125,86.71875,1.66834195094199,-2.701,-0.04,7.247,565,203.125,80.46875,7.37,-2.129395642138459,651,210.9375,92.96875,7.37,1.012197011451334,609.0,214.0625,86.71875,7.031,0.0,607.0,200.0,86.71875,7.031,3.141592653589793,650.0,203.90625,92.96875,6.987,2.0344439357957027,553.0,210.15625,79.6875,7.694,-1.1525719972156676,-0.008197456936871461
609,214.0625,86.71875,1.6648570084468934,-1.499,-0.031,7.359,652,217.96875,92.96875,7.37,1.012197011451334,610,221.09375,86.71875,7.031,0.0,608.0,207.03125,86.71875,7.031,3.141592653589793,651.0,210.9375,92.96875,6.987,2.0344439357957027,554.0,217.1875,79.6875,7.694,-1.1525719972156676,553.0,210.15625,79.6875,8.043,-2.0778948311872334,0.10380254306312864
610,221.09375,86.71875,1.6623997404815996,0.158,-0.008,7.305,566,225.0,80.46875,7.37,-1.012197011451334,653,225.0,92.96875,7.37,1.012197011451334,611.0,228.125,86.71875,7.031,0.0,609.0,214.0625,86.71875,7.031,3.141592653589793,652.0,217.96875,92.96875,6.987,2.0344439357957027,554.0,217.1875,79.6875,8.043,-2.0778948311872334,0.04980254306312837
611,228.125,86.71875,1.6582591565321327,0.0,-0.001,7.129,567,232.03125,80.46875,7.37,-1.012197011451334,654,232.03125,92.96875,7.37,1.012197011451334,612.0,235.15625,86.71875,7.031,0.0,610.0,221.09375,86.71875,7.031,3.141592653589793,566.0,225.0,80.46875,6.987,-2.0344439357957027,653.0,225.0,92.96875,6.987,2.0344439357957027,-0.1261974569368718
612,235.15625,86.71875,1.653194465423124,0.0,-0.001,7.129,568,239.0625,80.46875,7.37,-1.012197011451334,655,239.0625,92.96875,7.37,1.012197011451334,613.0,242.1875,86.71875,7.031,0.0,611.0,228.125,86.71875,7.031,3.141592653589793,567.0,232.03125,80.46875,6.987,-2.0344439357957027,654.0,232.03125,92.96875,6.987,2.0344439357957027,-0.1261974569368718
613,242.1875,86.71875,1.6499215883746918,0.0,-0.001,7.129,569,246.09375,80.46875,7.37,-1.012197011451334,656,246.09375,92.96875,7.37,1.012197011451334,614.0,249.21875,86.71875,7.031,0.0,612.0,235.15625,86.71875,7.031,3.141592653589793,568.0,239.0625,80.46875,6.987,-2.0344439357957027,655.0,239.0625,92.96875,6.987,2.0344439357957027,-0.1261974569368718
614,249.21875,86.71875,1.6458228823304248,0.0,-0.001,7.129,570,253.125,80.46875,7.37,-1.012197011451334,657,253.125,92.96875,7.37,1.012197011451334,615.0,256.25,86.71875,7.031,0.0,613.0,242.1875,86.71875,7.031,3.141592653589793,569.0,246.09375,80.46875,6.987,-2.0344439357957027,656.0,246.09375,92.96875,6.987,2.0344439357957027,-0.1261974569368718
615,256.25,86.71875,1.6354907033367736,0.605,0.018,7.136,571,260.15625,80.46875,7.37,-1.012197011451334,658,260.15625,92.96875,7.37,1.012197011451334,621.0,263.28125,87.5,7.074,0.1106572211738956,614.0,249.21875,86.71875,7.031,3.141592653589793,570.0,253.125,80.46875,6.987,-2.0344439357957027,657.0,253.125,92.96875,6.987,2.0344439357957027,-0.11919745693687123
616,135.9375,87.5,1.6446159696507476,-1.844,0.041,7.249,661,132.03125,93.75,7.37,2.129395642138459,602,128.90625,86.71875,7.074,-3.0309354324158977,617.0,142.96875,87.5,7.031,0.0,572.0,132.8125,81.25,6.987,-2.0344439357957027,662.0,139.0625,93.75,6.987,1.1071487177940904,560.0,139.84375,80.46875,8.043,-1.0636978224025595,-0.006197456936871681
617,142.96875,87.5,1.6641767272064516,-0.489,0.023,7.311,573,146.875,81.25,7.37,-1.012197011451334,662,139.0625,93.75,7.37,2.129395642138459,663.0,146.875,93.75,7.37,1.012197011451334,616.0,135.9375,87.5,7.031,3.141592653589793,618.0,150.0,87.5,7.031,0.0,560.0,139.84375,80.46875,7.694,-1.9890206563741255,0.055802543063128596
618,150.0,87.5,1.6665532499074618,0.0,-0.001,7.259,574,153.90625,81.25,7.37,-1.012197011451334,664,153.90625,93.75,7.37,1.012197011451334,617.0,142.96875,87.5,7.031,3.141592653589793,573.0,146.875,81.25,6.987,-2.0344439357957027,663.0,146.875,93.75,6.987,2.0344439357957027,619.0,157.8125,87.5,7.812,0.0,0.0038025430631289936
619,157.8125,87.5,1.6716941288021554,3.141,-0.001,7.259,574,153.90625,81.25,7.37,-2.129395642138459,664,153.90625,93.75,7.37,2.129395642138459,620.0,164.84375,87.5,7.031,0.0,575.0,160.9375,81.25,6.987,-1.1071487177940904,665.0,160.9375,93.75,6.987,1.1071487177940904,618.0,150.0,87.5,7.812,3.141592653589793,0.0038025430631289936
620,164.84375,87.5,1.6737793101028704,-2.087,-0.035,7.2,575,160.9375,81.25,7.37,-2.129395642138459,665,160.9375,93.75,7.37,2.129395642138459,666.0,168.75,93.75,7.37,1.012197011451334,603.0,171.875,86.71875,7.074,-0.1106572211738956,619.0,157.8125,87.5,7.031,3.141592653589793,576.0,167.96875,81.25,6.987,-1.1071487177940904,-0.05519745693687117
621,263.28125,87.5,1.5323446100994886,-3.061,0.088,7.104,615,256.25,86.71875,7.074,-3.0309354324158977,571,260.15625,80.46875,7.694,-1.9890206563741255,584.0,268.75,82.03125,7.733,-0.7853981633974483,659.0,267.1875,92.96875,6.72,0.9505468408120752,658.0,260.15625,92.96875,6.298,2.08994244104142,,,,,,-0.15119745693687126
622,80.46875,88.28125,1.5859260622510662,1.028,-0.517,7.281,631,74.21875,92.1875,7.37,2.5829933382462307,632,86.71875,92.1875,7.37,0.5585993153435624,587.0,74.21875,85.15625,6.987,-2.677945044588987,673.0,80.46875,96.09375,7.812,1.5707963267948966,555.0,81.25,80.46875,7.851,-1.4711276743037347,588.0,85.9375,85.15625,6.298,-0.5191461142465229,0.025802543063128347
623,293.75,88.28125,1.6785554221324124,2.765,0.487,7.114,634,287.5,92.1875,7.37,2.5829933382462307,577,292.96875,81.25,7.074,-1.6814535479687922,589.0,287.5,85.15625,6.987,-2.677945044588987,586.0,299.21875,84.375,6.72,-0.6202494859828215,635.0,299.21875,92.1875,6.72,0.6202494859828215,676.0,293.75,96.09375,7.812,1.5707963267948966,-0.14119745693687147
624,5.46875,89.0625,1.6946151297558685,1.225,0.523,6.906,637,11.71875,92.96875,7.37,0.5585993153435624,578,5.46875,82.03125,7.031,-1.5707963267948966,667.0,5.46875,96.09375,7.031,1.5707963267948966,591.0,11.71875,85.9375,6.987,-0.4636476090008061,636.0,0.0,92.96875,6.72,2.521343167606972,590.0,0.0,85.9375,6.298,-2.62244653934327,-0.34919745693687165
625,17.96875,89.0625,1.6984434409182985,1.57,-0.524,7.129,637,11.71875,92.96875,7.37,2.5829933382462307,638,24.21875,92.96875,7.37,0.5585993153435624,668.0,17.96875,96.09375,7.031,1.5707963267948966,579.0,17.96875,82.03125,7.031,-1.5707963267948966,592.0,24.21875,85.9375,6.987,-0.4636476090008061,591.0,11.71875,85.9375,6.987,-2.677945044588987,-0.1261974569368718
626,30.46875,89.0625,1.6666884279618186,1.57,-0.524,7.129,638,24.21875,92.96875,7.37,2.5829933382462307,639,36.71875,92.96875,7.37,0.5585993153435624,669.0,30.46875,96.09375,7.031,1.5707963267948966,580.0,30.46875,82.03125,7.031,-1.5707963267948966,593.0,36.71875,85.9375,6.987,-0.4636476090008061,592.0,24.21875,85.9375,6.987,-2.677945044588987,-0.1261974569368718
627,42.96875,89.0625,1.65918827685808,2.142,0.505,7.136,639,36.71875,92.96875,7.37,2.5829933382462307,640,49.21875,92.96875,7.37,0.5585993153435624,581.0,42.1875,82.03125,7.074,-1.6814535479687922,670.0,42.96875,96.09375,7.031,1.5707963267948966,594.0,49.21875,85.9375,6.987,-0.4636476090008061,593.0,36.71875,85.9375,6.987,-2.677945044588987,-0.11919745693687123
628,55.46875,89.0625,1.6794918001965136,2.142,0.505,7.136,640,49.21875,92.96875,7.37,2.5829933382462307,641,61.71875,92.96875,7.37,0.5585993153435624,582.0,54.6875,82.03125,7.074,-1.6814535479687922,671.0,55.46875,96.09375,7.031,1.5707963267948966,595.0,61.71875,85.9375,6.987,-0.4636476090008061,594.0,49.21875,85.9375,6.987,-2.677945044588987,-0.11919745693687123
629,67.96875,89.0625,1.6874399513386058,-0.644,0.491,7.129,587,74.21875,85.15625,7.37,-0.5585993153435624,641,61.71875,92.96875,7.37,2.5829933382462307,672.0,67.96875,96.09375,7.031,1.5707963267948966,583.0,67.96875,82.03125,7.031,-1.5707963267948966,631.0,74.21875,92.1875,6.987,0.4636476090008061,595.0,61.71875,85.9375,6.987,-2.677945044588987,-0.1261974569368718
630,281.25,89.0625,1.6428786924782808,0.366,0.465,7.254,589,287.5,85.15625,7.37,-0.5585993153435624,660,275.0,92.96875,7.37,2.5829933382462307,675.0,282.03125,96.09375,7.074,1.460139105621001,585.0,281.25,82.03125,7.031,-1.5707963267948966,634.0,287.5,92.1875,6.987,0.4636476090008061,597.0,274.21875,85.9375,7.694,-2.723368324010564,-0.001197456936871788
631,74.21875,92.1875,1.6839255592584206,2.081,0.507,7.193,622,80.46875,88.28125,7.37,-0.5585993153435624,672,67.96875,96.09375,7.37,2.5829933382462307,673.0,80.46875,96.09375,7.37,0.5585993153435624,587.0,74.21875,85.15625,7.031,-1.5707963267948966,683.0,74.21875,99.21875,7.031,1.5707963267948966,629.0,67.96875,89.0625,6.987,-2.677945044588987,-0.06219745693687173
632,86.71875,92.1875,1.6325460811770676,-2.925,0.51,7.319,673,80.46875,96.09375,7.37,2.5829933382462307,622,80.46875,88.28125,7.37,-2.5829933382462307,588.0,85.9375,85.15625,7.074,-1.6814535479687922,684.0,85.9375,99.21875,7.074,1.6814535479687922,674.0,92.1875,96.09375,6.72,0.6202494859828215,598.0,92.96875,86.71875,8.304,-0.7188299996216245,0.0638025430631286
633,96.875,92.1875,1.5832586927597792,-0.022,0.112,6.859,685,99.21875,99.21875,7.411,1.2490457723982544,642,103.90625,92.96875,7.074,0.1106572211738956,596.0,100.0,85.9375,6.987,-1.1071487177940904,598.0,92.96875,86.71875,6.72,-2.191045812777718,674.0,92.1875,96.09375,6.101,2.44685437739309,,,,,,-0.39619745693687136
634,287.5,92.1875,1.6943407382400992,1.661,0.497,7.085,623,293.75,88.28125,7.37,-0.5585993153435624,676,293.75,96.09375,7.37,0.5585993153435624,711.0,287.5,99.21875,7.031,1.5707963267948966,589.0,287.5,85.15625,7.031,-1.5707963267948966,630.0,281.25,89.0625,6.987,-2.677945044588987,675.0,282.03125,96.09375,6.72,2.521343167606972,-0.17019745693687138
635,299.21875,92.1875,1.654422955516924,3.141,-0.262,7.071,712,299.21875,99.21875,7.031,1.5707963267948966,623,293.75,88.28125,6.72,-2.521343167606972,676.0,293.75,96.09375,6.72,2.521343167606972,586.0,299.21875,84.375,7.812,-1.5707963267948966,,,,,,,,,,,-0.18419745693687162
636,0.0,92.96875,1.596970464643862,-0.051,-0.299,6.575,590,0.0,85.9375,7.031,-1.5707963267948966,624,5.46875,89.0625,6.72,-0.6202494859828215,667.0,5.46875,96.09375,6.298,0.5191461142465229,677.0,0.0,99.21875,6.25,1.5707963267948966,,,,,,,,,,,-0.6801974569368712
637,11.71875,92.96875,1.6642082863064978,-1.571,-0.524,6.999,624,5.46875,89.0625,7.37,-2.5829933382462307,625,17.96875,89.0625,7.37,-0.5585993153435624,591.0,11.71875,85.9375,7.031,-1.5707963267948966,667.0,5.46875,96.09375,6.987,2.677945044588987,668.0,17.96875,96.09375,6.987,0.4636476090008061,678.0,11.71875,99.21875,6.25,1.5707963267948966,-0.2561974569368717
638,24.21875,92.96875,1.667252441630093,-1.571,-0.524,6.999,625,17.96875,89.0625,7.37,-2.5829933382462307,626,30.46875,89.0625,7.37,-0.5585993153435624,592.0,24.21875,85.9375,7.031,-1.5707963267948966,668.0,17.96875,96.09375,6.987,2.677945044588987,669.0,30.46875,96.09375,6.987,0.4636476090008061,679.0,24.21875,99.21875,6.25,1.5707963267948966,-0.2561974569368717
639,36.71875,92.96875,1.6594151606191272,-1.571,-0.524,6.999,626,30.46875,89.0625,7.37,-2.5829933382462307,627,42.96875,89.0625,7.37,-0.5585993153435624,593.0,36.71875,85.9375,7.031,-1.5707963267948966,669.0,30.46875,96.09375,6.987,2.677945044588987,670.0,42.96875,96.09375,6.987,0.4636476090008061,680.0,36.71875,99.21875,6.25,1.5707963267948966,-0.2561974569368717
640,49.21875,92.96875,1.657531598679011,-1.571,-0.524,6.999,627,42.96875,89.0625,7.37,-2.5829933382462307,628,55.46875,89.0625,7.37,-0.5585993153435624,594.0,49.21875,85.9375,7.031,-1.5707963267948966,670.0,42.96875,96.09375,6.987,2.677945044588987,671.0,55.46875,96.09375,6.987,0.4636476090008061,681.0,49.21875,99.21875,6.25,1.5707963267948966,-0.2561974569368717
641,61.71875,92.96875,1.642081762628823,-1.571,-0.524,6.999,628,55.46875,89.0625,7.37,-2.5829933382462307,629,67.96875,89.0625,7.37,-0.5585993153435624,595.0,61.71875,85.9375,7.031,-1.5707963267948966,671.0,55.46875,96.09375,6.987,2.677945044588987,672.0,67.96875,96.09375,6.987,0.4636476090008061,682.0,61.71875,99.21875,6.25,1.5707963267948966,-0.2561974569368717
642,103.90625,92.96875,1.6634876537621044,-2.358,0.041,7.322,633,96.875,92.1875,7.074,-3.0309354324158977,643,110.9375,92.96875,7.031,0.0,599.0,107.03125,86.71875,6.987,-1.1071487177940904,686.0,107.03125,99.21875,6.987,1.1071487177940904,685.0,99.21875,99.21875,7.812,2.214297435588181,596.0,100.0,85.9375,8.043,-2.0778948311872334,0.06680254306312872
643,110.9375,92.96875,1.6559453701454936,3.141,-0.001,7.129,599,107.03125,86.71875,7.37,-2.129395642138459,686,107.03125,99.21875,7.37,2.129395642138459,644.0,117.96875,92.96875,7.031,0.0,642.0,103.90625,92.96875,7.031,3.141592653589793,600.0,114.0625,86.71875,6.987,-1.1071487177940904,687.0,114.0625,99.21875,6.987,1.1071487177940904,-0.1261974569368718
644,117.96875,92.96875,1.6587276062882532,2.63,0.015,7.193,600,114.0625,86.71875,7.37,-2.129395642138459,601,121.875,86.71875,7.37,-1.012197011451334,687.0,114.0625,99.21875,7.37,2.129395642138459,643.0,110.9375,92.96875,7.031,3.141592653589793,645.0,125.0,92.96875,7.031,0.0,688.0,121.09375,99.21875,6.987,1.1071487177940904,-0.06219745693687173
645,125.0,92.96875,1.6515585440164833,0.695,0.034,7.2,602,128.90625,86.71875,7.37,-1.012197011451334,688,121.09375,99.21875,7.37,2.129395642138459,689.0,128.90625,99.21875,7.37,1.012197011451334,661.0,132.03125,93.75,7.074,0.1106572211738956,644.0,117.96875,92.96875,7.031,3.141592653589793,601.0,121.875,86.71875,6.987,-2.0344439357957027,-0.05519745693687117
646,175.78125,92.96875,1.6358517448897332,2.535,-0.019,7.136,603,171.875,86.71875,7.37,-2.129395642138459,695,171.875,99.21875,7.37,2.129395642138459,666.0,168.75,93.75,7.074,3.0309354324158977,647.0,182.8125,92.96875,7.031,0.0,604.0,178.90625,86.71875,6.987,-1.1071487177940904,696.0,178.90625,99.21875,6.987,1.1071487177940904,-0.11919745693687123
647,182.8125,92.96875,1.6632640574538955,3.141,-0.001,7.129,604,178.90625,86.71875,7.37,-2.129395642138459,696,178.90625,99.21875,7.37,2.129395642138459,648.0,189.84375,92.96875,7.031,0.0,646.0,175.78125,92.96875,7.031,3.141592653589793,605.0,185.9375,86.71875,6.987,-1.1071487177940904,697.0,185.9375,99.21875,6.987,1.1071487177940904,-0.1261974569368718
648,189.84375,92.96875,1.6758879185343156,3.141,-0.001,7.129,605,185.9375,86.71875,7.37,-2.129395642138459,697,185.9375,99.21875,7.37,2.129395642138459,649.0,196.875,92.96875,7.031,0.0,647.0,182.8125,92.96875,7.031,3.141592653589793,606.0,192.96875,86.71875,6.987,-1.1071487177940904,698.0,192.96875,99.21875,6.987,1.1071487177940904,-0.1261974569368718
649,196.875,92.96875,1.6795375000749406,3.141,-0.001,7.129,606,192.96875,86.71875,7.37,-2.129395642138459,698,192.96875,99.21875,7.37,2.129395642138459,650.0,203.90625,92.96875,7.031,0.0,648.0,189.84375,92.96875,7.031,3.141592653589793,607.0,200.0,86.71875,6.987,-1.1071487177940904,699.0,200.0,99.21875,6.987,1.1071487177940904,-0.1261974569368718
650,203.90625,92.96875,1.6771936657618736,3.141,-0.001,7.129,607,200.0,86.71875,7.37,-2.129395642138459,699,200.0,99.21875,7.37,2.129395642138459,651.0,210.9375,92.96875,7.031,0.0,649.0,196.875,92.96875,7.031,3.141592653589793,608.0,207.03125,86.71875,6.987,-1.1071487177940904,700.0,207.03125,99.21875,6.987,1.1071487177940904,-0.1261974569368718
651,210.9375,92.96875,1.6708902325280597,3.141,-0.001,7.129,608,207.03125,86.71875,7.37,-2.129395642138459,700,207.03125,99.21875,7.37,2.129395642138459,652.0,217.96875,92.96875,7.031,0.0,650.0,203.90625,92.96875,7.031,3.141592653589793,609.0,214.0625,86.71875,6.987,-1.1071487177940904,701.0,214.0625,99.21875,6.987,1.1071487177940904,-0.1261974569368718
652,217.96875,92.96875,1.6626704338978546,3.141,-0.001,7.129,609,214.0625,86.71875,7.37,-2.129395642138459,701,214.0625,99.21875,7.37,2.129395642138459,653.0,225.0,92.96875,7.031,0.0,651.0,210.9375,92.96875,7.031,3.141592653589793,610.0,221.09375,86.71875,6.987,-1.1071487177940904,702.0,221.09375,99.21875,6.987,1.1071487177940904,-0.1261974569368718
653,225.0,92.96875,1.6541081148581591,3.141,-0.001,7.129,610,221.09375,86.71875,7.37,-2.129395642138459,702,221.09375,99.21875,7.37,2.129395642138459,654.0,232.03125,92.96875,7.031,0.0,652.0,217.96875,92.96875,7.031,3.141592653589793,611.0,228.125,86.71875,6.987,-1.1071487177940904,703.0,228.125,99.21875,6.987,1.1071487177940904,-0.1261974569368718
654,232.03125,92.96875,1.6456864538904294,3.141,-0.001,7.129,611,228.125,86.71875,7.37,-2.129395642138459,703,228.125,99.21875,7.37,2.129395642138459,655.0,239.0625,92.96875,7.031,0.0,653.0,225.0,92.96875,7.031,3.141592653589793,612.0,235.15625,86.71875,6.987,-1.1071487177940904,704.0,235.15625,99.21875,6.987,1.1071487177940904,-0.1261974569368718
655,239.0625,92.96875,1.6374079703594036,3.141,-0.001,7.129,612,235.15625,86.71875,7.37,-2.129395642138459,704,235.15625,99.21875,7.37,2.129395642138459,656.0,246.09375,92.96875,7.031,0.0,654.0,232.03125,92.96875,7.031,3.141592653589793,613.0,242.1875,86.71875,6.987,-1.1071487177940904,705.0,242.1875,99.21875,6.987,1.1071487177940904,-0.1261974569368718
656,246.09375,92.96875,1.6304263490542112,3.141,-0.001,7.129,613,242.1875,86.71875,7.37,-2.129395642138459,705,242.1875,99.21875,7.37,2.129395642138459,657.0,253.125,92.96875,7.031,0.0,655.0,239.0625,92.96875,7.031,3.141592653589793,614.0,249.21875,86.71875,6.987,-1.1071487177940904,706.0,249.21875,99.21875,6.987,1.1071487177940904,-0.1261974569368718
657,253.125,92.96875,1.6286543195860703,3.141,-0.001,7.129,614,249.21875,86.71875,7.37,-2.129395642138459,706,249.21875,99.21875,7.37,2.129395642138459,658.0,260.15625,92.96875,7.031,0.0,656.0,246.09375,92.96875,7.031,3.141592653589793,615.0,256.25,86.71875,6.987,-1.1071487177940904,707.0,256.25,99.21875,6.987,1.1071487177940904,-0.1261974569368718
658,260.15625,92.96875,1.6335541278778676,2.92,0.009,7.014,615,256.25,86.71875,7.37,-2.129395642138459,707,256.25,99.21875,7.37,2.129395642138459,659.0,267.1875,92.96875,7.031,0.0,657.0,253.125,92.96875,7.031,3.141592653589793,708.0,263.28125,99.21875,6.987,1.1071487177940904,621.0,263.28125,87.5,6.298,-1.0516502125483738,-0.2411974569368711
659,267.1875,92.96875,1.5861159314811049,2.191,0.0,7.184,708,263.28125,99.21875,7.37,2.129395642138459,658,260.15625,92.96875,7.031,3.141592653589793,709.0,270.3125,99.21875,6.987,1.1071487177940904,621.0,263.28125,87.5,6.72,-2.191045812777718,660.0,275.0,92.96875,7.812,0.0,,,,,,-0.07119745693687118
660,275.0,92.96875,1.627090196404363,1.147,0.31,7.367,630,281.25,89.0625,7.37,-0.5585993153435624,597,274.21875,85.9375,7.074,-1.6814535479687922,675.0,282.03125,96.09375,7.694,0.4182243295792291,659.0,267.1875,92.96875,7.812,3.141592653589793,709.0,270.3125,99.21875,7.812,2.214297435588181,710.0,276.5625,99.21875,6.442,1.3258176636680326,0.11180254306312865
661,132.03125,93.75,1.6330600933688777,-0.725,0.025,7.031,616,135.9375,87.5,7.37,-1.012197011451334,645,125.0,92.96875,7.074,-3.0309354324158977,662.0,139.0625,93.75,7.031,0.0,602.0,128.90625,86.71875,7.694,-1.9890206563741255,690.0,135.9375,99.21875,6.72,0.9505468408120752,689.0,128.90625,99.21875,6.298,2.08994244104142,-0.22419745693687165
662,139.0625,93.75,1.6081908882608704,-0.346,-0.001,7.036,617,142.96875,87.5,7.37,-1.012197011451334,661,132.03125,93.75,7.031,3.141592653589793,616.0,135.9375,87.5,6.987,-2.0344439357957027,691.0,142.96875,99.21875,6.72,0.9505468408120752,663.0,146.875,93.75,7.812,0.0,690.0,135.9375,99.21875,6.298,2.08994244104142,-0.21919745693687176
663,146.875,93.75,1.6426834996857531,-2.796,0.0,7.036,617,142.96875,87.5,7.37,-2.129395642138459,664,153.90625,93.75,7.031,0.0,618.0,150.0,87.5,6.987,-1.1071487177940904,691.0,142.96875,99.21875,6.72,2.191045812777718,662.0,139.0625,93.75,7.812,3.141592653589793,692.0,150.0,99.21875,6.298,1.0516502125483738,-0.21919745693687176
664,153.90625,93.75,1.676084125103635,-1.571,-0.001,7.04,618,150.0,87.5,7.37,-2.129395642138459,619,157.8125,87.5,7.37,-1.012197011451334,663.0,146.875,93.75,7.031,3.141592653589793,665.0,160.9375,93.75,7.031,0.0,692.0,150.0,99.21875,6.72,2.191045812777718,693.0,157.8125,99.21875,6.72,0.9505468408120752,-0.2151974569368713
665,160.9375,93.75,1.647969019634777,-0.346,-0.001,7.036,620,164.84375,87.5,7.37,-1.012197011451334,664,153.90625,93.75,7.031,3.141592653589793,619.0,157.8125,87.5,6.987,-2.0344439357957027,694.0,164.84375,99.21875,6.72,0.9505468408120752,666.0,168.75,93.75,7.812,0.0,693.0,157.8125,99.21875,6.298,2.08994244104142,-0.21919745693687176
666,168.75,93.75,1.6098112011209482,-2.418,-0.026,7.161,620,164.84375,87.5,7.37,-2.129395642138459,646,175.78125,92.96875,7.074,-0.1106572211738956,603.0,171.875,86.71875,7.694,-1.1525719972156676,694.0,164.84375,99.21875,6.72,2.191045812777718,665.0,160.9375,93.75,7.812,3.141592653589793,695.0,171.875,99.21875,6.298,1.0516502125483738,-0.09419745693687176
667,5.46875,96.09375,1.691810805964663,-1.519,0.418,6.72,624,5.46875,89.0625,7.031,-1.5707963267948966,637,11.71875,92.96875,6.987,-0.4636476090008061,678.0,11.71875,99.21875,6.987,0.4636476090008061,636.0,0.0,92.96875,6.298,-2.62244653934327,677.0,0.0,99.21875,6.298,2.62244653934327,,,,,,-0.5351974569368716
668,17.96875,96.09375,1.7069152164673562,-1.571,0.418,6.996,625,17.96875,89.0625,7.031,-1.5707963267948966,637,11.71875,92.96875,6.987,-2.677945044588987,638.0,24.21875,92.96875,6.987,-0.4636476090008061,678.0,11.71875,99.21875,6.987,2.677945044588987,679.0,24.21875,99.21875,6.987,0.4636476090008061,,,,,,-0.2591974569368709
669,30.46875,96.09375,1.6902688616469912,-1.571,0.418,6.996,626,30.46875,89.0625,7.031,-1.5707963267948966,638,24.21875,92.96875,6.987,-2.677945044588987,639.0,36.71875,92.96875,6.987,-0.4636476090008061,679.0,24.21875,99.21875,6.987,2.677945044588987,680.0,36.71875,99.21875,6.987,0.4636476090008061,,,,,,-0.2591974569368709
670,42.96875,96.09375,1.6873021249213618,-1.571,0.418,6.996,627,42.96875,89.0625,7.031,-1.5707963267948966,639,36.71875,92.96875,6.987,-2.677945044588987,640.0,49.21875,92.96875,6.987,-0.4636476090008061,680.0,36.71875,99.21875,6.987,2.677945044588987,681.0,49.21875,99.21875,6.987,0.4636476090008061,,,,,,-0.2591974569368709
671,55.46875,96.09375,1.6965016208071513,-1.571,0.418,6.996,628,55.46875,89.0625,7.031,-1.5707963267948966,640,49.21875,92.96875,6.987,-2.677945044588987,641.0,61.71875,92.96875,6.987,-0.4636476090008061,681.0,49.21875,99.21875,6.987,2.677945044588987,682.0,61.71875,99.21875,6.987,0.4636476090008061,,,,,,-0.2591974569368709
672,67.96875,96.09375,1.700166957663272,-1.614,-0.443,7.072,631,74.21875,92.1875,7.37,-0.5585993153435624,629,67.96875,89.0625,7.031,-1.5707963267948966,641.0,61.71875,92.96875,6.987,-2.677945044588987,682.0,61.71875,99.21875,6.987,2.677945044588987,683.0,74.21875,99.21875,6.987,0.4636476090008061,,,,,,-0.18319745693687128
673,80.46875,96.09375,1.6571766729755906,-1.595,0.432,7.167,631,74.21875,92.1875,7.37,-2.5829933382462307,632,86.71875,92.1875,7.37,-0.5585993153435624,683.0,74.21875,99.21875,6.987,2.677945044588987,622.0,80.46875,88.28125,7.812,-1.5707963267948966,684.0,85.9375,99.21875,6.298,0.5191461142465229,,,,,,-0.08819745693687153
674,92.1875,96.09375,1.6663257530755542,-1.642,-0.306,6.876,684,85.9375,99.21875,6.987,2.677945044588987,685,99.21875,99.21875,7.694,0.4182243295792291,632.0,86.71875,92.1875,6.72,-2.521343167606972,633.0,96.875,92.1875,6.101,-0.6947382761967031,,,,,,,,,,,-0.379197456936871
675,282.03125,96.09375,1.5984287236301402,-1.781,-0.495,6.817,630,281.25,89.0625,7.074,-1.6814535479687922,660,275.0,92.96875,7.694,-2.723368324010564,634.0,287.5,92.1875,6.72,-0.6202494859828215,710.0,276.5625,99.21875,6.298,2.62244653934327,711.0,287.5,99.21875,6.298,0.5191461142465229,,,,,,-0.4381974569368712
676,293.75,96.09375,1.6912959214528074,-1.623,-0.42,7.037,634,287.5,92.1875,7.37,-2.5829933382462307,711,287.5,99.21875,6.987,2.677945044588987,635.0,299.21875,92.1875,6.72,-0.6202494859828215,623.0,293.75,88.28125,7.812,-1.5707963267948966,712.0,299.21875,99.21875,6.298,0.5191461142465229,,,,,,-0.21819745693687143
677,0.0,99.21875,1.5888700128067466,-1.045,-0.517,6.274,667,5.46875,96.09375,6.298,-0.5191461142465229,636,0.0,92.96875,6.25,-1.5707963267948966,,,,,,,,,,,,,,,,,,,,,-0.9811974569368713
678,11.71875,99.21875,1.6462146416822812,-1.571,0.0,6.741,667,5.46875,96.09375,6.987,-2.677945044588987,668,17.96875,96.09375,6.987,-0.4636476090008061,637.0,11.71875,92.96875,6.25,-1.5707963267948966,,,,,,,,,,,,,,,,-0.5141974569368717
679,24.21875,99.21875,1.6371172737544315,-1.571,0.0,6.741,668,17.96875,96.09375,6.987,-2.677945044588987,669,30.46875,96.09375,6.987,-0.4636476090008061,638.0,24.21875,92.96875,6.25,-1.5707963267948966,,,,,,,,,,,,,,,,-0.5141974569368717
680,36.71875,99.21875,1.6260022525160105,-1.571,0.0,6.741,669,30.46875,96.09375,6.987,-2.677945044588987,670,42.96875,96.09375,6.987,-0.4636476090008061,639.0,36.71875,92.96875,6.25,-1.5707963267948966,,,,,,,,,,,,,,,,-0.5141974569368717
681,49.21875,99.21875,1.6306904676958336,-1.571,0.0,6.741,670,42.96875,96.09375,6.987,-2.677945044588987,671,55.46875,96.09375,6.987,-0.4636476090008061,640.0,49.21875,92.96875,6.25,-1.5707963267948966,,,,,,,,,,,,,,,,-0.5141974569368717
682,61.71875,99.21875,1.6393730326996576,-1.571,0.0,6.741,671,55.46875,96.09375,6.987,-2.677945044588987,672,67.96875,96.09375,6.987,-0.4636476090008061,641.0,61.71875,92.96875,6.25,-1.5707963267948966,,,,,,,,,,,,,,,,-0.5141974569368717
683,74.21875,99.21875,1.634427242467522,-1.571,0.0,7.002,631,74.21875,92.1875,7.031,-1.5707963267948966,672,67.96875,96.09375,6.987,-2.677945044588987,673.0,80.46875,96.09375,6.987,-0.4636476090008061,,,,,,,,,,,,,,,,-0.25319745693687157
684,85.9375,99.21875,1.6261991650174394,-1.501,0.11,6.786,632,86.71875,92.1875,7.074,-1.460139105621001,674,92.1875,96.09375,6.987,-0.4636476090008061,673.0,80.46875,96.09375,6.298,-2.62244653934327,,,,,,,,,,,,,,,,-0.46919745693687176
685,99.21875,99.21875,1.6115447943611203,-1.401,0.258,7.682,633,96.875,92.1875,7.411,-1.892546881191539,674,92.1875,96.09375,7.694,-2.723368324010564,642.0,103.90625,92.96875,7.812,-0.9272952180016122,686.0,107.03125,99.21875,7.812,0.0,,,,,,,,,,,0.42680254306312904
686,107.03125,99.21875,1.628828166914129,-1.524,0.035,7.3,643,110.9375,92.96875,7.37,-1.012197011451334,687,114.0625,99.21875,7.031,0.0,642.0,103.90625,92.96875,6.987,-2.0344439357957027,685.0,99.21875,99.21875,7.812,3.141592653589793,,,,,,,,,,,0.044802543063128475
687,114.0625,99.21875,1.6332723883389475,-1.524,0.035,7.105,644,117.96875,92.96875,7.37,-1.012197011451334,686,107.03125,99.21875,7.031,3.141592653589793,688.0,121.09375,99.21875,7.031,0.0,643.0,110.9375,92.96875,6.987,-2.0344439357957027,,,,,,,,,,,-0.15019745693687092
688,121.09375,99.21875,1.610652756439789,-1.524,0.035,7.3,645,125.0,92.96875,7.37,-1.012197011451334,687,114.0625,99.21875,7.031,3.141592653589793,644.0,117.96875,92.96875,6.987,-2.0344439357957027,689.0,128.90625,99.21875,7.812,0.0,,,,,,,,,,,0.044802543063128475
689,128.90625,99.21875,1.6001847274477772,-1.591,-0.015,7.128,645,125.0,92.96875,7.37,-2.129395642138459,690,135.9375,99.21875,7.031,0.0,688.0,121.09375,99.21875,7.812,3.141592653589793,661.0,132.03125,93.75,6.298,-1.0516502125483738,,,,,,,,,,,-0.12719745693687123
690,135.9375,99.21875,1.631574914328293,-1.622,-0.038,6.77,691,142.96875,99.21875,7.031,0.0,689,128.90625,99.21875,7.031,3.141592653589793,661.0,132.03125,93.75,6.72,-2.191045812777718,662.0,139.0625,93.75,6.298,-1.0516502125483738,,,,,,,,,,,-0.4851974569368718
691,142.96875,99.21875,1.6414377144416672,-1.571,-0.001,6.875,692,150.0,99.21875,7.031,0.0,690,135.9375,99.21875,7.031,3.141592653589793,663.0,146.875,93.75,6.72,-0.9505468408120752,662.0,139.0625,93.75,6.72,-2.191045812777718,,,,,,,,,,,-0.38019745693687135
692,150.0,99.21875,1.6177954709805429,-1.521,0.037,6.965,691,142.96875,99.21875,7.031,3.141592653589793,664,153.90625,93.75,6.72,-0.9505468408120752,693.0,157.8125,99.21875,7.812,0.0,663.0,146.875,93.75,6.298,-2.08994244104142,,,,,,,,,,,-0.2901974569368715
693,157.8125,99.21875,1.6117245258933353,-1.622,-0.038,6.965,694,164.84375,99.21875,7.031,0.0,664,153.90625,93.75,6.72,-2.191045812777718,692.0,150.0,99.21875,7.812,3.141592653589793,665.0,160.9375,93.75,6.298,-1.0516502125483738,,,,,,,,,,,-0.2901974569368715
694,164.84375,99.21875,1.639409926926936,-1.571,-0.001,6.875,695,171.875,99.21875,7.031,0.0,693,157.8125,99.21875,7.031,3.141592653589793,666.0,168.75,93.75,6.72,-0.9505468408120752,665.0,160.9375,93.75,6.72,-2.191045812777718,,,,,,,,,,,-0.38019745693687135
695,171.875,99.21875,1.6302717292759226,-1.552,0.014,6.932,646,175.78125,92.96875,7.37,-1.012197011451334,694,164.84375,99.21875,7.031,3.141592653589793,696.0,178.90625,99.21875,7.031,0.0,666.0,168.75,93.75,6.298,-2.08994244104142,,,,,,,,,,,-0.32319745693687096
696,178.90625,99.21875,1.6091415906770568,-1.524,0.035,7.105,647,182.8125,92.96875,7.37,-1.012197011451334,695,171.875,99.21875,7.031,3.141592653589793,697.0,185.9375,99.21875,7.031,0.0,646.0,175.78125,92.96875,6.987,-2.0344439357957027,,,,,,,,,,,-0.15019745693687092
697,185.9375,99.21875,1.5928387674839153,-1.524,0.035,7.105,648,189.84375,92.96875,7.37,-1.012197011451334,696,178.90625,99.21875,7.031,3.141592653589793,698.0,192.96875,99.21875,7.031,0.0,647.0,182.8125,92.96875,6.987,-2.0344439357957027,,,,,,,,,,,-0.15019745693687092
698,192.96875,99.21875,1.587755381255401,-1.524,0.035,7.105,649,196.875,92.96875,7.37,-1.012197011451334,697,185.9375,99.21875,7.031,3.141592653589793,699.0,200.0,99.21875,7.031,0.0,648.0,189.84375,92.96875,6.987,-2.0344439357957027,,,,,,,,,,,-0.15019745693687092
699,200.0,99.21875,1.5924988147251102,-1.524,0.035,7.105,650,203.90625,92.96875,7.37,-1.012197011451334,698,192.96875,99.21875,7.031,3.141592653589793,700.0,207.03125,99.21875,7.031,0.0,649.0,196.875,92.96875,6.987,-2.0344439357957027,,,,,,,,,,,-0.15019745693687092
700,207.03125,99.21875,1.6018482915267878,-1.524,0.035,7.105,651,210.9375,92.96875,7.37,-1.012197011451334,699,200.0,99.21875,7.031,3.141592653589793,701.0,214.0625,99.21875,7.031,0.0,650.0,203.90625,92.96875,6.987,-2.0344439357957027,,,,,,,,,,,-0.15019745693687092
701,214.0625,99.21875,1.6107295125955592,-1.524,0.035,7.105,652,217.96875,92.96875,7.37,-1.012197011451334,700,207.03125,99.21875,7.031,3.141592653589793,702.0,221.09375,99.21875,7.031,0.0,651.0,210.9375,92.96875,6.987,-2.0344439357957027,,,,,,,,,,,-0.15019745693687092
702,221.09375,99.21875,1.6164755975116758,-1.524,0.035,7.105,653,225.0,92.96875,7.37,-1.012197011451334,701,214.0625,99.21875,7.031,3.141592653589793,703.0,228.125,99.21875,7.031,0.0,652.0,217.96875,92.96875,6.987,-2.0344439357957027,,,,,,,,,,,-0.15019745693687092
703,228.125,99.21875,1.618778399248228,-1.524,0.035,7.105,654,232.03125,92.96875,7.37,-1.012197011451334,702,221.09375,99.21875,7.031,3.141592653589793,704.0,235.15625,99.21875,7.031,0.0,653.0,225.0,92.96875,6.987,-2.0344439357957027,,,,,,,,,,,-0.15019745693687092
704,235.15625,99.21875,1.6183210859653243,-1.524,0.035,7.105,655,239.0625,92.96875,7.37,-1.012197011451334,703,228.125,99.21875,7.031,3.141592653589793,705.0,242.1875,99.21875,7.031,0.0,654.0,232.03125,92.96875,6.987,-2.0344439357957027,,,,,,,,,,,-0.15019745693687092
705,242.1875,99.21875,1.6159332639278556,-1.524,0.035,7.105,656,246.09375,92.96875,7.37,-1.012197011451334,704,235.15625,99.21875,7.031,3.141592653589793,706.0,249.21875,99.21875,7.031,0.0,655.0,239.0625,92.96875,6.987,-2.0344439357957027,,,,,,,,,,,-0.15019745693687092
706,249.21875,99.21875,1.6111724256390678,-1.524,0.035,7.105,657,253.125,92.96875,7.37,-1.012197011451334,705,242.1875,99.21875,7.031,3.141592653589793,707.0,256.25,99.21875,7.031,0.0,656.0,246.09375,92.96875,6.987,-2.0344439357957027,,,,,,,,,,,-0.15019745693687092
707,256.25,99.21875,1.603087925158473,-1.524,0.035,7.105,658,260.15625,92.96875,7.37,-1.012197011451334,706,249.21875,99.21875,7.031,3.141592653589793,708.0,263.28125,99.21875,7.031,0.0,657.0,253.125,92.96875,6.987,-2.0344439357957027,,,,,,,,,,,-0.15019745693687092
708,263.28125,99.21875,1.5939208227026975,-1.524,0.035,7.105,659,267.1875,92.96875,7.37,-1.012197011451334,707,256.25,99.21875,7.031,3.141592653589793,709.0,270.3125,99.21875,7.031,0.0,658.0,260.15625,92.96875,6.987,-2.0344439357957027,,,,,,,,,,,-0.15019745693687092
709,270.3125,99.21875,1.5646009012567572,-1.481,0.066,7.02,708,263.28125,99.21875,7.031,3.141592653589793,659,267.1875,92.96875,6.987,-2.0344439357957027,660.0,275.0,92.96875,7.812,-0.9272952180016122,710.0,276.5625,99.21875,6.25,0.0,,,,,,,,,,,-0.23519745693687177
710,276.5625,99.21875,1.5154339880514112,-1.821,-0.49,6.33,660,275.0,92.96875,6.442,-1.8157749899217608,675,282.03125,96.09375,6.298,-0.5191461142465229,709.0,270.3125,99.21875,6.25,3.141592653589793,,,,,,,,,,,,,,,,-0.9251974569368713
711,287.5,99.21875,1.6356825837495006,-1.558,0.036,6.772,634,287.5,92.1875,7.031,-1.5707963267948966,676,293.75,96.09375,6.987,-0.4636476090008061,675.0,282.03125,96.09375,6.298,-2.62244653934327,,,,,,,,,,,,,,,,-0.4831974569368711
712,299.21875,99.21875,1.609359547890544,-2.097,0.516,6.664,635,299.21875,92.1875,7.031,-1.5707963267948966,676,293.75,96.09375,6.298,-2.62244653934327,,,,,,,,,,,,,,,,,,,,,-0.5911974569368716
