id,x,y,psi,avg_angle,phi6,avg_dist,nbr1_id,nbr1_x,nbr1_y,nbr1_dist,nbr1_angle,nbr2_id,nbr2_x,nbr2_y,nbr2_dist,nbr2_angle,nbr3_id,nbr3_x,nbr3_y,nbr3_dist,nbr3_angle,nbr4_id,nbr4_x,nbr4_y,nbr4_dist,nbr4_angle,nbr5_id,nbr5_x,nbr5_y,nbr5_dist,nbr5_angle,nbr6_id,nbr6_x,nbr6_y,nbr6_dist,nbr6_angle
1,0.0,0.0,1.5998372178804456,0.525,0.006,6.664,2,7.03125,0.0,7.031,0.0,48,3.125,5.46875,6.298,1.0516502125483738,,,,,,,,,,,,,,,,,,,,
2,7.03125,0.0,1.6223704351741213,1.649,0.058,7.138,1,0.0,0.0,7.031,3.141592653589793,51,10.15625,6.25,6.987,1.1071487177940904,48.0,3.125,5.46875,6.72,2.191045812777718,3.0,14.84375,0.0,7.812,0.0,,,,,,,,,,
3,14.84375,0.0,1.5742693263788783,1.758,0.277,7.692,30,21.09375,3.125,6.987,0.4636476090008061,2,7.03125,0.0,7.812,3.141592653589793,51.0,10.15625,6.25,7.812,2.214297435588181,69.0,17.1875,7.8125,8.156,1.2793395323170296,,,,,,,,,,
4,39.0625,0.0,1.5910372681817355,1.323,-0.351,7.494,5,46.09375,0.0,7.031,0.0,27,32.8125,2.34375,6.675,2.782821983319221,70.0,37.5,7.8125,7.967,1.7681918866447774,52.0,44.53125,6.25,8.304,0.8519663271732721,,,,,,,,,,
5,46.09375,0.0,1.5555105984325792,1.857,-0.456,6.525,4,39.0625,0.0,7.031,3.141592653589793,52,44.53125,6.25,6.442,1.8157749899217608,44.0,50.78125,3.90625,6.101,0.6947382761967031,,,,,,,,,,,,,,,
6,57.03125,0.0,1.5917216393303009,1.609,0.038,7.173,44,50.78125,3.90625,7.37,2.5829933382462307,71,56.25,7.8125,7.851,1.6704649792860586,32.0,62.5,3.125,6.298,0.5191461142465229,,,,,,,,,,,,,,,
7,67.96875,0.0,1.6678649353087722,1.441,-0.264,6.346,25,74.21875,1.5625,6.442,0.24497866312686414,32,62.5,3.125,6.298,2.62244653934327,53.0,68.75,6.25,6.298,1.446441332248135,,,,,,,,,,,,,,,
8,100.0,0.0,1.6505850347665643,1.709,0.287,6.703,45,106.25,3.90625,7.37,0.5585993153435624,26,93.75,1.5625,6.442,2.896613990462929,54.0,99.21875,6.25,6.298,1.695151321341658,,,,,,,,,,,,,,,
9,112.5,0.0,1.6308629402164376,1.547,-0.064,7.129,45,106.25,3.90625,7.37,2.5829933382462307,61,112.5,7.03125,7.031,1.5707963267948966,35.0,118.75,3.125,6.987,0.4636476090008061,,,,,,,,,,,,,,,
10,125.0,0.0,1.643313405495766,1.57,-0.001,7.002,62,125.0,7.03125,7.031,1.5707963267948966,35,118.75,3.125,6.987,2.677945044588987,36.0,131.25,3.125,6.987,0.4636476090008061,,,,,,,,,,,,,,,
11,137.5,0.0,1.648940641799355,1.594,0.063,6.869,46,143.75,3.90625,7.37,0.5585993153435624,36,131.25,3.125,6.987,2.677945044588987,55.0,137.5,6.25,6.25,1.5707963267948966,,,,,,,,,,,,,,,
12,156.25,0.0,1.6255573047173637,1.584,0.037,6.656,63,156.25,7.03125,7.031,1.5707963267948966,37,162.5,3.125,6.987,0.4636476090008061,28.0,150.78125,2.34375,5.949,2.7367008673047097,,,,,,,,,,,,,,,
13,168.75,0.0,1.6436347188419551,1.57,-0.001,7.002,64,168.75,7.03125,7.031,1.5707963267948966,37,162.5,3.125,6.987,2.677945044588987,38.0,175.0,3.125,6.987,0.4636476090008061,,,,,,,,,,,,,,,
14,181.25,0.0,1.6367631868126087,1.584,0.036,6.772,65,181.25,7.03125,7.031,1.5707963267948966,38,175.0,3.125,6.987,2.677945044588987,39.0,186.71875,3.125,6.298,0.5191461142465229,,,,,,,,,,,,,,,
15,195.3125,0.0,1.5284669595520732,0.958,-0.176,7.069,49,199.21875,5.46875,6.72,0.9505468408120752,16,203.125,0.0,7.812,0.0,56.0,192.96875,6.25,6.675,1.9295669970654687,,,,,,,,,,,,,,,
16,203.125,0.0,1.6252586885394835,1.649,0.058,7.333,57,206.25,6.25,6.987,1.1071487177940904,49,199.21875,5.46875,6.72,2.191045812777718,17.0,210.9375,0.0,7.812,0.0,15.0,195.3125,0.0,7.812,3.141592653589793,,,,,,,,,,
17,210.9375,0.0,1.5848051777273027,1.736,0.254,7.862,66,213.28125,7.03125,7.411,1.2490457723982544,16,203.125,0.0,7.812,3.141592653589793,57.0,206.25,6.25,7.812,2.214297435588181,40.0,218.75,3.125,8.414,0.3805063771123649,,,,,,,,,,
18,225.0,0.0,1.591198022502282,1.493,-0.119,6.993,40,218.75,3.125,6.987,2.677945044588987,41,232.03125,3.125,7.694,0.4182243295792291,58.0,225.78125,6.25,6.298,1.446441332248135,,,,,,,,,,,,,,,
19,237.5,0.0,1.6198966448158232,1.557,-0.037,6.772,67,237.5,7.03125,7.031,1.5707963267948966,42,243.75,3.125,6.987,0.4636476090008061,41.0,232.03125,3.125,6.298,2.62244653934327,,,,,,,,,,,,,,,
20,250.0,0.0,1.6498448542687294,1.57,-0.001,7.002,68,250.0,7.03125,7.031,1.5707963267948966,42,243.75,3.125,6.987,2.677945044588987,43.0,256.25,3.125,6.987,0.4636476090008061,,,,,,,,,,,,,,,
21,263.28125,0.0,1.564584174475505,1.319,-0.372,7.944,43,256.25,3.125,7.694,2.723368324010564,22,271.09375,0.0,7.812,0.0,72.0,261.71875,7.8125,7.967,1.7681918866447774,59.0,268.75,6.25,8.304,0.8519663271732721,,,,,,,,,,
22,271.09375,0.0,1.6595647311526251,1.395,-0.132,7.18,50,275.78125,5.46875,7.202,0.8621700546672264,23,278.125,0.0,7.031,0.0,21.0,263.28125,0.0,7.812,3.141592653589793,59.0,268.75,6.25,6.675,1.9295669970654687,,,,,,,,,,
23,278.125,0.0,1.5937458350616638,1.952,-0.295,6.36,22,271.09375,0.0,7.031,3.141592653589793,47,282.8125,3.90625,6.101,0.6947382761967031,50.0,275.78125,5.46875,5.949,1.97568811307998,,,,,,,,,,,,,,,
24,296.09375,0.0,1.6423012913585209,2.238,-0.09,6.486,29,289.84375,2.34375,6.675,2.782821983319221,60,295.3125,6.25,6.298,1.695151321341658,,,,,,,,,,,,,,,,,,,,
25,74.21875,1.5625,1.4527191229283531,1.892,0.424,6.822,74,75.78125,8.59375,7.202,1.3521273809209546,53,68.75,6.25,7.202,2.432966381462123,33.0,80.46875,3.125,6.442,0.24497866312686414,7.0,67.96875,0.0,6.442,-2.896613990462929,,,,,,,,,,
26,93.75,1.5625,1.4249480306532836,1.249,-0.425,6.822,75,92.1875,8.59375,7.202,1.7894652726688385,54,99.21875,6.25,7.202,0.7086262721276703,34.0,87.5,3.125,6.442,2.896613990462929,8.0,100.0,0.0,6.442,-0.24497866312686414,,,,,,,,,,
27,32.8125,2.34375,1.4515775265535478,0.79,0.479,7.026,70,37.5,7.8125,7.202,0.8621700546672264,77,31.25,9.375,7.202,1.7894652726688385,4.0,39.0625,0.0,6.675,-0.35877067027057225,,,,,,,,,,,,,,,
28,150.78125,2.34375,1.4621790724488064,1.247,-0.476,6.889,46,143.75,3.90625,7.202,2.922923707715851,63,156.25,7.03125,7.202,0.7086262721276703,78.0,149.21875,9.375,7.202,1.7894652726688385,12.0,156.25,0.0,5.949,-0.40489178628508343,,,,,,,,,,
29,289.84375,2.34375,1.5357159986671136,1.274,-0.438,6.818,47,282.8125,3.90625,7.202,2.922923707715851,60,295.3125,6.25,6.72,0.6202494859828215,24.0,296.09375,0.0,6.675,-0.35877067027057225,76.0,287.5,8.59375,6.675,1.9295669970654687,,,,,,,,,,
30,21.09375,3.125,1.5914872564225486,1.603,0.165,6.604,31,28.125,3.125,7.031,0.0,3,14.84375,0.0,6.987,-2.677945044588987,73.0,24.21875,8.59375,6.298,1.0516502125483738,69.0,17.1875,7.8125,6.101,2.2655346029916,,,,,,,,,,
31,28.125,3.125,1.4609405725044176,2.156,0.104,6.913,30,21.09375,3.125,7.031,3.141592653589793,77,31.25,9.375,6.987,1.1071487177940904,73.0,24.21875,8.59375,6.72,2.191045812777718,,,,,,,,,,,,,,,
32,62.5,3.125,1.664460979806422,1.388,-0.486,7.049,53,68.75,6.25,6.987,0.4636476090008061,71,56.25,7.8125,7.812,2.498091544796509,88.0,63.28125,10.9375,7.851,1.4711276743037347,7.0,67.96875,0.0,6.298,-0.5191461142465229,6.0,57.03125,0.0,6.298,-2.62244653934327,,,,,
33,80.46875,3.125,1.6551238603147123,1.719,0.203,7.092,74,75.78125,8.59375,7.202,2.279422598922567,34,87.5,3.125,7.031,0.0,80.0,83.59375,10.15625,7.694,1.1525719972156676,25.0,74.21875,1.5625,6.442,-2.896613990462929,,,,,,,,,,
34,87.5,3.125,1.6548854338121821,1.473,-0.167,7.179,75,92.1875,8.59375,7.202,0.8621700546672264,33,80.46875,3.125,7.031,3.141592653589793,80.0,83.59375,10.15625,8.043,2.0778948311872334,26.0,93.75,1.5625,6.442,-0.24497866312686414,,,,,,,,,,
35,118.75,3.125,1.7056824348629185,1.57,0.418,7.149,62,125.0,7.03125,7.37,0.5585993153435624,61,112.5,7.03125,7.37,2.5829933382462307,81.0,118.75,10.15625,7.031,1.5707963267948966,10.0,125.0,0.0,6.987,-0.4636476090008061,9.0,112.5,0.0,6.987,-2.677945044588987,,,,,
36,131.25,3.125,1.7020955247027172,1.63,0.421,7.081,62,125.0,7.03125,7.37,2.5829933382462307,82,130.46875,10.15625,7.074,1.6814535479687922,11.0,137.5,0.0,6.987,-0.4636476090008061,10.0,125.0,0.0,6.987,-2.677945044588987,55.0,137.5,6.25,6.987,0.4636476090008061,,,,,
37,162.5,3.125,1.6647369268532286,1.656,0.442,7.313,64,168.75,7.03125,7.37,0.5585993153435624,63,156.25,7.03125,7.37,2.5829933382462307,13.0,168.75,0.0,6.987,-0.4636476090008061,12.0,156.25,0.0,6.987,-2.677945044588987,91.0,161.71875,10.9375,7.851,1.6704649792860586,,,,,
38,175.0,3.125,1.7099939265302568,1.57,0.418,7.149,65,181.25,7.03125,7.37,0.5585993153435624,64,168.75,7.03125,7.37,2.5829933382462307,83.0,175.0,10.15625,7.031,1.5707963267948966,14.0,181.25,0.0,6.987,-0.4636476090008061,13.0,168.75,0.0,6.987,-2.677945044588987,,,,,
39,186.71875,3.125,1.6578603329486694,1.988,-0.365,6.77,84,187.5,10.15625,7.074,1.460139105621001,56,192.96875,6.25,6.987,0.4636476090008061,65.0,181.25,7.03125,6.72,2.5213431676069717,14.0,181.25,0.0,6.298,-2.62244653934327,,,,,,,,,,
40,218.75,3.125,1.6434807879180726,1.408,-0.522,7.223,18,225.0,0.0,6.987,-0.4636476090008061,58,225.78125,6.25,7.694,0.4182243295792291,66.0,213.28125,7.03125,6.72,2.5213431676069717,79.0,219.53125,9.375,6.298,1.446441332248135,17.0,210.9375,0.0,8.414,-2.761086276477428,,,,,
41,232.03125,3.125,1.6795239738025403,1.779,0.461,6.955,85,231.25,10.15625,7.074,1.6814535479687922,58,225.78125,6.25,6.987,2.677945044588987,18.0,225.0,0.0,7.694,-2.723368324010564,67.0,237.5,7.03125,6.72,0.6202494859828215,19.0,237.5,0.0,6.298,-0.5191461142465229,,,,,
42,243.75,3.125,1.695761424811163,1.57,0.418,7.305,68,250.0,7.03125,7.37,0.5585993153435624,67,237.5,7.03125,7.37,2.5829933382462307,20.0,250.0,0.0,6.987,-0.4636476090008061,19.0,237.5,0.0,6.987,-2.677945044588987,92.0,243.75,10.9375,7.812,1.5707963267948966,,,,,
43,256.25,3.125,1.6798280678683897,1.706,0.493,7.265,72,261.71875,7.8125,7.202,0.7086262721276703,68,250.0,7.03125,7.37,2.5829933382462307,86.0,255.46875,10.15625,7.074,1.6814535479687922,20.0,250.0,0.0,6.987,-2.677945044588987,21.0,263.28125,0.0,7.694,-0.4182243295792291,,,,,
44,50.78125,3.90625,1.6467922345111226,1.77,-0.504,6.788,6,57.03125,0.0,7.37,-0.5585993153435624,87,50.0,10.9375,7.074,1.6814535479687922,71.0,56.25,7.8125,6.72,0.6202494859828215,52.0,44.53125,6.25,6.675,2.782821983319221,5.0,46.09375,0.0,6.101,-2.44685437739309,,,,,
45,106.25,3.90625,1.6444426066354436,1.95,0.502,7.268,89,104.6875,10.9375,7.202,1.7894652726688385,8,100.0,0.0,7.37,-2.5829933382462307,9.0,112.5,0.0,7.37,-0.5585993153435624,54.0,99.21875,6.25,7.411,2.819842099193151,61.0,112.5,7.03125,6.987,0.4636476090008061,,,,,
46,143.75,3.90625,1.6528812795109402,1.812,-0.388,7.236,28,150.78125,2.34375,7.202,-0.21866894587394195,90,142.1875,10.9375,7.202,1.7894652726688385,11.0,137.5,0.0,7.37,-2.5829933382462307,78.0,149.21875,9.375,7.733,0.7853981633974483,55.0,137.5,6.25,6.675,2.782821983319221,,,,,
47,282.8125,3.90625,1.6308732088214004,1.926,-0.3,6.909,29,289.84375,2.34375,7.202,-0.21866894587394195,50,275.78125,5.46875,7.202,2.922923707715851,93.0,280.46875,10.9375,7.411,1.892546881191539,76.0,287.5,8.59375,6.629,0.7853981633974483,23.0,278.125,0.0,6.101,-2.44685437739309,,,,,
48,3.125,5.46875,1.675916880864387,0.174,0.04,7.024,51,10.15625,6.25,7.074,0.11065722117389565,94,0.0,11.71875,6.987,2.0344439357957027,2.0,7.03125,0.0,6.72,-0.9505468408120752,96.0,7.03125,12.5,8.043,1.0636978224025597,1.0,0.0,0.0,6.298,-2.0899424410414196,,,,,
49,199.21875,5.46875,1.6849184638949277,2.119,0.045,7.112,99,201.5625,12.5,7.411,1.2490457723982544,57,206.25,6.25,7.074,0.11065722117389565,16.0,203.125,0.0,6.72,-0.9505468408120752,15.0,195.3125,0.0,6.72,-2.191045812777718,56.0,192.96875,6.25,6.298,3.017237659043032,98.0,194.53125,12.5,8.45,2.158798930342464
50,275.78125,5.46875,1.678601197427981,-0.909,-0.171,7.007,22,271.09375,0.0,7.202,-2.279422598922567,47,282.8125,3.90625,7.202,-0.21866894587394195,93.0,280.46875,10.9375,7.202,0.8621700546672264,100.0,273.4375,12.5,7.411,1.892546881191539,59.0,268.75,6.25,7.074,3.0309354324158977,23.0,278.125,0.0,5.949,-1.1659045405098132
51,10.15625,6.25,1.6361968462050107,1.323,0.101,7.413,69,17.1875,7.8125,7.202,0.21866894587394195,48,3.125,5.46875,7.074,-3.0309354324158977,2.0,7.03125,0.0,6.987,-2.0344439357957027,96.0,7.03125,12.5,6.987,2.0344439357957027,3.0,14.84375,0.0,7.812,-0.9272952180016122,107.0,13.28125,14.0625,8.414,1.1902899496825317
52,44.53125,6.25,1.6495690375126166,-1.319,-0.279,7.045,70,37.5,7.8125,7.202,2.922923707715851,87,50.0,10.9375,7.202,0.7086262721276703,44.0,50.78125,3.90625,6.675,-0.35877067027057225,5.0,46.09375,0.0,6.442,-1.3258176636680326,97.0,42.96875,12.5,6.442,1.8157749899217608,4.0,39.0625,0.0,8.304,-2.289626326416521
53,68.75,6.25,1.6761796710944117,-0.786,0.36,7.051,25,74.21875,1.5625,7.202,-0.7086262721276703,88,63.28125,10.9375,7.202,2.432966381462123,101.0,70.3125,13.28125,7.202,1.3521273809209546,74.0,75.78125,8.59375,7.411,0.3217505543966422,32.0,62.5,3.125,6.987,-2.677945044588987,7.0,67.96875,0.0,6.298,-1.695151321341658
54,99.21875,6.25,1.682648050193609,-2.919,-0.322,7.156,26,93.75,1.5625,7.202,-2.432966381462123,89,104.6875,10.9375,7.202,0.7086262721276703,75.0,92.1875,8.59375,7.411,2.819842099193151,45.0,106.25,3.90625,7.411,-0.3217505543966422,102.0,96.875,13.28125,7.411,1.892546881191539,8.0,100.0,0.0,6.298,-1.446441332248135
55,137.5,6.25,1.6722684098792089,2.116,-0.445,6.943,103,136.71875,13.28125,7.074,1.6814535479687922,36,131.25,3.125,6.987,-2.677945044588987,46.0,143.75,3.90625,6.675,-0.35877067027057225,90.0,142.1875,10.9375,6.629,0.7853981633974483,82.0,130.46875,10.15625,8.043,2.6344941491974563,11.0,137.5,0.0,6.25,-1.5707963267948966
56,192.96875,6.25,1.6210063815502973,2.797,0.513,6.624,39,186.71875,3.125,6.987,-2.677945044588987,84,187.5,10.15625,6.72,2.5213431676069717,15.0,195.3125,0.0,6.675,-1.2120256565243244,98.0,194.53125,12.5,6.442,1.3258176636680326,49.0,199.21875,5.46875,6.298,-0.12435499454676144,,,,,
57,206.25,6.25,1.6771109902230543,2.748,0.12,7.362,104,208.59375,13.28125,7.411,1.2490457723982544,66,213.28125,7.03125,7.074,0.11065722117389565,49.0,199.21875,5.46875,7.074,-3.0309354324158977,16.0,203.125,0.0,6.987,-2.0344439357957027,17.0,210.9375,0.0,7.812,-0.9272952180016122,99.0,201.5625,12.5,7.812,2.214297435588181
58,225.78125,6.25,1.6500954836998416,2.77,-0.492,7.109,79,219.53125,9.375,6.987,2.677945044588987,41,232.03125,3.125,6.987,-0.4636476090008061,40.0,218.75,3.125,7.694,-2.723368324010564,85.0,231.25,10.15625,6.72,0.6202494859828215,114.0,224.21875,14.0625,7.967,1.7681918866447774,18.0,225.0,0.0,6.298,-1.695151321341658
59,268.75,6.25,1.6585538816737315,1.606,-0.169,7.413,72,261.71875,7.8125,7.202,2.922923707715851,105,266.40625,13.28125,7.411,1.892546881191539,50.0,275.78125,5.46875,7.074,-0.11065722117389565,100.0,273.4375,12.5,7.812,0.9272952180016122,22.0,271.09375,0.0,6.675,-1.2120256565243244,21.0,263.28125,0.0,8.304,-2.289626326416521
60,295.3125,6.25,1.5917500551686146,2.809,-0.345,7.061,106,292.96875,13.28125,7.411,1.892546881191539,29,289.84375,2.34375,6.72,-2.5213431676069717,95.0,299.21875,11.71875,6.72,0.9505468408120752,76.0,287.5,8.59375,8.156,2.8501358591119264,24.0,296.09375,0.0,6.298,-1.446441332248135,,,,,
61,112.5,7.03125,1.6854454659671794,-0.511,-0.483,7.09,35,118.75,3.125,7.37,-0.5585993153435624,108,113.28125,14.0625,7.074,1.460139105621001,9.0,112.5,0.0,7.031,-1.5707963267948966,45.0,106.25,3.90625,6.987,-2.677945044588987,81.0,118.75,10.15625,6.987,0.4636476090008061,,,,,
62,125.0,7.03125,1.6671531331392686,-1.792,-0.515,7.014,35,118.75,3.125,7.37,-2.5829933382462307,36,131.25,3.125,7.37,-0.5585993153435624,10.0,125.0,0.0,7.031,-1.5707963267948966,109.0,125.0,14.0625,7.031,1.5707963267948966,81.0,118.75,10.15625,6.987,2.677945044588987,82.0,130.46875,10.15625,6.298,0.5191461142465229
63,156.25,7.03125,1.6883911309990656,-2.397,-0.397,7.191,28,150.78125,2.34375,7.202,-2.432966381462123,37,162.5,3.125,7.37,-0.5585993153435624,78.0,149.21875,9.375,7.411,2.819842099193151,110.0,153.90625,14.0625,7.411,1.892546881191539,12.0,156.25,0.0,7.031,-1.5707963267948966,91.0,161.71875,10.9375,6.72,0.6202494859828215
64,168.75,7.03125,1.6751909079044234,-0.796,0.498,7.312,37,162.5,3.125,7.37,-2.5829933382462307,38,175.0,3.125,7.37,-0.5585993153435624,111.0,169.53125,14.0625,7.074,1.460139105621001,13.0,168.75,0.0,7.031,-1.5707963267948966,83.0,175.0,10.15625,6.987,0.4636476090008061,91.0,161.71875,10.9375,8.043,2.6344941491974563
65,181.25,7.03125,1.6924545731160856,-1.242,0.494,7.028,38,175.0,3.125,7.37,-2.5829933382462307,112,182.03125,14.0625,7.074,1.460139105621001,14.0,181.25,0.0,7.031,-1.5707963267948966,83.0,175.0,10.15625,6.987,2.677945044588987,84.0,187.5,10.15625,6.987,0.4636476090008061,39.0,186.71875,3.125,6.72,-0.6202494859828215
66,213.28125,7.03125,1.6923509312527336,1.243,0.23,7.184,17,210.9375,0.0,7.411,-1.892546881191539,113,215.625,14.0625,7.411,1.2490457723982544,57.0,206.25,6.25,7.074,-3.0309354324158977,40.0,218.75,3.125,6.72,-0.6202494859828215,104.0,208.59375,13.28125,7.812,2.214297435588181,79.0,219.53125,9.375,6.675,0.35877067027057225
67,237.5,7.03125,1.6724688675168493,-1.662,-0.498,7.085,42,243.75,3.125,7.37,-0.5585993153435624,92,243.75,10.9375,7.37,0.5585993153435624,115.0,237.5,14.0625,7.031,1.5707963267948966,19.0,237.5,0.0,7.031,-1.5707963267948966,85.0,231.25,10.15625,6.987,2.677945044588987,41.0,232.03125,3.125,6.72,-2.5213431676069717
68,250.0,7.03125,1.6561442299980704,-0.314,0.5,7.215,42,243.75,3.125,7.37,-2.5829933382462307,43,256.25,3.125,7.37,-0.5585993153435624,92.0,243.75,10.9375,7.37,2.5829933382462307,20.0,250.0,0.0,7.031,-1.5707963267948966,119.0,250.78125,14.84375,7.851,1.4711276743037347,86.0,255.46875,10.15625,6.298,0.5191461142465229
69,17.1875,7.8125,1.6534703028140763,-0.28,0.145,7.266,51,10.15625,6.25,7.202,-2.922923707715851,107,13.28125,14.0625,7.37,2.129395642138459,73.0,24.21875,8.59375,7.074,0.11065722117389565,116.0,20.3125,14.84375,7.694,1.1525719972156676,3.0,14.84375,0.0,8.156,-1.8622531212727638,30.0,21.09375,3.125,6.101,-0.8760580505981934
70,37.5,7.8125,1.662383655689284,-1.62,-0.252,7.238,27,32.8125,2.34375,7.202,-2.279422598922567,52,44.53125,6.25,7.202,-0.21866894587394195,97.0,42.96875,12.5,7.202,0.7086262721276703,117.0,35.15625,14.84375,7.411,1.892546881191539,4.0,39.0625,0.0,7.967,-1.373400766945016,77.0,31.25,9.375,6.442,2.896613990462929
71,56.25,7.8125,1.644578742295547,-1.256,-0.517,7.479,87,50.0,10.9375,6.987,2.677945044588987,88,63.28125,10.9375,7.694,0.4182243295792291,44.0,50.78125,3.90625,6.72,-2.5213431676069717,32.0,62.5,3.125,7.812,-0.6435011087932844,122.0,56.25,15.625,7.812,1.5707963267948966,6.0,57.03125,0.0,7.851,-1.4711276743037347
72,261.71875,7.8125,1.6968554959702167,2.301,-0.272,7.277,43,256.25,3.125,7.202,-2.432966381462123,59,268.75,6.25,7.202,-0.21866894587394195,105.0,266.40625,13.28125,7.202,0.8621700546672264,120.0,259.375,14.84375,7.411,1.892546881191539,86.0,255.46875,10.15625,6.675,2.782821983319221,21.0,263.28125,0.0,7.967,-1.373400766945016
73,24.21875,8.59375,1.6899521928098216,0.778,0.062,7.097,116,20.3125,14.84375,7.37,2.129395642138459,77,31.25,9.375,7.074,0.11065722117389565,69.0,17.1875,7.8125,7.074,-3.0309354324158977,31.0,28.125,3.125,6.72,-0.9505468408120752,121.0,28.125,15.625,8.043,1.0636978224025597,30.0,21.09375,3.125,6.298,-2.0899424410414196
74,75.78125,8.59375,1.6757470647596884,-1.895,0.276,7.364,25,74.21875,1.5625,7.202,-1.7894652726688385,33,80.46875,3.125,7.202,-0.8621700546672264,123.0,77.34375,15.625,7.202,1.3521273809209546,101.0,70.3125,13.28125,7.202,2.432966381462123,53.0,68.75,6.25,7.411,-2.819842099193151,80.0,83.59375,10.15625,7.967,0.19739555984988075
75,92.1875,8.59375,1.6370875424195237,-0.439,-0.298,7.024,26,93.75,1.5625,7.202,-1.3521273809209546,34,87.5,3.125,7.202,-2.279422598922567,54.0,99.21875,6.25,7.411,-0.3217505543966422,118.0,89.84375,14.84375,6.675,1.9295669970654687,102.0,96.875,13.28125,6.629,0.7853981633974483,,,,,
76,287.5,8.59375,1.6738799203572423,-0.156,-0.264,7.247,106,292.96875,13.28125,7.202,0.7086262721276703,93,280.46875,10.9375,7.411,2.819842099193151,124.0,285.15625,15.625,7.411,1.892546881191539,29.0,289.84375,2.34375,6.675,-1.2120256565243244,47.0,282.8125,3.90625,6.629,-2.356194490192345,60.0,295.3125,6.25,8.156,-0.2914567944778671
77,31.25,9.375,1.7121347774637394,-1.8,-0.086,6.902,27,32.8125,2.34375,7.202,-1.3521273809209546,73,24.21875,8.59375,7.074,-3.0309354324158977,31.0,28.125,3.125,6.987,-2.0344439357957027,121.0,28.125,15.625,6.987,2.0344439357957027,117.0,35.15625,14.84375,6.72,0.9505468408120752,70.0,37.5,7.8125,6.442,-0.24497866312686414
78,149.21875,9.375,1.682431968538581,-2.357,-0.262,7.265,28,150.78125,2.34375,7.202,-1.3521273809209546,90,142.1875,10.9375,7.202,2.922923707715851,63.0,156.25,7.03125,7.411,-0.3217505543966422,125.0,146.875,16.40625,7.411,1.892546881191539,46.0,143.75,3.90625,7.733,-2.356194490192345,110.0,153.90625,14.0625,6.629,0.7853981633974483
79,219.53125,9.375,1.6639949072925082,-1.876,0.52,6.538,58,225.78125,6.25,6.987,-0.4636476090008061,66,213.28125,7.03125,6.675,-2.782821983319221,114.0,224.21875,14.0625,6.629,0.7853981633974483,40.0,218.75,3.125,6.298,-1.695151321341658,113.0,215.625,14.0625,6.101,2.2655346029916,,,,,
80,83.59375,10.15625,1.5935917771024062,2.83,0.258,7.808,128,83.59375,17.1875,7.031,1.5707963267948966,33,80.46875,3.125,7.694,-1.9890206563741257,118.0,89.84375,14.84375,7.812,0.6435011087932844,74.0,75.78125,8.59375,7.967,-2.9441970937399127,34.0,87.5,3.125,8.043,-1.0636978224025597,123.0,77.34375,15.625,8.304,2.4227626539681686
81,118.75,10.15625,1.6750750205911848,1.007,0.496,7.158,109,125.0,14.0625,7.37,0.5585993153435624,35,118.75,3.125,7.031,-1.5707963267948966,62.0,125.0,7.03125,6.987,-0.4636476090008061,61.0,112.5,7.03125,6.987,-2.677945044588987,108.0,113.28125,14.0625,6.72,2.5213431676069717,137.0,119.53125,17.96875,7.851,1.4711276743037347
82,130.46875,10.15625,1.6778860537053863,0.15,0.497,7.033,36,131.25,3.125,7.074,-1.460139105621001,130,131.25,17.1875,7.074,1.460139105621001,103.0,136.71875,13.28125,6.987,0.4636476090008061,109.0,125.0,14.0625,6.72,2.5213431676069717,55.0,137.5,6.25,8.043,-0.507098504392337,62.0,125.0,7.03125,6.298,-2.62244653934327
83,175.0,10.15625,1.7062253483425476,0.772,0.485,7.14,132,175.78125,17.1875,7.074,1.460139105621001,38,175.0,3.125,7.031,-1.5707963267948966,65.0,181.25,7.03125,6.987,-0.4636476090008061,64.0,168.75,7.03125,6.987,-2.677945044588987,111.0,169.53125,14.0625,6.72,2.5213431676069717,112.0,182.03125,14.0625,8.043,0.507098504392337
84,187.5,10.15625,1.701097848069208,-0.801,0.396,7.147,98,194.53125,12.5,7.411,0.3217505543966422,39,186.71875,3.125,7.074,-1.6814535479687922,65.0,181.25,7.03125,6.987,-2.677945044588987,56.0,192.96875,6.25,6.72,-0.6202494859828215,112.0,182.03125,14.0625,6.72,2.5213431676069717,138.0,189.0625,17.96875,7.967,1.373400766945016
85,231.25,10.15625,1.6555326819761271,-0.041,-0.471,7.204,115,237.5,14.0625,7.37,0.5585993153435624,41,232.03125,3.125,7.074,-1.460139105621001,133.0,231.25,17.1875,7.031,1.5707963267948966,67.0,237.5,7.03125,6.987,-0.4636476090008061,58.0,225.78125,6.25,6.72,-2.5213431676069717,114.0,224.21875,14.0625,8.043,2.6344941491974563
86,255.46875,10.15625,1.6590284450761206,-1.275,-0.506,6.555,43,256.25,3.125,7.074,-1.460139105621001,72,261.71875,7.8125,6.675,-0.35877067027057225,119.0,250.78125,14.84375,6.629,2.356194490192345,68.0,250.0,7.03125,6.298,-2.62244653934327,120.0,259.375,14.84375,6.101,0.8760580505981934,,,,,
87,50.0,10.9375,1.6545579622899205,-2.265,-0.338,7.159,52,44.53125,6.25,7.202,-2.432966381462123,97,42.96875,12.5,7.202,2.922923707715851,44.0,50.78125,3.90625,7.074,-1.460139105621001,71.0,56.25,7.8125,6.987,-0.4636476090008061,122.0,56.25,15.625,7.812,0.6435011087932844,126.0,47.65625,17.1875,6.675,1.9295669970654687
88,63.28125,10.9375,1.6195548745624084,-1.642,0.393,7.484,53,68.75,6.25,7.202,-0.7086262721276703,101,70.3125,13.28125,7.411,0.3217505543966422,71.0,56.25,7.8125,7.694,-2.723368324010564,32.0,62.5,3.125,7.851,-1.6704649792860586,127.0,64.0625,17.1875,6.298,1.446441332248135,122.0,56.25,15.625,8.45,2.5535900500422257
89,104.6875,10.9375,1.556421410667181,2.83,-0.26,7.448,45,106.25,3.90625,7.202,-1.3521273809209546,54,99.21875,6.25,7.202,-2.432966381462123,129.0,107.8125,17.1875,6.987,1.1071487177940904,136.0,101.5625,17.96875,7.694,1.9890206563741257,102.0,96.875,13.28125,8.156,2.8501358591119264,,,,,
90,142.1875,10.9375,1.6032438674237497,1.89,-0.266,7.057,46,143.75,3.90625,7.202,-1.3521273809209546,78,149.21875,9.375,7.202,-0.21866894587394195,125.0,146.875,16.40625,7.202,0.8621700546672264,55.0,137.5,6.25,6.629,-2.356194490192345,142.0,139.84375,18.75,8.156,1.8622531212727638,103.0,136.71875,13.28125,5.949,2.7367008673047097
91,161.71875,10.9375,1.618483972888665,-0.643,-0.506,7.686,63,156.25,7.03125,6.72,-2.5213431676069717,131,164.0625,17.1875,6.675,1.2120256565243244,37.0,162.5,3.125,7.851,-1.4711276743037347,64.0,168.75,7.03125,8.043,-0.507098504392337,110.0,153.90625,14.0625,8.414,2.761086276477428,111.0,169.53125,14.0625,8.414,0.3805063771123649
92,243.75,10.9375,1.6905329446455353,-1.729,-0.517,7.435,67,237.5,7.03125,7.37,-2.5829933382462307,68,250.0,7.03125,7.37,-0.5585993153435624,140.0,243.75,17.96875,7.031,1.5707963267948966,115.0,237.5,14.0625,6.987,2.677945044588987,42.0,243.75,3.125,7.812,-1.5707963267948966,119.0,250.78125,14.84375,8.043,0.507098504392337
93,280.46875,10.9375,1.6973274607677775,-1.608,-0.226,7.088,50,275.78125,5.46875,7.202,-2.279422598922567,100,273.4375,12.5,7.202,2.922923707715851,47.0,282.8125,3.90625,7.411,-1.2490457723982544,76.0,287.5,8.59375,7.411,-0.3217505543966422,134.0,278.125,17.1875,6.675,1.9295669970654687,124.0,285.15625,15.625,6.629,0.7853981633974483
94,0.0,11.71875,1.66725991526766,0.058,0.075,7.016,96,7.03125,12.5,7.074,0.11065722117389565,48,3.125,5.46875,6.987,-1.1071487177940904,135.0,3.125,17.96875,6.987,1.1071487177940904,,,,,,,,,,,,,,,
95,299.21875,11.71875,1.6807950092813404,2.922,-0.418,6.535,60,295.3125,6.25,6.72,-2.191045812777718,106,292.96875,13.28125,6.442,2.896613990462929,141.0,297.65625,17.96875,6.442,1.8157749899217608,,,,,,,,,,,,,,,
96,7.03125,12.5,1.646745401539534,2.774,0.102,7.113,145,9.375,19.53125,7.411,1.2490457723982544,94,0.0,11.71875,7.074,-3.0309354324158977,51.0,10.15625,6.25,6.987,-1.1071487177940904,135.0,3.125,17.96875,6.72,2.191045812777718,48.0,3.125,5.46875,8.043,-2.0778948311872334,107.0,13.28125,14.0625,6.442,0.24497866312686414
97,42.96875,12.5,1.6491375133448136,2.798,-0.252,7.221,70,37.5,7.8125,7.202,-2.432966381462123,87,50.0,10.9375,7.202,-0.21866894587394195,146.0,39.84375,19.53125,7.694,1.9890206563741257,126.0,47.65625,17.1875,6.629,0.7853981633974483,52.0,44.53125,6.25,6.442,-1.3258176636680326,117.0,35.15625,14.84375,8.156,2.8501358591119264
98,194.53125,12.5,1.642552224505302,-1.298,0.155,7.228,84,187.5,10.15625,7.411,-2.819842099193151,99,201.5625,12.5,7.031,0.0,138.0,189.0625,17.96875,7.733,2.356194490192345,56.0,192.96875,6.25,6.442,-1.8157749899217608,139.0,197.65625,17.96875,6.298,1.0516502125483738,49.0,199.21875,5.46875,8.45,-0.982793723247329
99,201.5625,12.5,1.6535280218743234,0.452,0.098,7.173,49,199.21875,5.46875,7.411,-1.892546881191539,104,208.59375,13.28125,7.074,0.11065722117389565,98.0,194.53125,12.5,7.031,3.141592653589793,143.0,204.6875,18.75,6.987,1.1071487177940904,139.0,197.65625,17.96875,6.72,2.191045812777718,57.0,206.25,6.25,7.812,-0.9272952180016122
100,273.4375,12.5,1.6698649635938096,-1.319,-0.18,7.134,93,280.46875,10.9375,7.202,-0.21866894587394195,50,275.78125,5.46875,7.411,-1.2490457723982544,105.0,266.40625,13.28125,7.074,3.0309354324158977,59.0,268.75,6.25,7.812,-2.214297435588181,144.0,271.09375,18.75,6.675,1.9295669970654687,134.0,278.125,17.1875,6.629,0.7853981633974483
101,70.3125,13.28125,1.6472340073909957,-1.843,0.422,7.319,53,68.75,6.25,7.202,-1.7894652726688385,74,75.78125,8.59375,7.202,-0.7086262721276703,127.0,64.0625,17.1875,7.37,2.5829933382462307,88.0,63.28125,10.9375,7.411,-2.819842099193151,123.0,77.34375,15.625,7.411,0.3217505543966422,,,,,
102,96.875,13.28125,1.699183701392667,-1.401,-0.245,7.364,118,89.84375,14.84375,7.202,2.922923707715851,54,99.21875,6.25,7.411,-1.2490457723982544,75.0,92.1875,8.59375,6.629,-2.356194490192345,136.0,101.5625,17.96875,6.629,0.7853981633974483,89.0,104.6875,10.9375,8.156,-0.2914567944778671,155.0,94.53125,21.09375,8.156,1.8622531212727638
103,136.71875,13.28125,1.6435848465508702,-2.013,0.448,6.606,55,137.5,6.25,7.074,-1.460139105621001,82,130.46875,10.15625,6.987,-2.677945044588987,130.0,131.25,17.1875,6.72,2.5213431676069717,142.0,139.84375,18.75,6.298,1.0516502125483738,90.0,142.1875,10.9375,5.949,-0.40489178628508343,,,,,
104,208.59375,13.28125,1.6440941104945237,-0.265,0.116,7.18,57,206.25,6.25,7.411,-1.892546881191539,99,201.5625,12.5,7.074,-3.0309354324158977,113.0,215.625,14.0625,7.074,0.11065722117389565,148.0,211.71875,19.53125,6.987,1.1071487177940904,143.0,204.6875,18.75,6.72,2.191045812777718,66.0,213.28125,7.03125,7.812,-0.9272952180016122
105,266.40625,13.28125,1.6990878580260698,2.36,-0.169,7.298,72,261.71875,7.8125,7.202,-2.279422598922567,120,259.375,14.84375,7.202,2.922923707715851,144.0,271.09375,18.75,7.202,0.8621700546672264,59.0,268.75,6.25,7.411,-1.2490457723982544,100.0,273.4375,12.5,7.074,-0.11065722117389565,152.0,263.28125,20.3125,7.694,1.9890206563741257
106,292.96875,13.28125,1.6329881161097826,1.946,-0.257,7.208,76,287.5,8.59375,7.202,-2.432966381462123,60,295.3125,6.25,7.411,-1.2490457723982544,153.0,290.625,20.3125,7.411,1.892546881191539,141.0,297.65625,17.96875,6.629,0.7853981633974483,95.0,299.21875,11.71875,6.442,-0.24497866312686414,124.0,285.15625,15.625,8.156,2.8501358591119264
107,13.28125,14.0625,1.6788263398189525,-1.335,0.113,7.168,69,17.1875,7.8125,7.37,-1.0121970114513341,116,20.3125,14.84375,7.074,0.11065722117389565,149.0,16.40625,20.3125,6.987,1.1071487177940904,145.0,9.375,19.53125,6.72,2.191045812777718,96.0,7.03125,12.5,6.442,-2.896613990462929,51.0,10.15625,6.25,8.414,-1.9513027039072615
108,113.28125,14.0625,1.65703523534334,0.583,-0.459,6.899,137,119.53125,17.96875,7.37,0.5585993153435624,61,112.5,7.03125,7.074,-1.6814535479687922,156.0,113.28125,21.09375,7.031,1.5707963267948966,81.0,118.75,10.15625,6.72,-0.6202494859828215,129.0,107.8125,17.1875,6.298,2.62244653934327,,,,,
109,125.0,14.0625,1.7043670811635705,-0.542,0.47,7.113,81,118.75,10.15625,7.37,-2.5829933382462307,62,125.0,7.03125,7.031,-1.5707963267948966,130.0,131.25,17.1875,6.987,0.4636476090008061,82.0,130.46875,10.15625,6.72,-0.6202494859828215,137.0,119.53125,17.96875,6.72,2.5213431676069717,163.0,125.78125,21.875,7.851,1.4711276743037347
110,153.90625,14.0625,1.677743642164269,-3.103,-0.258,7.413,147,158.59375,19.53125,7.202,0.8621700546672264,63,156.25,7.03125,7.411,-1.2490457723982544,157.0,151.5625,21.09375,7.411,1.892546881191539,125.0,146.875,16.40625,7.411,2.819842099193151,78.0,149.21875,9.375,6.629,-2.356194490192345,91.0,161.71875,10.9375,8.414,-0.3805063771123649
111,169.53125,14.0625,1.6364319855085308,-3.126,0.455,7.087,64,168.75,7.03125,7.074,-1.6814535479687922,158,169.53125,21.09375,7.031,1.5707963267948966,132.0,175.78125,17.1875,6.987,0.4636476090008061,83.0,175.0,10.15625,6.72,-0.6202494859828215,131.0,164.0625,17.1875,6.298,2.62244653934327,91.0,161.71875,10.9375,8.414,-2.761086276477428
112,182.03125,14.0625,1.649152308125675,-2.724,0.511,7.324,65,181.25,7.03125,7.074,-1.6814535479687922,159,181.25,21.09375,7.074,1.6814535479687922,132.0,175.78125,17.1875,6.987,2.677945044588987,84.0,187.5,10.15625,6.72,-0.6202494859828215,83.0,175.0,10.15625,8.043,-2.6344941491974563,138.0,189.0625,17.96875,8.043,0.507098504392337
113,215.625,14.0625,1.6582417306361983,-0.547,0.106,7.148,66,213.28125,7.03125,7.411,-1.892546881191539,104,208.59375,13.28125,7.074,-3.0309354324158977,150.0,218.75,20.3125,6.987,1.1071487177940904,148.0,211.71875,19.53125,6.72,2.191045812777718,79.0,219.53125,9.375,6.101,-0.8760580505981934,114.0,224.21875,14.0625,8.593,0.0
114,224.21875,14.0625,1.6154133810414881,-0.052,0.481,7.513,133,231.25,17.1875,7.694,0.4182243295792291,79,219.53125,9.375,6.629,-2.356194490192345,58.0,225.78125,6.25,7.967,-1.373400766945016,85.0,231.25,10.15625,8.043,-0.507098504392337,151.0,225.78125,20.3125,6.442,1.3258176636680326,150.0,218.75,20.3125,8.304,2.289626326416521
115,237.5,14.0625,1.7016243847416752,-3.092,-0.476,7.266,85,231.25,10.15625,7.37,-2.5829933382462307,140,243.75,17.96875,7.37,0.5585993153435624,67.0,237.5,7.03125,7.031,-1.5707963267948966,92.0,243.75,10.9375,6.987,-0.4636476090008061,133.0,231.25,17.1875,6.987,2.677945044588987,164.0,236.71875,21.875,7.851,1.6704649792860586
116,20.3125,14.84375,1.686160036325926,-0.985,0.069,7.346,73,24.21875,8.59375,7.37,-1.0121970114513341,154,24.21875,21.09375,7.37,1.0121970114513341,107.0,13.28125,14.0625,7.074,-3.0309354324158977,69.0,17.1875,7.8125,7.694,-1.9890206563741257,149.0,16.40625,20.3125,6.72,2.191045812777718,121.0,28.125,15.625,7.851,0.09966865249116202
117,35.15625,14.84375,1.7014451794458136,-1.265,-0.195,7.233,70,37.5,7.8125,7.411,-1.2490457723982544,161,32.8125,21.875,7.411,1.892546881191539,121.0,28.125,15.625,7.074,3.0309354324158977,77.0,31.25,9.375,6.72,-2.191045812777718,146.0,39.84375,19.53125,6.629,0.7853981633974483,97.0,42.96875,12.5,8.156,-0.2914567944778671
118,89.84375,14.84375,1.627742724080578,1.835,-0.248,7.389,102,96.875,13.28125,7.202,-0.21866894587394195,80,83.59375,10.15625,7.812,-2.498091544796509,155.0,94.53125,21.09375,7.812,0.9272952180016122,75.0,92.1875,8.59375,6.675,-1.2120256565243244,128.0,83.59375,17.1875,6.675,2.782821983319221,168.0,87.5,22.65625,8.156,1.8622531212727638
119,250.78125,14.84375,1.6210275788094601,-3.075,-0.476,7.748,140,243.75,17.96875,7.694,2.723368324010564,68,250.0,7.03125,7.851,-1.6704649792860586,86.0,255.46875,10.15625,6.629,-0.7853981633974483,169.0,249.21875,22.65625,7.967,1.7681918866447774,92.0,243.75,10.9375,8.043,-2.6344941491974563,160.0,256.25,21.09375,8.304,0.8519663271732721
120,259.375,14.84375,1.6811546030907745,-2.33,-0.126,7.169,105,266.40625,13.28125,7.202,-0.21866894587394195,72,261.71875,7.8125,7.411,-1.2490457723982544,160.0,256.25,21.09375,6.987,2.0344439357957027,152.0,263.28125,20.3125,6.72,0.9505468408120752,86.0,255.46875,10.15625,6.101,-2.2655346029916,119.0,250.78125,14.84375,8.593,3.141592653589793
121,28.125,15.625,1.667533200036954,-1.628,-0.014,7.415,117,35.15625,14.84375,7.074,-0.11065722117389565,77,31.25,9.375,6.987,-1.1071487177940904,154.0,24.21875,21.09375,6.72,2.191045812777718,161.0,32.8125,21.875,7.812,0.9272952180016122,116.0,20.3125,14.84375,7.851,-3.0419240010986313,73.0,24.21875,8.59375,8.043,-2.0778948311872334
122,56.25,15.625,1.6203708999096116,-0.181,0.33,7.963,166,59.375,22.65625,7.694,1.1525719972156676,71,56.25,7.8125,7.812,-1.5707963267948966,87.0,50.0,10.9375,7.812,-2.498091544796509,127.0,64.0625,17.1875,7.967,0.19739555984988075,165.0,52.34375,22.65625,8.043,2.0778948311872334,88.0,63.28125,10.9375,8.45,-0.5880026035475675
123,77.34375,15.625,1.6423789737183314,0.146,0.255,7.43,74,75.78125,8.59375,7.202,-1.7894652726688385,101,70.3125,13.28125,7.411,-2.819842099193151,167.0,79.6875,22.65625,7.411,1.2490457723982544,162.0,72.65625,21.875,7.812,2.214297435588181,128.0,83.59375,17.1875,6.442,0.24497866312686414,80.0,83.59375,10.15625,8.304,-0.7188299996216245
124,285.15625,15.625,1.6272477111214705,-0.311,-0.288,7.409,134,278.125,17.1875,7.202,2.922923707715851,153,290.625,20.3125,7.202,0.7086262721276703,76.0,287.5,8.59375,7.411,-1.2490457723982544,174.0,284.375,23.4375,7.851,1.6704649792860586,93.0,280.46875,10.9375,6.629,-2.356194490192345,106.0,292.96875,13.28125,8.156,-0.2914567944778671
125,146.875,16.40625,1.6778128096395915,-0.158,-0.267,7.211,90,142.1875,10.9375,7.202,-2.279422598922567,173,145.3125,23.4375,7.202,1.7894652726688385,110.0,153.90625,14.0625,7.411,-0.3217505543966422,78.0,149.21875,9.375,7.411,-1.2490457723982544,142.0,139.84375,18.75,7.411,2.819842099193151,157.0,151.5625,21.09375,6.629,0.7853981633974483
126,47.65625,17.1875,1.6446193371435287,2.818,-0.256,7.067,165,52.34375,22.65625,7.202,0.8621700546672264,87,50.0,10.9375,6.675,-1.2120256565243244,170.0,45.3125,23.4375,6.675,1.9295669970654687,97.0,42.96875,12.5,6.629,-2.356194490192345,146.0,39.84375,19.53125,8.156,2.8501358591119264,,,,,
127,64.0625,17.1875,1.6552965205808703,-3.101,0.333,7.102,166,59.375,22.65625,7.202,2.279422598922567,101,70.3125,13.28125,7.37,-0.5585993153435624,171.0,66.40625,23.4375,6.675,1.2120256565243244,122.0,56.25,15.625,7.967,-2.9441970937399127,88.0,63.28125,10.9375,6.298,-1.695151321341658,,,,,
128,83.59375,17.1875,1.6521659647545621,2.356,0.123,6.717,80,83.59375,10.15625,7.031,-1.5707963267948966,167,79.6875,22.65625,6.72,2.191045812777718,168.0,87.5,22.65625,6.72,0.9505468408120752,118.0,89.84375,14.84375,6.675,-0.35877067027057225,123.0,77.34375,15.625,6.442,-2.896613990462929,,,,,
129,107.8125,17.1875,1.6529311681943142,1.202,-0.418,6.52,89,104.6875,10.9375,6.987,-2.0344439357957027,156,113.28125,21.09375,6.72,0.6202494859828215,108.0,113.28125,14.0625,6.298,-0.5191461142465229,136.0,101.5625,17.96875,6.298,3.017237659043032,172.0,107.03125,23.4375,6.298,1.695151321341658,,,,,
130,131.25,17.1875,1.6838377801853701,-2.648,0.467,7.037,163,125.78125,21.875,7.202,2.432966381462123,175,132.8125,24.21875,7.202,1.3521273809209546,82.0,130.46875,10.15625,7.074,-1.6814535479687922,109.0,125.0,14.0625,6.987,-2.677945044588987,103.0,136.71875,13.28125,6.72,-0.6202494859828215,,,,,
131,164.0625,17.1875,1.6357749863170987,1.059,0.487,6.543,176,163.28125,24.21875,7.074,1.6814535479687922,158,169.53125,21.09375,6.72,0.6202494859828215,91.0,161.71875,10.9375,6.675,-1.9295669970654687,111.0,169.53125,14.0625,6.298,-0.5191461142465229,147.0,158.59375,19.53125,5.949,2.7367008673047097,,,,,
132,175.78125,17.1875,1.678604760916523,2.146,0.515,7.158,158,169.53125,21.09375,7.37,2.5829933382462307,83,175.0,10.15625,7.074,-1.6814535479687922,111.0,169.53125,14.0625,6.987,-2.677945044588987,112.0,182.03125,14.0625,6.987,-0.4636476090008061,159.0,181.25,21.09375,6.72,0.6202494859828215,185.0,175.78125,25.0,7.812,1.5707963267948966
133,231.25,17.1875,1.7077774417095988,2.263,-0.482,7.048,164,236.71875,21.875,7.202,0.7086262721276703,180,230.46875,24.21875,7.074,1.6814535479687922,85.0,231.25,10.15625,7.031,-1.5707963267948966,115.0,237.5,14.0625,6.987,-0.4636476090008061,114.0,224.21875,14.0625,7.694,-2.723368324010564,151.0,225.78125,20.3125,6.298,2.62244653934327
134,278.125,17.1875,1.6376205013375273,-2.378,-0.234,7.08,144,271.09375,18.75,7.202,2.922923707715851,124,285.15625,15.625,7.202,-0.21866894587394195,181.0,275.0,24.21875,7.694,1.9890206563741257,93.0,280.46875,10.9375,6.675,-1.2120256565243244,100.0,273.4375,12.5,6.629,-2.356194490192345,,,,,
135,3.125,17.96875,1.6352584750242944,-0.371,0.29,6.806,183,3.90625,25.0,7.074,1.460139105621001,94,0.0,11.71875,6.987,-2.0344439357957027,96.0,7.03125,12.5,6.72,-0.9505468408120752,145.0,9.375,19.53125,6.442,0.24497866312686414,,,,,,,,,,
136,101.5625,17.96875,1.676913883124461,0.769,-0.264,7.187,184,100.78125,25.0,7.074,1.6814535479687922,89,104.6875,10.9375,7.694,-1.1525719972156676,155.0,94.53125,21.09375,7.694,2.723368324010564,172.0,107.03125,23.4375,7.733,0.7853981633974483,102.0,96.875,13.28125,6.629,-2.356194490192345,129.0,107.8125,17.1875,6.298,-0.12435499454676144
137,119.53125,17.96875,1.682796500814804,-2.521,0.513,7.352,108,113.28125,14.0625,7.37,-2.5829933382462307,163,125.78125,21.875,7.37,0.5585993153435624,156.0,113.28125,21.09375,6.987,2.677945044588987,109.0,125.0,14.0625,6.72,-0.6202494859828215,187.0,119.53125,25.78125,7.812,1.5707963267948966,81.0,118.75,10.15625,7.851,-1.6704649792860586
138,189.0625,17.96875,1.5813410388428981,-3.126,0.453,7.7,178,192.96875,24.21875,7.37,1.0121970114513341,98,194.53125,12.5,7.733,-0.7853981633974483,177.0,186.71875,24.21875,6.675,1.9295669970654687,84.0,187.5,10.15625,7.967,-1.7681918866447774,112.0,182.03125,14.0625,8.043,-2.6344941491974563,159.0,181.25,21.09375,8.414,2.761086276477428
139,197.65625,17.96875,1.6616296617428863,2.371,0.083,7.195,143,204.6875,18.75,7.074,0.11065722117389565,99,201.5625,12.5,6.72,-0.9505468408120752,178.0,192.96875,24.21875,7.812,2.214297435588181,179.0,200.0,24.21875,6.675,1.2120256565243244,98.0,194.53125,12.5,6.298,-2.0899424410414196,138.0,189.0625,17.96875,8.593,3.141592653589793
140,243.75,17.96875,1.6783342911790595,2.506,-0.435,7.551,169,249.21875,22.65625,7.202,0.7086262721276703,115,237.5,14.0625,7.37,-2.5829933382462307,92.0,243.75,10.9375,7.031,-1.5707963267948966,119.0,250.78125,14.84375,7.694,-0.4182243295792291,189.0,242.1875,25.78125,7.967,1.7681918866447774,164.0,236.71875,21.875,8.043,2.6344941491974563
141,297.65625,17.96875,1.4410198737509747,-2.907,-0.473,6.695,153,290.625,20.3125,7.411,2.819842099193151,106,292.96875,13.28125,6.629,-2.356194490192345,95.0,299.21875,11.71875,6.442,-1.3258176636680326,182.0,296.875,24.21875,6.298,1.695151321341658,,,,,,,,,,
142,139.84375,18.75,1.6091545831170064,-0.345,-0.338,7.228,173,145.3125,23.4375,7.202,0.7086262721276703,125,146.875,16.40625,7.411,-0.3217505543966422,188.0,139.0625,25.78125,7.074,1.6814535479687922,90.0,142.1875,10.9375,8.156,-1.2793395323170296,103.0,136.71875,13.28125,6.298,-2.0899424410414196,,,,,
143,204.6875,18.75,1.7157745099725257,-2.478,0.103,7.007,179,200.0,24.21875,7.202,2.279422598922567,148,211.71875,19.53125,7.074,0.11065722117389565,139.0,197.65625,17.96875,7.074,-3.0309354324158977,99.0,201.5625,12.5,6.987,-2.0344439357957027,186.0,207.8125,25.0,6.987,1.1071487177940904,104.0,208.59375,13.28125,6.72,-0.9505468408120752
144,271.09375,18.75,1.6764205621586283,3.055,-0.162,7.243,105,266.40625,13.28125,7.202,-2.279422598922567,134,278.125,17.1875,7.202,-0.21866894587394195,190.0,267.96875,25.78125,7.694,1.9890206563741257,181.0,275.0,24.21875,6.72,0.9505468408120752,100.0,273.4375,12.5,6.675,-1.2120256565243244,152.0,263.28125,20.3125,7.967,2.9441970937399127
145,9.375,19.53125,1.7011361527301494,-1.976,0.186,7.132,96,7.03125,12.5,7.411,-1.892546881191539,191,11.71875,26.5625,7.411,1.2490457723982544,149.0,16.40625,20.3125,7.074,0.11065722117389565,183.0,3.90625,25.0,7.733,2.356194490192345,107.0,13.28125,14.0625,6.72,-0.9505468408120752,135.0,3.125,17.96875,6.442,-2.896613990462929
146,39.84375,19.53125,1.6591478327337523,-0.021,-0.323,7.273,161,32.8125,21.875,7.411,2.819842099193151,193,39.84375,26.5625,7.031,1.5707963267948966,97.0,42.96875,12.5,7.694,-1.1525719972156676,170.0,45.3125,23.4375,6.72,0.6202494859828215,117.0,35.15625,14.84375,6.629,-2.356194490192345,126.0,47.65625,17.1875,8.156,-0.2914567944778671
147,158.59375,19.53125,1.6124296640758409,1.854,-0.329,6.837,110,153.90625,14.0625,7.202,-2.279422598922567,157,151.5625,21.09375,7.202,2.922923707715851,194.0,157.03125,26.5625,7.202,1.7894652726688385,176.0,163.28125,24.21875,6.629,0.7853981633974483,131.0,164.0625,17.1875,5.949,-0.40489178628508343,,,,,
148,211.71875,19.53125,1.671422656734389,-2.035,0.113,6.915,150,218.75,20.3125,7.074,0.11065722117389565,143,204.6875,18.75,7.074,-3.0309354324158977,104.0,208.59375,13.28125,6.987,-2.0344439357957027,113.0,215.625,14.0625,6.72,-0.9505468408120752,186.0,207.8125,25.0,6.72,2.191045812777718,,,,,
149,16.40625,20.3125,1.658175443288082,-0.829,0.076,7.302,192,20.3125,26.5625,7.37,1.0121970114513341,145,9.375,19.53125,7.074,-3.0309354324158977,107.0,13.28125,14.0625,6.987,-2.0344439357957027,116.0,20.3125,14.84375,6.72,-0.9505468408120752,191.0,11.71875,26.5625,7.812,2.214297435588181,154.0,24.21875,21.09375,7.851,0.09966865249116202
150,218.75,20.3125,1.662734748981,0.012,0.036,7.41,195,222.65625,26.5625,7.37,1.0121970114513341,148,211.71875,19.53125,7.074,-3.0309354324158977,151.0,225.78125,20.3125,7.031,0.0,113.0,215.625,14.0625,6.987,-2.0344439357957027,197.0,215.625,27.34375,7.694,1.9890206563741257,114.0,224.21875,14.0625,8.304,-0.8519663271732721
151,225.78125,20.3125,1.6098569599759205,2.233,-0.13,6.572,150,218.75,20.3125,7.031,3.141592653589793,195,222.65625,26.5625,6.987,2.0344439357957027,114.0,224.21875,14.0625,6.442,-1.8157749899217608,133.0,231.25,17.1875,6.298,-0.5191461142465229,180.0,230.46875,24.21875,6.101,0.6947382761967031,,,,,
152,263.28125,20.3125,1.660924671972178,-1.158,-0.167,7.331,190,267.96875,25.78125,7.202,0.8621700546672264,160,256.25,21.09375,7.074,3.0309354324158977,105.0,266.40625,13.28125,7.694,-1.1525719972156676,120.0,259.375,14.84375,6.72,-2.191045812777718,144.0,271.09375,18.75,7.967,-0.19739555984988075,,,,,
153,290.625,20.3125,1.6838778747876928,0.133,-0.394,7.235,124,285.15625,15.625,7.202,-2.432966381462123,182,296.875,24.21875,7.37,0.5585993153435624,141.0,297.65625,17.96875,7.411,-0.3217505543966422,106.0,292.96875,13.28125,7.411,-1.2490457723982544,199.0,290.625,27.34375,7.031,1.5707963267948966,174.0,284.375,23.4375,6.987,2.677945044588987
154,24.21875,21.09375,1.6787778210116548,2.712,0.069,7.379,116,20.3125,14.84375,7.37,-2.129395642138459,196,27.34375,27.34375,6.987,1.1071487177940904,192.0,20.3125,26.5625,6.72,2.191045812777718,121.0,28.125,15.625,6.72,-0.9505468408120752,149.0,16.40625,20.3125,7.851,-3.0419240010986313,161.0,32.8125,21.875,8.629,0.09065988720074511
155,94.53125,21.09375,1.5052399466385782,-1.366,-0.26,7.775,168,87.5,22.65625,7.202,2.922923707715851,184,100.78125,25.0,7.37,0.5585993153435624,136.0,101.5625,17.96875,7.694,-0.4182243295792291,118.0,89.84375,14.84375,7.812,-2.214297435588181,102.0,96.875,13.28125,8.156,-1.2793395323170296,207.0,91.40625,28.90625,8.414,1.9513027039072615
156,113.28125,21.09375,1.6696940413279306,-2.787,-0.414,7.071,200,111.71875,28.125,7.202,1.7894652726688385,108,113.28125,14.0625,7.031,-1.5707963267948966,137.0,119.53125,17.96875,6.987,-0.4636476090008061,129.0,107.8125,17.1875,6.72,-2.5213431676069717,187.0,119.53125,25.78125,7.812,0.6435011087932844,172.0,107.03125,23.4375,6.675,2.782821983319221
157,151.5625,21.09375,1.6478538100351903,0.804,-0.272,7.269,147,158.59375,19.53125,7.202,-0.21866894587394195,110,153.90625,14.0625,7.411,-1.2490457723982544,194.0,157.03125,26.5625,7.733,0.7853981633974483,173.0,145.3125,23.4375,6.675,2.782821983319221,125.0,146.875,16.40625,6.629,-2.356194490192345,209.0,150.0,28.90625,7.967,1.7681918866447774
158,169.53125,21.09375,1.7010840912579488,-2.29,-0.479,7.092,132,175.78125,17.1875,7.37,-0.5585993153435624,185,175.78125,25.0,7.37,0.5585993153435624,201.0,168.75,28.125,7.074,1.6814535479687922,111.0,169.53125,14.0625,7.031,-1.5707963267948966,176.0,163.28125,24.21875,6.987,2.677945044588987,131.0,164.0625,17.1875,6.72,-2.5213431676069717
159,181.25,21.09375,1.6619590110408604,0.437,-0.481,7.303,112,182.03125,14.0625,7.074,-1.460139105621001,132,175.78125,17.1875,6.72,-2.5213431676069717,185.0,175.78125,25.0,6.72,2.5213431676069717,177.0,186.71875,24.21875,6.298,0.5191461142465229,138.0,189.0625,17.96875,8.414,-0.3805063771123649,216.0,181.25,29.6875,8.593,1.5707963267948966
160,256.25,21.09375,1.6695368530541392,-2.305,-0.181,7.248,169,249.21875,22.65625,7.202,2.922923707715851,152,263.28125,20.3125,7.074,-0.11065722117389565,120.0,259.375,14.84375,6.987,-1.1071487177940904,198.0,253.90625,27.34375,6.675,1.9295669970654687,119.0,250.78125,14.84375,8.304,-2.289626326416521,,,,,
161,32.8125,21.875,1.630564033721405,0.178,-0.348,7.797,117,35.15625,14.84375,7.411,-1.2490457723982544,146,39.84375,19.53125,7.411,-0.3217505543966422,196.0,27.34375,27.34375,7.733,2.356194490192345,121.0,28.125,15.625,7.812,-2.214297435588181,214.0,34.375,29.6875,7.967,1.373400766945016,193.0,39.84375,26.5625,8.45,0.5880026035475675
162,72.65625,21.875,1.5790846839806836,1.087,-0.013,7.413,167,79.6875,22.65625,7.074,0.11065722117389565,204,69.53125,28.90625,7.694,1.9890206563741257,123.0,77.34375,15.625,7.812,-0.9272952180016122,205.0,76.5625,28.90625,8.043,1.0636978224025597,171.0,66.40625,23.4375,6.442,2.896613990462929,,,,,
163,125.78125,21.875,1.7039282008739798,-1.031,0.39,7.436,130,131.25,17.1875,7.202,-0.7086262721276703,137,119.53125,17.96875,7.37,-2.5829933382462307,187.0,119.53125,25.78125,7.37,2.5829933382462307,175.0,132.8125,24.21875,7.411,0.3217505543966422,208.0,128.125,28.90625,7.411,1.2490457723982544,109.0,125.0,14.0625,7.851,-1.6704649792860586
164,236.71875,21.875,1.6671185007742484,-1.662,-0.412,7.261,133,231.25,17.1875,7.202,-2.432966381462123,210,235.9375,28.90625,7.074,1.6814535479687922,189.0,242.1875,25.78125,6.72,0.6202494859828215,180.0,230.46875,24.21875,6.675,2.782821983319221,115.0,237.5,14.0625,7.851,-1.4711276743037347,140.0,243.75,17.96875,8.043,-0.507098504392337
165,52.34375,22.65625,1.6631880744875944,2.489,-0.029,7.465,126,47.65625,17.1875,7.202,-2.279422598922567,170,45.3125,23.4375,7.074,3.0309354324158977,166.0,59.375,22.65625,7.031,0.0,202.0,55.46875,28.90625,6.987,1.1071487177940904,122.0,56.25,15.625,8.043,-1.0636978224025597,215.0,47.65625,29.6875,8.45,2.158798930342464
166,59.375,22.65625,1.667267218348256,0.856,0.082,7.226,127,64.0625,17.1875,7.202,-0.8621700546672264,202,55.46875,28.90625,7.37,2.129395642138459,171.0,66.40625,23.4375,7.074,0.11065722117389565,165.0,52.34375,22.65625,7.031,3.141592653589793,203.0,62.5,28.90625,6.987,1.1071487177940904,122.0,56.25,15.625,7.694,-1.9890206563741257
167,79.6875,22.65625,1.6458944590888052,-0.354,0.05,7.229,206,83.59375,28.90625,7.37,1.0121970114513341,123,77.34375,15.625,7.411,-1.892546881191539,162.0,72.65625,21.875,7.074,-3.0309354324158977,205.0,76.5625,28.90625,6.987,2.0344439357957027,128.0,83.59375,17.1875,6.72,-0.9505468408120752,168.0,87.5,22.65625,7.812,0.0
168,87.5,22.65625,1.6848511756430837,-2.398,-0.09,7.438,155,94.53125,21.09375,7.202,-0.21866894587394195,206,83.59375,28.90625,7.37,2.129395642138459,207.0,91.40625,28.90625,7.37,1.0121970114513341,128.0,83.59375,17.1875,6.72,-2.191045812777718,167.0,79.6875,22.65625,7.812,3.141592653589793,118.0,89.84375,14.84375,8.156,-1.2793395323170296
169,249.21875,22.65625,1.6568703875922806,1.529,-0.315,7.443,140,243.75,17.96875,7.202,-2.432966381462123,160,256.25,21.09375,7.202,-0.21866894587394195,189.0,242.1875,25.78125,7.694,2.723368324010564,198.0,253.90625,27.34375,6.629,0.7853981633974483,119.0,250.78125,14.84375,7.967,-1.373400766945016,221.0,247.65625,30.46875,7.967,1.7681918866447774
170,45.3125,23.4375,1.6135204087450488,-1.499,-0.306,6.688,165,52.34375,22.65625,7.074,-0.11065722117389565,146,39.84375,19.53125,6.72,-2.5213431676069717,126.0,47.65625,17.1875,6.675,-1.2120256565243244,215.0,47.65625,29.6875,6.675,1.2120256565243244,193.0,39.84375,26.5625,6.298,2.62244653934327,,,,,
171,66.40625,23.4375,1.6220892579953559,2.434,0.061,6.642,166,59.375,22.65625,7.074,-3.0309354324158977,203,62.5,28.90625,6.72,2.191045812777718,127.0,64.0625,17.1875,6.675,-1.9295669970654687,162.0,72.65625,21.875,6.442,-0.24497866312686414,204.0,69.53125,28.90625,6.298,1.0516502125483738,,,,,
172,107.03125,23.4375,1.7038093978718054,-2.365,-0.305,6.83,218,105.46875,30.46875,7.202,1.7894652726688385,136,101.5625,17.96875,7.733,-2.356194490192345,156.0,113.28125,21.09375,6.675,-0.35877067027057225,200.0,111.71875,28.125,6.629,0.7853981633974483,184.0,100.78125,25.0,6.442,2.896613990462929,129.0,107.8125,17.1875,6.298,-1.446441332248135
173,145.3125,23.4375,1.704650076459725,2.674,-0.298,7.185,125,146.875,16.40625,7.202,-1.3521273809209546,142,139.84375,18.75,7.202,-2.432966381462123,209.0,150.0,28.90625,7.202,0.8621700546672264,157.0,151.5625,21.09375,6.675,-0.35877067027057225,188.0,139.0625,25.78125,6.675,2.782821983319221,226.0,142.96875,31.25,8.156,1.8622531212727638
174,284.375,23.4375,1.5942512139782123,-0.128,0.286,7.353,212,279.6875,28.90625,7.202,2.279422598922567,199,290.625,27.34375,7.37,0.5585993153435624,153.0,290.625,20.3125,6.987,-0.4636476090008061,124.0,285.15625,15.625,7.851,-1.4711276743037347,,,,,,,,,,
175,132.8125,24.21875,1.690819930865628,2.339,0.32,7.019,130,131.25,17.1875,7.202,-1.7894652726688385,163,125.78125,21.875,7.411,-2.819842099193151,225.0,135.15625,31.25,7.411,1.2490457723982544,208.0,128.125,28.90625,6.629,2.356194490192345,188.0,139.0625,25.78125,6.442,0.24497866312686414,,,,,
176,163.28125,24.21875,1.7216084722207536,-1.288,-0.392,6.86,131,164.0625,17.1875,7.074,-1.460139105621001,227,162.5,31.25,7.074,1.6814535479687922,158.0,169.53125,21.09375,6.987,-0.4636476090008061,201.0,168.75,28.125,6.72,0.6202494859828215,194.0,157.03125,26.5625,6.675,2.782821983319221,147.0,158.59375,19.53125,6.629,-2.356194490192345
177,186.71875,24.21875,1.673896467626183,1.029,0.15,6.726,216,181.25,29.6875,7.733,2.356194490192345,138,189.0625,17.96875,6.675,-1.2120256565243244,219.0,189.0625,30.46875,6.675,1.2120256565243244,159.0,181.25,21.09375,6.298,-2.62244653934327,178.0,192.96875,24.21875,6.25,0.0,,,,,
178,192.96875,24.21875,1.6686900277398917,1.705,0.029,7.137,138,189.0625,17.96875,7.37,-2.129395642138459,219,189.0625,30.46875,7.37,2.129395642138459,179.0,200.0,24.21875,7.031,0.0,220.0,196.09375,30.46875,6.987,1.1071487177940904,139.0,197.65625,17.96875,7.812,-0.9272952180016122,177.0,186.71875,24.21875,6.25,3.141592653589793
179,200.0,24.21875,1.6455709246791974,0.77,0.098,7.304,143,204.6875,18.75,7.202,-0.8621700546672264,220,196.09375,30.46875,7.37,2.129395642138459,178.0,192.96875,24.21875,7.031,3.141592653589793,229.0,203.125,31.25,7.694,1.1525719972156676,139.0,197.65625,17.96875,6.675,-1.9295669970654687,186.0,207.8125,25.0,7.851,0.09966865249116202
180,230.46875,24.21875,1.659529491713584,-2.748,-0.328,7.103,210,235.9375,28.90625,7.202,0.7086262721276703,231,228.125,31.25,7.411,1.892546881191539,133.0,231.25,17.1875,7.074,-1.460139105621001,164.0,236.71875,21.875,6.675,-0.35877067027057225,195.0,222.65625,26.5625,8.156,2.8501358591119264,151.0,225.78125,20.3125,6.101,-2.44685437739309
181,275.0,24.21875,1.628569534390987,2.903,-0.232,6.937,190,267.96875,25.78125,7.202,2.922923707715851,134,278.125,17.1875,7.694,-1.1525719972156676,144.0,271.09375,18.75,6.72,-2.191045812777718,212.0,279.6875,28.90625,6.629,0.7853981633974483,222.0,273.4375,30.46875,6.442,1.8157749899217608,,,,,
182,296.875,24.21875,1.5496474070677202,-3.066,0.283,6.774,153,290.625,20.3125,7.37,-2.5829933382462307,199,290.625,27.34375,6.987,2.677945044588987,223.0,298.4375,30.46875,6.442,1.3258176636680326,141.0,297.65625,17.96875,6.298,-1.446441332248135,,,,,,,,,,
183,3.90625,25.0,1.6157694585278346,0.204,0.32,7.216,232,5.46875,32.03125,7.202,1.3521273809209546,135,3.125,17.96875,7.074,-1.6814535479687922,145.0,9.375,19.53125,7.733,-0.7853981633974483,191.0,11.71875,26.5625,7.967,0.19739555984988075,213.0,0.0,29.6875,6.101,2.2655346029916,,,,,
184,100.78125,25.0,1.6290322828058088,-0.345,-0.331,6.877,218,105.46875,30.46875,7.202,0.8621700546672264,155,94.53125,21.09375,7.37,-2.5829933382462307,136.0,101.5625,17.96875,7.074,-1.460139105621001,172.0,107.03125,23.4375,6.442,-0.24497866312686414,217.0,97.65625,30.46875,6.298,2.0899424410414196,,,,,
185,175.78125,25.0,1.6621253746627678,-2.946,-0.464,7.183,216,181.25,29.6875,7.202,0.7086262721276703,158,169.53125,21.09375,7.37,-2.5829933382462307,201.0,168.75,28.125,7.694,2.723368324010564,159.0,181.25,21.09375,6.72,-0.6202494859828215,132.0,175.78125,17.1875,7.812,-1.5707963267948966,228.0,175.0,31.25,6.298,1.695151321341658
186,207.8125,25.0,1.6745401931953525,2.184,0.135,7.367,143,204.6875,18.75,6.987,-2.0344439357957027,148,211.71875,19.53125,6.72,-0.9505468408120752,229.0,203.125,31.25,7.812,2.214297435588181,230.0,210.15625,31.25,6.675,1.2120256565243244,179.0,200.0,24.21875,7.851,-3.0419240010986313,197.0,215.625,27.34375,8.156,0.2914567944778671
187,119.53125,25.78125,1.5901479313229543,-2.532,-0.482,7.627,163,125.78125,21.875,7.37,-0.5585993153435624,233,116.40625,32.03125,6.987,2.0344439357957027,156.0,113.28125,21.09375,7.812,-2.498091544796509,137.0,119.53125,17.96875,7.812,-1.5707963267948966,200.0,111.71875,28.125,8.156,2.8501358591119264,,,,,
188,139.0625,25.78125,1.6842526919078176,0.48,-0.162,6.726,142,139.84375,18.75,7.074,-1.460139105621001,225,135.15625,31.25,6.72,2.191045812777718,226.0,142.96875,31.25,6.72,0.9505468408120752,173.0,145.3125,23.4375,6.675,-0.35877067027057225,175.0,132.8125,24.21875,6.442,-2.896613990462929,,,,,
189,242.1875,25.78125,1.6927528556737317,1.877,-0.384,7.423,221,247.65625,30.46875,7.202,0.7086262721276703,210,235.9375,28.90625,6.987,2.677945044588987,169.0,249.21875,22.65625,7.694,-0.4182243295792291,164.0,236.71875,21.875,6.72,-2.5213431676069717,140.0,243.75,17.96875,7.967,-1.373400766945016,241.0,240.625,33.59375,7.967,1.7681918866447774
190,267.96875,25.78125,1.6904689408145774,0.304,-0.257,7.486,152,263.28125,20.3125,7.202,-2.279422598922567,181,275.0,24.21875,7.202,-0.21866894587394195,237.0,266.40625,32.8125,7.202,1.7894652726688385,222.0,273.4375,30.46875,7.202,0.7086262721276703,144.0,271.09375,18.75,7.694,-1.1525719972156676,211.0,260.15625,28.90625,8.414,2.761086276477428
191,11.71875,26.5625,1.6038159313987348,-1.153,0.143,7.786,145,9.375,19.53125,7.411,-1.892546881191539,149,16.40625,20.3125,7.812,-0.9272952180016122,224.0,16.40625,31.25,6.629,0.7853981633974483,183.0,3.90625,25.0,7.967,-2.9441970937399127,232.0,5.46875,32.03125,8.304,2.4227626539681686,192.0,20.3125,26.5625,8.593,0.0
192,20.3125,26.5625,1.6481538144057952,2.58,0.085,7.089,149,16.40625,20.3125,7.37,-2.129395642138459,196,27.34375,27.34375,7.074,0.11065722117389565,154.0,24.21875,21.09375,6.72,-0.9505468408120752,235.0,22.65625,32.8125,6.675,1.2120256565243244,224.0,16.40625,31.25,6.101,2.2655346029916,191.0,11.71875,26.5625,8.593,3.141592653589793
193,39.84375,26.5625,1.6632496607530352,-0.742,0.494,7.261,238,40.625,33.59375,7.074,1.460139105621001,146,39.84375,19.53125,7.031,-1.5707963267948966,214.0,34.375,29.6875,6.298,2.62244653934327,170.0,45.3125,23.4375,6.298,-0.5191461142465229,215.0,47.65625,29.6875,8.414,0.3805063771123649,161.0,32.8125,21.875,8.45,-2.5535900500422257
194,157.03125,26.5625,1.7026262364148914,-1.16,-0.316,7.238,147,158.59375,19.53125,7.202,-1.3521273809209546,227,162.5,31.25,7.202,0.7086262721276703,240.0,155.46875,33.59375,7.202,1.7894652726688385,209.0,150.0,28.90625,7.411,2.819842099193151,157.0,151.5625,21.09375,7.733,-2.356194490192345,176.0,163.28125,24.21875,6.675,-0.35877067027057225
195,222.65625,26.5625,1.6996350302590104,-0.644,-0.187,7.205,231,228.125,31.25,7.202,0.7086262721276703,150,218.75,20.3125,7.37,-2.129395642138459,197.0,215.625,27.34375,7.074,3.0309354324158977,151.0,225.78125,20.3125,6.987,-1.1071487177940904,236.0,221.09375,32.8125,6.442,1.8157749899217608,180.0,230.46875,24.21875,8.156,-0.2914567944778671
196,27.34375,27.34375,1.686360373803898,2.143,0.209,7.268,243,28.90625,34.375,7.202,1.3521273809209546,235,22.65625,32.8125,7.202,2.279422598922567,214.0,34.375,29.6875,7.411,0.3217505543966422,192.0,20.3125,26.5625,7.074,-3.0309354324158977,154.0,24.21875,21.09375,6.987,-2.0344439357957027,161.0,32.8125,21.875,7.733,-0.7853981633974483
197,215.625,27.34375,1.622257065698241,-0.07,-0.173,7.475,195,222.65625,26.5625,7.074,-0.11065722117389565,150,218.75,20.3125,7.694,-1.1525719972156676,236.0,221.09375,32.8125,7.733,0.7853981633974483,230.0,210.15625,31.25,6.72,2.5213431676069717,186.0,207.8125,25.0,8.156,-2.8501358591119264,,,,,
198,253.90625,27.34375,1.6892961661728214,2.977,-0.479,6.596,221,247.65625,30.46875,6.987,2.677945044588987,160,256.25,21.09375,6.675,-1.2120256565243244,169.0,249.21875,22.65625,6.629,-2.356194490192345,211.0,260.15625,28.90625,6.442,0.24497866312686414,242.0,253.90625,33.59375,6.25,1.5707963267948966,,,,,
199,290.625,27.34375,1.6374888301507569,0.158,0.437,7.272,245,292.1875,34.375,7.202,1.3521273809209546,174,284.375,23.4375,7.37,-2.5829933382462307,153.0,290.625,20.3125,7.031,-1.5707963267948966,182.0,296.875,24.21875,6.987,-0.4636476090008061,234.0,285.9375,32.03125,6.629,2.356194490192345,223.0,298.4375,30.46875,8.414,0.3805063771123649
200,111.71875,28.125,1.6568875002325325,0.012,-0.316,7.122,156,113.28125,21.09375,7.202,-1.3521273809209546,218,105.46875,30.46875,6.675,2.782821983319221,172.0,107.03125,23.4375,6.629,-2.356194490192345,253.0,110.15625,35.9375,7.967,1.7681918866447774,187.0,119.53125,25.78125,8.156,-0.2914567944778671,233.0,116.40625,32.03125,6.101,0.6947382761967031
201,168.75,28.125,1.6713080197192802,-0.392,-0.471,7.212,158,169.53125,21.09375,7.074,-1.460139105621001,227,162.5,31.25,6.987,2.677945044588987,228.0,175.0,31.25,6.987,0.4636476090008061,185.0,175.78125,25.0,7.694,-0.4182243295792291,176.0,163.28125,24.21875,6.72,-2.5213431676069717,256.0,168.75,35.9375,7.812,1.5707963267948966
202,55.46875,28.90625,1.6433764951554453,0.542,-0.007,7.151,166,59.375,22.65625,7.37,-1.0121970114513341,247,59.375,35.15625,7.37,1.0121970114513341,203.0,62.5,28.90625,7.031,0.0,165.0,52.34375,22.65625,6.987,-2.0344439357957027,215.0,47.65625,29.6875,7.851,3.0419240010986313,244.0,52.34375,34.375,6.298,2.0899424410414196
203,62.5,28.90625,1.7023517416380383,0.156,0.009,7.021,248,66.40625,35.15625,7.37,1.0121970114513341,204,69.53125,28.90625,7.031,0.0,202.0,55.46875,28.90625,7.031,3.141592653589793,166.0,59.375,22.65625,6.987,-2.0344439357957027,247.0,59.375,35.15625,6.987,2.0344439357957027,171.0,66.40625,23.4375,6.72,-0.9505468408120752
204,69.53125,28.90625,1.670975882885478,-1.751,-0.033,7.068,249,73.4375,35.15625,7.37,1.0121970114513341,205,76.5625,28.90625,7.031,0.0,203.0,62.5,28.90625,7.031,3.141592653589793,248.0,66.40625,35.15625,6.987,2.0344439357957027,162.0,72.65625,21.875,7.694,-1.1525719972156676,171.0,66.40625,23.4375,6.298,-2.0899424410414196
205,76.5625,28.90625,1.657815800686069,-0.533,-0.024,7.241,250,80.46875,35.15625,7.37,1.0121970114513341,206,83.59375,28.90625,7.031,0.0,204.0,69.53125,28.90625,7.031,3.141592653589793,167.0,79.6875,22.65625,6.987,-1.1071487177940904,249.0,73.4375,35.15625,6.987,2.0344439357957027,162.0,72.65625,21.875,8.043,-2.0778948311872334
206,83.59375,28.90625,1.6523146124844221,0.511,-0.016,7.323,167,79.6875,22.65625,7.37,-2.129395642138459,168,87.5,22.65625,7.37,-1.0121970114513341,251.0,87.5,35.15625,7.37,1.0121970114513341,205.0,76.5625,28.90625,7.031,3.141592653589793,250.0,80.46875,35.15625,6.987,2.0344439357957027,207.0,91.40625,28.90625,7.812,0.0
207,91.40625,28.90625,1.6062668425837185,2.511,0.03,7.517,168,87.5,22.65625,7.37,-2.129395642138459,251,87.5,35.15625,7.37,2.129395642138459,252.0,94.53125,35.9375,7.694,1.1525719972156676,206.0,83.59375,28.90625,7.812,3.141592653589793,217.0,97.65625,30.46875,6.442,0.24497866312686414,155.0,94.53125,21.09375,8.414,-1.1902899496825317
208,128.125,28.90625,1.6673189955502252,0.321,0.299,7.098,163,125.78125,21.875,7.411,-1.892546881191539,225,135.15625,31.25,7.411,0.3217505543966422,254.0,130.46875,35.9375,7.411,1.2490457723982544,175.0,132.8125,24.21875,6.629,-0.7853981633974483,239.0,123.4375,33.59375,6.629,2.356194490192345,,,,,
209,150.0,28.90625,1.6830577424186755,-0.911,-0.302,7.399,173,145.3125,23.4375,7.202,-2.279422598922567,240,155.46875,33.59375,7.202,0.7086262721276703,255.0,148.4375,35.9375,7.202,1.7894652726688385,194.0,157.03125,26.5625,7.411,-0.3217505543966422,226.0,142.96875,31.25,7.411,2.819842099193151,157.0,151.5625,21.09375,7.967,-1.373400766945016
210,235.9375,28.90625,1.6536082766498388,-2.709,-0.328,7.243,180,230.46875,24.21875,7.202,-2.432966381462123,257,233.59375,35.9375,7.411,1.892546881191539,164.0,236.71875,21.875,7.074,-1.460139105621001,189.0,242.1875,25.78125,6.987,-0.4636476090008061,241.0,240.625,33.59375,6.629,0.7853981633974483,231.0,228.125,31.25,8.156,2.8501358591119264
211,260.15625,28.90625,1.5093098747421545,1.632,-0.427,7.578,237,266.40625,32.8125,7.37,0.5585993153435624,242,253.90625,33.59375,7.812,2.498091544796509,266.0,259.375,36.71875,7.851,1.6704649792860586,198.0,253.90625,27.34375,6.442,-2.896613990462929,190.0,267.96875,25.78125,8.414,-0.3805063771123649,,,,,
212,279.6875,28.90625,1.6896799963771618,2.104,0.517,6.858,174,284.375,23.4375,7.202,-0.8621700546672264,258,279.6875,35.9375,7.031,1.5707963267948966,234.0,285.9375,32.03125,6.987,0.4636476090008061,181.0,275.0,24.21875,6.629,-2.356194490192345,222.0,273.4375,30.46875,6.442,2.896613990462929,,,,,
213,0.0,29.6875,1.6294498484573816,0.381,-0.295,6.36,259,0.0,36.71875,7.031,1.5707963267948966,183,3.90625,25.0,6.101,-0.8760580505981934,232.0,5.46875,32.03125,5.949,0.40489178628508343,,,,,,,,,,,,,,,
214,34.375,29.6875,1.665031727965335,1.797,0.413,7.35,243,28.90625,34.375,7.202,2.432966381462123,238,40.625,33.59375,7.37,0.5585993153435624,196.0,27.34375,27.34375,7.411,-2.819842099193151,267.0,35.15625,37.5,7.851,1.4711276743037347,161.0,32.8125,21.875,7.967,-1.7681918866447774,193.0,39.84375,26.5625,6.298,-0.5191461142465229
215,47.65625,29.6875,1.6632619980219314,2.185,-0.437,7.577,170,45.3125,23.4375,6.675,-1.9295669970654687,202,55.46875,28.90625,7.851,-0.09966865249116202,268.0,46.875,37.5,7.851,1.6704649792860586,244.0,52.34375,34.375,6.629,0.7853981633974483,238.0,40.625,33.59375,8.043,2.6344941491974563,193.0,39.84375,26.5625,8.414,-2.761086276477428
216,181.25,29.6875,1.6272712406954304,1.503,-0.058,7.494,185,175.78125,25.0,7.202,-2.432966381462123,261,178.125,36.71875,7.694,1.9890206563741257,177.0,186.71875,24.21875,7.733,-0.7853981633974483,219.0,189.0625,30.46875,7.851,0.09966865249116202,262.0,185.15625,36.71875,8.043,1.0636978224025597,228.0,175.0,31.25,6.442,2.896613990462929
217,97.65625,30.46875,1.6523197797297533,0.724,0.014,6.932,218,105.46875,30.46875,7.812,0.0,260,102.34375,36.71875,7.812,0.9272952180016122,207.0,91.40625,28.90625,6.442,-2.896613990462929,184.0,100.78125,25.0,6.298,-1.0516502125483738,252.0,94.53125,35.9375,6.298,2.0899424410414196,,,,,
218,105.46875,30.46875,1.6802218269594091,-2.168,-0.183,7.18,172,107.03125,23.4375,7.202,-1.3521273809209546,184,100.78125,25.0,7.202,-2.279422598922567,253.0,110.15625,35.9375,7.202,0.8621700546672264,260.0,102.34375,36.71875,6.987,2.0344439357957027,217.0,97.65625,30.46875,7.812,3.141592653589793,200.0,111.71875,28.125,6.675,-0.35877067027057225
219,189.0625,30.46875,1.7048302507139277,-0.951,0.065,7.214,178,192.96875,24.21875,7.37,-1.0121970114513341,262,185.15625,36.71875,7.37,2.129395642138459,220.0,196.09375,30.46875,7.031,0.0,263.0,192.1875,36.71875,6.987,1.1071487177940904,177.0,186.71875,24.21875,6.675,-1.9295669970654687,216.0,181.25,29.6875,7.851,-3.0419240010986313
220,196.09375,30.46875,1.700681289963314,1.626,0.05,7.136,179,200.0,24.21875,7.37,-1.0121970114513341,263,192.1875,36.71875,7.37,2.129395642138459,229.0,203.125,31.25,7.074,0.11065722117389565,219.0,189.0625,30.46875,7.031,3.141592653589793,178.0,192.96875,24.21875,6.987,-2.0344439357957027,264.0,199.21875,36.71875,6.987,1.1071487177940904
221,247.65625,30.46875,1.6761717275267272,-0.855,-0.422,7.319,189,242.1875,25.78125,7.202,-2.432966381462123,272,246.875,37.5,7.074,1.6814535479687922,242.0,253.90625,33.59375,6.987,0.4636476090008061,198.0,253.90625,27.34375,6.987,-0.4636476090008061,241.0,240.625,33.59375,7.694,2.723368324010564,169.0,249.21875,22.65625,7.967,-1.373400766945016
222,273.4375,30.46875,1.6300877953287078,1.138,-0.304,7.167,190,267.96875,25.78125,7.202,-2.432966381462123,273,271.875,37.5,7.202,1.7894652726688385,237.0,266.40625,32.8125,7.411,2.819842099193151,181.0,275.0,24.21875,6.442,-1.3258176636680326,212.0,279.6875,28.90625,6.442,-0.24497866312686414,258.0,279.6875,35.9375,8.304,0.7188299996216245
223,298.4375,30.46875,1.4639693225787267,3.046,-0.461,7.325,245,292.1875,34.375,7.37,2.5829933382462307,274,299.21875,37.5,7.074,1.460139105621001,182.0,296.875,24.21875,6.442,-1.8157749899217608,199.0,290.625,27.34375,8.414,-2.761086276477428,,,,,,,,,,
224,16.40625,31.25,1.6564205524081852,0.814,0.353,6.619,275,17.96875,38.28125,7.202,1.3521273809209546,246,10.9375,35.15625,6.72,2.5213431676069717,191.0,11.71875,26.5625,6.629,-2.356194490192345,235.0,22.65625,32.8125,6.442,0.24497866312686414,192.0,20.3125,26.5625,6.101,-0.8760580505981934,,,,,
225,135.15625,31.25,1.6605169500938564,-1.746,0.184,7.232,175,132.8125,24.21875,7.411,-1.892546881191539,208,128.125,28.90625,7.411,-2.819842099193151,276.0,137.5,38.28125,7.411,1.2490457723982544,188.0,139.0625,25.78125,6.72,-0.9505468408120752,226.0,142.96875,31.25,7.812,0.0,254.0,130.46875,35.9375,6.629,2.356194490192345
226,142.96875,31.25,1.6791068307061514,-1.219,-0.221,7.291,255,148.4375,35.9375,7.202,0.7086262721276703,209,150.0,28.90625,7.411,-0.3217505543966422,188.0,139.0625,25.78125,6.72,-2.191045812777718,225.0,135.15625,31.25,7.812,3.141592653589793,269.0,141.40625,37.5,6.442,1.8157749899217608,173.0,145.3125,23.4375,8.156,-1.2793395323170296
227,162.5,31.25,1.7036645347901413,-1.645,-0.393,7.26,194,157.03125,26.5625,7.202,-2.432966381462123,240,155.46875,33.59375,7.411,2.819842099193151,176.0,163.28125,24.21875,7.074,-1.460139105621001,277.0,161.71875,38.28125,7.074,1.6814535479687922,201.0,168.75,28.125,6.987,-0.4636476090008061,256.0,168.75,35.9375,7.812,0.6435011087932844
228,175.0,31.25,1.6306618567542317,-2.024,0.508,6.767,201,168.75,28.125,6.987,-2.677945044588987,256,168.75,35.9375,7.812,2.498091544796509,216.0,181.25,29.6875,6.442,-0.24497866312686414,185.0,175.78125,25.0,6.298,-1.446441332248135,261.0,178.125,36.71875,6.298,1.0516502125483738,,,,,
229,203.125,31.25,1.668009207189875,-0.83,0.067,7.283,270,207.03125,37.5,7.37,1.0121970114513341,220,196.09375,30.46875,7.074,-3.0309354324158977,230.0,210.15625,31.25,7.031,0.0,179.0,200.0,24.21875,7.694,-1.9890206563741257,264.0,199.21875,36.71875,6.72,2.191045812777718,186.0,207.8125,25.0,7.812,-0.9272952180016122
230,210.15625,31.25,1.6901621777478681,2.7,0.038,6.827,229,203.125,31.25,7.031,3.141592653589793,270,207.03125,37.5,6.987,2.0344439357957027,265.0,214.0625,36.71875,6.72,0.9505468408120752,197.0,215.625,27.34375,6.72,-0.6202494859828215,186.0,207.8125,25.0,6.675,-1.9295669970654687,,,,,
231,228.125,31.25,1.6807458629749135,-0.725,-0.279,7.269,195,222.65625,26.5625,7.202,-2.432966381462123,236,221.09375,32.8125,7.202,2.922923707715851,257.0,233.59375,35.9375,7.202,0.7086262721276703,180.0,230.46875,24.21875,7.411,-1.2490457723982544,271.0,226.5625,37.5,6.442,1.8157749899217608,210.0,235.9375,28.90625,8.156,-0.2914567944778671
232,5.46875,32.03125,1.6585173453464699,2.734,0.401,7.128,183,3.90625,25.0,7.202,-1.7894652726688385,259,0.0,36.71875,7.202,2.432966381462123,280.0,5.46875,39.84375,7.812,1.5707963267948966,246.0,10.9375,35.15625,6.298,0.5191461142465229,191.0,11.71875,26.5625,8.304,-0.7188299996216245,213.0,0.0,29.6875,5.949,-2.7367008673047097
233,116.40625,32.03125,1.602812350076891,1.443,0.422,6.973,239,123.4375,33.59375,7.202,0.21866894587394195,278,117.96875,39.0625,7.202,1.3521273809209546,253.0,110.15625,35.9375,7.37,2.5829933382462307,187.0,119.53125,25.78125,6.987,-1.1071487177940904,200.0,111.71875,28.125,6.101,-2.44685437739309,,,,,
234,285.9375,32.03125,1.6480064196869968,1.554,0.478,6.947,258,279.6875,35.9375,7.37,2.5829933382462307,279,286.71875,39.0625,7.074,1.460139105621001,212.0,279.6875,28.90625,6.987,-2.677945044588987,245.0,292.1875,34.375,6.675,0.35877067027057225,199.0,290.625,27.34375,6.629,-0.7853981633974483,,,,,
235,22.65625,32.8125,1.7130979677571405,2.852,0.221,6.861,196,27.34375,27.34375,7.202,-0.8621700546672264,275,17.96875,38.28125,7.202,2.279422598922567,281.0,24.21875,39.84375,7.202,1.3521273809209546,192.0,20.3125,26.5625,6.675,-1.9295669970654687,243.0,28.90625,34.375,6.442,0.24497866312686414,224.0,16.40625,31.25,6.442,-2.896613990462929
236,221.09375,32.8125,1.6253438634044213,0.882,-0.313,7.304,231,228.125,31.25,7.202,-0.21866894587394195,271,226.5625,37.5,7.202,0.7086262721276703,282.0,219.53125,39.84375,7.202,1.7894652726688385,197.0,215.625,27.34375,7.733,-2.356194490192345,265.0,214.0625,36.71875,8.043,2.6344941491974563,195.0,222.65625,26.5625,6.442,-1.3258176636680326
237,266.40625,32.8125,1.639701679089913,1.248,-0.397,7.513,190,267.96875,25.78125,7.202,-1.3521273809209546,273,271.875,37.5,7.202,0.7086262721276703,211.0,260.15625,28.90625,7.37,-2.5829933382462307,222.0,273.4375,30.46875,7.411,-0.3217505543966422,286.0,265.625,40.625,7.851,1.6704649792860586,266.0,259.375,36.71875,8.043,2.6344941491974563
238,40.625,33.59375,1.6481016326675972,1.097,0.486,7.405,214,34.375,29.6875,7.37,-2.5829933382462307,268,46.875,37.5,7.37,0.5585993153435624,193.0,39.84375,26.5625,7.074,-1.6814535479687922,267.0,35.15625,37.5,6.72,2.5213431676069717,288.0,41.40625,41.40625,7.851,1.4711276743037347,215.0,47.65625,29.6875,8.043,-0.507098504392337
239,123.4375,33.59375,1.6810045794589803,1.396,0.328,7.236,233,116.40625,32.03125,7.202,-2.922923707715851,283,125.0,40.625,7.202,1.3521273809209546,254.0,130.46875,35.9375,7.411,0.3217505543966422,278.0,117.96875,39.0625,7.733,2.356194490192345,208.0,128.125,28.90625,6.629,-0.7853981633974483,,,,,
240,155.46875,33.59375,1.7009479695427028,-0.895,-0.333,7.373,194,157.03125,26.5625,7.202,-1.3521273809209546,209,150.0,28.90625,7.202,-2.432966381462123,284.0,153.90625,40.625,7.202,1.7894652726688385,227.0,162.5,31.25,7.411,-0.3217505543966422,255.0,148.4375,35.9375,7.411,2.819842099193151,277.0,161.71875,38.28125,7.812,0.6435011087932844
241,240.625,33.59375,1.6888486147295965,-1.193,-0.356,7.506,272,246.875,37.5,7.37,0.5585993153435624,257,233.59375,35.9375,7.411,2.819842099193151,221.0,247.65625,30.46875,7.694,-0.4182243295792291,210.0,235.9375,28.90625,6.629,-2.356194490192345,189.0,242.1875,25.78125,7.967,-1.373400766945016,294.0,239.0625,41.40625,7.967,1.7681918866447774
242,253.90625,33.59375,1.599770085396638,-2.815,0.513,7.077,285,253.125,40.625,7.074,1.6814535479687922,221,247.65625,30.46875,6.987,-2.677945044588987,211.0,260.15625,28.90625,7.812,-0.6435011087932844,272.0,246.875,37.5,8.043,2.6344941491974563,266.0,259.375,36.71875,6.298,0.5191461142465229,198.0,253.90625,27.34375,6.25,-1.5707963267948966
243,28.90625,34.375,1.6942342877312244,1.466,0.305,7.04,196,27.34375,27.34375,7.202,-1.7894652726688385,214,34.375,29.6875,7.202,-0.7086262721276703,287.0,30.46875,41.40625,7.202,1.3521273809209546,281.0,24.21875,39.84375,7.202,2.279422598922567,267.0,35.15625,37.5,6.987,0.4636476090008061,235.0,22.65625,32.8125,6.442,-2.896613990462929
244,52.34375,34.375,1.6595942285516512,-0.087,0.082,6.742,289,54.6875,41.40625,7.411,1.2490457723982544,247,59.375,35.15625,7.074,0.11065722117389565,215.0,47.65625,29.6875,6.629,-2.356194490192345,202.0,55.46875,28.90625,6.298,-1.0516502125483738,268.0,46.875,37.5,6.298,2.62244653934327,,,,,
245,292.1875,34.375,1.6872782538762872,1.21,0.367,7.224,199,290.625,27.34375,7.202,-1.7894652726688385,279,286.71875,39.0625,7.202,2.432966381462123,295.0,293.75,41.40625,7.202,1.3521273809209546,223.0,298.4375,30.46875,7.37,-0.5585993153435624,274.0,299.21875,37.5,7.694,0.4182243295792291,234.0,285.9375,32.03125,6.675,-2.782821983319221
246,10.9375,35.15625,1.6199570984880938,-0.093,0.437,7.418,280,5.46875,39.84375,7.202,2.432966381462123,275,17.96875,38.28125,7.694,0.4182243295792291,224.0,16.40625,31.25,6.72,-0.6202494859828215,299.0,12.5,42.96875,7.967,1.373400766945016,232.0,5.46875,32.03125,6.298,-2.62244653934327,191.0,11.71875,26.5625,8.629,-1.4801364395941514
247,59.375,35.15625,1.6502648104540185,-2.538,0.032,7.21,202,55.46875,28.90625,7.37,-2.129395642138459,244,52.34375,34.375,7.074,-3.0309354324158977,248.0,66.40625,35.15625,7.031,0.0,203.0,62.5,28.90625,6.987,-1.1071487177940904,290.0,62.5,41.40625,6.987,1.1071487177940904,289.0,54.6875,41.40625,7.812,2.214297435588181
248,66.40625,35.15625,1.6808448480545393,3.141,-0.001,7.129,203,62.5,28.90625,7.37,-2.129395642138459,290,62.5,41.40625,7.37,2.129395642138459,249.0,73.4375,35.15625,7.031,0.0,247.0,59.375,35.15625,7.031,3.141592653589793,204.0,69.53125,28.90625,6.987,-1.1071487177940904,291.0,69.53125,41.40625,6.987,1.1071487177940904
249,73.4375,35.15625,1.6971656956617067,3.141,-0.001,7.129,204,69.53125,28.90625,7.37,-2.129395642138459,291,69.53125,41.40625,7.37,2.129395642138459,250.0,80.46875,35.15625,7.031,0.0,248.0,66.40625,35.15625,7.031,3.141592653589793,205.0,76.5625,28.90625,6.987,-1.1071487177940904,292.0,76.5625,41.40625,6.987,1.1071487177940904
250,80.46875,35.15625,1.7114784016648104,3.141,-0.001,7.129,205,76.5625,28.90625,7.37,-2.129395642138459,292,76.5625,41.40625,7.37,2.129395642138459,251.0,87.5,35.15625,7.031,0.0,249.0,73.4375,35.15625,7.031,3.141592653589793,206.0,83.59375,28.90625,6.987,-1.1071487177940904,293.0,83.59375,41.40625,6.987,1.1071487177940904
251,87.5,35.15625,1.6642637349197578,2.206,0.041,7.318,206,83.59375,28.90625,7.37,-2.129395642138459,207,91.40625,28.90625,7.37,-1.0121970114513341,293.0,83.59375,41.40625,7.37,2.129395642138459,252.0,94.53125,35.9375,7.074,0.11065722117389565,250.0,80.46875,35.15625,7.031,3.141592653589793,296.0,90.625,42.1875,7.694,1.1525719972156676
252,94.53125,35.9375,1.68718133481205,-0.817,0.052,7.276,297,98.4375,42.1875,7.37,1.0121970114513341,296,90.625,42.1875,7.37,2.129395642138459,251.0,87.5,35.15625,7.074,-3.0309354324158977,207.0,91.40625,28.90625,7.694,-1.9890206563741257,260.0,102.34375,36.71875,7.851,0.09966865249116202,217.0,97.65625,30.46875,6.298,-1.0516502125483738
253,110.15625,35.9375,1.6576398278425697,-0.941,-0.414,7.827,218,105.46875,30.46875,7.202,-2.279422598922567,233,116.40625,32.03125,7.37,-0.5585993153435624,260.0,102.34375,36.71875,7.851,3.0419240010986313,200.0,111.71875,28.125,7.967,-1.373400766945016,312.0,112.5,43.75,8.156,1.2793395323170296,278.0,117.96875,39.0625,8.414,0.3805063771123649
254,130.46875,35.9375,1.6944803254614393,-2.318,0.274,7.246,283,125.0,40.625,7.202,2.432966381462123,208,128.125,28.90625,7.411,-1.892546881191539,276.0,137.5,38.28125,7.411,0.3217505543966422,239.0,123.4375,33.59375,7.411,-2.819842099193151,301.0,132.8125,42.96875,7.411,1.2490457723982544,225.0,135.15625,31.25,6.629,-0.7853981633974483
255,148.4375,35.9375,1.685679678088283,-1.842,-0.306,7.237,209,150.0,28.90625,7.202,-1.3521273809209546,226,142.96875,31.25,7.202,-2.432966381462123,269.0,141.40625,37.5,7.202,2.922923707715851,284.0,153.90625,40.625,7.202,0.7086262721276703,302.0,146.875,42.96875,7.202,1.7894652726688385,240.0,155.46875,33.59375,7.411,-0.3217505543966422
256,168.75,35.9375,1.5787870346651112,-2.506,-0.5,7.652,277,161.71875,38.28125,7.411,2.819842099193151,303,166.40625,42.96875,7.411,1.892546881191539,227.0,162.5,31.25,7.812,-2.498091544796509,201.0,168.75,28.125,7.812,-1.5707963267948966,228.0,175.0,31.25,7.812,-0.6435011087932844,,,,,
257,233.59375,35.9375,1.6648744239879358,-2.647,-0.257,7.395,231,228.125,31.25,7.202,-2.432966381462123,271,226.5625,37.5,7.202,2.922923707715851,210.0,235.9375,28.90625,7.411,-1.2490457723982544,241.0,240.625,33.59375,7.411,-0.3217505543966422,310.0,231.25,42.96875,7.411,1.892546881191539,294.0,239.0625,41.40625,7.733,0.7853981633974483
258,279.6875,35.9375,1.650309730858756,0.932,-0.515,7.284,311,281.25,42.96875,7.202,1.3521273809209546,234,285.9375,32.03125,7.37,-0.5585993153435624,212.0,279.6875,28.90625,7.031,-1.5707963267948966,279.0,286.71875,39.0625,7.694,0.4182243295792291,273.0,271.875,37.5,7.967,2.9441970937399127,298.0,278.125,42.1875,6.442,1.8157749899217608
259,0.0,36.71875,1.6389001428600187,-0.095,-0.328,7.086,232,5.46875,32.03125,7.202,-0.7086262721276703,213,0.0,29.6875,7.031,-1.5707963267948966,314.0,0.0,44.53125,7.812,1.5707963267948966,280.0,5.46875,39.84375,6.298,0.5191461142465229,,,,,,,,,,
260,102.34375,36.71875,1.659068718220703,-2.569,-0.004,7.368,218,105.46875,30.46875,6.987,-1.1071487177940904,300,105.46875,42.96875,6.987,1.1071487177940904,297.0,98.4375,42.1875,6.72,2.191045812777718,217.0,97.65625,30.46875,7.812,-2.214297435588181,253.0,110.15625,35.9375,7.851,-0.09966865249116202,252.0,94.53125,35.9375,7.851,-3.0419240010986313
261,178.125,36.71875,1.6623861007351386,-0.048,-0.001,7.076,304,174.21875,42.96875,7.37,2.129395642138459,262,185.15625,36.71875,7.031,0.0,305.0,181.25,42.96875,6.987,1.1071487177940904,216.0,181.25,29.6875,7.694,-1.1525719972156676,228.0,175.0,31.25,6.298,-2.0899424410414196,,,,,
262,185.15625,36.71875,1.6843275558785418,2.656,0.024,7.305,219,189.0625,30.46875,7.37,-1.0121970114513341,305,181.25,42.96875,7.37,2.129395642138459,263.0,192.1875,36.71875,7.031,0.0,261.0,178.125,36.71875,7.031,3.141592653589793,306.0,188.28125,42.96875,6.987,1.1071487177940904,216.0,181.25,29.6875,8.043,-2.0778948311872334
263,192.1875,36.71875,1.7142335650064655,-0.512,0.015,7.193,220,196.09375,30.46875,7.37,-1.0121970114513341,306,188.28125,42.96875,7.37,2.129395642138459,307.0,196.09375,42.96875,7.37,1.0121970114513341,262.0,185.15625,36.71875,7.031,3.141592653589793,264.0,199.21875,36.71875,7.031,0.0,219.0,189.0625,30.46875,6.987,-2.0344439357957027
264,199.21875,36.71875,1.669278057702887,0.563,0.027,7.158,308,203.125,42.96875,7.37,1.0121970114513341,263,192.1875,36.71875,7.031,3.141592653589793,307.0,196.09375,42.96875,6.987,2.0344439357957027,220.0,196.09375,30.46875,6.987,-2.0344439357957027,229.0,203.125,31.25,6.72,-0.9505468408120752,270.0,207.03125,37.5,7.851,0.09966865249116202
265,214.0625,36.71875,1.6832679830599857,1.53,-0.05,7.2,309,210.15625,42.96875,7.37,2.129395642138459,270,207.03125,37.5,7.074,3.0309354324158977,313.0,217.1875,43.75,7.694,1.1525719972156676,230.0,210.15625,31.25,6.72,-2.191045812777718,236.0,221.09375,32.8125,8.043,-0.507098504392337,282.0,219.53125,39.84375,6.298,0.5191461142465229
266,259.375,36.71875,1.6256320035793566,0.668,-0.506,7.457,285,253.125,40.625,7.37,2.5829933382462307,286,265.625,40.625,7.37,0.5585993153435624,319.0,259.375,44.53125,7.812,1.5707963267948966,211.0,260.15625,28.90625,7.851,-1.4711276743037347,237.0,266.40625,32.8125,8.043,-0.507098504392337,242.0,253.90625,33.59375,6.298,-2.62244653934327
267,35.15625,37.5,1.6776889630388974,2.171,0.458,7.14,288,41.40625,41.40625,7.37,0.5585993153435624,243,28.90625,34.375,6.987,-2.677945044588987,238.0,40.625,33.59375,6.72,-0.6202494859828215,323.0,35.15625,45.3125,7.812,1.5707963267948966,214.0,34.375,29.6875,7.851,-1.6704649792860586,287.0,30.46875,41.40625,6.101,2.44685437739309
268,46.875,37.5,1.6749115325309742,-2.577,0.429,7.054,238,40.625,33.59375,7.37,-2.5829933382462307,315,46.875,44.53125,7.031,1.5707963267948966,288.0,41.40625,41.40625,6.72,2.5213431676069717,215.0,47.65625,29.6875,7.851,-1.4711276743037347,244.0,52.34375,34.375,6.298,-0.5191461142465229,,,,,
269,141.40625,37.5,1.373089646233951,0.283,-0.372,7.383,255,148.4375,35.9375,7.202,-0.21866894587394195,302,146.875,42.96875,7.733,0.7853981633974483,226.0,142.96875,31.25,6.442,-1.3258176636680326,325.0,139.0625,45.3125,8.156,1.8622531212727638,,,,,,,,,,
270,207.03125,37.5,1.6554931974415255,-2.13,-0.002,7.05,229,203.125,31.25,7.37,-2.129395642138459,265,214.0625,36.71875,7.074,-0.11065722117389565,230.0,210.15625,31.25,6.987,-1.1071487177940904,308.0,203.125,42.96875,6.72,2.191045812777718,264.0,199.21875,36.71875,7.851,-3.0419240010986313,309.0,210.15625,42.96875,6.298,1.0516502125483738
271,226.5625,37.5,1.6829828785215206,2.263,-0.258,7.145,236,221.09375,32.8125,7.202,-2.432966381462123,257,233.59375,35.9375,7.202,-0.21866894587394195,310.0,231.25,42.96875,7.202,0.8621700546672264,282.0,219.53125,39.84375,7.411,2.819842099193151,317.0,224.21875,44.53125,7.411,1.892546881191539,231.0,228.125,31.25,6.442,-1.3258176636680326
272,246.875,37.5,1.6818865239526355,-0.5,0.443,7.301,241,240.625,33.59375,7.37,-2.5829933382462307,221,247.65625,30.46875,7.074,-1.460139105621001,318.0,246.875,44.53125,7.031,1.5707963267948966,285.0,253.125,40.625,6.987,0.4636476090008061,242.0,253.90625,33.59375,8.043,-0.507098504392337,,,,,
273,271.875,37.5,1.6878504939441312,0.751,-0.356,7.374,222,273.4375,30.46875,7.202,-1.3521273809209546,237,266.40625,32.8125,7.202,-2.432966381462123,320.0,271.09375,44.53125,7.074,1.6814535479687922,286.0,265.625,40.625,6.987,2.677945044588987,298.0,278.125,42.1875,7.812,0.6435011087932844,258.0,279.6875,35.9375,7.967,-0.19739555984988075
274,299.21875,37.5,1.6277299110671362,3.043,-0.381,7.13,223,298.4375,30.46875,7.074,-1.6814535479687922,321,299.21875,44.53125,7.031,1.5707963267948966,245.0,292.1875,34.375,7.694,-2.723368324010564,295.0,293.75,41.40625,6.72,2.5213431676069717,,,,,,,,,,
275,17.96875,38.28125,1.6520887332335348,-1.761,0.299,7.157,224,16.40625,31.25,7.202,-1.7894652726688385,235,22.65625,32.8125,7.202,-0.8621700546672264,322.0,19.53125,45.3125,7.202,1.3521273809209546,299.0,12.5,42.96875,7.202,2.432966381462123,246.0,10.9375,35.15625,7.694,-2.723368324010564,281.0,24.21875,39.84375,6.442,0.24497866312686414
276,137.5,38.28125,1.4041681310013991,2.907,0.409,7.163,325,139.0625,45.3125,7.202,1.3521273809209546,225,135.15625,31.25,7.411,-1.892546881191539,254.0,130.46875,35.9375,7.411,-2.819842099193151,301.0,132.8125,42.96875,6.629,2.356194490192345,,,,,,,,,,
277,161.71875,38.28125,1.6436631806033808,3.081,-0.311,7.293,256,168.75,35.9375,7.411,-0.3217505543966422,227,162.5,31.25,7.074,-1.460139105621001,240.0,155.46875,33.59375,7.812,-2.498091544796509,316.0,159.375,44.53125,6.675,1.9295669970654687,303.0,166.40625,42.96875,6.629,0.7853981633974483,284.0,153.90625,40.625,8.156,2.8501358591119264
278,117.96875,39.0625,1.6227659891086939,-1.094,0.278,7.405,233,116.40625,32.03125,7.202,-1.7894652726688385,283,125.0,40.625,7.202,0.21866894587394195,312.0,112.5,43.75,7.202,2.432966381462123,239.0,123.4375,33.59375,7.733,-0.7853981633974483,324.0,120.3125,45.3125,6.675,1.2120256565243244,253.0,110.15625,35.9375,8.414,-2.761086276477428
279,286.71875,39.0625,1.6652276125459047,-1.021,0.366,7.091,245,292.1875,34.375,7.202,-0.7086262721276703,295,293.75,41.40625,7.411,0.3217505543966422,234.0,285.9375,32.03125,7.074,-1.6814535479687922,258.0,279.6875,35.9375,7.694,-2.723368324010564,311.0,281.25,42.96875,6.72,2.5213431676069717,326.0,288.28125,45.3125,6.442,1.3258176636680326
280,5.46875,39.84375,1.643158419859244,-0.373,0.392,7.27,246,10.9375,35.15625,7.202,-0.7086262721276703,314,0.0,44.53125,7.202,2.432966381462123,327.0,7.8125,46.875,7.411,1.2490457723982544,299.0,12.5,42.96875,7.694,0.4182243295792291,232.0,5.46875,32.03125,7.812,-1.5707963267948966,259.0,0.0,36.71875,6.298,-2.62244653934327
281,24.21875,39.84375,1.6775879320248466,-0.3,0.217,7.151,235,22.65625,32.8125,7.202,-1.7894652726688385,243,28.90625,34.375,7.202,-0.8621700546672264,322.0,19.53125,45.3125,7.202,2.279422598922567,275.0,17.96875,38.28125,6.442,-2.896613990462929,287.0,30.46875,41.40625,6.442,0.24497866312686414,330.0,27.34375,47.65625,8.414,1.1902899496825317
282,219.53125,39.84375,1.4219483495854666,-0.823,-0.521,6.885,236,221.09375,32.8125,7.202,-1.3521273809209546,271,226.5625,37.5,7.411,-0.3217505543966422,317.0,224.21875,44.53125,6.629,0.7853981633974483,265.0,214.0625,36.71875,6.298,-2.62244653934327,,,,,,,,,,
283,125.0,40.625,1.6545672895411725,0.64,0.269,7.3,239,123.4375,33.59375,7.202,-1.7894652726688385,254,130.46875,35.9375,7.202,-0.7086262721276703,278.0,117.96875,39.0625,7.202,-2.922923707715851,333.0,127.34375,47.65625,7.411,1.2490457723982544,324.0,120.3125,45.3125,6.629,2.356194490192345,301.0,132.8125,42.96875,8.156,0.2914567944778671
284,153.90625,40.625,1.660218070349461,-1.686,-0.319,7.475,240,155.46875,33.59375,7.202,-1.3521273809209546,255,148.4375,35.9375,7.202,-2.432966381462123,302.0,146.875,42.96875,7.411,2.819842099193151,316.0,159.375,44.53125,6.72,0.6202494859828215,277.0,161.71875,38.28125,8.156,-0.2914567944778671,340.0,151.5625,48.4375,8.156,1.8622531212727638
285,253.125,40.625,1.6869475563632381,0.946,-0.522,7.33,266,259.375,36.71875,7.37,-0.5585993153435624,318,246.875,44.53125,7.37,2.5829933382462307,319.0,259.375,44.53125,7.37,0.5585993153435624,242.0,253.90625,33.59375,7.074,-1.460139105621001,272.0,246.875,37.5,6.987,-2.677945044588987,341.0,253.125,48.4375,7.812,1.5707963267948966
286,265.625,40.625,1.7018331988521445,1.48,-0.464,7.358,266,259.375,36.71875,7.37,-2.5829933382462307,319,259.375,44.53125,7.37,2.5829933382462307,273.0,271.875,37.5,6.987,-0.4636476090008061,320.0,271.09375,44.53125,6.72,0.6202494859828215,237.0,266.40625,32.8125,7.851,-1.4711276743037347,342.0,264.84375,48.4375,7.851,1.6704649792860586
287,30.46875,41.40625,1.6062172523170657,-1.864,0.345,6.567,243,28.90625,34.375,7.202,-1.7894652726688385,330,27.34375,47.65625,6.987,2.0344439357957027,281.0,24.21875,39.84375,6.442,-2.896613990462929,267.0,35.15625,37.5,6.101,-0.6947382761967031,323.0,35.15625,45.3125,6.101,0.6947382761967031,,,,,
288,41.40625,41.40625,1.6487438469348636,-2.527,0.49,7.107,267,35.15625,37.5,7.37,-2.5829933382462307,323,35.15625,45.3125,7.37,2.5829933382462307,335.0,41.40625,48.4375,7.031,1.5707963267948966,268.0,46.875,37.5,6.72,-0.6202494859828215,238.0,40.625,33.59375,7.851,-1.6704649792860586,315.0,46.875,44.53125,6.298,0.5191461142465229
289,54.6875,41.40625,1.6255349664585421,0.555,-0.041,7.597,244,52.34375,34.375,7.411,-1.892546881191539,336,52.34375,48.4375,7.411,1.892546881191539,328.0,58.59375,46.875,6.72,0.9505468408120752,247.0,59.375,35.15625,7.812,-0.9272952180016122,290.0,62.5,41.40625,7.812,0.0,315.0,46.875,44.53125,8.414,2.761086276477428
290,62.5,41.40625,1.6322375523757604,-1.61,0.032,7.036,248,66.40625,35.15625,7.37,-1.0121970114513341,291,69.53125,41.40625,7.031,0.0,247.0,59.375,35.15625,6.987,-2.0344439357957027,328.0,58.59375,46.875,6.72,2.191045812777718,289.0,54.6875,41.40625,7.812,3.141592653589793,329.0,65.625,46.875,6.298,1.0516502125483738
291,69.53125,41.40625,1.6497926275302743,-1.199,0.025,7.085,249,73.4375,35.15625,7.37,-1.0121970114513341,331,73.4375,47.65625,7.37,1.0121970114513341,292.0,76.5625,41.40625,7.031,0.0,290.0,62.5,41.40625,7.031,3.141592653589793,248.0,66.40625,35.15625,6.987,-2.0344439357957027,329.0,65.625,46.875,6.72,2.191045812777718
292,76.5625,41.40625,1.6912002918011069,0.511,0.016,7.065,250,80.46875,35.15625,7.37,-1.0121970114513341,291,69.53125,41.40625,7.031,3.141592653589793,293.0,83.59375,41.40625,7.031,0.0,249.0,73.4375,35.15625,6.987,-2.0344439357957027,331.0,73.4375,47.65625,6.987,2.0344439357957027,332.0,79.6875,47.65625,6.987,1.1071487177940904
293,83.59375,41.40625,1.6621265359185415,1.919,0.057,7.254,251,87.5,35.15625,7.37,-1.0121970114513341,332,79.6875,47.65625,7.37,2.129395642138459,296.0,90.625,42.1875,7.074,0.11065722117389565,292.0,76.5625,41.40625,7.031,3.141592653589793,250.0,80.46875,35.15625,6.987,-2.0344439357957027,337.0,86.71875,48.4375,7.694,1.1525719972156676
294,239.0625,41.40625,1.6182054187607837,-2.428,-0.331,7.751,257,233.59375,35.9375,7.733,-2.356194490192345,334,241.40625,47.65625,6.675,1.2120256565243244,310.0,231.25,42.96875,7.967,2.9441970937399127,241.0,240.625,33.59375,7.967,-1.373400766945016,318.0,246.875,44.53125,8.414,0.3805063771123649,,,,,
295,293.75,41.40625,1.6747312033243242,-1.929,0.479,6.87,245,292.1875,34.375,7.202,-1.7894652726688385,279,286.71875,39.0625,7.411,-2.819842099193151,274.0,299.21875,37.5,6.72,-0.6202494859828215,326.0,288.28125,45.3125,6.72,2.5213431676069717,321.0,299.21875,44.53125,6.298,0.5191461142465229,,,,,
296,90.625,42.1875,1.690552725338676,-0.936,0.041,7.448,252,94.53125,35.9375,7.37,-1.0121970114513341,337,86.71875,48.4375,7.37,2.129395642138459,338.0,94.53125,48.4375,7.37,1.0121970114513341,293.0,83.59375,41.40625,7.074,-3.0309354324158977,251.0,87.5,35.15625,7.694,-1.9890206563741257,297.0,98.4375,42.1875,7.812,0.0
297,98.4375,42.1875,1.6655167324898932,1.765,0.044,7.222,252,94.53125,35.9375,7.37,-2.129395642138459,338,94.53125,48.4375,7.37,2.129395642138459,300.0,105.46875,42.96875,7.074,0.11065722117389565,339.0,101.5625,48.4375,6.987,1.1071487177940904,260.0,102.34375,36.71875,6.72,-0.9505468408120752,296.0,90.625,42.1875,7.812,3.141592653589793
298,278.125,42.1875,1.3805844686781663,-2.981,-0.481,7.027,320,271.09375,44.53125,7.411,2.819842099193151,273,271.875,37.5,7.812,-2.498091544796509,258.0,279.6875,35.9375,6.442,-1.3258176636680326,343.0,276.5625,48.4375,6.442,1.8157749899217608,,,,,,,,,,
299,12.5,42.96875,1.6590600868733834,-0.737,0.327,7.298,275,17.96875,38.28125,7.202,-0.7086262721276703,322,19.53125,45.3125,7.411,0.3217505543966422,354.0,14.84375,50.0,7.411,1.2490457723982544,280.0,5.46875,39.84375,7.694,-2.723368324010564,246.0,10.9375,35.15625,7.967,-1.7681918866447774,327.0,7.8125,46.875,6.101,2.44685437739309
300,105.46875,42.96875,1.6387832305605143,-2.538,0.083,7.215,312,112.5,43.75,7.074,0.11065722117389565,297,98.4375,42.1875,7.074,-3.0309354324158977,260.0,102.34375,36.71875,6.987,-2.0344439357957027,344.0,108.59375,49.21875,6.987,1.1071487177940904,339.0,101.5625,48.4375,6.72,2.191045812777718,253.0,110.15625,35.9375,8.45,-0.982793723247329
301,132.8125,42.96875,1.6544473694175168,2.955,0.311,7.191,333,127.34375,47.65625,7.202,2.432966381462123,254,130.46875,35.9375,7.411,-1.892546881191539,356.0,133.59375,50.0,7.074,1.460139105621001,325.0,139.0625,45.3125,6.675,0.35877067027057225,276.0,137.5,38.28125,6.629,-0.7853981633974483,283.0,125.0,40.625,8.156,-2.8501358591119264
302,146.875,42.96875,1.6373277243157602,2.954,-0.275,7.358,255,148.4375,35.9375,7.202,-1.3521273809209546,340,151.5625,48.4375,7.202,0.8621700546672264,284.0,153.90625,40.625,7.411,-0.3217505543966422,269.0,141.40625,37.5,7.733,-2.356194490192345,345.0,145.3125,49.21875,6.442,1.8157749899217608,325.0,139.0625,45.3125,8.156,2.8501358591119264
303,166.40625,42.96875,1.6741591169810024,1.833,-0.172,7.38,316,159.375,44.53125,7.202,2.922923707715851,256,168.75,35.9375,7.411,-1.2490457723982544,357.0,164.0625,50.0,7.411,1.892546881191539,304.0,174.21875,42.96875,7.812,0.0,346.0,171.09375,49.21875,7.812,0.9272952180016122,277.0,161.71875,38.28125,6.629,-2.356194490192345
304,174.21875,42.96875,1.6612891868356512,0.97,-0.015,7.314,261,178.125,36.71875,7.37,-1.0121970114513341,347,178.125,49.21875,7.37,1.0121970114513341,305.0,181.25,42.96875,7.031,0.0,346.0,171.09375,49.21875,6.987,2.0344439357957027,303.0,166.40625,42.96875,7.812,3.141592653589793,,,,,
305,181.25,42.96875,1.7074653666143655,0.0,-0.001,7.129,262,185.15625,36.71875,7.37,-1.0121970114513341,348,185.15625,49.21875,7.37,1.0121970114513341,306.0,188.28125,42.96875,7.031,0.0,304.0,174.21875,42.96875,7.031,3.141592653589793,261.0,178.125,36.71875,6.987,-2.0344439357957027,347.0,178.125,49.21875,6.987,2.0344439357957027
306,188.28125,42.96875,1.6738012677953515,0.0,-0.001,7.259,263,192.1875,36.71875,7.37,-1.0121970114513341,349,192.1875,49.21875,7.37,1.0121970114513341,305.0,181.25,42.96875,7.031,3.141592653589793,262.0,185.15625,36.71875,6.987,-2.0344439357957027,348.0,185.15625,49.21875,6.987,2.0344439357957027,307.0,196.09375,42.96875,7.812,0.0
307,196.09375,42.96875,1.6776765431903573,3.141,-0.001,7.259,263,192.1875,36.71875,7.37,-2.129395642138459,349,192.1875,49.21875,7.37,2.129395642138459,308.0,203.125,42.96875,7.031,0.0,264.0,199.21875,36.71875,6.987,-1.1071487177940904,350.0,199.21875,49.21875,6.987,1.1071487177940904,306.0,188.28125,42.96875,7.812,3.141592653589793
308,203.125,42.96875,1.7038813746334656,1.943,0.025,7.085,264,199.21875,36.71875,7.37,-2.129395642138459,350,199.21875,49.21875,7.37,2.129395642138459,309.0,210.15625,42.96875,7.031,0.0,307.0,196.09375,42.96875,7.031,3.141592653589793,351.0,206.25,49.21875,6.987,1.1071487177940904,270.0,207.03125,37.5,6.72,-0.9505468408120752
309,210.15625,42.96875,1.656711416699726,1.953,0.04,7.022,265,214.0625,36.71875,7.37,-1.0121970114513341,351,206.25,49.21875,7.37,2.129395642138459,313.0,217.1875,43.75,7.074,0.11065722117389565,308.0,203.125,42.96875,7.031,3.141592653589793,352.0,213.28125,49.21875,6.987,1.1071487177940904,270.0,207.03125,37.5,6.298,-2.0899424410414196
310,231.25,42.96875,1.687579686015602,2.794,-0.159,7.474,271,226.5625,37.5,7.202,-2.279422598922567,317,224.21875,44.53125,7.202,2.922923707715851,353.0,235.15625,49.21875,7.37,1.0121970114513341,257.0,233.59375,35.9375,7.411,-1.2490457723982544,359.0,228.125,50.0,7.694,1.9890206563741257,294.0,239.0625,41.40625,7.967,-0.19739555984988075
311,281.25,42.96875,1.438213431631658,0.428,0.376,7.3,258,279.6875,35.9375,7.202,-1.7894652726688385,343,276.5625,48.4375,7.202,2.279422598922567,326.0,288.28125,45.3125,7.411,0.3217505543966422,279.0,286.71875,39.0625,6.72,-0.6202494859828215,362.0,282.8125,50.78125,7.967,1.373400766945016,,,,,
312,112.5,43.75,1.633089815251858,0.518,0.169,7.351,278,117.96875,39.0625,7.202,-0.7086262721276703,300,105.46875,42.96875,7.074,-3.0309354324158977,355.0,115.625,50.0,6.987,1.1071487177940904,344.0,108.59375,49.21875,6.72,2.191045812777718,324.0,120.3125,45.3125,7.967,0.19739555984988075,253.0,110.15625,35.9375,8.156,-1.8622531212727638
313,217.1875,43.75,1.4818162089166036,2.119,0.095,7.186,358,221.09375,50.0,7.37,1.0121970114513341,309,210.15625,42.96875,7.074,-3.0309354324158977,317.0,224.21875,44.53125,7.074,0.11065722117389565,265.0,214.0625,36.71875,7.694,-1.9890206563741257,352.0,213.28125,49.21875,6.72,2.191045812777718,,,,,
314,0.0,44.53125,1.6070708218384084,-0.209,0.472,7.716,280,5.46875,39.84375,7.202,-0.7086262721276703,363,3.125,51.5625,7.694,1.1525719972156676,259.0,0.0,36.71875,7.812,-1.5707963267948966,327.0,7.8125,46.875,8.156,0.2914567944778671,,,,,,,,,,
315,46.875,44.53125,1.6633598506754708,1.067,-0.519,7.172,268,46.875,37.5,7.031,-1.5707963267948966,335,41.40625,48.4375,6.72,2.5213431676069717,336.0,52.34375,48.4375,6.72,0.6202494859828215,368.0,47.65625,52.34375,7.851,1.4711276743037347,288.0,41.40625,41.40625,6.298,-2.62244653934327,289.0,54.6875,41.40625,8.414,-0.3805063771123649
316,159.375,44.53125,1.6828565202227521,-0.006,-0.3,6.848,357,164.0625,50.0,7.202,0.8621700546672264,303,166.40625,42.96875,7.202,-0.21866894587394195,284.0,153.90625,40.625,6.72,-2.5213431676069717,277.0,161.71875,38.28125,6.675,-1.2120256565243244,361.0,157.8125,50.78125,6.442,1.8157749899217608,,,,,
317,224.21875,44.53125,1.6362977213228467,-2.392,-0.121,6.889,310,231.25,42.96875,7.202,-0.21866894587394195,271,226.5625,37.5,7.411,-1.2490457723982544,313.0,217.1875,43.75,7.074,-3.0309354324158977,359.0,228.125,50.0,6.72,0.9505468408120752,282.0,219.53125,39.84375,6.629,-2.356194490192345,358.0,221.09375,50.0,6.298,2.0899424410414196
318,246.875,44.53125,1.6612643275557404,2.25,0.502,7.252,285,253.125,40.625,7.37,-0.5585993153435624,341,253.125,48.4375,7.37,0.5585993153435624,366.0,246.875,51.5625,7.031,1.5707963267948966,272.0,246.875,37.5,7.031,-1.5707963267948966,334.0,241.40625,47.65625,6.298,2.62244653934327,294.0,239.0625,41.40625,8.414,-2.761086276477428
319,259.375,44.53125,1.7039963257069237,2.16,-0.514,7.409,285,253.125,40.625,7.37,-2.5829933382462307,286,265.625,40.625,7.37,-0.5585993153435624,341.0,253.125,48.4375,7.37,2.5829933382462307,342.0,264.84375,48.4375,6.72,0.6202494859828215,266.0,259.375,36.71875,7.812,-1.5707963267948966,370.0,259.375,52.34375,7.812,1.5707963267948966
320,271.09375,44.53125,1.6887796124071177,0.805,-0.446,7.185,342,264.84375,48.4375,7.37,2.5829933382462307,298,278.125,42.1875,7.411,-0.3217505543966422,273.0,271.875,37.5,7.074,-1.460139105621001,286.0,265.625,40.625,6.72,-2.5213431676069717,343.0,276.5625,48.4375,6.72,0.6202494859828215,371.0,271.09375,52.34375,7.812,1.5707963267948966
321,299.21875,44.53125,1.6089584819072842,-2.711,0.0,6.542,274,299.21875,37.5,7.031,-1.5707963267948966,295,293.75,41.40625,6.298,-2.62244653934327,360.0,296.09375,50.0,6.298,2.0899424410414196,,,,,,,,,,,,,,,
322,19.53125,45.3125,1.6610935578226427,-1.124,0.261,7.335,275,17.96875,38.28125,7.202,-1.7894652726688385,281,24.21875,39.84375,7.202,-0.8621700546672264,299.0,12.5,42.96875,7.411,-2.819842099193151,367.0,21.875,52.34375,7.411,1.2490457723982544,354.0,14.84375,50.0,6.629,2.356194490192345,330.0,27.34375,47.65625,8.156,0.2914567944778671
323,35.15625,45.3125,1.6331937635428566,-1.534,-0.479,7.113,288,41.40625,41.40625,7.37,-0.5585993153435624,335,41.40625,48.4375,6.987,0.4636476090008061,267.0,35.15625,37.5,7.812,-1.5707963267948966,330.0,27.34375,47.65625,8.156,2.8501358591119264,364.0,35.15625,51.5625,6.25,1.5707963267948966,287.0,30.46875,41.40625,6.101,-2.44685437739309
324,120.3125,45.3125,1.6617068091136653,2.31,0.247,6.959,333,127.34375,47.65625,7.411,0.3217505543966422,278,117.96875,39.0625,6.675,-1.9295669970654687,283.0,125.0,40.625,6.629,-0.7853981633974483,355.0,115.625,50.0,6.629,2.356194490192345,312.0,112.5,43.75,7.967,-2.9441970937399127,365.0,121.875,51.5625,6.442,1.3258176636680326
325,139.0625,45.3125,1.6273272414040914,-2.982,0.419,7.409,276,137.5,38.28125,7.202,-1.7894652726688385,356,133.59375,50.0,7.202,2.432966381462123,345.0,145.3125,49.21875,7.37,0.5585993153435624,301.0,132.8125,42.96875,6.675,-2.782821983319221,374.0,139.84375,53.125,7.851,1.4711276743037347,269.0,141.40625,37.5,8.156,-1.2793395323170296
326,288.28125,45.3125,1.6449674271068422,-2.973,0.408,7.076,311,281.25,42.96875,7.411,-2.819842099193151,372,289.0625,52.34375,7.074,1.460139105621001,362.0,282.8125,50.78125,7.733,2.356194490192345,295.0,293.75,41.40625,6.72,-0.6202494859828215,279.0,286.71875,39.0625,6.442,-1.8157749899217608,,,,,
327,7.8125,46.875,1.6405214730810465,2.012,0.308,7.326,280,5.46875,39.84375,7.411,-1.892546881191539,354,14.84375,50.0,7.694,0.4182243295792291,363.0,3.125,51.5625,6.629,2.356194490192345,375.0,9.375,54.6875,7.967,1.373400766945016,314.0,0.0,44.53125,8.156,-2.8501358591119264,299.0,12.5,42.96875,6.101,-0.6947382761967031
328,58.59375,46.875,1.5935888677158736,-0.765,-0.063,6.857,373,62.5,53.125,7.37,1.0121970114513341,329,65.625,46.875,7.031,0.0,290.0,62.5,41.40625,6.72,-0.9505468408120752,289.0,54.6875,41.40625,6.72,-2.191045812777718,336.0,52.34375,48.4375,6.442,2.896613990462929,,,,,
329,65.625,46.875,1.700331556084724,0.53,0.007,6.935,328,58.59375,46.875,7.031,3.141592653589793,373,62.5,53.125,6.987,2.0344439357957027,369.0,69.53125,52.34375,6.72,0.9505468408120752,291.0,69.53125,41.40625,6.72,-0.9505468408120752,331.0,73.4375,47.65625,7.851,0.09966865249116202,290.0,62.5,41.40625,6.298,-2.0899424410414196
330,27.34375,47.65625,1.5986453953588355,-2.138,0.231,7.814,367,21.875,52.34375,7.202,2.432966381462123,287,30.46875,41.40625,6.987,-1.1071487177940904,381.0,28.90625,55.46875,7.967,1.373400766945016,322.0,19.53125,45.3125,8.156,-2.8501358591119264,323.0,35.15625,45.3125,8.156,-0.2914567944778671,281.0,24.21875,39.84375,8.414,-1.9513027039072615
331,73.4375,47.65625,1.625967889626429,-2.84,0.061,6.995,291,69.53125,41.40625,7.37,-2.129395642138459,377,75.78125,54.6875,7.411,1.2490457723982544,292.0,76.5625,41.40625,6.987,-1.1071487177940904,329.0,65.625,46.875,7.851,-3.0419240010986313,332.0,79.6875,47.65625,6.25,0.0,369.0,69.53125,52.34375,6.101,2.2655346029916
332,79.6875,47.65625,1.6246085304045412,1.588,0.049,7.236,293,83.59375,41.40625,7.37,-1.0121970114513341,337,86.71875,48.4375,7.074,0.11065722117389565,292.0,76.5625,41.40625,6.987,-2.0344439357957027,378.0,82.8125,54.6875,7.694,1.1525719972156676,377.0,75.78125,54.6875,8.043,2.0778948311872334,331.0,73.4375,47.65625,6.25,3.141592653589793
333,127.34375,47.65625,1.6886104846718977,3.098,0.361,7.205,301,132.8125,42.96875,7.202,-0.7086262721276703,283,125.0,40.625,7.411,-1.892546881191539,324.0,120.3125,45.3125,7.411,-2.819842099193151,365.0,121.875,51.5625,6.72,2.5213431676069717,384.0,127.34375,55.46875,7.812,1.5707963267948966,356.0,133.59375,50.0,6.675,0.35877067027057225
334,241.40625,47.65625,1.639909553589668,1.154,-0.466,6.82,366,246.875,51.5625,6.72,0.6202494859828215,294,239.0625,41.40625,6.675,-1.9295669970654687,395.0,239.84375,55.46875,7.967,1.7681918866447774,353.0,235.15625,49.21875,6.442,2.896613990462929,318.0,246.875,44.53125,6.298,-0.5191461142465229,,,,,
335,41.40625,48.4375,1.690854700777695,-2.759,0.513,7.021,368,47.65625,52.34375,7.37,0.5585993153435624,288,41.40625,41.40625,7.031,-1.5707963267948966,382.0,41.40625,55.46875,7.031,1.5707963267948966,323.0,35.15625,45.3125,6.987,-2.677945044588987,364.0,35.15625,51.5625,6.987,2.677945044588987,315.0,46.875,44.53125,6.72,-0.6202494859828215
336,52.34375,48.4375,1.5868716277045534,-1.295,-0.399,6.67,289,54.6875,41.40625,7.411,-1.2490457723982544,315,46.875,44.53125,6.72,-2.5213431676069717,376.0,54.6875,54.6875,6.675,1.2120256565243244,328.0,58.59375,46.875,6.442,-0.24497866312686414,368.0,47.65625,52.34375,6.101,2.44685437739309,,,,,
337,86.71875,48.4375,1.665293318523529,-0.936,0.041,7.448,296,90.625,42.1875,7.37,-1.0121970114513341,378,82.8125,54.6875,7.37,2.129395642138459,379.0,90.625,54.6875,7.37,1.0121970114513341,332.0,79.6875,47.65625,7.074,-3.0309354324158977,293.0,83.59375,41.40625,7.694,-1.9890206563741257,338.0,94.53125,48.4375,7.812,0.0
338,94.53125,48.4375,1.6715085089624153,2.63,0.015,7.323,296,90.625,42.1875,7.37,-2.129395642138459,297,98.4375,42.1875,7.37,-1.0121970114513341,379.0,90.625,54.6875,7.37,2.129395642138459,339.0,101.5625,48.4375,7.031,0.0,380.0,97.65625,54.6875,6.987,1.1071487177940904,337.0,86.71875,48.4375,7.812,3.141592653589793
339,101.5625,48.4375,1.6526548454850831,1.546,0.068,7.146,380,97.65625,54.6875,7.37,2.129395642138459,344,108.59375,49.21875,7.074,0.11065722117389565,338.0,94.53125,48.4375,7.031,3.141592653589793,297.0,98.4375,42.1875,6.987,-2.0344439357957027,383.0,104.6875,55.46875,7.694,1.1525719972156676,300.0,105.46875,42.96875,6.72,-0.9505468408120752
340,151.5625,48.4375,1.5347660161389605,2.508,-0.051,7.458,302,146.875,42.96875,7.202,-2.279422598922567,361,157.8125,50.78125,6.675,0.35877067027057225,400.0,153.125,56.25,7.967,1.373400766945016,284.0,153.90625,40.625,8.156,-1.2793395323170296,345.0,145.3125,49.21875,6.298,3.017237659043032,385.0,146.875,55.46875,8.45,2.158798930342464
341,253.125,48.4375,1.6518969640417935,-2.082,-0.508,7.323,318,246.875,44.53125,7.37,-2.5829933382462307,319,259.375,44.53125,7.37,-0.5585993153435624,370.0,259.375,52.34375,7.37,0.5585993153435624,396.0,253.125,55.46875,7.031,1.5707963267948966,366.0,246.875,51.5625,6.987,2.677945044588987,285.0,253.125,40.625,7.812,-1.5707963267948966
342,264.84375,48.4375,1.6778117394122642,0.029,-0.507,7.177,320,271.09375,44.53125,7.37,-0.5585993153435624,371,271.09375,52.34375,7.37,0.5585993153435624,397.0,264.84375,55.46875,7.031,1.5707963267948966,319.0,259.375,44.53125,6.72,-2.5213431676069717,370.0,259.375,52.34375,6.72,2.5213431676069717,286.0,265.625,40.625,7.851,-1.4711276743037347
343,276.5625,48.4375,1.686702019037378,-0.765,0.411,6.827,311,281.25,42.96875,7.202,-0.8621700546672264,398,278.125,55.46875,7.202,1.3521273809209546,371.0,271.09375,52.34375,6.72,2.5213431676069717,320.0,271.09375,44.53125,6.72,-2.5213431676069717,362.0,282.8125,50.78125,6.675,0.35877067027057225,298.0,278.125,42.1875,6.442,-1.3258176636680326
344,108.59375,49.21875,1.7053528584480881,1.383,0.086,7.153,383,104.6875,55.46875,7.37,2.129395642138459,355,115.625,50.0,7.074,0.11065722117389565,339.0,101.5625,48.4375,7.074,-3.0309354324158977,300.0,105.46875,42.96875,6.987,-2.0344439357957027,399.0,111.71875,56.25,7.694,1.1525719972156676,312.0,112.5,43.75,6.72,-0.9505468408120752
345,145.3125,49.21875,1.6139340085567229,-2.766,0.47,6.654,325,139.0625,45.3125,7.37,-2.5829933382462307,374,139.84375,53.125,6.72,2.5213431676069717,302.0,146.875,42.96875,6.442,-1.3258176636680326,385.0,146.875,55.46875,6.442,1.3258176636680326,340.0,151.5625,48.4375,6.298,-0.12435499454676144,,,,,
346,171.09375,49.21875,1.673646236606794,2.01,-0.058,7.264,357,164.0625,50.0,7.074,3.0309354324158977,347,178.125,49.21875,7.031,0.0,304.0,174.21875,42.96875,6.987,-1.1071487177940904,386.0,174.21875,55.46875,6.987,1.1071487177940904,401.0,167.96875,56.25,7.694,1.9890206563741257,303.0,166.40625,42.96875,7.812,-2.214297435588181
347,178.125,49.21875,1.6806753617735195,3.141,-0.001,7.129,304,174.21875,42.96875,7.37,-2.129395642138459,386,174.21875,55.46875,7.37,2.129395642138459,348.0,185.15625,49.21875,7.031,0.0,346.0,171.09375,49.21875,7.031,3.141592653589793,305.0,181.25,42.96875,6.987,-1.1071487177940904,387.0,181.25,55.46875,6.987,1.1071487177940904
348,185.15625,49.21875,1.6980886176414793,3.141,-0.001,7.129,305,181.25,42.96875,7.37,-2.129395642138459,387,181.25,55.46875,7.37,2.129395642138459,349.0,192.1875,49.21875,7.031,0.0,347.0,178.125,49.21875,7.031,3.141592653589793,306.0,188.28125,42.96875,6.987,-1.1071487177940904,388.0,188.28125,55.46875,6.987,1.1071487177940904
349,192.1875,49.21875,1.7104830091779555,0.051,-0.001,7.257,306,188.28125,42.96875,7.37,-2.129395642138459,307,196.09375,42.96875,7.37,-1.0121970114513341,389.0,196.09375,55.46875,7.37,1.0121970114513341,388.0,188.28125,55.46875,7.37,2.129395642138459,350.0,199.21875,49.21875,7.031,0.0,348.0,185.15625,49.21875,7.031,3.141592653589793
350,199.21875,49.21875,1.7104300785789364,0.0,-0.001,7.129,308,203.125,42.96875,7.37,-1.0121970114513341,390,203.125,55.46875,7.37,1.0121970114513341,351.0,206.25,49.21875,7.031,0.0,349.0,192.1875,49.21875,7.031,3.141592653589793,307.0,196.09375,42.96875,6.987,-2.0344439357957027,389.0,196.09375,55.46875,6.987,2.0344439357957027
351,206.25,49.21875,1.6829123936578734,0.0,-0.001,7.129,309,210.15625,42.96875,7.37,-1.0121970114513341,391,210.15625,55.46875,7.37,1.0121970114513341,352.0,213.28125,49.21875,7.031,0.0,350.0,199.21875,49.21875,7.031,3.141592653589793,308.0,203.125,42.96875,6.987,-2.0344439357957027,390.0,203.125,55.46875,6.987,2.0344439357957027
352,213.28125,49.21875,1.6232853348378042,0.563,0.027,7.158,392,217.1875,55.46875,7.37,1.0121970114513341,351,206.25,49.21875,7.031,3.141592653589793,391.0,210.15625,55.46875,6.987,2.0344439357957027,309.0,210.15625,42.96875,6.987,-2.0344439357957027,313.0,217.1875,43.75,6.72,-0.9505468408120752,358.0,221.09375,50.0,7.851,0.09966865249116202
353,235.15625,49.21875,1.6653993146679076,2.082,-0.135,7.137,310,231.25,42.96875,7.37,-2.129395642138459,359,228.125,50.0,7.074,3.0309354324158977,394.0,232.03125,55.46875,6.987,2.0344439357957027,395.0,239.84375,55.46875,7.812,0.9272952180016122,334.0,241.40625,47.65625,6.442,-0.24497866312686414,,,,,
354,14.84375,50.0,1.6649932132014649,-2.348,0.307,7.258,403,16.40625,57.03125,7.202,1.3521273809209546,375,9.375,54.6875,7.202,2.432966381462123,299.0,12.5,42.96875,7.411,-1.892546881191539,367.0,21.875,52.34375,7.411,0.3217505543966422,327.0,7.8125,46.875,7.694,-2.723368324010564,322.0,19.53125,45.3125,6.629,-0.7853981633974483
355,115.625,50.0,1.6656354518453267,1.204,0.134,7.033,399,111.71875,56.25,7.37,2.129395642138459,344,108.59375,49.21875,7.074,-3.0309354324158977,312.0,112.5,43.75,6.987,-2.0344439357957027,404.0,118.75,57.03125,7.694,1.1525719972156676,324.0,120.3125,45.3125,6.629,-0.7853981633974483,365.0,121.875,51.5625,6.442,0.24497866312686414
356,133.59375,50.0,1.6727406812618406,1.897,0.385,7.219,325,139.0625,45.3125,7.202,-0.7086262721276703,301,132.8125,42.96875,7.074,-1.6814535479687922,405.0,134.375,57.03125,7.074,1.460139105621001,374.0,139.84375,53.125,6.987,0.4636476090008061,333.0,127.34375,47.65625,6.675,-2.782821983319221,384.0,127.34375,55.46875,8.304,2.4227626539681686
357,164.0625,50.0,1.7095010168514375,2.829,-0.128,7.175,316,159.375,44.53125,7.202,-2.279422598922567,401,167.96875,56.25,7.37,1.0121970114513341,303.0,166.40625,42.96875,7.411,-1.2490457723982544,346.0,171.09375,49.21875,7.074,-0.11065722117389565,406.0,160.9375,57.03125,7.694,1.9890206563741257,361.0,157.8125,50.78125,6.298,3.017237659043032
358,221.09375,50.0,1.6634111539437288,-2.277,0.026,6.928,313,217.1875,43.75,7.37,-2.129395642138459,359,228.125,50.0,7.031,0.0,392.0,217.1875,55.46875,6.72,2.191045812777718,352.0,213.28125,49.21875,7.851,-3.0419240010986313,317.0,224.21875,44.53125,6.298,-1.0516502125483738,393.0,224.21875,55.46875,6.298,1.0516502125483738
359,228.125,50.0,1.681134306203508,-2.282,-0.056,6.993,353,235.15625,49.21875,7.074,-0.11065722117389565,358,221.09375,50.0,7.031,3.141592653589793,310.0,231.25,42.96875,7.694,-1.1525719972156676,317.0,224.21875,44.53125,6.72,-2.191045812777718,393.0,224.21875,55.46875,6.72,2.191045812777718,394.0,232.03125,55.46875,6.72,0.9505468408120752
360,296.09375,50.0,1.5546325782880435,1.883,-0.123,7.454,372,289.0625,52.34375,7.411,2.819842099193151,408,299.21875,57.03125,7.694,1.1525719972156676,321.0,299.21875,44.53125,6.298,-1.0516502125483738,409.0,292.96875,57.8125,8.414,1.9513027039072615,,,,,,,,,,
361,157.8125,50.78125,1.5847402538461446,1.143,0.054,6.721,400,153.125,56.25,7.202,2.279422598922567,406,160.9375,57.03125,6.987,1.1071487177940904,340.0,151.5625,48.4375,6.675,-2.782821983319221,316.0,159.375,44.53125,6.442,-1.3258176636680326,357.0,164.0625,50.0,6.298,-0.12435499454676144,,,,,
362,282.8125,50.78125,1.6644085692562072,-0.681,0.27,7.02,326,288.28125,45.3125,7.733,-0.7853981633974483,343,276.5625,48.4375,6.675,-2.782821983319221,407.0,285.15625,57.03125,6.675,1.2120256565243244,398.0,278.125,55.46875,6.629,2.356194490192345,311.0,281.25,42.96875,7.967,-1.7681918866447774,372.0,289.0625,52.34375,6.442,0.24497866312686414
363,3.125,51.5625,1.65184706542038,-0.412,0.286,6.902,375,9.375,54.6875,6.987,0.4636476090008061,314,0.0,44.53125,7.694,-1.9890206563741257,327.0,7.8125,46.875,6.629,-0.7853981633974483,402.0,0.0,57.03125,6.298,2.0899424410414196,,,,,,,,,,
364,35.15625,51.5625,1.6219455841958315,0.6,0.433,7.001,382,41.40625,55.46875,7.37,0.5585993153435624,381,28.90625,55.46875,7.37,2.5829933382462307,410.0,35.15625,58.59375,7.031,1.5707963267948966,335.0,41.40625,48.4375,6.987,-0.4636476090008061,323.0,35.15625,45.3125,6.25,-1.5707963267948966,,,,,
365,121.875,51.5625,1.6388410133039342,-1.803,0.38,6.524,333,127.34375,47.65625,6.72,-0.6202494859828215,384,127.34375,55.46875,6.72,0.6202494859828215,324.0,120.3125,45.3125,6.442,-1.8157749899217608,355.0,115.625,50.0,6.442,-2.896613990462929,404.0,118.75,57.03125,6.298,2.0899424410414196,,,,,
366,246.875,51.5625,1.6845047847987566,-0.231,-0.49,7.197,396,253.125,55.46875,7.37,0.5585993153435624,318,246.875,44.53125,7.031,-1.5707963267948966,412.0,246.875,58.59375,7.031,1.5707963267948966,341.0,253.125,48.4375,6.987,-0.4636476090008061,334.0,241.40625,47.65625,6.72,-2.5213431676069717,395.0,239.84375,55.46875,8.043,2.6344941491974563
367,21.875,52.34375,1.6679351425007158,2.63,0.34,7.332,330,27.34375,47.65625,7.202,-0.7086262721276703,403,16.40625,57.03125,7.202,2.432966381462123,354.0,14.84375,50.0,7.411,-2.819842099193151,322.0,19.53125,45.3125,7.411,-1.892546881191539,413.0,22.65625,59.375,7.074,1.460139105621001,381.0,28.90625,55.46875,7.694,0.4182243295792291
368,47.65625,52.34375,1.633752250313115,-1.873,0.461,7.125,335,41.40625,48.4375,7.37,-2.5829933382462307,376,54.6875,54.6875,7.411,0.3217505543966422,414.0,47.65625,59.375,7.031,1.5707963267948966,382.0,41.40625,55.46875,6.987,2.677945044588987,315.0,46.875,44.53125,7.851,-1.6704649792860586,336.0,52.34375,48.4375,6.101,-0.6947382761967031
369,69.53125,52.34375,1.6235555494177625,-2.658,-0.029,6.649,373,62.5,53.125,7.074,3.0309354324158977,329,65.625,46.875,6.72,-2.191045812777718,377.0,75.78125,54.6875,6.675,0.35877067027057225,411.0,67.1875,58.59375,6.675,1.9295669970654687,331.0,73.4375,47.65625,6.101,-0.8760580505981934,,,,,
370,259.375,52.34375,1.615009987801453,-2.348,-0.506,7.044,341,253.125,48.4375,7.37,-2.5829933382462307,415,258.59375,59.375,7.074,1.6814535479687922,396.0,253.125,55.46875,6.987,2.677945044588987,342.0,264.84375,48.4375,6.72,-0.6202494859828215,319.0,259.375,44.53125,7.812,-1.5707963267948966,397.0,264.84375,55.46875,6.298,0.5191461142465229
371,271.09375,52.34375,1.6744499346918957,-1.629,0.506,7.269,342,264.84375,48.4375,7.37,-2.5829933382462307,416,271.09375,59.375,7.031,1.5707963267948966,397.0,264.84375,55.46875,6.987,2.677945044588987,398.0,278.125,55.46875,7.694,0.4182243295792291,343.0,276.5625,48.4375,6.72,-0.6202494859828215,320.0,271.09375,44.53125,7.812,-1.5707963267948966
372,289.0625,52.34375,1.576289277886071,2.989,0.252,6.75,360,296.09375,50.0,7.411,-0.3217505543966422,326,288.28125,45.3125,7.074,-1.6814535479687922,409.0,292.96875,57.8125,6.72,0.9505468408120752,362.0,282.8125,50.78125,6.442,-2.896613990462929,407.0,285.15625,57.03125,6.101,2.2655346029916,,,,,
373,62.5,53.125,1.6705529027836614,0.19,-0.133,7.335,411,67.1875,58.59375,7.202,0.8621700546672264,328,58.59375,46.875,7.37,-2.129395642138459,418.0,60.15625,60.15625,7.411,1.892546881191539,369.0,69.53125,52.34375,7.074,-0.11065722117389565,329.0,65.625,46.875,6.987,-1.1071487177940904,376.0,54.6875,54.6875,7.967,2.9441970937399127
374,139.84375,53.125,1.665961957243511,-1.611,0.496,7.138,385,146.875,55.46875,7.411,0.3217505543966422,356,133.59375,50.0,6.987,-2.677945044588987,345.0,145.3125,49.21875,6.72,-0.6202494859828215,405.0,134.375,57.03125,6.72,2.5213431676069717,325.0,139.0625,45.3125,7.851,-1.6704649792860586,,,,,
375,9.375,54.6875,1.6711743413179778,0.136,0.319,7.376,354,14.84375,50.0,7.202,-0.7086262721276703,403,16.40625,57.03125,7.411,0.3217505543966422,363.0,3.125,51.5625,6.987,-2.677945044588987,417.0,5.46875,60.15625,6.72,2.191045812777718,327.0,7.8125,46.875,7.967,-1.7681918866447774,434.0,10.9375,62.5,7.967,1.373400766945016
376,54.6875,54.6875,1.6225925254552354,2.249,-0.396,7.7,368,47.65625,52.34375,7.411,-2.819842099193151,418,60.15625,60.15625,7.733,0.7853981633974483,336.0,52.34375,48.4375,6.675,-1.9295669970654687,373.0,62.5,53.125,7.967,-0.19739555984988075,437.0,53.125,62.5,7.967,1.7681918866447774,414.0,47.65625,59.375,8.45,2.5535900500422257
377,75.78125,54.6875,1.5411641479563214,-1.083,0.127,7.229,331,73.4375,47.65625,7.411,-1.892546881191539,378,82.8125,54.6875,7.031,0.0,419.0,78.90625,60.9375,6.987,1.1071487177940904,369.0,69.53125,52.34375,6.675,-2.782821983319221,332.0,79.6875,47.65625,8.043,-1.0636978224025597,,,,,
378,82.8125,54.6875,1.680213888996291,-0.489,0.023,7.441,337,86.71875,48.4375,7.37,-1.0121970114513341,419,78.90625,60.9375,7.37,2.129395642138459,420.0,86.71875,60.9375,7.37,1.0121970114513341,377.0,75.78125,54.6875,7.031,3.141592653589793,332.0,79.6875,47.65625,7.694,-1.9890206563741257,379.0,90.625,54.6875,7.812,0.0
379,90.625,54.6875,1.6710245933311465,2.63,0.015,7.323,337,86.71875,48.4375,7.37,-2.129395642138459,338,94.53125,48.4375,7.37,-1.0121970114513341,420.0,86.71875,60.9375,7.37,2.129395642138459,380.0,97.65625,54.6875,7.031,0.0,421.0,93.75,60.9375,6.987,1.1071487177940904,378.0,82.8125,54.6875,7.812,3.141592653589793
380,97.65625,54.6875,1.660891625791488,1.919,0.057,7.254,339,101.5625,48.4375,7.37,-1.0121970114513341,421,93.75,60.9375,7.37,2.129395642138459,383.0,104.6875,55.46875,7.074,0.11065722117389565,379.0,90.625,54.6875,7.031,3.141592653589793,338.0,94.53125,48.4375,6.987,-2.0344439357957027,422.0,100.78125,61.71875,7.694,1.1525719972156676
381,28.90625,55.46875,1.6079055994438038,2.867,0.453,7.403,364,35.15625,51.5625,7.37,-0.5585993153435624,413,22.65625,59.375,7.37,2.5829933382462307,435.0,28.90625,62.5,7.031,1.5707963267948966,410.0,35.15625,58.59375,6.987,0.4636476090008061,367.0,21.875,52.34375,7.694,-2.723368324010564,330.0,27.34375,47.65625,7.967,-1.7681918866447774
382,41.40625,55.46875,1.6951750808696786,0.244,-0.492,7.129,364,35.15625,51.5625,7.37,-2.5829933382462307,414,47.65625,59.375,7.37,0.5585993153435624,436.0,41.40625,62.5,7.031,1.5707963267948966,335.0,41.40625,48.4375,7.031,-1.5707963267948966,410.0,35.15625,58.59375,6.987,2.677945044588987,368.0,47.65625,52.34375,6.987,-0.4636476090008061
383,104.6875,55.46875,1.689922861227516,-0.441,0.076,7.261,344,108.59375,49.21875,7.37,-1.0121970114513341,422,100.78125,61.71875,7.37,2.129395642138459,399.0,111.71875,56.25,7.074,0.11065722117389565,380.0,97.65625,54.6875,7.074,-3.0309354324158977,423.0,107.8125,61.71875,6.987,1.1071487177940904,339.0,101.5625,48.4375,7.694,-1.9890206563741257
384,127.34375,55.46875,1.5818976544653423,-0.747,0.467,7.448,405,134.375,57.03125,7.202,0.21866894587394195,440,128.90625,62.5,7.202,1.3521273809209546,365.0,121.875,51.5625,6.72,-2.5213431676069717,333.0,127.34375,47.65625,7.812,-1.5707963267948966,356.0,133.59375,50.0,8.304,-0.7188299996216245,,,,,
385,146.875,55.46875,1.6456682270224252,-1.048,0.165,7.351,374,139.84375,53.125,7.411,-2.819842099193151,441,150.0,62.5,7.694,1.1525719972156676,424.0,142.1875,61.71875,7.812,2.214297435588181,345.0,145.3125,49.21875,6.442,-1.8157749899217608,400.0,153.125,56.25,6.298,0.12435499454676144,340.0,151.5625,48.4375,8.45,-0.982793723247329
386,174.21875,55.46875,1.634505784912318,0.589,-0.028,7.125,347,178.125,49.21875,7.37,-1.0121970114513341,425,178.125,61.71875,7.37,1.0121970114513341,387.0,181.25,55.46875,7.031,0.0,346.0,171.09375,49.21875,6.987,-2.0344439357957027,444.0,171.09375,62.5,7.694,1.9890206563741257,401.0,167.96875,56.25,6.298,3.017237659043032
387,181.25,55.46875,1.6694809874500904,0.0,-0.001,7.129,348,185.15625,49.21875,7.37,-1.0121970114513341,426,185.15625,61.71875,7.37,1.0121970114513341,388.0,188.28125,55.46875,7.031,0.0,386.0,174.21875,55.46875,7.031,3.141592653589793,347.0,178.125,49.21875,6.987,-2.0344439357957027,425.0,178.125,61.71875,6.987,2.0344439357957027
388,188.28125,55.46875,1.6663076596909747,0.0,-0.001,7.259,349,192.1875,49.21875,7.37,-1.0121970114513341,427,192.1875,61.71875,7.37,1.0121970114513341,387.0,181.25,55.46875,7.031,3.141592653589793,348.0,185.15625,49.21875,6.987,-2.0344439357957027,426.0,185.15625,61.71875,6.987,2.0344439357957027,389.0,196.09375,55.46875,7.812,0.0
389,196.09375,55.46875,1.6556812276260828,3.141,-0.001,7.259,349,192.1875,49.21875,7.37,-2.129395642138459,427,192.1875,61.71875,7.37,2.129395642138459,390.0,203.125,55.46875,7.031,0.0,350.0,199.21875,49.21875,6.987,-1.1071487177940904,428.0,199.21875,61.71875,6.987,1.1071487177940904,388.0,188.28125,55.46875,7.812,3.141592653589793
390,203.125,55.46875,1.6798850156366318,3.141,-0.001,7.129,350,199.21875,49.21875,7.37,-2.129395642138459,428,199.21875,61.71875,7.37,2.129395642138459,391.0,210.15625,55.46875,7.031,0.0,389.0,196.09375,55.46875,7.031,3.141592653589793,351.0,206.25,49.21875,6.987,-1.1071487177940904,429.0,206.25,61.71875,6.987,1.1071487177940904
391,210.15625,55.46875,1.6956558049126433,3.141,-0.001,7.129,351,206.25,49.21875,7.37,-2.129395642138459,429,206.25,61.71875,7.37,2.129395642138459,392.0,217.1875,55.46875,7.031,0.0,390.0,203.125,55.46875,7.031,3.141592653589793,352.0,213.28125,49.21875,6.987,-1.1071487177940904,430.0,213.28125,61.71875,6.987,1.1071487177940904
392,217.1875,55.46875,1.6862848692837196,0.589,0.009,7.148,352,213.28125,49.21875,7.37,-2.129395642138459,430,213.28125,61.71875,7.37,2.129395642138459,431.0,221.09375,61.71875,7.37,1.0121970114513341,391.0,210.15625,55.46875,7.031,3.141592653589793,393.0,224.21875,55.46875,7.031,0.0,358.0,221.09375,50.0,6.72,-0.9505468408120752
393,224.21875,55.46875,1.6144815598277016,0.345,0.0,7.036,432,228.125,61.71875,7.37,1.0121970114513341,392,217.1875,55.46875,7.031,3.141592653589793,431.0,221.09375,61.71875,6.987,2.0344439357957027,359.0,228.125,50.0,6.72,-0.9505468408120752,394.0,232.03125,55.46875,7.812,0.0,358.0,221.09375,50.0,6.298,-2.0899424410414196
394,232.03125,55.46875,1.6758801424071794,-3.052,-0.026,7.345,433,235.9375,61.71875,7.37,1.0121970114513341,432,228.125,61.71875,7.37,2.129395642138459,353.0,235.15625,49.21875,6.987,-1.1071487177940904,359.0,228.125,50.0,6.72,-2.191045812777718,395.0,239.84375,55.46875,7.812,0.0,393.0,224.21875,55.46875,7.812,3.141592653589793
395,239.84375,55.46875,1.6587991973324205,-1.714,-0.169,7.783,433,235.9375,61.71875,7.37,2.129395642138459,412,246.875,58.59375,7.694,0.4182243295792291,353.0,235.15625,49.21875,7.812,-2.214297435588181,394.0,232.03125,55.46875,7.812,3.141592653589793,334.0,241.40625,47.65625,7.967,-1.373400766945016,366.0,246.875,51.5625,8.043,-0.507098504392337
396,253.125,55.46875,1.6743310154223077,-1.607,0.479,7.019,366,246.875,51.5625,7.37,-2.5829933382462307,341,253.125,48.4375,7.031,-1.5707963267948966,370.0,259.375,52.34375,6.987,-0.4636476090008061,412.0,246.875,58.59375,6.987,2.677945044588987,415.0,258.59375,59.375,6.72,0.6202494859828215,,,,,
397,264.84375,55.46875,1.6898112524371975,1.349,-0.515,7.145,415,258.59375,59.375,7.37,2.5829933382462307,416,271.09375,59.375,7.37,0.5585993153435624,342.0,264.84375,48.4375,7.031,-1.5707963267948966,371.0,271.09375,52.34375,6.987,-0.4636476090008061,448.0,264.84375,63.28125,7.812,1.5707963267948966,370.0,259.375,52.34375,6.298,-2.62244653934327
398,278.125,55.46875,1.6189882084738174,-2.491,0.377,7.329,343,276.5625,48.4375,7.202,-1.7894652726688385,407,285.15625,57.03125,7.202,0.21866894587394195,445.0,276.5625,62.5,7.202,1.7894652726688385,371.0,271.09375,52.34375,7.694,-2.723368324010564,362.0,282.8125,50.78125,6.629,-0.7853981633974483,416.0,271.09375,59.375,8.043,2.6344941491974563
399,111.71875,56.25,1.6661641958240039,-1.759,0.086,7.153,355,115.625,50.0,7.37,-1.0121970114513341,383,104.6875,55.46875,7.074,-3.0309354324158977,404.0,118.75,57.03125,7.074,0.11065722117389565,438.0,114.84375,62.5,6.987,1.1071487177940904,344.0,108.59375,49.21875,7.694,-1.9890206563741257,423.0,107.8125,61.71875,6.72,2.191045812777718
400,153.125,56.25,1.615336008767269,-0.041,0.102,7.279,361,157.8125,50.78125,7.202,-0.8621700546672264,442,157.03125,62.5,7.37,1.0121970114513341,441.0,150.0,62.5,6.987,2.0344439357957027,406.0,160.9375,57.03125,7.851,0.09966865249116202,340.0,151.5625,48.4375,7.967,-1.7681918866447774,385.0,146.875,55.46875,6.298,-3.017237659043032
401,167.96875,56.25,1.663527128648264,-2.985,-0.048,7.132,357,164.0625,50.0,7.37,-2.129395642138459,443,164.0625,62.5,7.37,2.129395642138459,406.0,160.9375,57.03125,7.074,3.0309354324158977,444.0,171.09375,62.5,6.987,1.1071487177940904,346.0,171.09375,49.21875,7.694,-1.1525719972156676,386.0,174.21875,55.46875,6.298,-0.12435499454676144
402,0.0,57.03125,1.508742635212012,0.431,0.0,6.803,455,0.0,64.84375,7.812,1.5707963267948966,363,3.125,51.5625,6.298,-1.0516502125483738,417.0,5.46875,60.15625,6.298,0.5191461142465229,,,,,,,,,,,,,,,
403,16.40625,57.03125,1.6790308803023593,2.12,0.332,7.216,354,14.84375,50.0,7.202,-1.7894652726688385,367,21.875,52.34375,7.202,-0.7086262721276703,375.0,9.375,54.6875,7.411,-2.819842099193151,450.0,17.1875,64.0625,7.074,1.460139105621001,434.0,10.9375,62.5,7.733,2.356194490192345,413.0,22.65625,59.375,6.675,0.35877067027057225
404,118.75,57.03125,1.6436251055913467,-2.932,0.075,6.817,399,111.71875,56.25,7.074,-3.0309354324158977,355,115.625,50.0,7.694,-1.9890206563741257,438.0,114.84375,62.5,6.72,2.191045812777718,365.0,121.875,51.5625,6.298,-1.0516502125483738,439.0,121.875,62.5,6.298,1.0516502125483738,,,,,
405,134.375,57.03125,1.6583312830658847,-3.001,0.389,7.186,384,127.34375,55.46875,7.202,-2.922923707715851,451,135.9375,64.0625,7.202,1.3521273809209546,356.0,133.59375,50.0,7.074,-1.6814535479687922,440.0,128.90625,62.5,7.733,2.356194490192345,374.0,139.84375,53.125,6.72,-0.6202494859828215,,,,,
406,160.9375,57.03125,1.6598272907232892,-1.933,0.009,7.104,401,167.96875,56.25,7.074,-0.11065722117389565,361,157.8125,50.78125,6.987,-2.0344439357957027,357.0,164.0625,50.0,7.694,-1.1525719972156676,442.0,157.03125,62.5,6.72,2.191045812777718,400.0,153.125,56.25,7.851,-3.0419240010986313,443.0,164.0625,62.5,6.298,1.0516502125483738
407,285.15625,57.03125,1.5939161047219526,-0.026,0.098,7.091,398,278.125,55.46875,7.202,-2.922923707715851,362,282.8125,50.78125,6.675,-1.9295669970654687,449.0,282.8125,63.28125,6.675,1.9295669970654687,409.0,292.96875,57.8125,7.851,0.09966865249116202,453.0,289.0625,64.0625,8.043,1.0636978224025597,372.0,289.0625,52.34375,6.101,-0.8760580505981934
408,299.21875,57.03125,1.5967448066184218,3.072,-0.094,7.229,360,296.09375,50.0,7.694,-1.9890206563741257,454,296.09375,64.0625,7.694,1.9890206563741257,409.0,292.96875,57.8125,6.298,3.017237659043032,,,,,,,,,,,,,,,
409,292.96875,57.8125,1.6626758817135943,-2.495,-0.029,7.273,453,289.0625,64.0625,7.37,2.129395642138459,454,296.09375,64.0625,6.987,1.1071487177940904,372.0,289.0625,52.34375,6.72,-2.191045812777718,407.0,285.15625,57.03125,7.851,-3.0419240010986313,408.0,299.21875,57.03125,6.298,-0.12435499454676144,360.0,296.09375,50.0,8.414,-1.1902899496825317
410,35.15625,58.59375,1.6492634451673942,1.57,-0.524,7.259,435,28.90625,62.5,7.37,2.5829933382462307,436,41.40625,62.5,7.37,0.5585993153435624,364.0,35.15625,51.5625,7.031,-1.5707963267948966,381.0,28.90625,55.46875,6.987,-2.677945044588987,382.0,41.40625,55.46875,6.987,-0.4636476090008061,458.0,35.15625,66.40625,7.812,1.5707963267948966
411,67.1875,58.59375,1.6689275283631306,2.964,-0.239,6.876,373,62.5,53.125,7.202,-2.279422598922567,418,60.15625,60.15625,7.202,2.922923707715851,369.0,69.53125,52.34375,6.675,-1.2120256565243244,456.0,64.84375,64.84375,6.675,1.9295669970654687,446.0,71.875,63.28125,6.629,0.7853981633974483,,,,,
412,246.875,58.59375,1.6110299929244625,-1.598,-0.442,7.003,452,251.5625,64.0625,7.202,0.8621700546672264,366,246.875,51.5625,7.031,-1.5707963267948966,396.0,253.125,55.46875,6.987,-0.4636476090008061,395.0,239.84375,55.46875,7.694,-2.723368324010564,447.0,242.96875,63.28125,6.101,2.2655346029916,,,,,
413,22.65625,59.375,1.7035059896083868,1.358,0.412,7.064,450,17.1875,64.0625,7.202,2.432966381462123,381,28.90625,55.46875,7.37,-0.5585993153435624,457.0,23.4375,66.40625,7.074,1.460139105621001,367.0,21.875,52.34375,7.074,-1.6814535479687922,435.0,28.90625,62.5,6.987,0.4636476090008061,403.0,16.40625,57.03125,6.675,-2.782821983319221
414,47.65625,59.375,1.6394344775195286,-2.374,-0.501,7.202,382,41.40625,55.46875,7.37,-2.5829933382462307,459,46.875,66.40625,7.074,1.6814535479687922,368.0,47.65625,52.34375,7.031,-1.5707963267948966,436.0,41.40625,62.5,6.987,2.677945044588987,437.0,53.125,62.5,6.298,0.5191461142465229,376.0,54.6875,54.6875,8.45,-0.5880026035475675
415,258.59375,59.375,1.6670259878543876,-0.127,-0.5,7.466,448,264.84375,63.28125,7.37,0.5585993153435624,397,264.84375,55.46875,7.37,-0.5585993153435624,370.0,259.375,52.34375,7.074,-1.460139105621001,396.0,253.125,55.46875,6.72,-2.5213431676069717,464.0,258.59375,67.1875,7.812,1.5707963267948966,452.0,251.5625,64.0625,8.45,2.5535900500422257
416,271.09375,59.375,1.6133518396450555,0.222,-0.522,7.19,397,264.84375,55.46875,7.37,-2.5829933382462307,448,264.84375,63.28125,7.37,2.5829933382462307,461.0,271.09375,66.40625,7.031,1.5707963267948966,371.0,271.09375,52.34375,7.031,-1.5707963267948966,398.0,278.125,55.46875,8.043,-0.507098504392337,445.0,276.5625,62.5,6.298,0.5191461142465229
417,5.46875,60.15625,1.6292737048839894,1.593,0.447,6.649,455,0.0,64.84375,7.202,2.432966381462123,462,6.25,67.1875,7.074,1.460139105621001,375.0,9.375,54.6875,6.72,-0.9505468408120752,402.0,0.0,57.03125,6.298,-2.62244653934327,434.0,10.9375,62.5,5.949,0.40489178628508343,,,,,
418,60.15625,60.15625,1.6510482104153195,0.785,-0.262,7.265,411,67.1875,58.59375,7.202,-0.21866894587394195,463,58.59375,67.1875,7.202,1.7894652726688385,437.0,53.125,62.5,7.411,2.819842099193151,373.0,62.5,53.125,7.411,-1.2490457723982544,376.0,54.6875,54.6875,7.733,-2.356194490192345,456.0,64.84375,64.84375,6.629,0.7853981633974483
419,78.90625,60.9375,1.689908156903965,0.7,-0.077,7.285,378,82.8125,54.6875,7.37,-1.0121970114513341,446,71.875,63.28125,7.411,2.819842099193151,465.0,76.5625,67.96875,7.411,1.892546881191539,377.0,75.78125,54.6875,6.987,-2.0344439357957027,460.0,82.8125,66.40625,6.72,0.9505468408120752,420.0,86.71875,60.9375,7.812,0.0
420,86.71875,60.9375,1.6725612721328933,2.889,0.049,7.41,378,82.8125,54.6875,7.37,-2.129395642138459,379,90.625,54.6875,7.37,-1.0121970114513341,421.0,93.75,60.9375,7.031,0.0,460.0,82.8125,66.40625,6.72,2.191045812777718,419.0,78.90625,60.9375,7.812,3.141592653589793,477.0,89.0625,68.75,8.156,1.2793395323170296
421,93.75,60.9375,1.6762879039158873,-0.979,0.074,7.231,380,97.65625,54.6875,7.37,-1.0121970114513341,422,100.78125,61.71875,7.074,0.11065722117389565,420.0,86.71875,60.9375,7.031,3.141592653589793,379.0,90.625,54.6875,6.987,-2.0344439357957027,466.0,96.875,67.96875,7.694,1.1525719972156676,,,,,
422,100.78125,61.71875,1.6819363263355906,-1.223,0.057,7.254,383,104.6875,55.46875,7.37,-1.0121970114513341,466,96.875,67.96875,7.37,2.129395642138459,421.0,93.75,60.9375,7.074,-3.0309354324158977,423.0,107.8125,61.71875,7.031,0.0,467.0,103.90625,67.96875,6.987,1.1071487177940904,380.0,97.65625,54.6875,7.694,-1.9890206563741257
423,107.8125,61.71875,1.6925815071487167,1.268,0.06,7.028,467,103.90625,67.96875,7.37,2.129395642138459,438,114.84375,62.5,7.074,0.11065722117389565,422.0,100.78125,61.71875,7.031,3.141592653589793,383.0,104.6875,55.46875,6.987,-2.0344439357957027,468.0,110.9375,67.96875,6.987,1.1071487177940904,399.0,111.71875,56.25,6.72,-0.9505468408120752
424,142.1875,61.71875,1.5847196086764863,1.081,-0.021,7.759,385,146.875,55.46875,7.812,-0.9272952180016122,451,135.9375,64.0625,6.675,2.782821983319221,441.0,150.0,62.5,7.851,0.09966865249116202,480.0,146.09375,68.75,8.043,1.0636978224025597,489.0,139.0625,69.53125,8.414,1.9513027039072615,,,,,
425,178.125,61.71875,1.6792947643971552,1.222,-0.058,7.254,386,174.21875,55.46875,7.37,-2.129395642138459,469,182.03125,67.96875,7.37,1.0121970114513341,444.0,171.09375,62.5,7.074,3.0309354324158977,426.0,185.15625,61.71875,7.031,0.0,387.0,181.25,55.46875,6.987,-1.1071487177940904,484.0,175.0,68.75,7.694,1.9890206563741257
426,185.15625,61.71875,1.7051556182980245,0.0,-0.032,7.129,387,181.25,55.46875,7.37,-2.129395642138459,470,189.0625,67.96875,7.37,1.0121970114513341,427.0,192.1875,61.71875,7.031,0.0,425.0,178.125,61.71875,7.031,3.141592653589793,388.0,188.28125,55.46875,6.987,-1.1071487177940904,469.0,182.03125,67.96875,6.987,2.0344439357957027
427,192.1875,61.71875,1.7096581975164973,0.511,-0.016,7.193,388,188.28125,55.46875,7.37,-2.129395642138459,389,196.09375,55.46875,7.37,-1.0121970114513341,471.0,196.09375,67.96875,7.37,1.0121970114513341,426.0,185.15625,61.71875,7.031,3.141592653589793,428.0,199.21875,61.71875,7.031,0.0,470.0,189.0625,67.96875,6.987,2.0344439357957027
428,199.21875,61.71875,1.7091947212199443,0.0,-0.001,7.129,390,203.125,55.46875,7.37,-1.0121970114513341,472,203.125,67.96875,7.37,1.0121970114513341,429.0,206.25,61.71875,7.031,0.0,427.0,192.1875,61.71875,7.031,3.141592653589793,389.0,196.09375,55.46875,6.987,-2.0344439357957027,471.0,196.09375,67.96875,6.987,2.0344439357957027
429,206.25,61.71875,1.7048668567250231,0.0,-0.001,7.129,391,210.15625,55.46875,7.37,-1.0121970114513341,473,210.15625,67.96875,7.37,1.0121970114513341,430.0,213.28125,61.71875,7.031,0.0,428.0,199.21875,61.71875,7.031,3.141592653589793,390.0,203.125,55.46875,6.987,-2.0344439357957027,472.0,203.125,67.96875,6.987,2.0344439357957027
430,213.28125,61.71875,1.6853828786304523,0.0,-0.001,7.259,392,217.1875,55.46875,7.37,-1.0121970114513341,474,217.1875,67.96875,7.37,1.0121970114513341,429.0,206.25,61.71875,7.031,3.141592653589793,391.0,210.15625,55.46875,6.987,-2.0344439357957027,473.0,210.15625,67.96875,6.987,2.0344439357957027,431.0,221.09375,61.71875,7.812,0.0
431,221.09375,61.71875,1.6707636567228832,3.141,-0.001,7.259,392,217.1875,55.46875,7.37,-2.129395642138459,474,217.1875,67.96875,7.37,2.129395642138459,432.0,228.125,61.71875,7.031,0.0,393.0,224.21875,55.46875,6.987,-1.1071487177940904,475.0,224.21875,67.96875,6.987,1.1071487177940904,430.0,213.28125,61.71875,7.812,3.141592653589793
432,228.125,61.71875,1.7043285533960248,2.63,0.015,7.323,393,224.21875,55.46875,7.37,-2.129395642138459,394,232.03125,55.46875,7.37,-1.0121970114513341,475.0,224.21875,67.96875,7.37,2.129395642138459,431.0,221.09375,61.71875,7.031,3.141592653589793,476.0,231.25,67.96875,6.987,1.1071487177940904,433.0,235.9375,61.71875,7.812,0.0
433,235.9375,61.71875,1.642918797763808,2.318,0.072,7.543,447,242.96875,63.28125,7.202,0.21866894587394195,394,232.03125,55.46875,7.37,-2.129395642138459,395.0,239.84375,55.46875,7.37,-1.0121970114513341,485.0,239.0625,68.75,7.694,1.1525719972156676,432.0,228.125,61.71875,7.812,3.141592653589793,476.0,231.25,67.96875,7.812,2.214297435588181
434,10.9375,62.5,1.6143672350185405,-1.139,0.299,6.987,487,12.5,69.53125,7.202,1.3521273809209546,403,16.40625,57.03125,7.733,-0.7853981633974483,462.0,6.25,67.1875,6.629,2.356194490192345,375.0,9.375,54.6875,7.967,-1.7681918866447774,450.0,17.1875,64.0625,6.442,0.24497866312686414,417.0,5.46875,60.15625,5.949,-2.7367008673047097
435,28.90625,62.5,1.6905248853713033,1.661,0.497,7.215,410,35.15625,58.59375,7.37,-0.5585993153435624,458,35.15625,66.40625,7.37,0.5585993153435624,381.0,28.90625,55.46875,7.031,-1.5707963267948966,413.0,22.65625,59.375,6.987,-2.677945044588987,457.0,23.4375,66.40625,6.72,2.5213431676069717,491.0,28.90625,70.3125,7.812,1.5707963267948966
436,41.40625,62.5,1.6527984385753336,2.165,-0.481,7.221,410,35.15625,58.59375,7.37,-2.5829933382462307,458,35.15625,66.40625,7.37,2.5829933382462307,382.0,41.40625,55.46875,7.031,-1.5707963267948966,414.0,47.65625,59.375,6.987,-0.4636476090008061,459.0,46.875,66.40625,6.72,0.6202494859828215,492.0,40.625,70.3125,7.851,1.6704649792860586
437,53.125,62.5,1.6828402256267925,1.119,-0.433,7.343,463,58.59375,67.1875,7.202,0.7086262721276703,459,46.875,66.40625,7.37,2.5829933382462307,418.0,60.15625,60.15625,7.411,-0.3217505543966422,493.0,53.125,70.3125,7.812,1.5707963267948966,376.0,54.6875,54.6875,7.967,-1.373400766945016,414.0,47.65625,59.375,6.298,-2.62244653934327
438,114.84375,62.5,1.7080155680408848,-1.516,0.07,6.92,423,107.8125,61.71875,7.074,-3.0309354324158977,439,121.875,62.5,7.031,0.0,399.0,111.71875,56.25,6.987,-2.0344439357957027,478.0,117.96875,68.75,6.987,1.1071487177940904,404.0,118.75,57.03125,6.72,-0.9505468408120752,468.0,110.9375,67.96875,6.72,2.191045812777718
439,121.875,62.5,1.6478784763367567,2.155,0.023,6.943,478,117.96875,68.75,7.37,2.129395642138459,438,114.84375,62.5,7.031,3.141592653589793,440.0,128.90625,62.5,7.031,0.0,479.0,125.0,68.75,6.987,1.1071487177940904,404.0,118.75,57.03125,6.298,-2.0899424410414196,,,,,
440,128.90625,62.5,1.6547453236274396,0.711,0.154,7.372,384,127.34375,55.46875,7.202,-1.7894652726688385,451,135.9375,64.0625,7.202,0.21866894587394195,479.0,125.0,68.75,7.37,2.129395642138459,439.0,121.875,62.5,7.031,3.141592653589793,488.0,132.03125,69.53125,7.694,1.1525719972156676,405.0,134.375,57.03125,7.733,-0.7853981633974483
441,150.0,62.5,1.6505420864944151,-1.79,0.04,7.32,480,146.09375,68.75,7.37,2.129395642138459,442,157.03125,62.5,7.031,0.0,481.0,153.125,68.75,6.987,1.1071487177940904,400.0,153.125,56.25,6.987,-1.1071487177940904,385.0,146.875,55.46875,7.694,-1.9890206563741257,424.0,142.1875,61.71875,7.851,-3.0419240010986313
442,157.03125,62.5,1.6805465849391437,0.589,0.009,7.148,400,153.125,56.25,7.37,-2.129395642138459,481,153.125,68.75,7.37,2.129395642138459,482.0,160.9375,68.75,7.37,1.0121970114513341,441.0,150.0,62.5,7.031,3.141592653589793,443.0,164.0625,62.5,7.031,0.0,406.0,160.9375,57.03125,6.72,-0.9505468408120752
443,164.0625,62.5,1.697926477043866,0.22,-0.01,7.014,401,167.96875,56.25,7.37,-1.0121970114513341,483,167.96875,68.75,7.37,1.0121970114513341,444.0,171.09375,62.5,7.031,0.0,442.0,157.03125,62.5,7.031,3.141592653589793,482.0,160.9375,68.75,6.987,2.0344439357957027,406.0,160.9375,57.03125,6.298,-2.0899424410414196
444,171.09375,62.5,1.6844252254631813,-1.372,-0.043,7.19,484,175.0,68.75,7.37,1.0121970114513341,425,178.125,61.71875,7.074,-0.11065722117389565,443.0,164.0625,62.5,7.031,3.141592653589793,401.0,167.96875,56.25,6.987,-2.0344439357957027,483.0,167.96875,68.75,6.987,2.0344439357957027,386.0,174.21875,55.46875,7.694,-1.1525719972156676
445,276.5625,62.5,1.6138495047155477,2.418,0.484,6.592,398,278.125,55.46875,7.202,-1.3521273809209546,461,271.09375,66.40625,6.72,2.5213431676069717,486.0,278.125,68.75,6.442,1.3258176636680326,416.0,271.09375,59.375,6.298,-2.62244653934327,449.0,282.8125,63.28125,6.298,0.12435499454676144,,,,,
446,71.875,63.28125,1.650781533152556,1.955,-0.304,7.056,456,64.84375,64.84375,7.202,2.922923707715851,419,78.90625,60.9375,7.411,-0.3217505543966422,494.0,69.53125,70.3125,7.411,1.892546881191539,411.0,67.1875,58.59375,6.629,-2.356194490192345,465.0,76.5625,67.96875,6.629,0.7853981633974483,,,,,
447,242.96875,63.28125,1.6290636753540124,-0.64,0.129,7.342,433,235.9375,61.71875,7.202,-2.922923707715851,490,246.09375,69.53125,6.987,1.1071487177940904,485.0,239.0625,68.75,6.72,2.191045812777718,412.0,246.875,58.59375,6.101,-0.8760580505981934,395.0,239.84375,55.46875,8.414,-1.9513027039072615,452.0,251.5625,64.0625,8.629,0.09065988720074511
448,264.84375,63.28125,1.6898014810872004,-0.516,0.489,7.33,415,258.59375,59.375,7.37,-2.5829933382462307,416,271.09375,59.375,7.37,-0.5585993153435624,464.0,258.59375,67.1875,7.37,2.5829933382462307,495.0,265.625,70.3125,7.074,1.460139105621001,461.0,271.09375,66.40625,6.987,0.4636476090008061,397.0,264.84375,55.46875,7.812,-1.5707963267948966
449,282.8125,63.28125,1.6032038053269138,1.549,0.139,6.777,486,278.125,68.75,7.202,2.279422598922567,496,285.15625,70.3125,7.411,1.2490457723982544,407.0,285.15625,57.03125,6.675,-1.2120256565243244,445.0,276.5625,62.5,6.298,-3.017237659043032,453.0,289.0625,64.0625,6.298,0.12435499454676144,,,,,
450,17.1875,64.0625,1.628057802206381,-1.617,0.37,6.919,413,22.65625,59.375,7.202,-0.7086262721276703,487,12.5,69.53125,7.202,2.279422598922567,403.0,16.40625,57.03125,7.074,-1.6814535479687922,457.0,23.4375,66.40625,6.675,0.35877067027057225,434.0,10.9375,62.5,6.442,-2.896613990462929,,,,,
451,135.9375,64.0625,1.6230415445069515,2.758,0.183,6.819,405,134.375,57.03125,7.202,-1.7894652726688385,440,128.90625,62.5,7.202,-2.922923707715851,488.0,132.03125,69.53125,6.72,2.191045812777718,424.0,142.1875,61.71875,6.675,-0.35877067027057225,489.0,139.0625,69.53125,6.298,1.0516502125483738,,,,,
452,251.5625,64.0625,1.5915469833379863,2.089,0.305,7.818,412,246.875,58.59375,7.202,-2.279422598922567,499,253.125,71.09375,7.202,1.3521273809209546,464.0,258.59375,67.1875,7.694,0.4182243295792291,490.0,246.09375,69.53125,7.733,2.356194490192345,415.0,258.59375,59.375,8.45,-0.5880026035475675,447.0,242.96875,63.28125,8.629,-3.050932766389048
453,289.0625,64.0625,1.6569731421844853,-1.238,0.028,7.247,409,292.96875,57.8125,7.37,-1.0121970114513341,496,285.15625,70.3125,7.37,2.129395642138459,497.0,292.96875,70.3125,7.37,1.0121970114513341,454.0,296.09375,64.0625,7.031,0.0,407.0,285.15625,57.03125,8.043,-2.0778948311872334,449.0,282.8125,63.28125,6.298,-3.017237659043032
454,296.09375,64.0625,1.690677906172651,-3.123,-0.011,7.137,453,289.0625,64.0625,7.031,3.141592653589793,409,292.96875,57.8125,6.987,-2.0344439357957027,497.0,292.96875,70.3125,6.987,2.0344439357957027,498.0,299.21875,70.3125,6.987,1.1071487177940904,408.0,299.21875,57.03125,7.694,-1.1525719972156676,,,,,
455,0.0,64.84375,1.6094247961456587,-0.175,-0.393,7.18,417,5.46875,60.15625,7.202,-0.7086262721276703,500,0.0,71.875,7.031,1.5707963267948966,402.0,0.0,57.03125,7.812,-1.5707963267948966,462.0,6.25,67.1875,6.675,0.35877067027057225,,,,,,,,,,
456,64.84375,64.84375,1.6461908912902148,1.478,-0.231,6.966,446,71.875,63.28125,7.202,-0.21866894587394195,494,69.53125,70.3125,7.202,0.8621700546672264,501.0,62.5,71.875,7.411,1.892546881191539,411.0,67.1875,58.59375,6.675,-1.2120256565243244,463.0,58.59375,67.1875,6.675,2.782821983319221,418.0,60.15625,60.15625,6.629,-2.356194490192345
457,23.4375,66.40625,1.6783353689463434,-1.059,-0.468,6.773,413,22.65625,59.375,7.074,-1.6814535479687922,435,28.90625,62.5,6.72,-0.6202494859828215,491.0,28.90625,70.3125,6.72,0.6202494859828215,450.0,17.1875,64.0625,6.675,-2.782821983319221,502.0,21.09375,72.65625,6.675,1.9295669970654687,,,,,
458,35.15625,66.40625,1.6916220953679995,2.839,-0.496,7.286,435,28.90625,62.5,7.37,-2.5829933382462307,436,41.40625,62.5,7.37,-0.5585993153435624,491.0,28.90625,70.3125,7.37,2.5829933382462307,504.0,34.375,73.4375,7.074,1.6814535479687922,492.0,40.625,70.3125,6.72,0.6202494859828215,410.0,35.15625,58.59375,7.812,-1.5707963267948966
459,46.875,66.40625,1.6879761271860805,-0.303,-0.496,7.286,492,40.625,70.3125,7.37,2.5829933382462307,437,53.125,62.5,7.37,-0.5585993153435624,493.0,53.125,70.3125,7.37,0.5585993153435624,414.0,47.65625,59.375,7.074,-1.460139105621001,436.0,41.40625,62.5,6.72,-2.5213431676069717,508.0,46.875,74.21875,7.812,1.5707963267948966
460,82.8125,66.40625,1.6924060485313892,-2.916,-0.16,6.6,419,78.90625,60.9375,6.72,-2.191045812777718,420,86.71875,60.9375,6.72,-0.9505468408120752,477.0,89.0625,68.75,6.675,0.35877067027057225,465.0,76.5625,67.96875,6.442,2.896613990462929,503.0,81.25,72.65625,6.442,1.8157749899217608,,,,,
461,271.09375,66.40625,1.7013854642532742,-0.519,0.411,7.012,506,272.65625,73.4375,7.202,1.3521273809209546,486,278.125,68.75,7.411,0.3217505543966422,416.0,271.09375,59.375,7.031,-1.5707963267948966,448.0,264.84375,63.28125,6.987,-2.677945044588987,445.0,276.5625,62.5,6.72,-0.6202494859828215,495.0,265.625,70.3125,6.72,2.5213431676069717
462,6.25,67.1875,1.6433484954717625,-1.463,0.35,7.011,507,7.8125,74.21875,7.202,1.3521273809209546,417,5.46875,60.15625,7.074,-1.6814535479687922,500.0,0.0,71.875,7.812,2.498091544796509,455.0,0.0,64.84375,6.675,-2.782821983319221,487.0,12.5,69.53125,6.675,0.35877067027057225,434.0,10.9375,62.5,6.629,-0.7853981633974483
463,58.59375,67.1875,1.6574305574993604,0.765,-0.38,6.629,418,60.15625,60.15625,7.202,-1.3521273809209546,437,53.125,62.5,7.202,-2.432966381462123,456.0,64.84375,64.84375,6.675,-0.35877067027057225,493.0,53.125,70.3125,6.298,2.62244653934327,505.0,59.375,73.4375,6.298,1.446441332248135,501.0,62.5,71.875,6.101,0.8760580505981934
464,258.59375,67.1875,1.663168626127607,0.108,0.431,7.415,520,260.15625,74.21875,7.202,1.3521273809209546,448,264.84375,63.28125,7.37,-0.5585993153435624,495.0,265.625,70.3125,7.694,0.4182243295792291,452.0,251.5625,64.0625,7.694,-2.723368324010564,499.0,253.125,71.09375,6.72,2.5213431676069717,415.0,258.59375,59.375,7.812,-1.5707963267948966
465,76.5625,67.96875,1.6829972314810349,1.287,-0.249,6.989,419,78.90625,60.9375,7.411,-1.2490457723982544,494,69.53125,70.3125,7.411,2.819842099193151,521.0,74.21875,75.0,7.411,1.892546881191539,446.0,71.875,63.28125,6.629,-2.356194490192345,503.0,81.25,72.65625,6.629,0.7853981633974483,460.0,82.8125,66.40625,6.442,-0.24497866312686414
466,96.875,67.96875,1.6507200316024275,1.049,0.023,7.384,422,100.78125,61.71875,7.37,-1.0121970114513341,509,92.96875,74.21875,7.37,2.129395642138459,467.0,103.90625,67.96875,7.031,0.0,510.0,100.0,74.21875,6.987,1.1071487177940904,421.0,93.75,60.9375,7.694,-1.9890206563741257,477.0,89.0625,68.75,7.851,3.0419240010986313
467,103.90625,67.96875,1.7079253610809755,1.107,0.031,7.129,423,107.8125,61.71875,7.37,-1.0121970114513341,510,100.0,74.21875,7.37,2.129395642138459,468.0,110.9375,67.96875,7.031,0.0,466.0,96.875,67.96875,7.031,3.141592653589793,422.0,100.78125,61.71875,6.987,-2.0344439357957027,511.0,107.03125,74.21875,6.987,1.1071487177940904
468,110.9375,67.96875,1.662428604091567,1.546,0.068,7.146,511,107.03125,74.21875,7.37,2.129395642138459,478,117.96875,68.75,7.074,0.11065722117389565,467.0,103.90625,67.96875,7.031,3.141592653589793,423.0,107.8125,61.71875,6.987,-2.0344439357957027,522.0,114.0625,75.0,7.694,1.1525719972156676,438.0,114.84375,62.5,6.72,-0.9505468408120752
469,182.03125,67.96875,1.6552213476707462,2.271,-0.028,7.249,425,178.125,61.71875,7.37,-2.129395642138459,484,175.0,68.75,7.074,3.0309354324158977,470.0,189.0625,67.96875,7.031,0.0,426.0,185.15625,61.71875,6.987,-1.1071487177940904,512.0,185.15625,74.21875,6.987,1.1071487177940904,531.0,178.125,75.0,8.043,2.0778948311872334
470,189.0625,67.96875,1.6720913559827308,3.141,-0.001,7.129,426,185.15625,61.71875,7.37,-2.129395642138459,512,185.15625,74.21875,7.37,2.129395642138459,471.0,196.09375,67.96875,7.031,0.0,469.0,182.03125,67.96875,7.031,3.141592653589793,427.0,192.1875,61.71875,6.987,-1.1071487177940904,513.0,192.1875,74.21875,6.987,1.1071487177940904
471,196.09375,67.96875,1.677231720265999,3.141,-0.001,7.129,427,192.1875,61.71875,7.37,-2.129395642138459,513,192.1875,74.21875,7.37,2.129395642138459,472.0,203.125,67.96875,7.031,0.0,470.0,189.0625,67.96875,7.031,3.141592653589793,428.0,199.21875,61.71875,6.987,-1.1071487177940904,514.0,199.21875,74.21875,6.987,1.1071487177940904
472,203.125,67.96875,1.6824008953912064,3.141,-0.001,7.129,428,199.21875,61.71875,7.37,-2.129395642138459,514,199.21875,74.21875,7.37,2.129395642138459,473.0,210.15625,67.96875,7.031,0.0,471.0,196.09375,67.96875,7.031,3.141592653589793,429.0,206.25,61.71875,6.987,-1.1071487177940904,515.0,206.25,74.21875,6.987,1.1071487177940904
473,210.15625,67.96875,1.691255183729141,3.141,-0.001,7.129,429,206.25,61.71875,7.37,-2.129395642138459,515,206.25,74.21875,7.37,2.129395642138459,474.0,217.1875,67.96875,7.031,0.0,472.0,203.125,67.96875,7.031,3.141592653589793,430.0,213.28125,61.71875,6.987,-1.1071487177940904,516.0,213.28125,74.21875,6.987,1.1071487177940904
474,217.1875,67.96875,1.7019260063476989,2.63,0.015,7.193,430,213.28125,61.71875,7.37,-2.129395642138459,431,221.09375,61.71875,7.37,-1.0121970114513341,516.0,213.28125,74.21875,7.37,2.129395642138459,473.0,210.15625,67.96875,7.031,3.141592653589793,475.0,224.21875,67.96875,7.031,0.0,517.0,220.3125,74.21875,6.987,1.1071487177940904
475,224.21875,67.96875,1.7064628202354688,1.107,0.031,7.129,432,228.125,61.71875,7.37,-1.0121970114513341,517,220.3125,74.21875,7.37,2.129395642138459,476.0,231.25,67.96875,7.031,0.0,474.0,217.1875,67.96875,7.031,3.141592653589793,431.0,221.09375,61.71875,6.987,-2.0344439357957027,518.0,227.34375,74.21875,6.987,1.1071487177940904
476,231.25,67.96875,1.6996704054672258,1.155,0.062,7.34,518,227.34375,74.21875,7.37,2.129395642138459,475,224.21875,67.96875,7.031,3.141592653589793,519.0,234.375,74.21875,6.987,1.1071487177940904,432.0,228.125,61.71875,6.987,-2.0344439357957027,433.0,235.9375,61.71875,7.812,-0.9272952180016122,485.0,239.0625,68.75,7.851,0.09966865249116202
477,89.0625,68.75,1.4164223235936633,-1.036,0.125,7.35,509,92.96875,74.21875,6.72,0.9505468408120752,460,82.8125,66.40625,6.675,-2.782821983319221,466.0,96.875,67.96875,7.851,-0.09966865249116202,420.0,86.71875,60.9375,8.156,-1.8622531212727638,,,,,,,,,,
478,117.96875,68.75,1.674262271081586,-1.516,0.05,7.136,439,121.875,62.5,7.37,-1.0121970114513341,522,114.0625,75.0,7.37,2.129395642138459,468.0,110.9375,67.96875,7.074,-3.0309354324158977,479.0,125.0,68.75,7.031,0.0,438.0,114.84375,62.5,6.987,-2.0344439357957027,523.0,121.09375,75.0,6.987,1.1071487177940904
479,125.0,68.75,1.6661857879027373,0.695,0.034,7.2,440,128.90625,62.5,7.37,-1.0121970114513341,523,121.09375,75.0,7.37,2.129395642138459,524.0,128.90625,75.0,7.37,1.0121970114513341,488.0,132.03125,69.53125,7.074,0.11065722117389565,478.0,117.96875,68.75,7.031,3.141592653589793,439.0,121.875,62.5,6.987,-2.0344439357957027
480,146.09375,68.75,1.673260762902715,0.775,-0.026,7.312,441,150.0,62.5,7.37,-1.0121970114513341,527,150.0,75.0,7.37,1.0121970114513341,489.0,139.0625,69.53125,7.074,3.0309354324158977,481.0,153.125,68.75,7.031,0.0,526.0,142.96875,75.0,6.987,2.0344439357957027,424.0,142.1875,61.71875,8.043,-2.0778948311872334
481,153.125,68.75,1.6905304195542985,0.0,-0.001,7.259,442,157.03125,62.5,7.37,-1.0121970114513341,528,157.03125,75.0,7.37,1.0121970114513341,480.0,146.09375,68.75,7.031,3.141592653589793,441.0,150.0,62.5,6.987,-2.0344439357957027,527.0,150.0,75.0,6.987,2.0344439357957027,482.0,160.9375,68.75,7.812,0.0
482,160.9375,68.75,1.6521350057302915,3.141,-0.001,7.259,442,157.03125,62.5,7.37,-2.129395642138459,528,157.03125,75.0,7.37,2.129395642138459,483.0,167.96875,68.75,7.031,0.0,443.0,164.0625,62.5,6.987,-1.1071487177940904,529.0,164.0625,75.0,6.987,1.1071487177940904,481.0,153.125,68.75,7.812,3.141592653589793
483,167.96875,68.75,1.6844876155111344,3.141,-0.001,7.129,443,164.0625,62.5,7.37,-2.129395642138459,529,164.0625,75.0,7.37,2.129395642138459,484.0,175.0,68.75,7.031,0.0,482.0,160.9375,68.75,7.031,3.141592653589793,444.0,171.09375,62.5,6.987,-1.1071487177940904,530.0,171.09375,75.0,6.987,1.1071487177940904
484,175.0,68.75,1.6586194114180164,-2.594,-0.026,7.254,444,171.09375,62.5,7.37,-2.129395642138459,530,171.09375,75.0,7.37,2.129395642138459,469.0,182.03125,67.96875,7.074,-0.11065722117389565,483.0,167.96875,68.75,7.031,3.141592653589793,531.0,178.125,75.0,6.987,1.1071487177940904,425.0,178.125,61.71875,7.694,-1.1525719972156676
485,239.0625,68.75,1.6052843960517142,-2.976,0.126,7.203,519,234.375,74.21875,7.202,2.279422598922567,490,246.09375,69.53125,7.074,0.11065722117389565,433.0,235.9375,61.71875,7.694,-1.9890206563741257,447.0,242.96875,63.28125,6.72,-0.9505468408120752,532.0,241.40625,75.0,6.675,1.2120256565243244,476.0,231.25,67.96875,7.851,-3.0419240010986313
486,278.125,68.75,1.668182017100355,-2.145,0.278,7.238,449,282.8125,63.28125,7.202,-0.8621700546672264,496,285.15625,70.3125,7.202,0.21866894587394195,506.0,272.65625,73.4375,7.202,2.432966381462123,461.0,271.09375,66.40625,7.411,-2.819842099193151,536.0,279.6875,76.5625,7.967,1.373400766945016,445.0,276.5625,62.5,6.442,-1.8157749899217608
487,12.5,69.53125,1.6633126524649327,-2.693,0.314,7.024,434,10.9375,62.5,7.202,-1.7894652726688385,450,17.1875,64.0625,7.202,-0.8621700546672264,534.0,14.84375,76.5625,7.411,1.2490457723982544,462.0,6.25,67.1875,6.675,-2.782821983319221,507.0,7.8125,74.21875,6.629,2.356194490192345,,,,,
488,132.03125,69.53125,1.6665508060217626,-0.53,0.036,6.923,479,125.0,68.75,7.074,-3.0309354324158977,489,139.0625,69.53125,7.031,0.0,440.0,128.90625,62.5,7.694,-1.9890206563741257,451.0,135.9375,64.0625,6.72,-0.9505468408120752,525.0,135.9375,75.0,6.72,0.9505468408120752,524.0,128.90625,75.0,6.298,2.0899424410414196
489,139.0625,69.53125,1.5965386234287215,-1.772,-0.059,6.972,480,146.09375,68.75,7.074,-0.11065722117389565,488,132.03125,69.53125,7.031,3.141592653589793,526.0,142.96875,75.0,6.72,0.9505468408120752,451.0,135.9375,64.0625,6.298,-2.0899424410414196,525.0,135.9375,75.0,6.298,2.0899424410414196,424.0,142.1875,61.71875,8.414,-1.1902899496825317
490,246.09375,69.53125,1.680543279740618,1.98,0.173,7.268,499,253.125,71.09375,7.202,0.21866894587394195,532,241.40625,75.0,7.202,2.279422598922567,535.0,248.4375,76.5625,7.411,1.2490457723982544,485.0,239.0625,68.75,7.074,-3.0309354324158977,447.0,242.96875,63.28125,6.987,-2.0344439357957027,452.0,251.5625,64.0625,7.733,-0.7853981633974483
491,28.90625,70.3125,1.6769254002921286,-2.032,-0.461,7.238,458,35.15625,66.40625,7.37,-0.5585993153435624,538,28.125,77.34375,7.074,1.6814535479687922,457.0,23.4375,66.40625,6.72,-2.5213431676069717,435.0,28.90625,62.5,7.812,-1.5707963267948966,502.0,21.09375,72.65625,8.156,2.8501358591119264,504.0,34.375,73.4375,6.298,0.5191461142465229
492,40.625,70.3125,1.6702159184501453,-0.976,-0.481,7.221,459,46.875,66.40625,7.37,-0.5585993153435624,508,46.875,74.21875,7.37,0.5585993153435624,539.0,40.625,77.34375,7.031,1.5707963267948966,504.0,34.375,73.4375,6.987,2.677945044588987,458.0,35.15625,66.40625,6.72,-2.5213431676069717,436.0,41.40625,62.5,7.851,-1.4711276743037347
493,53.125,70.3125,1.6872083015650186,-0.634,0.514,7.145,459,46.875,66.40625,7.37,-2.5829933382462307,508,46.875,74.21875,7.37,2.5829933382462307,540.0,53.125,77.34375,7.031,1.5707963267948966,505.0,59.375,73.4375,6.987,0.4636476090008061,437.0,53.125,62.5,7.812,-1.5707963267948966,463.0,58.59375,67.1875,6.298,-0.5191461142465229
494,69.53125,70.3125,1.681298506628653,-1.888,-0.216,7.258,456,64.84375,64.84375,7.202,-2.279422598922567,501,62.5,71.875,7.202,2.922923707715851,446.0,71.875,63.28125,7.411,-1.2490457723982544,465.0,76.5625,67.96875,7.411,-0.3217505543966422,541.0,66.40625,77.34375,7.694,1.9890206563741257,521.0,74.21875,75.0,6.629,0.7853981633974483
495,265.625,70.3125,1.6982425963384158,-0.165,0.402,7.184,543,267.1875,77.34375,7.202,1.3521273809209546,448,264.84375,63.28125,7.074,-1.6814535479687922,506.0,272.65625,73.4375,7.694,0.4182243295792291,464.0,258.59375,67.1875,7.694,-2.723368324010564,461.0,271.09375,66.40625,6.72,-0.6202494859828215,520.0,260.15625,74.21875,6.72,2.5213431676069717
496,285.15625,70.3125,1.6566477334614778,-1.227,0.096,7.47,486,278.125,68.75,7.202,-2.922923707715851,453,289.0625,64.0625,7.37,-1.0121970114513341,449.0,282.8125,63.28125,7.411,-1.892546881191539,533.0,289.0625,75.78125,6.72,0.9505468408120752,497.0,292.96875,70.3125,7.812,0.0,536.0,279.6875,76.5625,8.304,2.289626326416521
497,292.96875,70.3125,1.6283709992480377,-2.985,0.009,7.021,453,289.0625,64.0625,7.37,-2.129395642138459,454,296.09375,64.0625,6.987,-1.1071487177940904,537.0,296.09375,76.5625,6.987,1.1071487177940904,533.0,289.0625,75.78125,6.72,2.191045812777718,496.0,285.15625,70.3125,7.812,3.141592653589793,498.0,299.21875,70.3125,6.25,0.0
498,299.21875,70.3125,1.6397940904176562,3.141,-0.001,6.741,454,296.09375,64.0625,6.987,-2.0344439357957027,537,296.09375,76.5625,6.987,2.0344439357957027,497.0,292.96875,70.3125,6.25,3.141592653589793,,,,,,,,,,,,,,,
499,253.125,71.09375,1.6828094985083968,1.359,0.313,7.331,452,251.5625,64.0625,7.202,-1.7894652726688385,490,246.09375,69.53125,7.202,-2.922923707715851,535.0,248.4375,76.5625,7.202,2.279422598922567,520.0,260.15625,74.21875,7.694,0.4182243295792291,464.0,258.59375,67.1875,6.72,-0.6202494859828215,545.0,254.6875,78.90625,7.967,1.373400766945016
500,0.0,71.875,1.6139095119766695,-0.174,-0.518,7.602,544,2.34375,78.90625,7.411,1.2490457723982544,455,0.0,64.84375,7.031,-1.5707963267948966,462.0,6.25,67.1875,7.812,-0.6435011087932844,507.0,7.8125,74.21875,8.156,0.2914567944778671,,,,,,,,,,
501,62.5,71.875,1.365673596222509,-0.738,-0.259,6.859,494,69.53125,70.3125,7.202,-0.21866894587394195,456,64.84375,64.84375,7.411,-1.2490457723982544,541.0,66.40625,77.34375,6.72,0.9505468408120752,463.0,58.59375,67.1875,6.101,-2.2655346029916,,,,,,,,,,
502,21.09375,72.65625,1.5267754283803656,0.551,-0.52,7.7,534,14.84375,76.5625,7.37,2.5829933382462307,457,23.4375,66.40625,6.675,-1.2120256565243244,549.0,21.875,80.46875,7.851,1.4711276743037347,491.0,28.90625,70.3125,8.156,-0.2914567944778671,538.0,28.125,77.34375,8.45,0.5880026035475675,,,,,
503,81.25,72.65625,1.6217517245888167,2.845,-0.362,6.977,542,86.71875,77.34375,7.202,0.7086262721276703,546,79.6875,79.6875,7.202,1.7894652726688385,521.0,74.21875,75.0,7.411,2.819842099193151,465.0,76.5625,67.96875,6.629,-2.356194490192345,460.0,82.8125,66.40625,6.442,-1.3258176636680326,,,,,
504,34.375,73.4375,1.6383478556955493,0.732,-0.497,7.152,538,28.125,77.34375,7.37,2.5829933382462307,539,40.625,77.34375,7.37,0.5585993153435624,458.0,35.15625,66.40625,7.074,-1.460139105621001,492.0,40.625,70.3125,6.987,-0.4636476090008061,561.0,34.375,81.25,7.812,1.5707963267948966,491.0,28.90625,70.3125,6.298,-2.62244653934327
505,59.375,73.4375,1.39184618645382,2.615,-0.475,7.146,540,53.125,77.34375,7.37,2.5829933382462307,550,59.375,80.46875,7.031,1.5707963267948966,493.0,53.125,70.3125,6.987,-2.677945044588987,541.0,66.40625,77.34375,8.043,0.507098504392337,463.0,58.59375,67.1875,6.298,-1.695151321341658,,,,,
506,272.65625,73.4375,1.6902340846688624,-2.83,0.387,7.264,461,271.09375,66.40625,7.202,-1.7894652726688385,486,278.125,68.75,7.202,-0.7086262721276703,559.0,273.4375,80.46875,7.074,1.460139105621001,495.0,265.625,70.3125,7.694,-2.723368324010564,536.0,279.6875,76.5625,7.694,0.4182243295792291,543.0,267.1875,77.34375,6.72,2.5213431676069717
507,7.8125,74.21875,1.645455982479482,-3.084,0.321,7.279,462,6.25,67.1875,7.202,-1.7894652726688385,544,2.34375,78.90625,7.202,2.432966381462123,534.0,14.84375,76.5625,7.411,0.3217505543966422,560.0,8.59375,81.25,7.074,1.460139105621001,487.0,12.5,69.53125,6.629,-0.7853981633974483,500.0,0.0,71.875,8.156,-2.8501358591119264
508,46.875,74.21875,1.667618862791624,-1.571,-0.524,7.259,492,40.625,70.3125,7.37,-2.5829933382462307,493,53.125,70.3125,7.37,-0.5585993153435624,562.0,46.875,81.25,7.031,1.5707963267948966,539.0,40.625,77.34375,6.987,2.677945044588987,540.0,53.125,77.34375,6.987,0.4636476090008061,459.0,46.875,66.40625,7.812,-1.5707963267948966
509,92.96875,74.21875,1.6288248975304271,-0.563,-0.086,6.966,466,96.875,67.96875,7.37,-1.0121970114513341,510,100.0,74.21875,7.031,0.0,542.0,86.71875,77.34375,6.987,2.677945044588987,477.0,89.0625,68.75,6.72,-2.191045812777718,547.0,96.875,79.6875,6.72,0.9505468408120752,,,,,
510,100.0,74.21875,1.609162185544866,-0.221,0.009,7.014,467,103.90625,67.96875,7.37,-1.0121970114513341,551,103.90625,80.46875,7.37,1.0121970114513341,511.0,107.03125,74.21875,7.031,0.0,509.0,92.96875,74.21875,7.031,3.141592653589793,466.0,96.875,67.96875,6.987,-2.0344439357957027,547.0,96.875,79.6875,6.298,2.0899424410414196
511,107.03125,74.21875,1.6567986589716341,0.87,0.027,7.249,468,110.9375,67.96875,7.37,-1.0121970114513341,522,114.0625,75.0,7.074,0.11065722117389565,510.0,100.0,74.21875,7.031,3.141592653589793,467.0,103.90625,67.96875,6.987,-2.0344439357957027,551.0,103.90625,80.46875,6.987,2.0344439357957027,563.0,110.9375,81.25,8.043,1.0636978224025597
512,185.15625,74.21875,1.6532307587099109,0.547,-0.026,7.254,470,189.0625,67.96875,7.37,-1.0121970114513341,552,189.0625,80.46875,7.37,1.0121970114513341,531.0,178.125,75.0,7.074,3.0309354324158977,513.0,192.1875,74.21875,7.031,0.0,469.0,182.03125,67.96875,6.987,-2.0344439357957027,573.0,182.03125,81.25,7.694,1.9890206563741257
513,192.1875,74.21875,1.6732394479550212,0.0,-0.001,7.129,471,196.09375,67.96875,7.37,-1.0121970114513341,553,196.09375,80.46875,7.37,1.0121970114513341,514.0,199.21875,74.21875,7.031,0.0,512.0,185.15625,74.21875,7.031,3.141592653589793,470.0,189.0625,67.96875,6.987,-2.0344439357957027,552.0,189.0625,80.46875,6.987,2.0344439357957027
514,199.21875,74.21875,1.681788301539223,0.0,-0.001,7.129,472,203.125,67.96875,7.37,-1.0121970114513341,554,203.125,80.46875,7.37,1.0121970114513341,515.0,206.25,74.21875,7.031,0.0,513.0,192.1875,74.21875,7.031,3.141592653589793,471.0,196.09375,67.96875,6.987,-2.0344439357957027,553.0,196.09375,80.46875,6.987,2.0344439357957027
515,206.25,74.21875,1.683828446636101,0.0,-0.001,7.129,473,210.15625,67.96875,7.37,-1.0121970114513341,555,210.15625,80.46875,7.37,1.0121970114513341,516.0,213.28125,74.21875,7.031,0.0,514.0,199.21875,74.21875,7.031,3.141592653589793,472.0,203.125,67.96875,6.987,-2.0344439357957027,554.0,203.125,80.46875,6.987,2.0344439357957027
516,213.28125,74.21875,1.6843460418356329,0.0,-0.001,7.129,474,217.1875,67.96875,7.37,-1.0121970114513341,556,217.1875,80.46875,7.37,1.0121970114513341,517.0,220.3125,74.21875,7.031,0.0,515.0,206.25,74.21875,7.031,3.141592653589793,473.0,210.15625,67.96875,6.987,-2.0344439357957027,555.0,210.15625,80.46875,6.987,2.0344439357957027
517,220.3125,74.21875,1.688664223741665,0.0,-0.001,7.129,475,224.21875,67.96875,7.37,-1.0121970114513341,557,224.21875,80.46875,7.37,1.0121970114513341,518.0,227.34375,74.21875,7.031,0.0,516.0,213.28125,74.21875,7.031,3.141592653589793,474.0,217.1875,67.96875,6.987,-2.0344439357957027,556.0,217.1875,80.46875,6.987,2.0344439357957027
518,227.34375,74.21875,1.695099579206914,0.511,0.016,7.065,476,231.25,67.96875,7.37,-1.0121970114513341,517,220.3125,74.21875,7.031,3.141592653589793,519.0,234.375,74.21875,7.031,0.0,475.0,224.21875,67.96875,6.987,-2.0344439357957027,557.0,224.21875,80.46875,6.987,2.0344439357957027,558.0,230.46875,80.46875,6.987,1.1071487177940904
519,234.375,74.21875,1.6981493143369082,0.813,0.064,6.994,485,239.0625,68.75,7.202,-0.8621700546672264,558,230.46875,80.46875,7.37,2.129395642138459,532.0,241.40625,75.0,7.074,0.11065722117389565,518.0,227.34375,74.21875,7.031,3.141592653589793,476.0,231.25,67.96875,6.987,-2.0344439357957027,548.0,237.5,79.6875,6.298,1.0516502125483738
520,260.15625,74.21875,1.682348795720376,2.108,0.387,7.264,464,258.59375,67.1875,7.202,-1.7894652726688385,545,254.6875,78.90625,7.202,2.432966381462123,574.0,260.9375,81.25,7.074,1.460139105621001,499.0,253.125,71.09375,7.694,-2.723368324010564,543.0,267.1875,77.34375,7.694,0.4182243295792291,495.0,265.625,70.3125,6.72,-0.6202494859828215
521,74.21875,75.0,1.6740511588666283,-0.386,-0.288,7.335,576,72.65625,82.03125,7.202,1.7894652726688385,546,79.6875,79.6875,7.202,0.7086262721276703,465.0,76.5625,67.96875,7.411,-1.2490457723982544,503.0,81.25,72.65625,7.411,-0.3217505543966422,494.0,69.53125,70.3125,6.629,-2.356194490192345,541.0,66.40625,77.34375,8.156,2.8501358591119264
522,114.0625,75.0,1.6443270034399609,-0.571,0.042,7.19,478,117.96875,68.75,7.37,-1.0121970114513341,511,107.03125,74.21875,7.074,-3.0309354324158977,523.0,121.09375,75.0,7.031,0.0,563.0,110.9375,81.25,6.987,2.0344439357957027,564.0,117.1875,81.25,6.987,1.1071487177940904,468.0,110.9375,67.96875,7.694,-1.9890206563741257
523,121.09375,75.0,1.6476535271804793,-0.512,0.015,7.323,479,125.0,68.75,7.37,-1.0121970114513341,564,117.1875,81.25,7.37,2.129395642138459,565.0,125.0,81.25,7.37,1.0121970114513341,522.0,114.0625,75.0,7.031,3.141592653589793,478.0,117.96875,68.75,6.987,-2.0344439357957027,524.0,128.90625,75.0,7.812,0.0
524,128.90625,75.0,1.6491462561776138,2.92,0.009,7.145,479,125.0,68.75,7.37,-2.129395642138459,565,125.0,81.25,7.37,2.129395642138459,525.0,135.9375,75.0,7.031,0.0,566.0,132.03125,81.25,6.987,1.1071487177940904,523.0,121.09375,75.0,7.812,3.141592653589793,488.0,132.03125,69.53125,6.298,-1.0516502125483738
525,135.9375,75.0,1.6322491459366093,2.795,-0.001,6.906,566,132.03125,81.25,7.37,2.129395642138459,526,142.96875,75.0,7.031,0.0,524.0,128.90625,75.0,7.031,3.141592653589793,567.0,139.0625,81.25,6.987,1.1071487177940904,488.0,132.03125,69.53125,6.72,-2.191045812777718,489.0,139.0625,69.53125,6.298,-1.0516502125483738
526,142.96875,75.0,1.6899012282937862,2.984,-0.01,7.021,567,139.0625,81.25,7.37,2.129395642138459,527,150.0,75.0,7.031,0.0,525.0,135.9375,75.0,7.031,3.141592653589793,480.0,146.09375,68.75,6.987,-1.1071487177940904,568.0,146.09375,81.25,6.987,1.1071487177940904,489.0,139.0625,69.53125,6.72,-2.191045812777718
527,150.0,75.0,1.706428970495862,3.141,-0.001,7.129,480,146.09375,68.75,7.37,-2.129395642138459,568,146.09375,81.25,7.37,2.129395642138459,528.0,157.03125,75.0,7.031,0.0,526.0,142.96875,75.0,7.031,3.141592653589793,481.0,153.125,68.75,6.987,-1.1071487177940904,569.0,153.125,81.25,6.987,1.1071487177940904
528,157.03125,75.0,1.7109708757344773,0.051,-0.001,7.257,481,153.125,68.75,7.37,-2.129395642138459,482,160.9375,68.75,7.37,-1.0121970114513341,570.0,160.9375,81.25,7.37,1.0121970114513341,569.0,153.125,81.25,7.37,2.129395642138459,529.0,164.0625,75.0,7.031,0.0,527.0,150.0,75.0,7.031,3.141592653589793
529,164.0625,75.0,1.7071360484068865,0.0,-0.001,7.129,483,167.96875,68.75,7.37,-1.0121970114513341,571,167.96875,81.25,7.37,1.0121970114513341,530.0,171.09375,75.0,7.031,0.0,528.0,157.03125,75.0,7.031,3.141592653589793,482.0,160.9375,68.75,6.987,-2.0344439357957027,570.0,160.9375,81.25,6.987,2.0344439357957027
530,171.09375,75.0,1.6855024379222963,0.0,-0.001,7.129,484,175.0,68.75,7.37,-1.0121970114513341,572,175.0,81.25,7.37,1.0121970114513341,531.0,178.125,75.0,7.031,0.0,529.0,164.0625,75.0,7.031,3.141592653589793,483.0,167.96875,68.75,6.987,-2.0344439357957027,571.0,167.96875,81.25,6.987,2.0344439357957027
531,178.125,75.0,1.6500944998160798,-0.871,-0.028,7.249,573,182.03125,81.25,7.37,1.0121970114513341,512,185.15625,74.21875,7.074,-0.11065722117389565,530.0,171.09375,75.0,7.031,3.141592653589793,484.0,175.0,68.75,6.987,-2.0344439357957027,572.0,175.0,81.25,6.987,2.0344439357957027,469.0,182.03125,67.96875,8.043,-1.0636978224025597
532,241.40625,75.0,1.6759987075266518,2.363,0.194,7.037,490,246.09375,69.53125,7.202,-0.8621700546672264,535,248.4375,76.5625,7.202,0.21866894587394195,519.0,234.375,74.21875,7.074,-3.0309354324158977,485.0,239.0625,68.75,6.675,-1.9295669970654687,577.0,242.96875,82.8125,7.967,1.373400766945016,548.0,237.5,79.6875,6.101,2.2655346029916
533,289.0625,75.78125,1.6816344915214625,0.251,0.08,6.986,537,296.09375,76.5625,7.074,0.11065722117389565,578,292.1875,82.8125,7.694,1.1525719972156676,497.0,292.96875,70.3125,6.72,-0.9505468408120752,496.0,285.15625,70.3125,6.72,-2.191045812777718,575.0,285.15625,81.25,6.72,2.191045812777718,,,,,
534,14.84375,76.5625,1.6929435730061588,2.275,0.396,7.65,502,21.09375,72.65625,7.37,-0.5585993153435624,487,12.5,69.53125,7.411,-1.892546881191539,507.0,7.8125,74.21875,7.411,-2.819842099193151,560.0,8.59375,81.25,7.812,2.498091544796509,581.0,15.625,84.375,7.851,1.4711276743037347,549.0,21.875,80.46875,8.043,0.507098504392337
535,248.4375,76.5625,1.6699984077416425,2.329,0.242,7.333,499,253.125,71.09375,7.202,-0.8621700546672264,532,241.40625,75.0,7.202,-2.922923707715851,580.0,250.0,83.59375,7.202,1.3521273809209546,490.0,246.09375,69.53125,7.411,-1.892546881191539,545.0,254.6875,78.90625,6.675,0.35877067027057225,577.0,242.96875,82.8125,8.304,2.289626326416521
536,279.6875,76.5625,1.5799703542583559,3.064,0.44,7.725,575,285.15625,81.25,7.202,0.7086262721276703,559,273.4375,80.46875,7.37,2.5829933382462307,506.0,272.65625,73.4375,7.694,-2.723368324010564,587.0,279.6875,84.375,7.812,1.5707963267948966,486.0,278.125,68.75,7.967,-1.7681918866447774,496.0,285.15625,70.3125,8.304,-0.8519663271732721
537,296.09375,76.5625,1.671141191946625,-3.036,0.07,7.366,578,292.1875,82.8125,7.37,2.129395642138459,533,289.0625,75.78125,7.074,-3.0309354324158977,498.0,299.21875,70.3125,6.987,-1.1071487177940904,497.0,292.96875,70.3125,6.987,-2.0344439357957027,588.0,299.21875,84.375,8.414,1.1902899496825317,,,,,
538,28.125,77.34375,1.693834595935238,-0.903,-0.485,7.38,504,34.375,73.4375,7.37,-0.5585993153435624,561,34.375,81.25,7.37,0.5585993153435624,491.0,28.90625,70.3125,7.074,-1.460139105621001,582.0,28.125,84.375,7.031,1.5707963267948966,549.0,21.875,80.46875,6.987,2.677945044588987,502.0,21.09375,72.65625,8.45,-2.5535900500422257
539,40.625,77.34375,1.701725665983041,1.059,-0.508,7.323,504,34.375,73.4375,7.37,-2.5829933382462307,561,34.375,81.25,7.37,2.5829933382462307,562.0,46.875,81.25,7.37,0.5585993153435624,492.0,40.625,70.3125,7.031,-1.5707963267948966,508.0,46.875,74.21875,6.987,-0.4636476090008061,589.0,40.625,85.15625,7.812,1.5707963267948966
540,53.125,77.34375,1.6798157420138307,-0.644,0.491,7.129,505,59.375,73.4375,7.37,-0.5585993153435624,562,46.875,81.25,7.37,2.5829933382462307,583.0,53.125,84.375,7.031,1.5707963267948966,493.0,53.125,70.3125,7.031,-1.5707963267948966,550.0,59.375,80.46875,6.987,0.4636476090008061,508.0,46.875,74.21875,6.987,-2.677945044588987
541,66.40625,77.34375,1.6528769742504144,-2.976,-0.35,7.506,584,65.625,84.375,7.074,1.6814535479687922,494,69.53125,70.3125,7.694,-1.1525719972156676,550.0,59.375,80.46875,7.694,2.723368324010564,501.0,62.5,71.875,6.72,-2.191045812777718,576.0,72.65625,82.03125,7.812,0.6435011087932844,505.0,59.375,73.4375,8.043,-2.6344941491974563
542,86.71875,77.34375,1.6290869628754747,2.965,-0.524,7.011,503,81.25,72.65625,7.202,-2.432966381462123,546,79.6875,79.6875,7.411,2.819842099193151,509.0,92.96875,74.21875,6.987,-0.4636476090008061,579.0,85.15625,83.59375,6.442,1.8157749899217608,,,,,,,,,,
543,267.1875,77.34375,1.6678444418506906,3.094,0.42,7.175,495,265.625,70.3125,7.202,-1.7894652726688385,574,260.9375,81.25,7.37,2.5829933382462307,586.0,267.96875,84.375,7.074,1.460139105621001,559.0,273.4375,80.46875,6.987,0.4636476090008061,520.0,260.15625,74.21875,7.694,-2.723368324010564,506.0,272.65625,73.4375,6.72,-0.6202494859828215
544,2.34375,78.90625,1.4822113966214971,-0.17,0.495,7.09,507,7.8125,74.21875,7.202,-0.7086262721276703,500,0.0,71.875,7.411,-1.892546881191539,590.0,3.125,85.9375,7.074,1.460139105621001,560.0,8.59375,81.25,6.675,0.35877067027057225,,,,,,,,,,
545,254.6875,78.90625,1.6932308329738783,2.131,0.344,7.166,520,260.15625,74.21875,7.202,-0.7086262721276703,535,248.4375,76.5625,6.675,-2.782821983319221,574.0,260.9375,81.25,6.675,0.35877067027057225,601.0,255.46875,86.71875,7.851,1.4711276743037347,580.0,250.0,83.59375,6.629,2.356194490192345,499.0,253.125,71.09375,7.967,-1.7681918866447774
546,79.6875,79.6875,1.6940196418590825,-0.312,-0.355,7.17,503,81.25,72.65625,7.202,-1.3521273809209546,521,74.21875,75.0,7.202,-2.432966381462123,542.0,86.71875,77.34375,7.411,-0.3217505543966422,576.0,72.65625,82.03125,7.411,2.819842099193151,592.0,78.90625,86.71875,7.074,1.6814535479687922,579.0,85.15625,83.59375,6.72,0.6202494859828215
547,96.875,79.6875,1.6747848869722741,0.129,0.106,6.679,551,103.90625,80.46875,7.074,0.11065722117389565,509,92.96875,74.21875,6.72,-2.191045812777718,591.0,99.21875,85.9375,6.675,1.2120256565243244,585.0,92.1875,84.375,6.629,2.356194490192345,510.0,100.0,74.21875,6.298,-1.0516502125483738,,,,,
548,237.5,79.6875,1.5987491127451519,-2.876,-0.075,6.637,600,235.15625,86.71875,7.411,1.892546881191539,558,230.46875,80.46875,7.074,3.0309354324158977,577.0,242.96875,82.8125,6.298,0.5191461142465229,519.0,234.375,74.21875,6.298,-2.0899424410414196,532.0,241.40625,75.0,6.101,-0.8760580505981934,,,,,
549,21.875,80.46875,1.6463692546486415,2.111,0.514,7.572,581,15.625,84.375,7.37,2.5829933382462307,582,28.125,84.375,7.37,0.5585993153435624,538.0,28.125,77.34375,6.987,-0.4636476090008061,613.0,21.875,88.28125,7.812,1.5707963267948966,502.0,21.09375,72.65625,7.851,-1.6704649792860586,534.0,14.84375,76.5625,8.043,-2.6344941491974563
550,59.375,80.46875,1.6278063771765554,1.948,-0.5,7.384,583,53.125,84.375,7.37,2.5829933382462307,584,65.625,84.375,7.37,0.5585993153435624,505.0,59.375,73.4375,7.031,-1.5707963267948966,540.0,53.125,77.34375,6.987,-2.677945044588987,541.0,66.40625,77.34375,7.694,-0.4182243295792291,616.0,58.59375,88.28125,7.851,1.6704649792860586
551,103.90625,80.46875,1.6852715500884408,-3.02,0.082,7.064,591,99.21875,85.9375,7.202,2.279422598922567,510,100.0,74.21875,7.37,-2.129395642138459,563.0,110.9375,81.25,7.074,0.11065722117389565,547.0,96.875,79.6875,7.074,-3.0309354324158977,511.0,107.03125,74.21875,6.987,-1.1071487177940904,593.0,106.25,86.71875,6.675,1.2120256565243244
552,189.0625,80.46875,1.6675864278662282,1.914,-0.043,7.312,512,185.15625,74.21875,7.37,-2.129395642138459,595,192.96875,86.71875,7.37,1.0121970114513341,573.0,182.03125,81.25,7.074,3.0309354324158977,553.0,196.09375,80.46875,7.031,0.0,513.0,192.1875,74.21875,6.987,-1.1071487177940904,610.0,185.15625,87.5,8.043,2.0778948311872334
553,196.09375,80.46875,1.6819189526936322,0.0,-0.032,7.129,513,192.1875,74.21875,7.37,-2.129395642138459,596,200.0,86.71875,7.37,1.0121970114513341,554.0,203.125,80.46875,7.031,0.0,552.0,189.0625,80.46875,7.031,3.141592653589793,514.0,199.21875,74.21875,6.987,-1.1071487177940904,595.0,192.96875,86.71875,6.987,2.0344439357957027
554,203.125,80.46875,1.688176542812266,0.0,-0.032,7.129,514,199.21875,74.21875,7.37,-2.129395642138459,597,207.03125,86.71875,7.37,1.0121970114513341,555.0,210.15625,80.46875,7.031,0.0,553.0,196.09375,80.46875,7.031,3.141592653589793,515.0,206.25,74.21875,6.987,-1.1071487177940904,596.0,200.0,86.71875,6.987,2.0344439357957027
555,210.15625,80.46875,1.6885489752196905,0.0,-0.032,7.129,515,206.25,74.21875,7.37,-2.129395642138459,598,214.0625,86.71875,7.37,1.0121970114513341,556.0,217.1875,80.46875,7.031,0.0,554.0,203.125,80.46875,7.031,3.141592653589793,516.0,213.28125,74.21875,6.987,-1.1071487177940904,597.0,207.03125,86.71875,6.987,2.0344439357957027
556,217.1875,80.46875,1.684778059024272,2.608,-0.024,7.241,516,213.28125,74.21875,7.37,-2.129395642138459,555,210.15625,80.46875,7.031,3.141592653589793,557.0,224.21875,80.46875,7.031,0.0,517.0,220.3125,74.21875,6.987,-1.1071487177940904,598.0,214.0625,86.71875,6.987,2.0344439357957027,611.0,221.09375,87.5,8.043,1.0636978224025597
557,224.21875,80.46875,1.673050536558686,0.44,-0.04,7.117,517,220.3125,74.21875,7.37,-2.129395642138459,599,228.125,86.71875,7.37,1.0121970114513341,556.0,217.1875,80.46875,7.031,3.141592653589793,518.0,227.34375,74.21875,6.987,-1.1071487177940904,611.0,221.09375,87.5,7.694,1.9890206563741257,558.0,230.46875,80.46875,6.25,0.0
558,230.46875,80.46875,1.6561663125562731,-0.344,-0.051,7.028,519,234.375,74.21875,7.37,-1.0121970114513341,548,237.5,79.6875,7.074,-0.11065722117389565,518.0,227.34375,74.21875,6.987,-2.0344439357957027,600.0,235.15625,86.71875,7.812,0.9272952180016122,599.0,228.125,86.71875,6.675,1.9295669970654687,557.0,224.21875,80.46875,6.25,3.141592653589793
559,273.4375,80.46875,1.6657666766911483,1.739,0.461,7.229,536,279.6875,76.5625,7.37,-0.5585993153435624,587,279.6875,84.375,7.37,0.5585993153435624,506.0,272.65625,73.4375,7.074,-1.6814535479687922,543.0,267.1875,77.34375,6.987,-2.677945044588987,586.0,267.96875,84.375,6.72,2.5213431676069717,620.0,274.21875,88.28125,7.851,1.4711276743037347
560,8.59375,81.25,1.6569275640830288,0.499,0.368,7.15,590,3.125,85.9375,7.202,2.432966381462123,507,7.8125,74.21875,7.074,-1.6814535479687922,581.0,15.625,84.375,7.694,0.4182243295792291,534.0,14.84375,76.5625,7.812,-0.6435011087932844,544.0,2.34375,78.90625,6.675,-2.782821983319221,602.0,10.15625,87.5,6.442,1.3258176636680326
561,34.375,81.25,1.6875043781741417,-2.626,-0.49,7.33,538,28.125,77.34375,7.37,-2.5829933382462307,539,40.625,77.34375,7.37,-0.5585993153435624,589.0,40.625,85.15625,7.37,0.5585993153435624,614.0,33.59375,88.28125,7.074,1.6814535479687922,582.0,28.125,84.375,6.987,2.677945044588987,504.0,34.375,73.4375,7.812,-1.5707963267948966
562,46.875,81.25,1.6978191564684082,-2.195,-0.522,7.2,539,40.625,77.34375,7.37,-2.5829933382462307,540,53.125,77.34375,7.37,-0.5585993153435624,589.0,40.625,85.15625,7.37,2.5829933382462307,615.0,46.09375,88.28125,7.074,1.6814535479687922,508.0,46.875,74.21875,7.031,-1.5707963267948966,583.0,53.125,84.375,6.987,0.4636476090008061
563,110.9375,81.25,1.6233182388391967,-2.503,0.059,7.208,593,106.25,86.71875,7.202,2.279422598922567,551,103.90625,80.46875,7.074,-3.0309354324158977,522.0,114.0625,75.0,6.987,-1.1071487177940904,617.0,114.0625,88.28125,7.694,1.1525719972156676,511.0,107.03125,74.21875,8.043,-2.0778948311872334,564.0,117.1875,81.25,6.25,0.0
564,117.1875,81.25,1.6181938808836895,-0.058,-0.018,7.139,523,121.09375,75.0,7.37,-1.0121970114513341,522,114.0625,75.0,6.987,-2.0344439357957027,617.0,114.0625,88.28125,7.694,1.9890206563741257,594.0,121.09375,86.71875,6.72,0.9505468408120752,565.0,125.0,81.25,7.812,0.0,563.0,110.9375,81.25,6.25,3.141592653589793
565,125.0,81.25,1.694909356055758,2.896,0.046,7.286,523,121.09375,75.0,7.37,-2.129395642138459,524,128.90625,75.0,7.37,-1.0121970114513341,618.0,127.34375,88.28125,7.411,1.2490457723982544,566.0,132.03125,81.25,7.031,0.0,594.0,121.09375,86.71875,6.72,2.191045812777718,564.0,117.1875,81.25,7.812,3.141592653589793
566,132.03125,81.25,1.6667627780612753,-2.569,0.036,7.309,525,135.9375,75.0,7.37,-1.0121970114513341,565,125.0,81.25,7.031,3.141592653589793,567.0,139.0625,81.25,7.031,0.0,524.0,128.90625,75.0,6.987,-2.0344439357957027,603.0,135.15625,87.5,6.987,1.1071487177940904,618.0,127.34375,88.28125,8.45,2.158798930342464
567,139.0625,81.25,1.6959376804838582,-0.512,0.015,7.193,526,142.96875,75.0,7.37,-1.0121970114513341,603,135.15625,87.5,7.37,2.129395642138459,604.0,142.96875,87.5,7.37,1.0121970114513341,566.0,132.03125,81.25,7.031,3.141592653589793,568.0,146.09375,81.25,7.031,0.0,525.0,135.9375,75.0,6.987,-2.0344439357957027
568,146.09375,81.25,1.6792800231397955,0.0,-0.001,7.129,527,150.0,75.0,7.37,-1.0121970114513341,605,150.0,87.5,7.37,1.0121970114513341,569.0,153.125,81.25,7.031,0.0,567.0,139.0625,81.25,7.031,3.141592653589793,526.0,142.96875,75.0,6.987,-2.0344439357957027,604.0,142.96875,87.5,6.987,2.0344439357957027
569,153.125,81.25,1.6562662338049816,0.0,-0.001,7.259,528,157.03125,75.0,7.37,-1.0121970114513341,606,157.03125,87.5,7.37,1.0121970114513341,568.0,146.09375,81.25,7.031,3.141592653589793,527.0,150.0,75.0,6.987,-2.0344439357957027,605.0,150.0,87.5,6.987,2.0344439357957027,570.0,160.9375,81.25,7.812,0.0
570,160.9375,81.25,1.6717826479929723,3.141,-0.001,7.259,528,157.03125,75.0,7.37,-2.129395642138459,606,157.03125,87.5,7.37,2.129395642138459,571.0,167.96875,81.25,7.031,0.0,529.0,164.0625,75.0,6.987,-1.1071487177940904,607.0,164.0625,87.5,6.987,1.1071487177940904,569.0,153.125,81.25,7.812,3.141592653589793
571,167.96875,81.25,1.6830298054423207,3.141,-0.001,7.129,529,164.0625,75.0,7.37,-2.129395642138459,607,164.0625,87.5,7.37,2.129395642138459,572.0,175.0,81.25,7.031,0.0,570.0,160.9375,81.25,7.031,3.141592653589793,530.0,171.09375,75.0,6.987,-1.1071487177940904,608.0,171.09375,87.5,6.987,1.1071487177940904
572,175.0,81.25,1.6763923068539786,3.141,-0.001,7.129,530,171.09375,75.0,7.37,-2.129395642138459,608,171.09375,87.5,7.37,2.129395642138459,573.0,182.03125,81.25,7.031,0.0,571.0,167.96875,81.25,7.031,3.141592653589793,531.0,178.125,75.0,6.987,-1.1071487177940904,609.0,178.125,87.5,6.987,1.1071487177940904
573,182.03125,81.25,1.656608780672575,-2.594,-0.026,7.254,531,178.125,75.0,7.37,-2.129395642138459,609,178.125,87.5,7.37,2.129395642138459,552.0,189.0625,80.46875,7.074,-0.11065722117389565,572.0,175.0,81.25,7.031,3.141592653589793,610.0,185.15625,87.5,6.987,1.1071487177940904,512.0,185.15625,74.21875,7.694,-1.1525719972156676
574,260.9375,81.25,1.6089255705843044,0.761,0.374,7.291,619,262.5,88.28125,7.202,1.3521273809209546,543,267.1875,77.34375,7.37,-0.5585993153435624,520.0,260.15625,74.21875,7.074,-1.6814535479687922,586.0,267.96875,84.375,7.694,0.4182243295792291,601.0,255.46875,86.71875,7.733,2.356194490192345,545.0,254.6875,78.90625,6.675,-2.782821983319221
575,285.15625,81.25,1.6159899086593927,1.35,0.455,6.744,536,279.6875,76.5625,7.202,-2.432966381462123,578,292.1875,82.8125,7.202,0.21866894587394195,533.0,289.0625,75.78125,6.72,-0.9505468408120752,587.0,279.6875,84.375,6.298,2.62244653934327,612.0,285.9375,87.5,6.298,1.446441332248135,,,,,
576,72.65625,82.03125,1.676250781123826,0.785,-0.344,7.475,521,74.21875,75.0,7.202,-1.3521273809209546,621,71.09375,89.0625,7.202,1.7894652726688385,584.0,65.625,84.375,7.411,2.819842099193151,546.0,79.6875,79.6875,7.411,-0.3217505543966422,541.0,66.40625,77.34375,7.812,-2.498091544796509,592.0,78.90625,86.71875,7.812,0.6435011087932844
577,242.96875,82.8125,1.468749756859282,-0.869,0.263,7.326,580,250.0,83.59375,7.074,0.11065722117389565,622,246.09375,89.0625,6.987,1.1071487177940904,532.0,241.40625,75.0,7.967,-1.7681918866447774,548.0,237.5,79.6875,6.298,-2.62244653934327,535.0,248.4375,76.5625,8.304,-0.8519663271732721,,,,,
578,292.1875,82.8125,1.6373104911451657,-2.844,0.229,7.263,588,299.21875,84.375,7.202,0.21866894587394195,575,285.15625,81.25,7.202,-2.922923707715851,537.0,296.09375,76.5625,7.37,-1.0121970114513341,533.0,289.0625,75.78125,7.694,-1.9890206563741257,612.0,285.9375,87.5,7.812,2.498091544796509,623.0,292.96875,89.0625,6.298,1.446441332248135
579,85.15625,83.59375,1.6873441293827396,-2.698,-0.491,6.78,585,92.1875,84.375,7.074,0.11065722117389565,592,78.90625,86.71875,6.987,2.677945044588987,546.0,79.6875,79.6875,6.72,-2.5213431676069717,624.0,87.5,89.84375,6.675,1.2120256565243244,542.0,86.71875,77.34375,6.442,-1.3258176636680326,,,,,
580,250.0,83.59375,1.602996581329837,-1.992,0.29,6.785,535,248.4375,76.5625,7.202,-1.7894652726688385,577,242.96875,82.8125,7.074,-3.0309354324158977,622.0,246.09375,89.0625,6.72,2.191045812777718,545.0,254.6875,78.90625,6.629,-0.7853981633974483,601.0,255.46875,86.71875,6.298,0.5191461142465229,,,,,
581,15.625,84.375,1.6747545901141307,2.823,0.505,7.535,549,21.875,80.46875,7.37,-0.5585993153435624,613,21.875,88.28125,7.37,0.5585993153435624,560.0,8.59375,81.25,7.694,-2.723368324010564,534.0,14.84375,76.5625,7.851,-1.6704649792860586,602.0,10.15625,87.5,6.298,2.62244653934327,636.0,14.84375,92.96875,8.629,1.6614562139956417
582,28.125,84.375,1.652552451826918,2.165,-0.481,7.221,549,21.875,80.46875,7.37,-2.5829933382462307,613,21.875,88.28125,7.37,2.5829933382462307,538.0,28.125,77.34375,7.031,-1.5707963267948966,561.0,34.375,81.25,6.987,-0.4636476090008061,614.0,33.59375,88.28125,6.72,0.6202494859828215,627.0,27.34375,92.1875,7.851,1.6704649792860586
583,53.125,84.375,1.6428533844007254,2.752,-0.505,7.334,550,59.375,80.46875,7.37,-0.5585993153435624,540,53.125,77.34375,7.031,-1.5707963267948966,562.0,46.875,81.25,6.987,-2.677945044588987,616.0,58.59375,88.28125,6.72,0.6202494859828215,629.0,52.34375,92.1875,7.851,1.6704649792860586,615.0,46.09375,88.28125,8.043,2.6344941491974563
584,65.625,84.375,1.6646661599264398,1.582,-0.416,7.492,621,71.09375,89.0625,7.202,0.7086262721276703,550,59.375,80.46875,7.37,-2.5829933382462307,576.0,72.65625,82.03125,7.411,-0.3217505543966422,541.0,66.40625,77.34375,7.074,-1.460139105621001,630.0,64.84375,92.1875,7.851,1.6704649792860586,616.0,58.59375,88.28125,8.043,2.6344941491974563
585,92.1875,84.375,1.589415406877681,1.26,0.235,7.104,624,87.5,89.84375,7.202,2.279422598922567,591,99.21875,85.9375,7.202,0.21866894587394195,625.0,94.53125,91.40625,7.411,1.2490457723982544,579.0,85.15625,83.59375,7.074,-3.0309354324158977,547.0,96.875,79.6875,6.629,-0.7853981633974483,,,,,
586,267.96875,84.375,1.6637779448421701,2.506,0.46,7.232,620,274.21875,88.28125,7.37,0.5585993153435624,543,267.1875,77.34375,7.074,-1.6814535479687922,574.0,260.9375,81.25,7.694,-2.723368324010564,559.0,273.4375,80.46875,6.72,-0.6202494859828215,619.0,262.5,88.28125,6.72,2.5213431676069717,631.0,267.96875,92.1875,7.812,1.5707963267948966
587,279.6875,84.375,1.6787299061771936,-0.014,0.487,7.173,559,273.4375,80.46875,7.37,-2.5829933382462307,612,285.9375,87.5,6.987,0.4636476090008061,620.0,274.21875,88.28125,6.72,2.5213431676069717,536.0,279.6875,76.5625,7.812,-1.5707963267948966,632.0,280.46875,92.1875,7.851,1.4711276743037347,575.0,285.15625,81.25,6.298,-0.5191461142465229
588,299.21875,84.375,1.5794915936106797,2.932,0.477,7.81,578,292.1875,82.8125,7.202,-2.922923707715851,623,292.96875,89.0625,7.812,2.498091544796509,633.0,299.21875,92.1875,7.812,1.5707963267948966,537.0,296.09375,76.5625,8.414,-1.9513027039072615,,,,,,,,,,
589,40.625,85.15625,1.6345175167767483,-2.332,-0.489,7.27,561,34.375,81.25,7.37,-2.5829933382462307,562,46.875,81.25,7.37,-0.5585993153435624,628.0,39.84375,92.1875,7.074,1.6814535479687922,614.0,33.59375,88.28125,7.694,2.723368324010564,539.0,40.625,77.34375,7.812,-1.5707963267948966,615.0,46.09375,88.28125,6.298,0.5191461142465229
590,3.125,85.9375,1.6708845100677092,0.241,0.263,7.373,560,8.59375,81.25,7.202,-0.7086262721276703,602,10.15625,87.5,7.202,0.21866894587394195,544.0,2.34375,78.90625,7.074,-1.6814535479687922,634.0,0.0,92.96875,7.694,1.9890206563741257,635.0,6.25,92.96875,7.694,1.1525719972156676,,,,,
591,99.21875,85.9375,1.6684539802184506,-1.752,0.177,7.128,551,103.90625,80.46875,7.202,-0.8621700546672264,585,92.1875,84.375,7.202,-2.922923707715851,625.0,94.53125,91.40625,7.202,2.279422598922567,638.0,101.5625,92.96875,7.411,1.2490457723982544,593.0,106.25,86.71875,7.074,0.11065722117389565,547.0,96.875,79.6875,6.675,-1.9295669970654687
592,78.90625,86.71875,1.5220408456553016,-2.505,-0.424,7.341,546,79.6875,79.6875,7.074,-1.460139105621001,579,85.15625,83.59375,6.987,-0.4636476090008061,576.0,72.65625,82.03125,7.812,-2.498091544796509,637.0,76.5625,92.96875,6.675,1.9295669970654687,621.0,71.09375,89.0625,8.156,2.8501358591119264,,,,,
593,106.25,86.71875,1.673035060541209,1.282,0.157,7.234,563,110.9375,81.25,7.202,-0.8621700546672264,591,99.21875,85.9375,7.074,-3.0309354324158977,638.0,101.5625,92.96875,7.812,2.214297435588181,551.0,103.90625,80.46875,6.675,-1.9295669970654687,639.0,108.59375,92.96875,6.675,1.2120256565243244,617.0,114.0625,88.28125,7.967,0.19739555984988075
594,121.09375,86.71875,1.568229667724109,-2.209,-0.094,6.676,617,114.0625,88.28125,7.202,2.922923707715851,564,117.1875,81.25,6.72,-2.191045812777718,565.0,125.0,81.25,6.72,-0.9505468408120752,618.0,127.34375,88.28125,6.442,0.24497866312686414,640.0,120.3125,92.96875,6.298,1.695151321341658,,,,,
595,192.96875,86.71875,1.6102263575931801,2.586,-0.017,7.266,552,189.0625,80.46875,7.37,-2.129395642138459,642,189.0625,92.96875,7.37,2.129395642138459,596.0,200.0,86.71875,7.031,0.0,553.0,196.09375,80.46875,6.987,-1.1071487177940904,643.0,196.09375,92.96875,6.987,1.1071487177940904,610.0,185.15625,87.5,7.851,3.0419240010986313
596,200.0,86.71875,1.6248343796746156,3.141,-0.001,7.129,553,196.09375,80.46875,7.37,-2.129395642138459,643,196.09375,92.96875,7.37,2.129395642138459,597.0,207.03125,86.71875,7.031,0.0,595.0,192.96875,86.71875,7.031,3.141592653589793,554.0,203.125,80.46875,6.987,-1.1071487177940904,644.0,203.125,92.96875,6.987,1.1071487177940904
597,207.03125,86.71875,1.631912570584344,3.141,-0.001,7.129,554,203.125,80.46875,7.37,-2.129395642138459,644,203.125,92.96875,7.37,2.129395642138459,598.0,214.0625,86.71875,7.031,0.0,596.0,200.0,86.71875,7.031,3.141592653589793,555.0,210.15625,80.46875,6.987,-1.1071487177940904,645.0,210.15625,92.96875,6.987,1.1071487177940904
598,214.0625,86.71875,1.630267364289331,2.593,0.025,7.254,555,210.15625,80.46875,7.37,-2.129395642138459,645,210.15625,92.96875,7.37,2.129395642138459,611.0,221.09375,87.5,7.074,0.11065722117389565,597.0,207.03125,86.71875,7.031,3.141592653589793,556.0,217.1875,80.46875,6.987,-1.1071487177940904,656.0,217.1875,93.75,7.694,1.1525719972156676
599,228.125,86.71875,1.6289452404039868,2.078,-0.075,7.202,557,224.21875,80.46875,7.37,-2.129395642138459,646,232.03125,92.96875,7.37,1.0121970114513341,611.0,221.09375,87.5,7.074,3.0309354324158977,600.0,235.15625,86.71875,7.031,0.0,657.0,225.0,93.75,7.694,1.9890206563741257,558.0,230.46875,80.46875,6.675,-1.2120256565243244
600,235.15625,86.71875,1.6345339162041579,-3.063,-0.134,7.068,548,237.5,79.6875,7.411,-1.2490457723982544,599,228.125,86.71875,7.031,3.141592653589793,646.0,232.03125,92.96875,6.987,2.0344439357957027,558.0,230.46875,80.46875,7.812,-2.214297435588181,626.0,239.0625,91.40625,6.101,0.8760580505981934,,,,,
601,255.46875,86.71875,1.6666230335463665,-0.352,0.263,7.188,619,262.5,88.28125,7.202,0.21866894587394195,647,251.5625,92.96875,7.37,2.129395642138459,574.0,260.9375,81.25,7.733,-0.7853981633974483,648.0,257.8125,92.96875,6.675,1.2120256565243244,545.0,254.6875,78.90625,7.851,-1.6704649792860586,580.0,250.0,83.59375,6.298,-2.62244653934327
602,10.15625,87.5,1.6627444661335233,-2.768,0.26,6.773,590,3.125,85.9375,7.202,-2.922923707715851,636,14.84375,92.96875,7.202,0.8621700546672264,635.0,6.25,92.96875,6.72,2.191045812777718,560.0,8.59375,81.25,6.442,-1.8157749899217608,581.0,15.625,84.375,6.298,-0.5191461142465229,,,,,
603,135.15625,87.5,1.649304257834425,0.542,-0.007,7.281,567,139.0625,81.25,7.37,-1.0121970114513341,649,139.0625,93.75,7.37,1.0121970114513341,566.0,132.03125,81.25,6.987,-2.0344439357957027,604.0,142.96875,87.5,7.812,0.0,618.0,127.34375,88.28125,7.851,3.0419240010986313,641.0,132.03125,92.96875,6.298,2.0899424410414196
604,142.96875,87.5,1.6884429033107724,3.141,-0.001,7.259,567,139.0625,81.25,7.37,-2.129395642138459,649,139.0625,93.75,7.37,2.129395642138459,605.0,150.0,87.5,7.031,0.0,568.0,146.09375,81.25,6.987,-1.1071487177940904,650.0,146.09375,93.75,6.987,1.1071487177940904,603.0,135.15625,87.5,7.812,3.141592653589793
605,150.0,87.5,1.70576734310783,3.141,-0.001,7.129,568,146.09375,81.25,7.37,-2.129395642138459,650,146.09375,93.75,7.37,2.129395642138459,606.0,157.03125,87.5,7.031,0.0,604.0,142.96875,87.5,7.031,3.141592653589793,569.0,153.125,81.25,6.987,-1.1071487177940904,651.0,153.125,93.75,6.987,1.1071487177940904
606,157.03125,87.5,1.7032965457149294,0.051,-0.001,7.257,569,153.125,81.25,7.37,-2.129395642138459,570,160.9375,81.25,7.37,-1.0121970114513341,652.0,160.9375,93.75,7.37,1.0121970114513341,651.0,153.125,93.75,7.37,2.129395642138459,607.0,164.0625,87.5,7.031,0.0,605.0,150.0,87.5,7.031,3.141592653589793
607,164.0625,87.5,1.686003659986803,0.0,-0.001,7.129,571,167.96875,81.25,7.37,-1.0121970114513341,653,167.96875,93.75,7.37,1.0121970114513341,608.0,171.09375,87.5,7.031,0.0,606.0,157.03125,87.5,7.031,3.141592653589793,570.0,160.9375,81.25,6.987,-2.0344439357957027,652.0,160.9375,93.75,6.987,2.0344439357957027
608,171.09375,87.5,1.659170766722539,0.0,-0.001,7.129,572,175.0,81.25,7.37,-1.0121970114513341,654,175.0,93.75,7.37,1.0121970114513341,609.0,178.125,87.5,7.031,0.0,607.0,164.0625,87.5,7.031,3.141592653589793,571.0,167.96875,81.25,6.987,-2.0344439357957027,653.0,167.96875,93.75,6.987,2.0344439357957027
609,178.125,87.5,1.628232966539789,0.0,-0.001,7.129,573,182.03125,81.25,7.37,-1.0121970114513341,655,182.03125,93.75,7.37,1.0121970114513341,610.0,185.15625,87.5,7.031,0.0,608.0,171.09375,87.5,7.031,3.141592653589793,572.0,175.0,81.25,6.987,-2.0344439357957027,654.0,175.0,93.75,6.987,2.0344439357957027
610,185.15625,87.5,1.597468116838442,-0.763,-0.036,7.27,609,178.125,87.5,7.031,3.141592653589793,573,182.03125,81.25,6.987,-2.0344439357957027,655.0,182.03125,93.75,6.987,2.0344439357957027,642.0,189.0625,92.96875,6.72,0.9505468408120752,595.0,192.96875,86.71875,7.851,-0.09966865249116202,552.0,189.0625,80.46875,8.043,-1.0636978224025597
611,221.09375,87.5,1.6230458234946483,-1.82,-0.016,7.437,657,225.0,93.75,7.37,1.0121970114513341,656,217.1875,93.75,7.37,2.129395642138459,599.0,228.125,86.71875,7.074,-0.11065722117389565,598.0,214.0625,86.71875,7.074,-3.0309354324158977,557.0,224.21875,80.46875,7.694,-1.1525719972156676,556.0,217.1875,80.46875,8.043,-2.0778948311872334
612,285.9375,87.5,1.6517787142840339,-1.065,0.377,7.225,623,292.96875,89.0625,7.202,0.21866894587394195,632,280.46875,92.1875,7.202,2.432966381462123,587.0,279.6875,84.375,6.987,-2.677945044588987,578.0,292.1875,82.8125,7.812,-0.6435011087932844,660.0,286.71875,95.3125,7.851,1.4711276743037347,575.0,285.15625,81.25,6.298,-1.695151321341658
613,21.875,88.28125,1.6381844931400649,1.807,-0.519,7.459,581,15.625,84.375,7.37,-2.5829933382462307,582,28.125,84.375,7.37,-0.5585993153435624,658.0,21.875,95.3125,7.031,1.5707963267948966,627.0,27.34375,92.1875,6.72,0.6202494859828215,549.0,21.875,80.46875,7.812,-1.5707963267948966,636.0,14.84375,92.96875,8.45,2.5535900500422257
614,33.59375,88.28125,1.6523022635664057,0.357,-0.472,7.34,627,27.34375,92.1875,7.37,2.5829933382462307,628,39.84375,92.1875,7.37,0.5585993153435624,561.0,34.375,81.25,7.074,-1.460139105621001,589.0,40.625,85.15625,7.694,-0.4182243295792291,582.0,28.125,84.375,6.72,-2.5213431676069717,661.0,33.59375,96.09375,7.812,1.5707963267948966
615,46.09375,88.28125,1.6356407537729811,0.627,-0.504,7.328,628,39.84375,92.1875,7.37,2.5829933382462307,629,52.34375,92.1875,7.37,0.5585993153435624,562.0,46.875,81.25,7.074,-1.460139105621001,662.0,46.09375,96.09375,7.812,1.5707963267948966,583.0,53.125,84.375,8.043,-0.507098504392337,589.0,40.625,85.15625,6.298,-2.62244653934327
616,58.59375,88.28125,1.65273179330355,-0.013,-0.489,7.528,629,52.34375,92.1875,7.37,2.5829933382462307,630,64.84375,92.1875,7.37,0.5585993153435624,583.0,53.125,84.375,6.72,-2.5213431676069717,663.0,58.59375,96.09375,7.812,1.5707963267948966,550.0,59.375,80.46875,7.851,-1.4711276743037347,584.0,65.625,84.375,8.043,-0.507098504392337
617,114.0625,88.28125,1.6586111572977016,0.2,-0.333,7.569,594,121.09375,86.71875,7.202,-0.21866894587394195,639,108.59375,92.96875,7.202,2.432966381462123,564.0,117.1875,81.25,7.694,-1.1525719972156676,563.0,110.9375,81.25,7.694,-1.9890206563741257,666.0,114.0625,96.09375,7.812,1.5707963267948966,640.0,120.3125,92.96875,7.812,0.6435011087932844
618,127.34375,88.28125,1.6416891754244676,-0.45,0.021,7.439,565,125.0,81.25,7.411,-1.892546881191539,603,135.15625,87.5,7.851,-0.09966865249116202,667.0,126.5625,96.09375,7.851,1.6704649792860586,641.0,132.03125,92.96875,6.629,0.7853981633974483,594.0,121.09375,86.71875,6.442,-2.896613990462929,566.0,132.03125,81.25,8.45,-0.982793723247329
619,262.5,88.28125,1.6804463777866465,2.058,0.384,7.048,574,260.9375,81.25,7.202,-1.7894652726688385,601,255.46875,86.71875,7.202,-2.922923707715851,586.0,267.96875,84.375,6.72,-0.6202494859828215,631.0,267.96875,92.1875,6.72,0.6202494859828215,669.0,262.5,96.09375,7.812,1.5707963267948966,648.0,257.8125,92.96875,6.629,2.356194490192345
620,274.21875,88.28125,1.687972064714625,-2.161,0.479,7.422,586,267.96875,84.375,7.37,-2.5829933382462307,631,267.96875,92.1875,7.37,2.5829933382462307,632.0,280.46875,92.1875,7.37,0.5585993153435624,587.0,279.6875,84.375,6.72,-0.6202494859828215,559.0,273.4375,80.46875,7.851,-1.6704649792860586,670.0,275.0,96.09375,7.851,1.4711276743037347
621,71.09375,89.0625,1.675999247133872,0.448,-0.374,7.224,576,72.65625,82.03125,7.202,-1.3521273809209546,584,65.625,84.375,7.202,-2.432966381462123,664.0,70.3125,96.09375,7.074,1.6814535479687922,630.0,64.84375,92.1875,6.987,2.677945044588987,637.0,76.5625,92.96875,6.72,0.6202494859828215,592.0,78.90625,86.71875,8.156,-0.2914567944778671
622,246.09375,89.0625,1.6144845495553548,2.731,-0.204,7.05,626,239.0625,91.40625,7.411,2.819842099193151,668,243.75,96.09375,7.411,1.892546881191539,577.0,242.96875,82.8125,6.987,-2.0344439357957027,580.0,250.0,83.59375,6.72,-0.9505468408120752,647.0,251.5625,92.96875,6.72,0.6202494859828215,,,,,
623,292.96875,89.0625,1.607698118047895,-0.482,0.461,7.075,612,285.9375,87.5,7.202,-2.922923707715851,671,293.75,96.09375,7.074,1.460139105621001,633.0,299.21875,92.1875,6.987,0.4636476090008061,588.0,299.21875,84.375,7.812,-0.6435011087932844,578.0,292.1875,82.8125,6.298,-1.695151321341658,,,,,
624,87.5,89.84375,1.6802784218817868,0.218,0.22,6.991,585,92.1875,84.375,7.202,-0.8621700546672264,625,94.53125,91.40625,7.202,0.21866894587394195,659.0,82.8125,95.3125,7.202,2.279422598922567,579.0,85.15625,83.59375,6.675,-1.9295669970654687,665.0,89.84375,96.09375,6.675,1.2120256565243244,,,,,
625,94.53125,91.40625,1.6741043729145866,-2.675,0.219,7.3,591,99.21875,85.9375,7.202,-0.8621700546672264,624,87.5,89.84375,7.202,-2.922923707715851,638.0,101.5625,92.96875,7.202,0.21866894587394195,585.0,92.1875,84.375,7.411,-1.892546881191539,665.0,89.84375,96.09375,6.629,2.356194490192345,680.0,96.875,99.21875,8.156,1.2793395323170296
626,239.0625,91.40625,1.6297123661818582,1.872,-0.29,7.1,646,232.03125,92.96875,7.202,2.922923707715851,622,246.09375,89.0625,7.411,-0.3217505543966422,668.0,243.75,96.09375,6.629,0.7853981633974483,698.0,236.71875,99.21875,8.156,1.8622531212727638,600.0,235.15625,86.71875,6.101,-2.2655346029916,,,,,
627,27.34375,92.1875,1.6436309115518675,-0.615,-0.491,7.107,614,33.59375,88.28125,7.37,-0.5585993153435624,661,33.59375,96.09375,7.37,0.5585993153435624,675.0,27.34375,99.21875,7.031,1.5707963267948966,613.0,21.875,88.28125,6.72,-2.5213431676069717,582.0,28.125,84.375,7.851,-1.4711276743037347,658.0,21.875,95.3125,6.298,2.62244653934327
628,39.84375,92.1875,1.6771307413435423,0.055,-0.506,7.264,614,33.59375,88.28125,7.37,-2.5829933382462307,615,46.09375,88.28125,7.37,-0.5585993153435624,661.0,33.59375,96.09375,7.37,2.5829933382462307,662.0,46.09375,96.09375,7.37,0.5585993153435624,589.0,40.625,85.15625,7.074,-1.460139105621001,676.0,39.84375,99.21875,7.031,1.5707963267948966
629,52.34375,92.1875,1.6842877085482273,0.049,-0.508,7.393,615,46.09375,88.28125,7.37,-2.5829933382462307,616,58.59375,88.28125,7.37,-0.5585993153435624,662.0,46.09375,96.09375,7.37,2.5829933382462307,663.0,58.59375,96.09375,7.37,0.5585993153435624,677.0,52.34375,99.21875,7.031,1.5707963267948966,583.0,53.125,84.375,7.851,-1.4711276743037347
630,64.84375,92.1875,1.699912669413302,0.893,-0.481,7.221,616,58.59375,88.28125,7.37,-2.5829933382462307,663,58.59375,96.09375,7.37,2.5829933382462307,678.0,64.84375,99.21875,7.031,1.5707963267948966,621.0,71.09375,89.0625,6.987,-0.4636476090008061,664.0,70.3125,96.09375,6.72,0.6202494859828215,584.0,65.625,84.375,7.851,-1.4711276743037347
631,267.96875,92.1875,1.6512382278230293,-0.242,0.495,7.29,620,274.21875,88.28125,7.37,-0.5585993153435624,701,268.75,99.21875,7.074,1.460139105621001,669.0,262.5,96.09375,6.72,2.5213431676069717,619.0,262.5,88.28125,6.72,-2.5213431676069717,586.0,267.96875,84.375,7.812,-1.5707963267948966,670.0,275.0,96.09375,8.043,0.507098504392337
632,280.46875,92.1875,1.687237871106481,-1.553,0.436,7.201,612,285.9375,87.5,7.202,-0.7086262721276703,620,274.21875,88.28125,7.37,-2.5829933382462307,702.0,281.25,99.21875,7.074,1.460139105621001,660.0,286.71875,95.3125,6.987,0.4636476090008061,670.0,275.0,96.09375,6.72,2.5213431676069717,587.0,279.6875,84.375,7.851,-1.6704649792860586
633,299.21875,92.1875,1.6306824825223214,3.063,-0.321,7.138,703,299.21875,99.21875,7.031,1.5707963267948966,623,292.96875,89.0625,6.987,-2.677945044588987,671.0,293.75,96.09375,6.72,2.5213431676069717,588.0,299.21875,84.375,7.812,-1.5707963267948966,,,,,,,,,,
634,0.0,92.96875,1.617908398915862,-0.011,-0.029,6.977,672,3.125,99.21875,6.987,1.1071487177940904,590,3.125,85.9375,7.694,-1.1525719972156676,635.0,6.25,92.96875,6.25,0.0,,,,,,,,,,,,,,,
635,6.25,92.96875,1.6061347168062754,0.057,0.017,7.269,673,10.15625,99.21875,7.37,1.0121970114513341,672,3.125,99.21875,6.987,2.0344439357957027,590.0,3.125,85.9375,7.694,-1.9890206563741257,602.0,10.15625,87.5,6.72,-0.9505468408120752,634.0,0.0,92.96875,6.25,3.141592653589793,636.0,14.84375,92.96875,8.593,0.0
636,14.84375,92.96875,1.5815969161859198,1.857,0.199,7.652,602,10.15625,87.5,7.202,-2.279422598922567,658,21.875,95.3125,7.411,0.3217505543966422,673.0,10.15625,99.21875,7.812,2.214297435588181,674.0,16.40625,99.21875,6.442,1.3258176636680326,613.0,21.875,88.28125,8.45,-0.5880026035475675,635.0,6.25,92.96875,8.593,3.141592653589793
637,76.5625,92.96875,1.6885920380139772,2.397,0.436,6.671,664,70.3125,96.09375,6.987,2.677945044588987,621,71.09375,89.0625,6.72,-2.5213431676069717,592.0,78.90625,86.71875,6.675,-1.2120256565243244,659.0,82.8125,95.3125,6.675,0.35877067027057225,679.0,77.34375,99.21875,6.298,1.446441332248135,,,,,
638,101.5625,92.96875,1.6626656540462528,-1.321,0.139,7.324,625,94.53125,91.40625,7.202,-2.922923707715851,591,99.21875,85.9375,7.411,-1.892546881191539,639.0,108.59375,92.96875,7.031,0.0,593.0,106.25,86.71875,7.812,-0.9272952180016122,680.0,96.875,99.21875,7.812,2.214297435588181,681.0,103.90625,99.21875,6.675,1.2120256565243244
639,108.59375,92.96875,1.6667142989007202,2.138,0.249,6.886,617,114.0625,88.28125,7.202,-0.7086262721276703,638,101.5625,92.96875,7.031,3.141592653589793,681.0,103.90625,99.21875,7.812,2.214297435588181,593.0,106.25,86.71875,6.675,-1.9295669970654687,666.0,114.0625,96.09375,6.298,0.5191461142465229,682.0,107.8125,99.21875,6.298,1.695151321341658
640,120.3125,92.96875,1.6235515075413163,-1.018,-0.494,7.131,666,114.0625,96.09375,6.987,2.677945044588987,667,126.5625,96.09375,6.987,0.4636476090008061,617.0,114.0625,88.28125,7.812,-2.498091544796509,594.0,121.09375,86.71875,6.298,-1.446441332248135,683.0,120.3125,99.21875,6.25,1.5707963267948966,618.0,127.34375,88.28125,8.45,-0.5880026035475675
641,132.03125,92.96875,1.6528734393903997,-0.122,0.057,6.595,649,139.0625,93.75,7.074,0.11065722117389565,684,134.375,99.21875,6.675,1.2120256565243244,618.0,127.34375,88.28125,6.629,-2.356194490192345,603.0,135.15625,87.5,6.298,-1.0516502125483738,667.0,126.5625,96.09375,6.298,2.62244653934327,,,,,
642,189.0625,92.96875,1.6520589401287533,1.376,-0.045,7.092,595,192.96875,86.71875,7.37,-1.0121970114513341,692,192.96875,99.21875,7.37,1.0121970114513341,655.0,182.03125,93.75,7.074,3.0309354324158977,643.0,196.09375,92.96875,7.031,0.0,691.0,185.9375,99.21875,6.987,2.0344439357957027,610.0,185.15625,87.5,6.72,-2.191045812777718
643,196.09375,92.96875,1.6549973991169626,0.0,-0.001,7.129,596,200.0,86.71875,7.37,-1.0121970114513341,693,200.0,99.21875,7.37,1.0121970114513341,644.0,203.125,92.96875,7.031,0.0,642.0,189.0625,92.96875,7.031,3.141592653589793,595.0,192.96875,86.71875,6.987,-2.0344439357957027,692.0,192.96875,99.21875,6.987,2.0344439357957027
644,203.125,92.96875,1.6516315288983812,0.0,-0.001,7.129,597,207.03125,86.71875,7.37,-1.0121970114513341,694,207.03125,99.21875,7.37,1.0121970114513341,645.0,210.15625,92.96875,7.031,0.0,643.0,196.09375,92.96875,7.031,3.141592653589793,596.0,200.0,86.71875,6.987,-2.0344439357957027,693.0,200.0,99.21875,6.987,2.0344439357957027
645,210.15625,92.96875,1.6354922124933682,0.605,0.018,7.136,598,214.0625,86.71875,7.37,-1.0121970114513341,695,214.0625,99.21875,7.37,1.0121970114513341,656.0,217.1875,93.75,7.074,0.11065722117389565,644.0,203.125,92.96875,7.031,3.141592653589793,597.0,207.03125,86.71875,6.987,-2.0344439357957027,694.0,207.03125,99.21875,6.987,2.0344439357957027
646,232.03125,92.96875,1.6591480435888026,-1.245,-0.1,7.239,626,239.0625,91.40625,7.202,-0.21866894587394195,599,228.125,86.71875,7.37,-2.129395642138459,657.0,225.0,93.75,7.074,3.0309354324158977,600.0,235.15625,86.71875,6.987,-1.1071487177940904,697.0,228.90625,99.21875,6.987,2.0344439357957027,698.0,236.71875,99.21875,7.812,0.9272952180016122
647,251.5625,92.96875,1.6113872309476551,1.516,-0.162,7.207,601,255.46875,86.71875,7.37,-1.0121970114513341,622,246.09375,89.0625,6.72,-2.5213431676069717,700.0,256.25,99.21875,7.812,0.9272952180016122,699.0,249.21875,99.21875,6.675,1.9295669970654687,648.0,257.8125,92.96875,6.25,0.0,668.0,243.75,96.09375,8.414,2.761086276477428
648,257.8125,92.96875,1.4191914011014424,-2.493,0.131,6.499,601,255.46875,86.71875,6.675,-1.9295669970654687,619,262.5,88.28125,6.629,-0.7853981633974483,700.0,256.25,99.21875,6.442,1.8157749899217608,647.0,251.5625,92.96875,6.25,3.141592653589793,,,,,,,,,,
649,139.0625,93.75,1.6982722479821586,-2.264,0.048,7.057,684,134.375,99.21875,7.202,2.279422598922567,603,135.15625,87.5,7.37,-2.129395642138459,604.0,142.96875,87.5,7.37,-1.0121970114513341,641.0,132.03125,92.96875,7.074,-3.0309354324158977,650.0,146.09375,93.75,7.031,0.0,685.0,142.1875,99.21875,6.298,1.0516502125483738
650,146.09375,93.75,1.6896797793530896,-0.947,0.016,6.976,605,150.0,87.5,7.37,-1.0121970114513341,649,139.0625,93.75,7.031,3.141592653589793,651.0,153.125,93.75,7.031,0.0,604.0,142.96875,87.5,6.987,-2.0344439357957027,685.0,142.1875,99.21875,6.72,2.191045812777718,686.0,150.0,99.21875,6.72,0.9505468408120752
651,153.125,93.75,1.6419533637689523,-0.346,-0.001,7.036,606,157.03125,87.5,7.37,-1.0121970114513341,650,146.09375,93.75,7.031,3.141592653589793,605.0,150.0,87.5,6.987,-2.0344439357957027,687.0,157.03125,99.21875,6.72,0.9505468408120752,652.0,160.9375,93.75,7.812,0.0,686.0,150.0,99.21875,6.298,2.0899424410414196
652,160.9375,93.75,1.6531274813305872,-2.796,0.0,7.036,606,157.03125,87.5,7.37,-2.129395642138459,653,167.96875,93.75,7.031,0.0,607.0,164.0625,87.5,6.987,-1.1071487177940904,687.0,157.03125,99.21875,6.72,2.191045812777718,651.0,153.125,93.75,7.812,3.141592653589793,688.0,164.0625,99.21875,6.298,1.0516502125483738
653,167.96875,93.75,1.6653458470462257,-2.796,0.0,6.906,607,164.0625,87.5,7.37,-2.129395642138459,652,160.9375,93.75,7.031,3.141592653589793,654.0,175.0,93.75,7.031,0.0,608.0,171.09375,87.5,6.987,-1.1071487177940904,688.0,164.0625,99.21875,6.72,2.191045812777718,689.0,171.09375,99.21875,6.298,1.0516502125483738
654,175.0,93.75,1.665303018901327,-2.796,0.0,6.906,608,171.09375,87.5,7.37,-2.129395642138459,653,167.96875,93.75,7.031,3.141592653589793,655.0,182.03125,93.75,7.031,0.0,609.0,178.125,87.5,6.987,-1.1071487177940904,689.0,171.09375,99.21875,6.72,2.191045812777718,690.0,178.125,99.21875,6.298,1.0516502125483738
655,182.03125,93.75,1.6584766838309963,-1.947,-0.036,6.984,609,178.125,87.5,7.37,-2.129395642138459,642,189.0625,92.96875,7.074,-0.11065722117389565,654.0,175.0,93.75,7.031,3.141592653589793,610.0,185.15625,87.5,6.987,-1.1071487177940904,690.0,178.125,99.21875,6.72,2.191045812777718,691.0,185.9375,99.21875,6.72,0.9505468408120752
656,217.1875,93.75,1.6001908870117034,-0.725,0.025,7.161,611,221.09375,87.5,7.37,-1.0121970114513341,645,210.15625,92.96875,7.074,-3.0309354324158977,598.0,214.0625,86.71875,7.694,-1.9890206563741257,696.0,221.09375,99.21875,6.72,0.9505468408120752,657.0,225.0,93.75,7.812,0.0,695.0,214.0625,99.21875,6.298,2.0899424410414196
657,225.0,93.75,1.6589402671787765,-2.059,-0.044,7.232,611,221.09375,87.5,7.37,-2.129395642138459,646,232.03125,92.96875,7.074,-0.11065722117389565,599.0,228.125,86.71875,7.694,-1.1525719972156676,696.0,221.09375,99.21875,6.72,2.191045812777718,697.0,228.90625,99.21875,6.72,0.9505468408120752,656.0,217.1875,93.75,7.812,3.141592653589793
658,21.875,95.3125,1.6547071518611955,-1.694,-0.464,6.836,636,14.84375,92.96875,7.411,-2.819842099193151,613,21.875,88.28125,7.031,-1.5707963267948966,674.0,16.40625,99.21875,6.72,2.5213431676069717,675.0,27.34375,99.21875,6.72,0.6202494859828215,627.0,27.34375,92.1875,6.298,-0.5191461142465229,,,,,
659,82.8125,95.3125,1.6029401002624228,-1.818,0.405,6.918,624,87.5,89.84375,7.202,-0.8621700546672264,665,89.84375,96.09375,7.074,0.11065722117389565,679.0,77.34375,99.21875,6.72,2.5213431676069717,637.0,76.5625,92.96875,6.675,-2.782821983319221,,,,,,,,,,
660,286.71875,95.3125,1.6011252232487434,-2.397,-0.476,7.158,671,293.75,96.09375,7.074,0.11065722117389565,632,280.46875,92.1875,6.987,-2.677945044588987,702.0,281.25,99.21875,6.72,2.5213431676069717,612.0,285.9375,87.5,7.851,-1.6704649792860586,,,,,,,,,,
661,33.59375,96.09375,1.6583844741439444,-1.571,-0.419,7.305,627,27.34375,92.1875,7.37,-2.5829933382462307,628,39.84375,92.1875,7.37,-0.5585993153435624,675.0,27.34375,99.21875,6.987,2.677945044588987,676.0,39.84375,99.21875,6.987,0.4636476090008061,614.0,33.59375,88.28125,7.812,-1.5707963267948966,,,,,
662,46.09375,96.09375,1.6778523759051356,-1.571,-0.419,7.305,628,39.84375,92.1875,7.37,-2.5829933382462307,629,52.34375,92.1875,7.37,-0.5585993153435624,676.0,39.84375,99.21875,6.987,2.677945044588987,677.0,52.34375,99.21875,6.987,0.4636476090008061,615.0,46.09375,88.28125,7.812,-1.5707963267948966,,,,,
663,58.59375,96.09375,1.6814605718454154,-1.571,-0.419,7.305,629,52.34375,92.1875,7.37,-2.5829933382462307,630,64.84375,92.1875,7.37,-0.5585993153435624,677.0,52.34375,99.21875,6.987,2.677945044588987,678.0,64.84375,99.21875,6.987,0.4636476090008061,616.0,58.59375,88.28125,7.812,-1.5707963267948966,,,,,
664,70.3125,96.09375,1.6858644591409555,-1.363,0.461,6.955,621,71.09375,89.0625,7.074,-1.460139105621001,637,76.5625,92.96875,6.987,-0.4636476090008061,679.0,77.34375,99.21875,7.694,0.4182243295792291,630.0,64.84375,92.1875,6.72,-2.5213431676069717,678.0,64.84375,99.21875,6.298,2.62244653934327,,,,,
665,89.84375,96.09375,1.6350002198070006,-1.369,0.349,7.018,659,82.8125,95.3125,7.074,-3.0309354324158977,680,96.875,99.21875,7.694,0.4182243295792291,624.0,87.5,89.84375,6.675,-1.9295669970654687,625.0,94.53125,91.40625,6.629,-0.7853981633974483,,,,,,,,,,
666,114.0625,96.09375,1.6326315891293584,-1.546,0.432,7.014,682,107.8125,99.21875,6.987,2.677945044588987,640,120.3125,92.96875,6.987,-0.4636476090008061,683.0,120.3125,99.21875,6.987,0.4636476090008061,617.0,114.0625,88.28125,7.812,-1.5707963267948966,639.0,108.59375,92.96875,6.298,-2.62244653934327,,,,,
667,126.5625,96.09375,1.6743765733148457,-1.476,-0.427,7.307,640,120.3125,92.96875,6.987,-2.677945044588987,683,120.3125,99.21875,6.987,2.677945044588987,618.0,127.34375,88.28125,7.851,-1.4711276743037347,641.0,132.03125,92.96875,6.298,-0.5191461142465229,684.0,134.375,99.21875,8.414,0.3805063771123649,,,,,
668,243.75,96.09375,1.6365185790400925,-1.159,-0.43,7.289,622,246.09375,89.0625,7.411,-1.2490457723982544,698,236.71875,99.21875,7.694,2.723368324010564,626.0,239.0625,91.40625,6.629,-2.356194490192345,699.0,249.21875,99.21875,6.298,0.5191461142465229,647.0,251.5625,92.96875,8.414,-0.3805063771123649,,,,,
669,262.5,96.09375,1.5600447504335557,-0.702,-0.299,7.127,701,268.75,99.21875,6.987,0.4636476090008061,700,256.25,99.21875,6.987,2.677945044588987,631.0,267.96875,92.1875,6.72,-0.6202494859828215,619.0,262.5,88.28125,7.812,-1.5707963267948966,,,,,,,,,,
670,275.0,96.09375,1.6382364122543287,-1.707,-0.472,7.318,701,268.75,99.21875,6.987,2.677945044588987,702,281.25,99.21875,6.987,0.4636476090008061,632.0,280.46875,92.1875,6.72,-0.6202494859828215,620.0,274.21875,88.28125,7.851,-1.6704649792860586,631.0,267.96875,92.1875,8.043,-2.6344941491974563,,,,,
671,293.75,96.09375,1.6716030770409613,-1.119,-0.457,6.792,623,292.96875,89.0625,7.074,-1.6814535479687922,660,286.71875,95.3125,7.074,-3.0309354324158977,633.0,299.21875,92.1875,6.72,-0.6202494859828215,703.0,299.21875,99.21875,6.298,0.5191461142465229,,,,,,,,,,
672,3.125,99.21875,1.6581032570679395,-1.062,0.0,7.002,673,10.15625,99.21875,7.031,0.0,634,0.0,92.96875,6.987,-2.0344439357957027,635.0,6.25,92.96875,6.987,-1.1071487177940904,,,,,,,,,,,,,,,
673,10.15625,99.21875,1.6136624142642362,-1.529,0.03,7.116,635,6.25,92.96875,7.37,-2.129395642138459,672,3.125,99.21875,7.031,3.141592653589793,636.0,14.84375,92.96875,7.812,-0.9272952180016122,674.0,16.40625,99.21875,6.25,0.0,,,,,,,,,,
674,16.40625,99.21875,1.6268660806041653,-1.841,0.51,6.47,658,21.875,95.3125,6.72,-0.6202494859828215,636,14.84375,92.96875,6.442,-1.8157749899217608,673.0,10.15625,99.21875,6.25,3.141592653589793,,,,,,,,,,,,,,,
675,27.34375,99.21875,1.5922627463639771,-1.532,0.104,6.913,627,27.34375,92.1875,7.031,-1.5707963267948966,661,33.59375,96.09375,6.987,-0.4636476090008061,658.0,21.875,95.3125,6.72,-2.5213431676069717,,,,,,,,,,,,,,,
676,39.84375,99.21875,1.6366691989212436,-1.571,0.0,7.002,628,39.84375,92.1875,7.031,-1.5707963267948966,661,33.59375,96.09375,6.987,-2.677945044588987,662.0,46.09375,96.09375,6.987,-0.4636476090008061,,,,,,,,,,,,,,,
677,52.34375,99.21875,1.6516199753262302,-1.571,0.0,7.002,629,52.34375,92.1875,7.031,-1.5707963267948966,662,46.09375,96.09375,6.987,-2.677945044588987,663.0,58.59375,96.09375,6.987,-0.4636476090008061,,,,,,,,,,,,,,,
678,64.84375,99.21875,1.6098863004422717,-1.585,-0.037,6.772,630,64.84375,92.1875,7.031,-1.5707963267948966,663,58.59375,96.09375,6.987,-2.677945044588987,664.0,70.3125,96.09375,6.298,-0.5191461142465229,,,,,,,,,,,,,,,
679,77.34375,99.21875,1.60822352131404,-1.684,-0.218,6.904,664,70.3125,96.09375,7.694,-2.723368324010564,659,82.8125,95.3125,6.72,-0.6202494859828215,637.0,76.5625,92.96875,6.298,-1.695151321341658,,,,,,,,,,,,,,,
680,96.875,99.21875,1.5928431491074095,-1.389,0.276,7.673,681,103.90625,99.21875,7.031,0.0,665,89.84375,96.09375,7.694,-2.723368324010564,638.0,101.5625,92.96875,7.812,-0.9272952180016122,625.0,94.53125,91.40625,8.156,-1.8622531212727638,,,,,,,,,,
681,103.90625,99.21875,1.3781371010364227,-1.98,0.191,7.172,680,96.875,99.21875,7.031,3.141592653589793,639,108.59375,92.96875,7.812,-0.9272952180016122,638.0,101.5625,92.96875,6.675,-1.9295669970654687,,,,,,,,,,,,,,,
682,107.8125,99.21875,1.2768793459143422,-0.956,-0.248,6.643,666,114.0625,96.09375,6.987,-0.4636476090008061,639,108.59375,92.96875,6.298,-1.446441332248135,,,,,,,,,,,,,,,,,,,,
683,120.3125,99.21875,1.654715019830412,-1.571,0.0,6.741,666,114.0625,96.09375,6.987,-2.677945044588987,667,126.5625,96.09375,6.987,-0.4636476090008061,640.0,120.3125,92.96875,6.25,-1.5707963267948966,,,,,,,,,,,,,,,
684,134.375,99.21875,1.5335400742678245,-1.394,0.269,7.526,649,139.0625,93.75,7.202,-0.8621700546672264,685,142.1875,99.21875,7.812,0.0,641.0,132.03125,92.96875,6.675,-1.9295669970654687,667.0,126.5625,96.09375,8.414,-2.761086276477428,,,,,,,,,,
685,142.1875,99.21875,1.5847642820355639,-1.521,0.037,7.161,650,146.09375,93.75,6.72,-0.9505468408120752,684,134.375,99.21875,7.812,3.141592653589793,686.0,150.0,99.21875,7.812,0.0,649.0,139.0625,93.75,6.298,-2.0899424410414196,,,,,,,,,,
686,150.0,99.21875,1.6438663980454802,-1.622,-0.038,6.965,687,157.03125,99.21875,7.031,0.0,650,146.09375,93.75,6.72,-2.191045812777718,685.0,142.1875,99.21875,7.812,3.141592653589793,651.0,153.125,93.75,6.298,-1.0516502125483738,,,,,,,,,,
687,157.03125,99.21875,1.6503251835009194,-1.571,-0.001,6.875,688,164.0625,99.21875,7.031,0.0,686,150.0,99.21875,7.031,3.141592653589793,652.0,160.9375,93.75,6.72,-0.9505468408120752,651.0,153.125,93.75,6.72,-2.191045812777718,,,,,,,,,,
688,164.0625,99.21875,1.6383262686651714,-1.521,0.037,6.77,689,171.09375,99.21875,7.031,0.0,687,157.03125,99.21875,7.031,3.141592653589793,653.0,167.96875,93.75,6.72,-0.9505468408120752,652.0,160.9375,93.75,6.298,-2.0899424410414196,,,,,,,,,,
689,171.09375,99.21875,1.6185302347170851,-1.521,0.037,6.77,690,178.125,99.21875,7.031,0.0,688,164.0625,99.21875,7.031,3.141592653589793,654.0,175.0,93.75,6.72,-0.9505468408120752,653.0,167.96875,93.75,6.298,-2.0899424410414196,,,,,,,,,,
690,178.125,99.21875,1.5964611661581478,-1.521,0.037,6.965,689,171.09375,99.21875,7.031,3.141592653589793,655,182.03125,93.75,6.72,-0.9505468408120752,691.0,185.9375,99.21875,7.812,0.0,654.0,175.0,93.75,6.298,-2.0899424410414196,,,,,,,,,,
691,185.9375,99.21875,1.606937782887956,-1.65,-0.059,7.138,692,192.96875,99.21875,7.031,0.0,642,189.0625,92.96875,6.987,-1.1071487177940904,655.0,182.03125,93.75,6.72,-2.191045812777718,690.0,178.125,99.21875,7.812,3.141592653589793,,,,,,,,,,
692,192.96875,99.21875,1.6193864618572489,-1.619,-0.036,7.105,642,189.0625,92.96875,7.37,-2.129395642138459,691,185.9375,99.21875,7.031,3.141592653589793,693.0,200.0,99.21875,7.031,0.0,643.0,196.09375,92.96875,6.987,-1.1071487177940904,,,,,,,,,,
693,200.0,99.21875,1.6292259071082704,-1.619,-0.036,7.105,643,196.09375,92.96875,7.37,-2.129395642138459,692,192.96875,99.21875,7.031,3.141592653589793,694.0,207.03125,99.21875,7.031,0.0,644.0,203.125,92.96875,6.987,-1.1071487177940904,,,,,,,,,,
694,207.03125,99.21875,1.6395608959802752,-1.619,-0.036,7.105,644,203.125,92.96875,7.37,-2.129395642138459,693,200.0,99.21875,7.031,3.141592653589793,695.0,214.0625,99.21875,7.031,0.0,645.0,210.15625,92.96875,6.987,-1.1071487177940904,,,,,,,,,,
695,214.0625,99.21875,1.648325068257165,-1.591,-0.015,6.932,645,210.15625,92.96875,7.37,-2.129395642138459,694,207.03125,99.21875,7.031,3.141592653589793,696.0,221.09375,99.21875,7.031,0.0,656.0,217.1875,93.75,6.298,-1.0516502125483738,,,,,,,,,,
696,221.09375,99.21875,1.6262406698475818,-1.571,-0.001,7.071,695,214.0625,99.21875,7.031,3.141592653589793,656,217.1875,93.75,6.72,-2.191045812777718,657.0,225.0,93.75,6.72,-0.9505468408120752,697.0,228.90625,99.21875,7.812,0.0,,,,,,,,,,
697,228.90625,99.21875,1.6288361705667804,-1.65,-0.059,7.333,646,232.03125,92.96875,6.987,-1.1071487177940904,657,225.0,93.75,6.72,-2.191045812777718,696.0,221.09375,99.21875,7.812,3.141592653589793,698.0,236.71875,99.21875,7.812,0.0,,,,,,,,,,
698,236.71875,99.21875,1.5933365187062534,-1.754,-0.277,7.868,668,243.75,96.09375,7.694,-0.4182243295792291,646,232.03125,92.96875,7.812,-2.214297435588181,697.0,228.90625,99.21875,7.812,3.141592653589793,626.0,239.0625,91.40625,8.156,-1.2793395323170296,,,,,,,,,,
699,249.21875,99.21875,1.5167359936418943,-1.246,-0.325,6.668,700,256.25,99.21875,7.031,0.0,647,251.5625,92.96875,6.675,-1.2120256565243244,668.0,243.75,96.09375,6.298,-2.62244653934327,,,,,,,,,,,,,,,
700,256.25,99.21875,1.6706932641908885,-1.777,-0.308,7.068,699,249.21875,99.21875,7.031,3.141592653589793,669,262.5,96.09375,6.987,-0.4636476090008061,647.0,251.5625,92.96875,7.812,-2.214297435588181,648.0,257.8125,92.96875,6.442,-1.3258176636680326,,,,,,,,,,
701,268.75,99.21875,1.6431975752099586,-1.63,-0.076,7.016,631,267.96875,92.1875,7.074,-1.6814535479687922,669,262.5,96.09375,6.987,-2.677945044588987,670.0,275.0,96.09375,6.987,-0.4636476090008061,,,,,,,,,,,,,,,
702,281.25,99.21875,1.6209327801549125,-1.666,-0.179,6.927,632,280.46875,92.1875,7.074,-1.6814535479687922,670,275.0,96.09375,6.987,-2.677945044588987,660.0,286.71875,95.3125,6.72,-0.6202494859828215,,,,,,,,,,,,,,,
703,299.21875,99.21875,1.5884687485156275,-2.097,0.516,6.664,633,299.21875,92.1875,7.031,-1.5707963267948966,671,293.75,96.09375,6.298,-2.62244653934327,,,,,,,,,,,,,,,,,,,,
