id,x,y,psi,avg_angle,phi6,avg_dist,nbr1_id,nbr1_x,nbr1_y,nbr1_dist,nbr1_angle,nbr2_id,nbr2_x,nbr2_y,nbr2_dist,nbr2_angle,nbr3_id,nbr3_x,nbr3_y,nbr3_dist,nbr3_angle,nbr4_id,nbr4_x,nbr4_y,nbr4_dist,nbr4_angle,nbr5_id,nbr5_x,nbr5_y,nbr5_dist,nbr5_angle,nbr6_id,nbr6_x,nbr6_y,nbr6_dist,nbr6_angle,disp_field
1,0.0,0.0,1.5881120715681645,0.525,0.006,6.664,2,7.03125,0.0,7.031,0.0,49,3.125,5.46875,6.298,1.0516502125483738,,,,,,,,,,,,,,,,,,,,,-0.5911974569368716
2,7.03125,0.0,1.6475843829966283,1.621,0.037,6.965,1,0.0,0.0,7.031,3.141592653589793,49,3.125,5.46875,6.72,2.191045812777718,3.0,14.84375,0.0,7.812,0.0,50.0,10.15625,5.46875,6.298,1.0516502125483738,,,,,,,,,,,-0.2901974569368715
3,14.84375,0.0,1.6272423069910682,1.745,0.131,7.18,50,10.15625,5.46875,7.202,2.279422598922567,4,21.875,0.0,7.031,0.0,2.0,7.03125,0.0,7.812,3.141592653589793,58.0,17.1875,6.25,6.675,1.2120256565243244,,,,,,,,,,,-0.07519745693687163
4,21.875,0.0,1.54873042616902,1.758,0.277,7.496,3,14.84375,0.0,7.031,3.141592653589793,32,28.125,3.125,6.987,0.4636476090008061,58.0,17.1875,6.25,7.812,2.214297435588181,75.0,24.21875,7.8125,8.156,1.2793395323170296,,,,,,,,,,,0.2408025430631291
5,39.0625,0.0,1.6307538060916025,1.32,-0.378,7.101,51,43.75,5.46875,7.202,0.8621700546672264,33,32.8125,3.125,6.987,2.677945044588987,76.0,37.5,7.8125,7.967,1.7681918866447774,6.0,45.3125,0.0,6.25,0.0,,,,,,,,,,,-0.15419745693687137
6,45.3125,0.0,1.509622580825313,1.83,-0.269,6.274,34,50.78125,3.125,6.298,0.5191461142465229,5,39.0625,0.0,6.25,3.141592653589793,,,,,,,,,,,,,,,,,,,,,-0.9811974569368713
7,57.03125,0.0,1.648138001535073,1.584,0.036,6.772,66,57.03125,7.03125,7.031,1.5707963267948966,34,50.78125,3.125,6.987,2.677945044588987,35.0,62.5,3.125,6.298,0.5191461142465229,,,,,,,,,,,,,,,,-0.4831974569368711
8,68.75,0.0,1.6665807931728744,1.512,-0.076,7.016,67,69.53125,7.03125,7.074,1.460139105621001,35,62.5,3.125,6.987,2.677945044588987,36.0,75.0,3.125,6.987,0.4636476090008061,,,,,,,,,,,,,,,,-0.23919745693687133
9,94.53125,0.0,1.6280283974912562,1.386,-0.235,7.016,29,87.5,1.5625,7.202,2.922923707715851,52,99.21875,5.46875,7.202,0.8621700546672264,68.0,92.1875,7.03125,7.411,1.892546881191539,10.0,100.78125,0.0,6.25,0.0,,,,,,,,,,,-0.23919745693687133
10,100.78125,0.0,1.5918716991703803,1.88,0.406,6.485,48,106.25,3.90625,6.72,0.6202494859828215,9,94.53125,0.0,6.25,3.141592653589793,,,,,,,,,,,,,,,,,,,,,-0.770197456936871
11,112.5,0.0,1.6559592508751355,1.547,-0.064,7.129,48,106.25,3.90625,7.37,2.5829933382462307,69,112.5,7.03125,7.031,1.5707963267948966,37.0,118.75,3.125,6.987,0.4636476090008061,,,,,,,,,,,,,,,,-0.1261974569368718
12,125.0,0.0,1.6349205399166131,1.57,-0.001,7.002,70,125.0,7.03125,7.031,1.5707963267948966,37,118.75,3.125,6.987,2.677945044588987,38.0,131.25,3.125,6.987,0.4636476090008061,,,,,,,,,,,,,,,,-0.25319745693687157
13,137.5,0.0,1.6447038847150344,1.636,0.084,6.758,38,131.25,3.125,6.987,2.677945044588987,39,143.75,3.125,6.987,0.4636476090008061,59.0,136.71875,6.25,6.298,1.695151321341658,,,,,,,,,,,,,,,,-0.49719745693687134
14,156.25,0.0,1.609667461160046,1.711,0.273,6.528,40,162.5,3.125,6.987,0.4636476090008061,28,150.0,0.78125,6.298,3.017237659043032,60.0,155.46875,6.25,6.298,1.695151321341658,,,,,,,,,,,,,,,,-0.7271974569368718
15,167.96875,0.0,1.6567422220988768,1.557,-0.037,6.772,71,167.96875,7.03125,7.031,1.5707963267948966,41,174.21875,3.125,6.987,0.4636476090008061,40.0,162.5,3.125,6.298,2.62244653934327,,,,,,,,,,,,,,,,-0.4831974569368711
16,180.46875,0.0,1.612632984775436,1.584,0.036,6.772,72,180.46875,7.03125,7.031,1.5707963267948966,41,174.21875,3.125,6.987,2.677945044588987,42.0,185.9375,3.125,6.298,0.5191461142465229,,,,,,,,,,,,,,,,-0.4831974569368711
17,193.75,0.0,1.594908315575281,1.429,-0.223,7.405,53,197.65625,5.46875,6.72,0.9505468408120752,18,201.5625,0.0,7.812,0.0,61.0,191.40625,6.25,6.675,1.9295669970654687,42.0,185.9375,3.125,8.414,2.761086276477428,,,,,,,,,,,0.1498025430631289
18,201.5625,0.0,1.6529528822354282,1.57,-0.001,7.071,19,208.59375,0.0,7.031,0.0,53,197.65625,5.46875,6.72,2.191045812777718,54.0,205.46875,5.46875,6.72,0.9505468408120752,17.0,193.75,0.0,7.812,3.141592653589793,,,,,,,,,,,-0.18419745693687162
19,208.59375,0.0,1.4371537962714822,2.083,-0.027,6.9,62,212.5,6.25,7.37,1.012197011451334,18,201.5625,0.0,7.031,3.141592653589793,54.0,205.46875,5.46875,6.298,2.08994244104142,,,,,,,,,,,,,,,,-0.355197456936871
20,213.28125,0.0,1.3914832397126011,1.079,-0.427,6.643,43,219.53125,3.125,6.987,0.4636476090008061,62,212.5,6.25,6.298,1.695151321341658,,,,,,,,,,,,,,,,,,,,,-0.6121974569368716
21,225.78125,0.0,1.6530638881671262,1.57,-0.001,6.741,43,219.53125,3.125,6.987,2.677945044588987,44,232.03125,3.125,6.987,0.4636476090008061,63.0,225.78125,6.25,6.25,1.5707963267948966,,,,,,,,,,,,,,,,-0.5141974569368717
22,238.28125,0.0,1.6360361926431672,1.648,0.119,6.528,44,232.03125,3.125,6.987,2.677945044588987,45,243.75,3.125,6.298,0.5191461142465229,64.0,237.5,6.25,6.298,1.695151321341658,,,,,,,,,,,,,,,,-0.7271974569368718
23,250.78125,0.0,1.628373497139331,1.64,0.108,7.252,73,250.0,7.03125,7.074,1.6814535479687922,46,257.03125,3.125,6.987,0.4636476090008061,45.0,243.75,3.125,7.694,2.723368324010564,,,,,,,,,,,,,,,,-0.0031974569368715677
24,264.0625,0.0,1.631153774850242,1.332,-0.355,7.478,74,262.5,7.03125,7.202,1.7894652726688385,55,268.75,5.46875,7.202,0.8621700546672264,46.0,257.03125,3.125,7.694,2.723368324010564,25.0,271.875,0.0,7.812,0.0,,,,,,,,,,,0.2228025430631284
25,271.875,0.0,1.6609542802057071,1.52,-0.038,6.965,26,278.90625,0.0,7.031,0.0,56,275.78125,5.46875,6.72,0.9505468408120752,24.0,264.0625,0.0,7.812,3.141592653589793,55.0,268.75,5.46875,6.298,2.08994244104142,,,,,,,,,,,-0.2901974569368715
26,278.90625,0.0,1.536872771198971,2.615,-0.007,6.664,25,271.875,0.0,7.031,3.141592653589793,56,275.78125,5.46875,6.298,2.08994244104142,,,,,,,,,,,,,,,,,,,,,-0.5911974569368716
27,296.09375,0.0,1.5054129642240637,1.882,-0.431,6.717,31,289.0625,2.34375,7.411,2.819842099193151,65,294.53125,6.25,6.442,1.8157749899217608,57.0,299.21875,5.46875,6.298,1.0516502125483738,,,,,,,,,,,,,,,,-0.5381974569368717
28,150.0,0.78125,1.4248624634421063,1.239,-0.445,7.139,60,155.46875,6.25,7.733,0.7853981633974483,39,143.75,3.125,6.675,2.782821983319221,78.0,149.21875,8.59375,7.851,1.6704649792860586,14.0,156.25,0.0,6.298,-0.1243549945467614,,,,,,,,,,,-0.11619745693687111
29,87.5,1.5625,1.4859130992466565,1.376,-0.275,7.028,9,94.53125,0.0,7.202,-0.2186689458739419,68,92.1875,7.03125,7.202,0.8621700546672264,77.0,85.15625,8.59375,7.411,1.892546881191539,30.0,81.25,2.34375,6.298,3.017237659043032,,,,,,,,,,,-0.22719745693687177
30,81.25,2.34375,1.5167597817502465,1.545,-0.113,7.002,77,85.15625,8.59375,7.37,1.012197011451334,81,77.34375,9.375,8.043,2.0778948311872334,36.0,75.0,3.125,6.298,3.017237659043032,29.0,87.5,1.5625,6.298,-0.1243549945467614,,,,,,,,,,,-0.25319745693687157
31,289.0625,2.34375,1.48230910654834,0.682,0.363,6.858,27,296.09375,0.0,7.411,-0.3217505543966422,65,294.53125,6.25,6.72,0.6202494859828215,79.0,287.5,8.59375,6.442,1.8157749899217608,,,,,,,,,,,,,,,,-0.3971974569368717
32,28.125,3.125,1.4181116205038846,2.3,0.416,6.692,4,21.875,0.0,6.987,-2.677945044588987,80,31.25,9.375,6.987,1.1071487177940904,75.0,24.21875,7.8125,6.101,2.2655346029916,,,,,,,,,,,,,,,,-0.5631974569368712
33,32.8125,3.125,1.4214238373454962,0.735,0.384,6.686,5,39.0625,0.0,6.987,-0.4636476090008061,76,37.5,7.8125,6.629,0.7853981633974483,80.0,31.25,9.375,6.442,1.8157749899217608,,,,,,,,,,,,,,,,-0.5691974569368714
34,50.78125,3.125,1.6711979526773528,1.774,0.513,7.028,66,57.03125,7.03125,7.37,0.5585993153435624,51,43.75,5.46875,7.411,2.819842099193151,82.0,50.0,10.15625,7.074,1.6814535479687922,7.0,57.03125,0.0,6.987,-0.4636476090008061,6.0,45.3125,0.0,6.298,-2.62244653934327,,,,,,-0.22719745693687177
35,62.5,3.125,1.6702836642817194,1.396,-0.46,7.024,83,63.28125,10.15625,7.074,1.460139105621001,8,68.75,0.0,6.987,-0.4636476090008061,66.0,57.03125,7.03125,6.72,2.521343167606972,67.0,69.53125,7.03125,8.043,0.507098504392337,7.0,57.03125,0.0,6.298,-2.62244653934327,,,,,,-0.23119745693687133
36,75.0,3.125,1.686884087194806,1.938,0.5,6.67,8,68.75,0.0,6.987,-2.677945044588987,67,69.53125,7.03125,6.72,2.521343167606972,81.0,77.34375,9.375,6.675,1.2120256565243244,30.0,81.25,2.34375,6.298,-0.1243549945467614,,,,,,,,,,,-0.5851974569368714
37,118.75,3.125,1.7110189655335164,1.57,0.418,7.149,70,125.0,7.03125,7.37,0.5585993153435624,69,112.5,7.03125,7.37,2.5829933382462307,84.0,118.75,10.15625,7.031,1.5707963267948966,12.0,125.0,0.0,6.987,-0.4636476090008061,11.0,112.5,0.0,6.987,-2.677945044588987,,,,,,-0.10619745693687133
38,131.25,3.125,1.66301841237794,1.65,0.435,6.943,70,125.0,7.03125,7.37,2.5829933382462307,85,130.46875,10.15625,7.074,1.6814535479687922,13.0,137.5,0.0,6.987,-0.4636476090008061,12.0,125.0,0.0,6.987,-2.677945044588987,59.0,136.71875,6.25,6.298,0.5191461142465229,,,,,,-0.31219745693687173
39,143.75,3.125,1.703383721346449,1.778,-0.485,7.233,86,142.96875,10.15625,7.074,1.6814535479687922,13,137.5,0.0,6.987,-2.677945044588987,59.0,136.71875,6.25,7.694,2.723368324010564,78.0,149.21875,8.59375,7.733,0.7853981633974483,28.0,150.0,0.78125,6.675,-0.3587706702705722,,,,,,-0.022197456936871696
40,162.5,3.125,1.6594033215200463,1.784,0.479,7.11,14,156.25,0.0,6.987,-2.677945044588987,60,155.46875,6.25,7.694,2.723368324010564,71.0,167.96875,7.03125,6.72,0.6202494859828215,96.0,161.71875,10.9375,7.851,1.6704649792860586,15.0,167.96875,0.0,6.298,-0.5191461142465229,,,,,,-0.14519745693687103
41,174.21875,3.125,1.7161464825472836,1.57,0.418,7.149,72,180.46875,7.03125,7.37,0.5585993153435624,71,167.96875,7.03125,7.37,2.5829933382462307,87.0,174.21875,10.15625,7.031,1.5707963267948966,16.0,180.46875,0.0,6.987,-0.4636476090008061,15.0,167.96875,0.0,6.987,-2.677945044588987,,,,,,-0.10619745693687133
42,185.9375,3.125,1.6805428118150454,1.385,-0.441,6.961,88,186.71875,10.15625,7.074,1.460139105621001,72,180.46875,7.03125,6.72,2.521343167606972,61.0,191.40625,6.25,6.298,0.5191461142465229,16.0,180.46875,0.0,6.298,-2.62244653934327,17.0,193.75,0.0,8.414,-0.3805063771123649,,,,,,-0.29419745693687105
43,219.53125,3.125,1.700049929645344,1.591,0.429,7.137,89,219.53125,10.15625,7.031,1.5707963267948966,20,213.28125,0.0,6.987,-2.677945044588987,63.0,225.78125,6.25,6.987,0.4636476090008061,21.0,225.78125,0.0,6.987,-0.4636476090008061,62.0,212.5,6.25,7.694,2.723368324010564,,,,,,-0.11819745693687178
44,232.03125,3.125,1.709574874541765,1.595,0.432,6.858,90,232.03125,10.15625,7.031,1.5707963267948966,21,225.78125,0.0,6.987,-2.677945044588987,63.0,225.78125,6.25,6.987,2.677945044588987,22.0,238.28125,0.0,6.987,-0.4636476090008061,64.0,237.5,6.25,6.298,0.5191461142465229,,,,,,-0.3971974569368717
45,243.75,3.125,1.687006151050358,1.571,0.465,7.076,73,250.0,7.03125,7.37,0.5585993153435624,91,243.75,10.15625,7.031,1.5707963267948966,64.0,237.5,6.25,6.987,2.677945044588987,23.0,250.78125,0.0,7.694,-0.4182243295792291,22.0,238.28125,0.0,6.298,-2.62244653934327,,,,,,-0.17919745693687172
46,257.03125,3.125,1.6882728855339564,1.784,0.508,7.329,92,255.46875,10.15625,7.202,1.7894652726688385,23,250.78125,0.0,6.987,-2.677945044588987,24.0,264.0625,0.0,7.694,-0.4182243295792291,74.0,262.5,7.03125,6.72,0.6202494859828215,73.0,250.0,7.03125,8.043,2.6344941491974563,,,,,,0.07380254306312839
47,283.59375,3.125,1.5439776238987817,1.896,-0.394,7.429,93,281.25,10.15625,7.411,1.892546881191539,79,287.5,8.59375,6.72,0.9505468408120752,56.0,275.78125,5.46875,8.156,2.8501358591119264,,,,,,,,,,,,,,,,0.17380254306312892
48,106.25,3.90625,1.6632917677012995,2.034,-0.507,7.096,52,99.21875,5.46875,7.202,2.922923707715851,95,104.6875,10.9375,7.202,1.7894652726688385,11.0,112.5,0.0,7.37,-0.5585993153435624,69.0,112.5,7.03125,6.987,0.4636476090008061,10.0,100.78125,0.0,6.72,-2.521343167606972,,,,,,-0.15919745693687126
49,3.125,5.46875,1.6847242596477894,0.077,0.037,6.667,50,10.15625,5.46875,7.031,0.0,97,6.25,11.71875,6.987,1.1071487177940904,2.0,7.03125,0.0,6.72,-0.9505468408120752,1.0,0.0,0.0,6.298,-2.08994244104142,94.0,0.0,10.9375,6.298,2.08994244104142,,,,,,-0.5881974569368715
50,10.15625,5.46875,1.6235607784873518,1.47,0.072,7.111,3,14.84375,0.0,7.202,-0.8621700546672264,97,6.25,11.71875,7.37,2.129395642138459,58.0,17.1875,6.25,7.074,0.1106572211738956,49.0,3.125,5.46875,7.031,3.141592653589793,103.0,13.28125,12.5,7.694,1.1525719972156676,2.0,7.03125,0.0,6.298,-2.08994244104142,-0.14419745693687158
51,43.75,5.46875,1.6144416479483814,1.635,-0.38,7.26,5,39.0625,0.0,7.202,-2.279422598922567,104,42.1875,12.5,7.202,1.7894652726688385,34.0,50.78125,3.125,7.411,-0.3217505543966422,82.0,50.0,10.15625,7.812,0.6435011087932844,76.0,37.5,7.8125,6.675,2.782821983319221,,,,,,0.004802543063128439
52,99.21875,5.46875,1.6336552502290784,1.852,-0.261,7.35,9,94.53125,0.0,7.202,-2.279422598922567,48,106.25,3.90625,7.202,-0.2186689458739419,68.0,92.1875,7.03125,7.202,2.922923707715851,105.0,96.875,12.5,7.411,1.892546881191539,95.0,104.6875,10.9375,7.733,0.7853981633974483,,,,,,0.0948025430631283
53,197.65625,5.46875,1.659360370380958,1.875,-0.004,6.985,98,193.75,11.71875,7.37,2.129395642138459,99,200.78125,11.71875,6.987,1.1071487177940904,17.0,193.75,0.0,6.72,-2.191045812777718,18.0,201.5625,0.0,6.72,-0.9505468408120752,54.0,205.46875,5.46875,7.812,0.0,61.0,191.40625,6.25,6.298,3.017237659043032,-0.270197456936871
54,205.46875,5.46875,1.6632278195575338,2.69,0.05,7.065,62,212.5,6.25,7.074,0.1106572211738956,18,201.5625,0.0,6.72,-2.191045812777718,53.0,197.65625,5.46875,7.812,3.141592653589793,99.0,200.78125,11.71875,7.812,2.214297435588181,100.0,207.8125,11.71875,6.675,1.2120256565243244,19.0,208.59375,0.0,6.298,-1.0516502125483738,-0.19019745693687096
55,268.75,5.46875,1.6545087127697995,0.826,-0.16,7.08,24,264.0625,0.0,7.202,-2.279422598922567,106,267.1875,12.5,7.202,1.7894652726688385,56.0,275.78125,5.46875,7.031,0.0,74.0,262.5,7.03125,6.442,2.896613990462929,25.0,271.875,0.0,6.298,-1.0516502125483738,101.0,274.21875,11.71875,8.304,0.8519663271732721,-0.17519745693687128
56,275.78125,5.46875,1.6947029949901604,-0.73,-0.171,6.975,93,281.25,10.15625,7.202,0.7086262721276703,55,268.75,5.46875,7.031,3.141592653589793,25.0,271.875,0.0,6.72,-2.191045812777718,101.0,274.21875,11.71875,6.442,1.8157749899217608,47.0,283.59375,3.125,8.156,-0.2914567944778671,26.0,278.90625,0.0,6.298,-1.0516502125483738,-0.2801974569368717
57,299.21875,5.46875,1.202627766712134,2.882,-0.256,6.274,27,296.09375,0.0,6.298,-2.08994244104142,102,299.21875,11.71875,6.25,1.5707963267948966,,,,,,,,,,,,,,,,,,,,,-0.9811974569368713
58,17.1875,6.25,1.647469345402491,1.111,0.132,7.424,75,24.21875,7.8125,7.202,0.2186689458739419,103,13.28125,12.5,7.37,2.129395642138459,50.0,10.15625,5.46875,7.074,-3.0309354324158977,4.0,21.875,0.0,7.812,-0.9272952180016122,3.0,14.84375,0.0,6.675,-1.9295669970654687,112.0,20.3125,14.0625,8.414,1.1902899496825317,0.16880254306312903
59,136.71875,6.25,1.673935943696616,0.772,-0.487,7.01,85,130.46875,10.15625,7.37,2.5829933382462307,86,142.96875,10.15625,7.37,0.5585993153435624,107.0,136.71875,13.28125,7.031,1.5707963267948966,39.0,143.75,3.125,7.694,-0.4182243295792291,13.0,137.5,0.0,6.298,-1.446441332248135,38.0,131.25,3.125,6.298,-2.62244653934327,-0.24519745693687156
60,155.46875,6.25,1.6803694152108963,-1.089,-0.378,7.214,108,154.6875,13.28125,7.074,1.6814535479687922,40,162.5,3.125,7.694,-0.4182243295792291,28.0,150.0,0.78125,7.733,-2.356194490192345,96.0,161.71875,10.9375,7.812,0.6435011087932844,78.0,149.21875,8.59375,6.675,2.782821983319221,14.0,156.25,0.0,6.298,-1.446441332248135,-0.041197456936870935
61,191.40625,6.25,1.5918592858312957,0.028,0.008,6.264,17,193.75,0.0,6.675,-1.2120256565243244,42,185.9375,3.125,6.298,-2.62244653934327,53.0,197.65625,5.46875,6.298,-0.1243549945467614,88.0,186.71875,10.15625,6.101,2.44685437739309,98.0,193.75,11.71875,5.949,1.1659045405098132,,,,,,-0.9911974569368711
62,212.5,6.25,1.7134118051812208,1.766,0.247,7.431,109,214.0625,13.28125,7.202,1.3521273809209546,100,207.8125,11.71875,7.202,2.279422598922567,19.0,208.59375,0.0,7.37,-2.129395642138459,54.0,205.46875,5.46875,7.074,-3.0309354324158977,43.0,219.53125,3.125,7.694,-0.4182243295792291,89.0,219.53125,10.15625,8.043,0.507098504392337,0.1758025430631287
63,225.78125,6.25,1.699230147950374,1.57,-0.524,6.999,89,219.53125,10.15625,7.37,2.5829933382462307,90,232.03125,10.15625,7.37,0.5585993153435624,110.0,225.78125,13.28125,7.031,1.5707963267948966,43.0,219.53125,3.125,6.987,-2.677945044588987,44.0,232.03125,3.125,6.987,-0.4636476090008061,21.0,225.78125,0.0,6.25,-1.5707963267948966,-0.2561974569368717
64,237.5,6.25,1.6216647858462527,0.76,-0.504,6.914,91,243.75,10.15625,7.37,0.5585993153435624,45,243.75,3.125,6.987,-0.4636476090008061,90.0,232.03125,10.15625,6.72,2.521343167606972,118.0,237.5,14.0625,7.812,1.5707963267948966,22.0,238.28125,0.0,6.298,-1.446441332248135,44.0,232.03125,3.125,6.298,-2.62244653934327,-0.34119745693687165
65,294.53125,6.25,1.5351017031391734,2.709,-0.364,6.996,102,299.21875,11.71875,7.202,0.8621700546672264,111,292.96875,13.28125,7.202,1.7894652726688385,79.0,287.5,8.59375,7.411,2.819842099193151,31.0,289.0625,2.34375,6.72,-2.521343167606972,27.0,296.09375,0.0,6.442,-1.3258176636680326,,,,,,-0.2591974569368709
66,57.03125,7.03125,1.6270038139380196,-2.304,-0.496,7.295,34,50.78125,3.125,7.37,-2.5829933382462307,7,57.03125,0.0,7.031,-1.5707963267948966,83.0,63.28125,10.15625,6.987,0.4636476090008061,82.0,50.0,10.15625,7.694,2.723368324010564,35.0,62.5,3.125,6.72,-0.6202494859828215,122.0,55.46875,14.84375,7.967,1.7681918866447774,0.03980254306312858
67,69.53125,7.03125,1.637784252497616,-1.89,0.46,7.465,8,68.75,0.0,7.074,-1.6814535479687922,83,63.28125,10.15625,6.987,2.677945044588987,36.0,75.0,3.125,6.72,-0.6202494859828215,123.0,69.53125,14.84375,7.812,1.5707963267948966,35.0,62.5,3.125,8.043,-2.6344941491974563,81.0,77.34375,9.375,8.156,0.2914567944778671,0.2098025430631285
68,92.1875,7.03125,1.6994585201166714,2.356,-0.202,7.272,29,87.5,1.5625,7.202,-2.279422598922567,52,99.21875,5.46875,7.202,-0.2186689458739419,77.0,85.15625,8.59375,7.202,2.922923707715851,105.0,96.875,12.5,7.202,0.8621700546672264,9.0,94.53125,0.0,7.411,-1.2490457723982544,113.0,89.84375,14.0625,7.411,1.892546881191539,0.016802543063128894
69,112.5,7.03125,1.686330275891985,-0.511,-0.483,7.09,37,118.75,3.125,7.37,-0.5585993153435624,114,113.28125,14.0625,7.074,1.460139105621001,11.0,112.5,0.0,7.031,-1.5707963267948966,48.0,106.25,3.90625,6.987,-2.677945044588987,84.0,118.75,10.15625,6.987,0.4636476090008061,,,,,,-0.1651974569368715
70,125.0,7.03125,1.6790243800354905,-1.792,-0.515,7.014,37,118.75,3.125,7.37,-2.5829933382462307,38,131.25,3.125,7.37,-0.5585993153435624,12.0,125.0,0.0,7.031,-1.5707963267948966,115.0,125.0,14.0625,7.031,1.5707963267948966,84.0,118.75,10.15625,6.987,2.677945044588987,85.0,130.46875,10.15625,6.298,0.5191461142465229,-0.2411974569368711
71,167.96875,7.03125,1.717314670617058,-1.029,0.517,7.085,41,174.21875,3.125,7.37,-0.5585993153435624,96,161.71875,10.9375,7.37,2.5829933382462307,116.0,167.96875,14.0625,7.031,1.5707963267948966,15.0,167.96875,0.0,7.031,-1.5707963267948966,87.0,174.21875,10.15625,6.987,0.4636476090008061,40.0,162.5,3.125,6.72,-2.521343167606972,-0.17019745693687138
72,180.46875,7.03125,1.695199026405144,-1.728,0.513,7.021,41,174.21875,3.125,7.37,-2.5829933382462307,16,180.46875,0.0,7.031,-1.5707963267948966,117.0,180.46875,14.0625,7.031,1.5707963267948966,87.0,174.21875,10.15625,6.987,2.677945044588987,88.0,186.71875,10.15625,6.987,0.4636476090008061,42.0,185.9375,3.125,6.72,-0.6202494859828215,-0.23419745693687144
73,250.0,7.03125,1.6705812549239067,-0.54,-0.488,7.134,45,243.75,3.125,7.37,-2.5829933382462307,23,250.78125,0.0,7.074,-1.460139105621001,119.0,250.0,14.0625,7.031,1.5707963267948966,91.0,243.75,10.15625,6.987,2.677945044588987,46.0,257.03125,3.125,8.043,-0.507098504392337,92.0,255.46875,10.15625,6.298,0.5191461142465229,-0.121197456936871
74,262.5,7.03125,1.704898109670734,1.873,-0.315,7.077,24,264.0625,0.0,7.202,-1.3521273809209546,106,267.1875,12.5,7.202,0.8621700546672264,120.0,260.9375,14.0625,7.202,1.7894652726688385,92.0,255.46875,10.15625,7.694,2.723368324010564,46.0,257.03125,3.125,6.72,-2.521343167606972,55.0,268.75,5.46875,6.442,-0.2449786631268641,-0.1781974569368714
75,24.21875,7.8125,1.6693535574743863,0.154,0.165,7.288,80,31.25,9.375,7.202,0.2186689458739419,58,17.1875,6.25,7.202,-2.922923707715851,112.0,20.3125,14.0625,7.37,2.129395642138459,121.0,27.34375,14.84375,7.694,1.1525719972156676,4.0,21.875,0.0,8.156,-1.862253121272764,32.0,28.125,3.125,6.101,-0.8760580505981934,0.03280254306312891
76,37.5,7.8125,1.6592194740936834,-2.487,-0.268,7.126,51,43.75,5.46875,6.675,-0.3587706702705722,33,32.8125,3.125,6.629,-2.356194490192345,104.0,42.1875,12.5,6.629,0.7853981633974483,5.0,39.0625,0.0,7.967,-1.373400766945016,80.0,31.25,9.375,6.442,2.896613990462929,125.0,34.375,15.625,8.414,1.9513027039072612,-0.129197456936871
77,85.15625,8.59375,1.69174898174376,-1.274,-0.153,7.285,68,92.1875,7.03125,7.202,-0.2186689458739419,113,89.84375,14.0625,7.202,0.8621700546672264,30.0,81.25,2.34375,7.37,-2.129395642138459,29.0,87.5,1.5625,7.411,-1.2490457723982544,124.0,82.8125,14.84375,6.675,1.9295669970654687,81.0,77.34375,9.375,7.851,3.0419240010986317,0.029802543063128795
78,149.21875,8.59375,1.68981140119551,-2.066,-0.322,7.184,126,147.65625,15.625,7.202,1.7894652726688385,108,154.6875,13.28125,7.202,0.7086262721276703,39.0,143.75,3.125,7.733,-2.356194490192345,60.0,155.46875,6.25,6.675,-0.3587706702705722,28.0,150.0,0.78125,7.851,-1.4711276743037347,86.0,142.96875,10.15625,6.442,2.896613990462929,-0.07119745693687118
79,287.5,8.59375,1.6715871858335856,-0.903,-0.269,6.903,127,285.9375,15.625,7.202,1.7894652726688385,111,292.96875,13.28125,7.202,0.7086262721276703,65.0,294.53125,6.25,7.411,-0.3217505543966422,47.0,283.59375,3.125,6.72,-2.191045812777718,93.0,281.25,10.15625,6.442,2.896613990462929,31.0,289.0625,2.34375,6.442,-1.3258176636680326,-0.35219745693687177
80,31.25,9.375,1.6789534747134136,-2.082,0.012,6.797,75,24.21875,7.8125,7.202,-2.922923707715851,32,28.125,3.125,6.987,-2.0344439357957027,125.0,34.375,15.625,6.987,1.1071487177940904,121.0,27.34375,14.84375,6.72,2.191045812777718,76.0,37.5,7.8125,6.442,-0.2449786631268641,33.0,32.8125,3.125,6.442,-1.3258176636680326,-0.45819745693687164
81,77.34375,9.375,1.5644784079364764,-0.661,-0.066,7.61,129,75.78125,16.40625,7.202,1.7894652726688385,124,82.8125,14.84375,7.733,0.7853981633974483,36.0,75.0,3.125,6.675,-1.9295669970654687,77.0,85.15625,8.59375,7.851,-0.099668652491162,30.0,81.25,2.34375,8.043,-1.0636978224025595,67.0,69.53125,7.03125,8.156,-2.8501358591119264,0.354802543063129
82,50.0,10.15625,1.698494050794103,-2.771,-0.347,7.558,122,55.46875,14.84375,7.202,0.7086262721276703,132,47.65625,17.1875,7.411,1.892546881191539,34.0,50.78125,3.125,7.074,-1.460139105621001,66.0,57.03125,7.03125,7.694,-0.4182243295792291,51.0,43.75,5.46875,7.812,-2.498091544796509,104.0,42.1875,12.5,8.156,2.8501358591119264,0.3028025430631285
83,63.28125,10.15625,1.656630459453308,-0.483,0.453,7.032,35,62.5,3.125,7.074,-1.6814535479687922,66,57.03125,7.03125,6.987,-2.677945044588987,67.0,69.53125,7.03125,6.987,-0.4636476090008061,123.0,69.53125,14.84375,7.812,0.6435011087932844,128.0,62.5,16.40625,6.298,1.695151321341658,,,,,,-0.22319745693687132
84,118.75,10.15625,1.6932592110899554,1.007,0.496,7.158,115,125.0,14.0625,7.37,0.5585993153435624,37,118.75,3.125,7.031,-1.5707963267948966,70.0,125.0,7.03125,6.987,-0.4636476090008061,69.0,112.5,7.03125,6.987,-2.677945044588987,114.0,113.28125,14.0625,6.72,2.521343167606972,141.0,119.53125,17.96875,7.851,1.4711276743037347,-0.09719745693687099
85,130.46875,10.15625,1.672415090869951,-0.03,0.475,7.069,59,136.71875,6.25,7.37,-0.5585993153435624,38,131.25,3.125,7.074,-1.460139105621001,107.0,136.71875,13.28125,6.987,0.4636476090008061,115.0,125.0,14.0625,6.72,2.521343167606972,142.0,132.03125,17.96875,7.967,1.373400766945016,70.0,125.0,7.03125,6.298,-2.62244653934327,-0.1861974569368714
86,142.96875,10.15625,1.614218367826696,2.27,-0.333,7.081,126,147.65625,15.625,7.202,0.8621700546672264,59,136.71875,6.25,7.37,-2.5829933382462307,134.0,140.625,17.1875,7.411,1.892546881191539,39.0,143.75,3.125,7.074,-1.460139105621001,107.0,136.71875,13.28125,6.987,2.677945044588987,78.0,149.21875,8.59375,6.442,-0.2449786631268641,-0.17419745693687094
87,174.21875,10.15625,1.6979202983563726,0.965,0.505,7.136,116,167.96875,14.0625,7.37,2.5829933382462307,117,180.46875,14.0625,7.37,0.5585993153435624,135.0,175.0,17.1875,7.074,1.460139105621001,41.0,174.21875,3.125,7.031,-1.5707963267948966,72.0,180.46875,7.03125,6.987,-0.4636476090008061,71.0,167.96875,7.03125,6.987,-2.677945044588987,-0.11919745693687123
88,186.71875,10.15625,1.7059683556682383,-1.277,0.375,6.989,98,193.75,11.71875,7.202,0.2186689458739419,136,188.28125,17.1875,7.202,1.3521273809209546,117.0,180.46875,14.0625,7.37,2.5829933382462307,42.0,185.9375,3.125,7.074,-1.6814535479687922,72.0,180.46875,7.03125,6.987,-2.677945044588987,61.0,191.40625,6.25,6.101,-0.6947382761967031,-0.26619745693687147
89,219.53125,10.15625,1.6404578048071865,-2.482,0.521,7.263,63,225.78125,6.25,7.37,-0.5585993153435624,43,219.53125,3.125,7.031,-1.5707963267948966,110.0,225.78125,13.28125,6.987,0.4636476090008061,146.0,218.75,17.96875,7.851,1.6704649792860586,62.0,212.5,6.25,8.043,-2.6344941491974563,109.0,214.0625,13.28125,6.298,2.62244653934327,0.007802543063128553
90,232.03125,10.15625,1.677410515228139,-2.766,-0.488,6.984,63,225.78125,6.25,7.37,-2.5829933382462307,137,231.25,17.1875,7.074,1.6814535479687922,44.0,232.03125,3.125,7.031,-1.5707963267948966,110.0,225.78125,13.28125,6.987,2.677945044588987,64.0,237.5,6.25,6.72,-0.6202494859828215,118.0,237.5,14.0625,6.72,0.6202494859828215,-0.27119745693687136
91,243.75,10.15625,1.7256483859268852,1.059,-0.508,7.193,64,237.5,6.25,7.37,-2.5829933382462307,118,237.5,14.0625,7.37,2.5829933382462307,119.0,250.0,14.0625,7.37,0.5585993153435624,45.0,243.75,3.125,7.031,-1.5707963267948966,138.0,243.75,17.1875,7.031,1.5707963267948966,73.0,250.0,7.03125,6.987,-0.4636476090008061,-0.06219745693687173
92,255.46875,10.15625,1.669731069790313,0.824,-0.472,7.074,46,257.03125,3.125,7.202,-1.3521273809209546,74,262.5,7.03125,7.694,-0.4182243295792291,119.0,250.0,14.0625,6.72,2.521343167606972,120.0,260.9375,14.0625,6.72,0.6202494859828215,147.0,255.46875,17.96875,7.812,1.5707963267948966,73.0,250.0,7.03125,6.298,-2.62244653934327,-0.1811974569368715
93,281.25,10.15625,1.6578875082536977,2.515,-0.231,7.145,56,275.78125,5.46875,7.202,-2.432966381462123,101,274.21875,11.71875,7.202,2.922923707715851,127.0,285.9375,15.625,7.202,0.8621700546672264,47.0,283.59375,3.125,7.411,-1.2490457723982544,139.0,278.90625,17.1875,7.411,1.892546881191539,79.0,287.5,8.59375,6.442,-0.2449786631268641,-0.11019745693687177
94,0.0,10.9375,1.6345927518159369,0.129,0.263,6.346,131,1.5625,17.1875,6.442,1.3258176636680326,49,3.125,5.46875,6.298,-1.0516502125483738,97.0,6.25,11.71875,6.298,0.1243549945467614,,,,,,,,,,,,,,,,-0.9091974569368713
95,104.6875,10.9375,1.5602393816232594,2.95,-0.201,7.238,48,106.25,3.90625,7.202,-1.3521273809209546,133,101.5625,17.1875,6.987,2.0344439357957027,52.0,99.21875,5.46875,7.733,-2.356194490192345,105.0,96.875,12.5,7.967,2.9441970937399127,130.0,107.8125,16.40625,6.298,1.0516502125483738,,,,,,-0.017197456936870914
96,161.71875,10.9375,1.682921933356771,-1.882,-0.431,7.439,143,160.15625,17.96875,7.202,1.7894652726688385,71,167.96875,7.03125,7.37,-0.5585993153435624,108.0,154.6875,13.28125,7.411,2.819842099193151,116.0,167.96875,14.0625,6.987,0.4636476090008061,60.0,155.46875,6.25,7.812,-2.498091544796509,40.0,162.5,3.125,7.851,-1.4711276743037347,0.1838025430631287
97,6.25,11.71875,1.7061485950335402,-2.868,0.113,6.934,131,1.5625,17.1875,7.202,2.279422598922567,50,10.15625,5.46875,7.37,-1.012197011451334,103.0,13.28125,12.5,7.074,0.1106572211738956,49.0,3.125,5.46875,6.987,-2.0344439357957027,140.0,8.59375,17.96875,6.675,1.2120256565243244,94.0,0.0,10.9375,6.298,-3.017237659043032,-0.3211974569368712
98,193.75,11.71875,1.6828492959152734,-1.827,0.113,7.045,88,186.71875,10.15625,7.202,-2.922923707715851,53,197.65625,5.46875,7.37,-1.012197011451334,99.0,200.78125,11.71875,7.031,0.0,144.0,196.875,17.96875,6.987,1.1071487177940904,136.0,188.28125,17.1875,7.733,2.356194490192345,61.0,191.40625,6.25,5.949,-1.97568811307998,-0.21019745693687142
99,200.78125,11.71875,1.7027169750499322,0.601,0.045,7.203,144,196.875,17.96875,7.37,2.129395642138459,100,207.8125,11.71875,7.031,0.0,98.0,193.75,11.71875,7.031,3.141592653589793,53.0,197.65625,5.46875,6.987,-2.0344439357957027,145.0,203.90625,17.96875,6.987,1.1071487177940904,54.0,205.46875,5.46875,7.812,-0.9272952180016122,-0.052197456936871056
100,207.8125,11.71875,1.6844860263830623,1.129,0.122,7.069,62,212.5,6.25,7.202,-0.8621700546672264,145,203.90625,17.96875,7.37,2.129395642138459,99.0,200.78125,11.71875,7.031,3.141592653589793,151.0,210.9375,18.75,7.694,1.1525719972156676,54.0,205.46875,5.46875,6.675,-1.9295669970654687,109.0,214.0625,13.28125,6.442,0.2449786631268641,-0.1861974569368714
101,274.21875,11.71875,1.6828504320035087,-2.49,-0.176,7.202,93,281.25,10.15625,7.202,-0.2186689458739419,139,278.90625,17.1875,7.202,0.8621700546672264,106.0,267.1875,12.5,7.074,3.0309354324158977,148.0,271.09375,17.96875,6.987,2.0344439357957027,56.0,275.78125,5.46875,6.442,-1.3258176636680326,55.0,268.75,5.46875,8.304,-2.289626326416521,-0.05319745693687139
102,299.21875,11.71875,1.3516768338701677,-2.857,-0.402,6.826,65,294.53125,6.25,7.202,-2.279422598922567,152,296.875,18.75,7.411,1.892546881191539,111.0,292.96875,13.28125,6.442,2.896613990462929,57.0,299.21875,5.46875,6.25,-1.5707963267948966,,,,,,,,,,,-0.4291974569368717
103,13.28125,12.5,1.698487113516942,2.915,0.143,7.326,112,20.3125,14.0625,7.202,0.2186689458739419,140,8.59375,17.96875,7.202,2.279422598922567,58.0,17.1875,6.25,7.37,-1.012197011451334,153.0,15.625,19.53125,7.411,1.2490457723982544,97.0,6.25,11.71875,7.074,-3.0309354324158977,50.0,10.15625,5.46875,7.694,-1.9890206563741255,0.07080254306312828
104,42.1875,12.5,1.6323039246578248,0.37,-0.31,7.341,51,43.75,5.46875,7.202,-1.3521273809209546,132,47.65625,17.1875,7.202,0.7086262721276703,76.0,37.5,7.8125,6.629,-2.356194490192345,149.0,40.625,18.75,6.442,1.8157749899217608,82.0,50.0,10.15625,8.156,-0.2914567944778671,125.0,34.375,15.625,8.414,2.761086276477428,0.08580254306312884
105,96.875,12.5,1.6697053576788807,-2.259,-0.19,7.233,68,92.1875,7.03125,7.202,-2.279422598922567,113,89.84375,14.0625,7.202,2.922923707715851,52.0,99.21875,5.46875,7.411,-1.2490457723982544,150.0,93.75,18.75,6.987,2.0344439357957027,133.0,101.5625,17.1875,6.629,0.7853981633974483,95.0,104.6875,10.9375,7.967,-0.1973955598498807,-0.022197456936871696
106,267.1875,12.5,1.6908279233028705,-1.358,-0.226,6.928,55,268.75,5.46875,7.202,-1.3521273809209546,74,262.5,7.03125,7.202,-2.279422598922567,101.0,274.21875,11.71875,7.074,-0.1106572211738956,148.0,271.09375,17.96875,6.72,0.9505468408120752,120.0,260.9375,14.0625,6.442,2.896613990462929,,,,,,-0.3271974569368714
107,136.71875,13.28125,1.5424219992396038,-2.108,-0.346,6.908,59,136.71875,6.25,7.031,-1.5707963267948966,85,130.46875,10.15625,6.987,-2.677945044588987,86.0,142.96875,10.15625,6.987,-0.4636476090008061,142.0,132.03125,17.96875,6.629,2.356194490192345,,,,,,,,,,,-0.347197456936871
108,154.6875,13.28125,1.7106432998777288,-2.926,-0.324,7.285,78,149.21875,8.59375,7.202,-2.432966381462123,143,160.15625,17.96875,7.202,0.7086262721276703,126.0,147.65625,15.625,7.411,2.819842099193151,96.0,161.71875,10.9375,7.411,-0.3217505543966422,157.0,152.34375,20.3125,7.411,1.892546881191539,60.0,155.46875,6.25,7.074,-1.460139105621001,0.029802543063128795
109,214.0625,13.28125,1.5898239875535258,-2.229,0.347,6.574,62,212.5,6.25,7.202,-1.7894652726688385,146,218.75,17.96875,6.629,0.7853981633974483,100.0,207.8125,11.71875,6.442,-2.896613990462929,89.0,219.53125,10.15625,6.298,-0.5191461142465229,151.0,210.9375,18.75,6.298,2.08994244104142,,,,,,-0.6811974569368715
110,225.78125,13.28125,1.6564288548433157,1.646,-0.519,7.071,63,225.78125,6.25,7.031,-1.5707963267948966,89,219.53125,10.15625,6.987,-2.677945044588987,90.0,232.03125,10.15625,6.987,-0.4636476090008061,137.0,231.25,17.1875,6.72,0.6202494859828215,154.0,225.78125,19.53125,6.25,1.5707963267948966,146.0,218.75,17.96875,8.45,2.5535900500422257,-0.18419745693687162
111,292.96875,13.28125,1.56878411473693,2.239,-0.269,6.903,65,294.53125,6.25,7.202,-1.3521273809209546,79,287.5,8.59375,7.202,-2.432966381462123,127.0,285.9375,15.625,7.411,2.819842099193151,152.0,296.875,18.75,6.72,0.9505468408120752,102.0,299.21875,11.71875,6.442,-0.2449786631268641,155.0,291.40625,19.53125,6.442,1.8157749899217608,-0.35219745693687177
112,20.3125,14.0625,1.6176602506475446,-2.154,0.143,7.323,103,13.28125,12.5,7.202,-2.922923707715851,153,15.625,19.53125,7.202,2.279422598922567,75.0,24.21875,7.8125,7.37,-1.012197011451334,121.0,27.34375,14.84375,7.074,0.1106572211738956,156.0,22.65625,20.3125,6.675,1.2120256565243244,58.0,17.1875,6.25,8.414,-1.9513027039072612,0.06780254306312905
113,89.84375,14.0625,1.6767184985169117,-1.854,-0.182,7.067,77,85.15625,8.59375,7.202,-2.279422598922567,105,96.875,12.5,7.202,-0.2186689458739419,68.0,92.1875,7.03125,7.411,-1.2490457723982544,159.0,87.5,21.09375,7.411,1.892546881191539,124.0,82.8125,14.84375,7.074,3.0309354324158977,150.0,93.75,18.75,6.101,0.8760580505981934,-0.18819745693687118
114,113.28125,14.0625,1.6516416456946683,0.504,-0.433,6.829,141,119.53125,17.96875,7.37,0.5585993153435624,69,112.5,7.03125,7.074,-1.6814535479687922,160.0,113.28125,21.09375,7.031,1.5707963267948966,84.0,118.75,10.15625,6.72,-0.6202494859828215,130.0,107.8125,16.40625,5.949,2.7367008673047097,,,,,,-0.4261974569368716
115,125.0,14.0625,1.691217911864897,-1.038,0.494,7.152,84,118.75,10.15625,7.37,-2.5829933382462307,70,125.0,7.03125,7.031,-1.5707963267948966,161.0,125.0,21.09375,7.031,1.5707963267948966,85.0,130.46875,10.15625,6.72,-0.6202494859828215,141.0,119.53125,17.96875,6.72,2.521343167606972,142.0,132.03125,17.96875,8.043,0.507098504392337,-0.10319745693687121
116,167.96875,14.0625,1.6957656044944796,-0.534,-0.494,7.231,87,174.21875,10.15625,7.37,-0.5585993153435624,162,168.75,21.09375,7.074,1.460139105621001,71.0,167.96875,7.03125,7.031,-1.5707963267948966,96.0,161.71875,10.9375,6.987,-2.677945044588987,135.0,175.0,17.1875,7.694,0.4182243295792291,,,,,,-0.024197456936871475
117,180.46875,14.0625,1.6816105769591312,-1.268,0.502,7.252,87,174.21875,10.15625,7.37,-2.5829933382462307,88,186.71875,10.15625,7.37,-0.5585993153435624,72.0,180.46875,7.03125,7.031,-1.5707963267948966,163.0,180.46875,21.09375,7.031,1.5707963267948966,135.0,175.0,17.1875,6.298,2.62244653934327,136.0,188.28125,17.1875,8.414,0.3805063771123649,-0.0031974569368715677
118,237.5,14.0625,1.6762632864107505,-1.415,-0.514,7.151,91,243.75,10.15625,7.37,-0.5585993153435624,164,237.5,21.09375,7.031,1.5707963267948966,138.0,243.75,17.1875,6.987,0.4636476090008061,137.0,231.25,17.1875,6.987,2.677945044588987,90.0,232.03125,10.15625,6.72,-2.521343167606972,64.0,237.5,6.25,7.812,-1.5707963267948966,-0.10419745693687155
119,250.0,14.0625,1.6959529022350208,-2.518,-0.507,6.976,91,243.75,10.15625,7.37,-2.5829933382462307,73,250.0,7.03125,7.031,-1.5707963267948966,165.0,250.0,21.09375,7.031,1.5707963267948966,138.0,243.75,17.1875,6.987,2.677945044588987,92.0,255.46875,10.15625,6.72,-0.6202494859828215,147.0,255.46875,17.96875,6.72,0.6202494859828215,-0.27919745693687137
120,260.9375,14.0625,1.673252792713526,-1.877,-0.484,6.752,74,262.5,7.03125,7.202,-1.3521273809209546,92,255.46875,10.15625,6.72,-2.521343167606972,147.0,255.46875,17.96875,6.72,2.521343167606972,158.0,263.28125,20.3125,6.675,1.2120256565243244,106.0,267.1875,12.5,6.442,-0.2449786631268641,,,,,,-0.5031974569368716
121,27.34375,14.84375,1.6692304497014332,-3.02,0.134,7.196,156,22.65625,20.3125,7.202,2.279422598922567,166,29.6875,21.875,7.411,1.2490457723982544,125.0,34.375,15.625,7.074,0.1106572211738956,112.0,20.3125,14.0625,7.074,-3.0309354324158977,75.0,24.21875,7.8125,7.694,-1.9890206563741255,80.0,31.25,9.375,6.72,-0.9505468408120752,-0.05919745693687162
122,55.46875,14.84375,1.6531007824239654,2.231,-0.189,7.653,82,50.0,10.15625,7.202,-2.432966381462123,128,62.5,16.40625,7.202,0.2186689458739419,168.0,58.59375,21.875,7.694,1.1525719972156676,167.0,52.34375,21.875,7.694,1.9890206563741255,66.0,57.03125,7.03125,7.967,-1.373400766945016,132.0,47.65625,17.1875,8.156,2.8501358591119264,0.39780254306312823
123,69.53125,14.84375,1.615811754045514,2.435,-0.207,7.443,128,62.5,16.40625,7.202,2.922923707715851,169,66.40625,21.875,7.694,1.9890206563741255,170.0,72.65625,21.875,7.694,1.1525719972156676,67.0,69.53125,7.03125,7.812,-1.5707963267948966,83.0,63.28125,10.15625,7.812,-2.498091544796509,129.0,75.78125,16.40625,6.442,0.2449786631268641,0.18780254306312827
124,82.8125,14.84375,1.687369968526894,2.255,-0.163,7.365,129,75.78125,16.40625,7.202,2.922923707715851,113,89.84375,14.0625,7.074,-0.1106572211738956,171.0,79.6875,21.875,7.694,1.9890206563741255,81.0,77.34375,9.375,7.733,-2.356194490192345,159.0,87.5,21.09375,7.812,0.9272952180016122,77.0,85.15625,8.59375,6.675,-1.2120256565243244,0.10980254306312887
125,34.375,15.625,1.619143988658159,2.671,0.144,7.54,121,27.34375,14.84375,7.074,-3.0309354324158977,80,31.25,9.375,6.987,-2.0344439357957027,149.0,40.625,18.75,6.987,0.4636476090008061,166.0,29.6875,21.875,7.812,2.214297435588181,176.0,35.9375,23.4375,7.967,1.373400766945016,76.0,37.5,7.8125,8.414,-1.1902899496825317,0.2848025430631287
126,147.65625,15.625,1.681392494592697,-2.075,-0.243,7.054,78,149.21875,8.59375,7.202,-1.3521273809209546,86,142.96875,10.15625,7.202,-2.279422598922567,134.0,140.625,17.1875,7.202,2.922923707715851,108.0,154.6875,13.28125,7.411,-0.3217505543966422,172.0,145.3125,21.875,6.675,1.9295669970654687,157.0,152.34375,20.3125,6.629,0.7853981633974483,-0.20119745693687108
127,285.9375,15.625,1.714638462851735,-1.202,-0.289,7.03,79,287.5,8.59375,7.202,-1.3521273809209546,93,281.25,10.15625,7.202,-2.279422598922567,139.0,278.90625,17.1875,7.202,2.922923707715851,111.0,292.96875,13.28125,7.411,-0.3217505543966422,155.0,291.40625,19.53125,6.72,0.6202494859828215,173.0,284.375,21.875,6.442,1.8157749899217608,-0.2251974569368711
128,62.5,16.40625,1.6603535049265017,1.018,-0.088,6.829,122,55.46875,14.84375,7.202,-2.922923707715851,123,69.53125,14.84375,7.202,-0.2186689458739419,168.0,58.59375,21.875,6.72,2.191045812777718,169.0,66.40625,21.875,6.72,0.9505468408120752,83.0,63.28125,10.15625,6.298,-1.446441332248135,,,,,,-0.4261974569368716
129,75.78125,16.40625,1.6232551582682424,0.674,-0.133,6.773,81,77.34375,9.375,7.202,-1.3521273809209546,124,82.8125,14.84375,7.202,-0.2186689458739419,171.0,79.6875,21.875,6.72,0.9505468408120752,123.0,69.53125,14.84375,6.442,-2.896613990462929,170.0,72.65625,21.875,6.298,2.08994244104142,,,,,,-0.48219745693687166
130,107.8125,16.40625,1.6085174442529138,1.679,-0.288,6.438,160,113.28125,21.09375,7.202,0.7086262721276703,174,106.25,22.65625,6.442,1.8157749899217608,133.0,101.5625,17.1875,6.298,3.017237659043032,95.0,104.6875,10.9375,6.298,-2.08994244104142,114.0,113.28125,14.0625,5.949,-0.4048917862850834,,,,,,-0.8171974569368716
131,1.5625,17.1875,1.4045807950253335,-0.372,0.276,6.848,97,6.25,11.71875,7.202,-0.8621700546672264,140,8.59375,17.96875,7.074,0.1106572211738956,175.0,3.90625,23.4375,6.675,1.2120256565243244,94.0,0.0,10.9375,6.442,-1.8157749899217608,,,,,,,,,,,-0.4071974569368715
132,47.65625,17.1875,1.6616141532444448,-2.788,-0.229,7.441,104,42.1875,12.5,7.202,-2.432966381462123,149,40.625,18.75,7.202,2.922923707715851,82.0,50.0,10.15625,7.411,-1.2490457723982544,167.0,52.34375,21.875,6.629,0.7853981633974483,181.0,43.75,24.21875,8.043,2.0778948311872334,122.0,55.46875,14.84375,8.156,-0.2914567944778671,0.1858025430631285
133,101.5625,17.1875,1.6452301347848275,1.27,-0.166,6.96,174,106.25,22.65625,7.202,0.8621700546672264,95,104.6875,10.9375,6.987,-1.1071487177940904,177.0,99.21875,23.4375,6.675,1.9295669970654687,105.0,96.875,12.5,6.629,-2.356194490192345,150.0,93.75,18.75,7.967,2.9441970937399127,130.0,107.8125,16.40625,6.298,-0.1243549945467614,-0.2951974569368714
134,140.625,17.1875,1.6392904201634226,0.757,-0.201,7.372,126,147.65625,15.625,7.202,-0.2186689458739419,86,142.96875,10.15625,7.411,-1.2490457723982544,178.0,137.5,23.4375,6.987,2.0344439357957027,172.0,145.3125,21.875,6.629,0.7853981633974483,142.0,132.03125,17.96875,8.629,3.050932766389048,,,,,,0.11680254306312854
135,175.0,17.1875,1.6325841336647715,2.295,0.497,7.161,162,168.75,21.09375,7.37,2.5829933382462307,87,174.21875,10.15625,7.074,-1.6814535479687922,116.0,167.96875,14.0625,7.694,-2.723368324010564,163.0,180.46875,21.09375,6.72,0.6202494859828215,191.0,175.0,25.0,7.812,1.5707963267948966,117.0,180.46875,14.0625,6.298,-0.5191461142465229,-0.09419745693687176
136,188.28125,17.1875,1.5940921437972644,-0.251,0.167,7.867,88,186.71875,10.15625,7.202,-1.7894652726688385,183,185.9375,24.21875,7.411,1.892546881191539,98.0,193.75,11.71875,7.733,-0.7853981633974483,179.0,192.96875,23.4375,7.812,0.9272952180016122,117.0,180.46875,14.0625,8.414,-2.761086276477428,144.0,196.875,17.96875,8.629,0.0906598872007451,0.6118025430631286
137,231.25,17.1875,1.702523586518351,-2.145,-0.421,7.011,164,237.5,21.09375,7.37,0.5585993153435624,90,232.03125,10.15625,7.074,-1.460139105621001,118.0,237.5,14.0625,6.987,-0.4636476090008061,110.0,225.78125,13.28125,6.72,-2.521343167606972,193.0,229.6875,25.0,7.967,1.7681918866447774,154.0,225.78125,19.53125,5.949,2.7367008673047097,-0.24419745693687123
138,243.75,17.1875,1.7189714042171145,2.176,-0.506,7.136,164,237.5,21.09375,7.37,2.5829933382462307,165,250.0,21.09375,7.37,0.5585993153435624,187.0,242.96875,24.21875,7.074,1.6814535479687922,91.0,243.75,10.15625,7.031,-1.5707963267948966,119.0,250.0,14.0625,6.987,-0.4636476090008061,118.0,237.5,14.0625,6.987,-2.677945044588987,-0.11919745693687123
139,278.90625,17.1875,1.6882715317771115,-1.718,-0.183,7.309,101,274.21875,11.71875,7.202,-2.279422598922567,127,285.9375,15.625,7.202,-0.2186689458739419,173.0,284.375,21.875,7.202,0.7086262721276703,93.0,281.25,10.15625,7.411,-1.2490457723982544,180.0,275.78125,23.4375,6.987,2.0344439357957027,148.0,271.09375,17.96875,7.851,3.0419240010986317,0.053802543063128816
140,8.59375,17.96875,1.6742746140840978,1.987,0.177,7.128,103,13.28125,12.5,7.202,-0.8621700546672264,153,15.625,19.53125,7.202,0.2186689458739419,175.0,3.90625,23.4375,7.202,2.279422598922567,189.0,10.9375,25.0,7.411,1.2490457723982544,131.0,1.5625,17.1875,7.074,-3.0309354324158977,97.0,6.25,11.71875,6.675,-1.9295669970654687,-0.12719745693687123
141,119.53125,17.96875,1.63561949090782,-1.708,-0.444,7.045,114,113.28125,14.0625,7.37,-2.5829933382462307,160,113.28125,21.09375,6.987,2.677945044588987,115.0,125.0,14.0625,6.72,-0.6202494859828215,84.0,118.75,10.15625,7.851,-1.6704649792860586,161.0,125.0,21.09375,6.298,0.5191461142465229,,,,,,-0.21019745693687142
142,132.03125,17.96875,1.6353170669462676,-3.045,-0.517,7.653,161,125.0,21.09375,7.694,2.723368324010564,178,137.5,23.4375,7.733,0.7853981633974483,197.0,131.25,25.78125,7.851,1.6704649792860586,107.0,136.71875,13.28125,6.629,-0.7853981633974483,85.0,130.46875,10.15625,7.967,-1.7681918866447774,115.0,125.0,14.0625,8.043,-2.6344941491974563,0.39780254306312823
143,160.15625,17.96875,1.5603356619626827,2.83,-0.26,7.448,96,161.71875,10.9375,7.202,-1.3521273809209546,108,154.6875,13.28125,7.202,-2.432966381462123,182.0,163.28125,24.21875,6.987,1.1071487177940904,190.0,157.03125,25.0,7.694,1.9890206563741255,157.0,152.34375,20.3125,8.156,2.8501358591119264,,,,,,0.19280254306312905
144,196.875,17.96875,1.6987917776824994,-1.932,0.057,7.287,99,200.78125,11.71875,7.37,-1.012197011451334,145,203.90625,17.96875,7.031,0.0,98.0,193.75,11.71875,6.987,-2.0344439357957027,184.0,200.0,24.21875,6.987,1.1071487177940904,179.0,192.96875,23.4375,6.72,2.191045812777718,136.0,188.28125,17.1875,8.629,-3.050932766389048,0.031802543063128574
145,203.90625,17.96875,1.7026121359179889,0.695,0.034,7.2,100,207.8125,11.71875,7.37,-1.012197011451334,184,200.0,24.21875,7.37,2.129395642138459,185.0,207.8125,24.21875,7.37,1.012197011451334,151.0,210.9375,18.75,7.074,0.1106572211738956,144.0,196.875,17.96875,7.031,3.141592653589793,99.0,200.78125,11.71875,6.987,-2.0344439357957027,-0.05519745693687117
146,218.75,17.96875,1.680309528356446,2.676,-0.03,7.433,154,225.78125,19.53125,7.202,0.2186689458739419,186,214.84375,24.21875,7.37,2.129395642138459,192.0,221.875,25.0,7.694,1.1525719972156676,89.0,219.53125,10.15625,7.851,-1.4711276743037347,151.0,210.9375,18.75,7.851,3.0419240010986317,109.0,214.0625,13.28125,6.629,-2.356194490192345,0.17780254306312848
147,255.46875,17.96875,1.6635731583065765,-1.339,0.491,7.123,194,255.46875,25.0,7.031,1.5707963267948966,119,250.0,14.0625,6.72,-2.521343167606972,120.0,260.9375,14.0625,6.72,-0.6202494859828215,92.0,255.46875,10.15625,7.812,-1.5707963267948966,158.0,263.28125,20.3125,8.156,0.2914567944778671,165.0,250.0,21.09375,6.298,2.62244653934327,-0.13219745693687113
148,271.09375,17.96875,1.670133227302084,0.668,-0.155,7.388,180,275.78125,23.4375,7.202,0.8621700546672264,195,268.75,25.0,7.411,1.892546881191539,101.0,274.21875,11.71875,6.987,-1.1071487177940904,106.0,267.1875,12.5,6.72,-2.191045812777718,139.0,278.90625,17.1875,7.851,-0.099668652491162,158.0,263.28125,20.3125,8.156,2.8501358591119264,0.13280254306312855
149,40.625,18.75,1.6815309412626025,-0.48,-0.243,6.712,132,47.65625,17.1875,7.202,-0.2186689458739419,125,34.375,15.625,6.987,-2.677945044588987,176.0,35.9375,23.4375,6.629,2.356194490192345,104.0,42.1875,12.5,6.442,-1.3258176636680326,181.0,43.75,24.21875,6.298,1.0516502125483738,,,,,,-0.5431974569368716
150,93.75,18.75,1.6098615837896564,0.302,-0.228,7.181,177,99.21875,23.4375,7.202,0.7086262721276703,105,96.875,12.5,6.987,-1.1071487177940904,159.0,87.5,21.09375,6.675,2.782821983319221,133.0,101.5625,17.1875,7.967,-0.1973955598498807,200.0,91.40625,26.5625,8.156,1.862253121272764,113.0,89.84375,14.0625,6.101,-2.2655346029916,-0.0741974569368713
151,210.9375,18.75,1.6699029930499212,-1.054,0.001,6.989,145,203.90625,17.96875,7.074,-3.0309354324158977,100,207.8125,11.71875,7.694,-1.9890206563741255,186.0,214.84375,24.21875,6.72,0.9505468408120752,146.0,218.75,17.96875,7.851,-0.099668652491162,109.0,214.0625,13.28125,6.298,-1.0516502125483738,185.0,207.8125,24.21875,6.298,2.08994244104142,-0.26619745693687147
152,296.875,18.75,1.316249836966305,2.01,-0.126,6.884,102,299.21875,11.71875,7.411,-1.2490457723982544,111,292.96875,13.28125,6.72,-2.191045812777718,198.0,292.96875,25.78125,8.043,2.0778948311872334,196.0,296.09375,25.0,6.298,1.695151321341658,188.0,299.21875,24.21875,5.949,1.1659045405098132,,,,,,-0.371197456936871
153,15.625,19.53125,1.706675928587749,-1.407,0.184,7.251,112,20.3125,14.0625,7.202,-0.8621700546672264,140,8.59375,17.96875,7.202,-2.922923707715851,189.0,10.9375,25.0,7.202,2.279422598922567,103.0,13.28125,12.5,7.411,-1.892546881191539,199.0,17.96875,26.5625,7.411,1.2490457723982544,156.0,22.65625,20.3125,7.074,0.1106572211738956,-0.0041974569368710135
154,225.78125,19.53125,1.579188987982145,2.858,0.213,6.568,146,218.75,17.96875,7.202,-2.922923707715851,192,221.875,25.0,6.72,2.191045812777718,193.0,229.6875,25.0,6.72,0.9505468408120752,110.0,225.78125,13.28125,6.25,-1.5707963267948966,137.0,231.25,17.1875,5.949,-0.4048917862850834,,,,,,-0.6871974569368717
155,291.40625,19.53125,1.534949269046785,2.03,-0.35,6.882,196,296.09375,25.0,7.202,0.8621700546672264,173,284.375,21.875,7.411,2.819842099193151,202.0,290.625,26.5625,7.074,1.6814535479687922,127.0,285.9375,15.625,6.72,-2.521343167606972,111.0,292.96875,13.28125,6.442,-1.3258176636680326,198.0,292.96875,25.78125,6.442,1.3258176636680326,-0.3731974569368717
156,22.65625,20.3125,1.6861789576798754,1.582,0.166,7.229,121,27.34375,14.84375,7.202,-0.8621700546672264,166,29.6875,21.875,7.202,0.2186689458739419,203.0,25.0,27.34375,7.411,1.2490457723982544,153.0,15.625,19.53125,7.074,-3.0309354324158977,199.0,17.96875,26.5625,7.812,2.214297435588181,112.0,20.3125,14.0625,6.675,-1.9295669970654687,-0.026197456936871255
157,152.34375,20.3125,1.6933391099063424,-1.826,-0.24,7.24,172,145.3125,21.875,7.202,2.922923707715851,108,154.6875,13.28125,7.411,-1.2490457723982544,206.0,150.0,27.34375,7.411,1.892546881191539,126.0,147.65625,15.625,6.629,-2.356194490192345,190.0,157.03125,25.0,6.629,0.7853981633974483,143.0,160.15625,17.96875,8.156,-0.2914567944778671,-0.015197456936871134
158,263.28125,20.3125,1.5845685871888475,0.516,-0.428,7.631,195,268.75,25.0,7.202,0.7086262721276703,120,260.9375,14.0625,6.675,-1.9295669970654687,218.0,261.71875,28.125,7.967,1.7681918866447774,147.0,255.46875,17.96875,8.156,-2.8501358591119264,148.0,271.09375,17.96875,8.156,-0.2914567944778671,,,,,,0.3758025430631289
159,87.5,21.09375,1.639940349382221,-2.282,-0.135,7.306,205,83.59375,27.34375,7.37,2.129395642138459,113,89.84375,14.0625,7.411,-1.2490457723982544,200.0,91.40625,26.5625,6.72,0.9505468408120752,124.0,82.8125,14.84375,7.812,-2.214297435588181,150.0,93.75,18.75,6.675,-0.3587706702705722,171.0,79.6875,21.875,7.851,3.0419240010986317,0.0508025430631287
160,113.28125,21.09375,1.7036244126893614,-2.813,-0.315,7.173,130,107.8125,16.40625,7.202,-2.432966381462123,174,106.25,22.65625,7.202,2.922923707715851,201.0,117.96875,26.5625,7.202,0.8621700546672264,214.0,110.9375,28.125,7.411,1.892546881191539,114.0,113.28125,14.0625,7.031,-1.5707963267948966,141.0,119.53125,17.96875,6.987,-0.4636476090008061,-0.0821974569368713
161,125.0,21.09375,1.6466297378189156,-0.344,0.471,7.173,115,125.0,14.0625,7.031,-1.5707963267948966,215,125.0,28.125,7.031,1.5707963267948966,142.0,132.03125,17.96875,7.694,-0.4182243295792291,197.0,131.25,25.78125,7.812,0.6435011087932844,141.0,119.53125,17.96875,6.298,-2.62244653934327,,,,,,-0.0821974569368713
162,168.75,21.09375,1.6650561094549328,0.61,-0.444,7.029,135,175.0,17.1875,7.37,-0.5585993153435624,191,175.0,25.0,7.37,0.5585993153435624,116.0,167.96875,14.0625,7.074,-1.6814535479687922,216.0,168.75,28.125,7.031,1.5707963267948966,182.0,163.28125,24.21875,6.298,2.62244653934327,,,,,,-0.22619745693687143
163,180.46875,21.09375,1.6874607327169524,2.501,-0.445,6.924,117,180.46875,14.0625,7.031,-1.5707963267948966,135,175.0,17.1875,6.72,-2.521343167606972,191.0,175.0,25.0,6.72,2.521343167606972,222.0,181.25,28.90625,7.851,1.4711276743037347,183.0,185.9375,24.21875,6.298,0.5191461142465229,,,,,,-0.33119745693687097
164,237.5,21.09375,1.6485268381492897,-0.655,0.446,6.873,137,231.25,17.1875,7.37,-2.5829933382462307,138,243.75,17.1875,7.37,-0.5585993153435624,118.0,237.5,14.0625,7.031,-1.5707963267948966,187.0,242.96875,24.21875,6.298,0.5191461142465229,207.0,236.71875,27.34375,6.298,1.695151321341658,,,,,,-0.3821974569368711
165,250.0,21.09375,1.6789776084538,-2.91,-0.465,7.031,138,243.75,17.1875,7.37,-2.5829933382462307,217,249.21875,28.125,7.074,1.6814535479687922,119.0,250.0,14.0625,7.031,-1.5707963267948966,187.0,242.96875,24.21875,7.694,2.723368324010564,194.0,255.46875,25.0,6.72,0.6202494859828215,147.0,255.46875,17.96875,6.298,-0.5191461142465229,-0.22419745693687165
166,29.6875,21.875,1.6859199720077995,-2.882,0.195,7.247,156,22.65625,20.3125,7.202,-2.922923707715851,203,25.0,27.34375,7.202,2.279422598922567,219.0,32.03125,28.90625,7.411,1.2490457723982544,121.0,27.34375,14.84375,7.411,-1.892546881191539,125.0,34.375,15.625,7.812,-0.9272952180016122,176.0,35.9375,23.4375,6.442,0.2449786631268641,-0.008197456936871461
167,52.34375,21.875,1.647103366548383,0.214,-0.066,6.771,210,55.46875,28.125,6.987,1.1071487177940904,122,55.46875,14.84375,7.694,-1.1525719972156676,132.0,47.65625,17.1875,6.629,-2.356194490192345,204.0,49.21875,27.34375,6.298,2.08994244104142,168.0,58.59375,21.875,6.25,0.0,,,,,,-0.48419745693687144
168,58.59375,21.875,1.6580765336891206,0.057,0.017,7.139,211,62.5,28.125,7.37,1.012197011451334,210,55.46875,28.125,6.987,2.0344439357957027,122.0,55.46875,14.84375,7.694,-1.9890206563741255,128.0,62.5,16.40625,6.72,-0.9505468408120752,169.0,66.40625,21.875,7.812,0.0,167.0,52.34375,21.875,6.25,3.141592653589793,-0.11619745693687111
169,66.40625,21.875,1.6550254484069884,3.083,-0.018,7.139,211,62.5,28.125,7.37,2.129395642138459,212,69.53125,28.125,6.987,1.1071487177940904,123.0,69.53125,14.84375,7.694,-1.1525719972156676,128.0,62.5,16.40625,6.72,-2.191045812777718,168.0,58.59375,21.875,7.812,3.141592653589793,170.0,72.65625,21.875,6.25,0.0,-0.11619745693687111
170,72.65625,21.875,1.686274635712684,-0.226,0.0,6.938,213,76.5625,28.125,7.37,1.012197011451334,171,79.6875,21.875,7.031,0.0,212.0,69.53125,28.125,6.987,2.0344439357957027,123.0,69.53125,14.84375,7.694,-1.9890206563741255,129.0,75.78125,16.40625,6.298,-1.0516502125483738,169.0,66.40625,21.875,6.25,3.141592653589793,-0.3171974569368716
171,79.6875,21.875,1.6716407614153947,-1.941,-0.077,7.167,170,72.65625,21.875,7.031,3.141592653589793,213,76.5625,28.125,6.987,2.0344439357957027,124.0,82.8125,14.84375,7.694,-1.1525719972156676,129.0,75.78125,16.40625,6.72,-2.191045812777718,205.0,83.59375,27.34375,6.72,0.9505468408120752,159.0,87.5,21.09375,7.851,-0.099668652491162,-0.08819745693687153
172,145.3125,21.875,1.6676460155117123,2.104,-0.205,7.181,157,152.34375,20.3125,7.202,-0.2186689458739419,206,150.0,27.34375,7.202,0.8621700546672264,221.0,142.96875,28.90625,7.411,1.892546881191539,126.0,147.65625,15.625,6.675,-1.2120256565243244,134.0,140.625,17.1875,6.629,-2.356194490192345,178.0,137.5,23.4375,7.967,2.9441970937399127,-0.0741974569368713
173,284.375,21.875,1.6295920539791304,0.433,-0.315,7.291,139,278.90625,17.1875,7.202,-2.432966381462123,155,291.40625,19.53125,7.411,-0.3217505543966422,208.0,280.46875,27.34375,6.72,2.191045812777718,202.0,290.625,26.5625,7.812,0.6435011087932844,127.0,285.9375,15.625,6.442,-1.3258176636680326,227.0,286.71875,29.6875,8.156,1.2793395323170296,0.03580254306312902
174,106.25,22.65625,1.659587222082073,-2.304,-0.191,6.966,133,101.5625,17.1875,7.202,-2.279422598922567,160,113.28125,21.09375,7.202,-0.2186689458739419,214.0,110.9375,28.125,7.202,0.8621700546672264,177.0,99.21875,23.4375,7.074,3.0309354324158977,220.0,103.90625,28.90625,6.675,1.9295669970654687,130.0,107.8125,16.40625,6.442,-1.3258176636680326,-0.28919745693687116
175,3.90625,23.4375,1.6735846262499208,0.245,0.225,6.918,140,8.59375,17.96875,7.202,-0.8621700546672264,189,10.9375,25.0,7.202,0.2186689458739419,228.0,6.25,30.46875,7.411,1.2490457723982544,131.0,1.5625,17.1875,6.675,-1.9295669970654687,209.0,0.0,28.125,6.101,2.2655346029916,,,,,,-0.3371974569368712
176,35.9375,23.4375,1.653049695780077,-0.248,0.205,7.17,229,38.28125,30.46875,7.411,1.2490457723982544,219,32.03125,28.90625,6.72,2.191045812777718,181.0,43.75,24.21875,7.851,0.099668652491162,149.0,40.625,18.75,6.629,-0.7853981633974483,125.0,34.375,15.625,7.967,-1.7681918866447774,166.0,29.6875,21.875,6.442,-2.896613990462929,-0.08519745693687142
177,99.21875,23.4375,1.59610590881211,1.686,-0.221,7.207,150,93.75,18.75,7.202,-2.432966381462123,220,103.90625,28.90625,7.202,0.8621700546672264,174.0,106.25,22.65625,7.074,-0.1106572211738956,133.0,101.5625,17.1875,6.675,-1.2120256565243244,223.0,96.875,29.6875,6.675,1.9295669970654687,200.0,91.40625,26.5625,8.414,2.761086276477428,-0.0481974569368715
178,137.5,23.4375,1.5990855180988468,0.711,-0.246,7.383,230,135.9375,30.46875,7.202,1.7894652726688385,134,140.625,17.1875,6.987,-1.1071487177940904,221.0,142.96875,28.90625,7.733,0.7853981633974483,142.0,132.03125,17.96875,7.733,-2.356194490192345,197.0,131.25,25.78125,6.675,2.782821983319221,172.0,145.3125,21.875,7.967,-0.1973955598498807,0.12780254306312866
179,192.96875,23.4375,1.7123234273644063,1.632,-0.004,7.237,225,196.875,29.6875,7.37,1.012197011451334,224,189.0625,29.6875,7.37,2.129395642138459,184.0,200.0,24.21875,7.074,0.1106572211738956,183.0,185.9375,24.21875,7.074,3.0309354324158977,144.0,196.875,17.96875,6.72,-0.9505468408120752,136.0,188.28125,17.1875,7.812,-2.214297435588181,-0.018197456936871248
180,275.78125,23.4375,1.64976923762464,2.882,-0.266,6.787,148,271.09375,17.96875,7.202,-2.279422598922567,195,268.75,25.0,7.202,2.922923707715851,139.0,278.90625,17.1875,6.987,-1.1071487177940904,226.0,274.21875,29.6875,6.442,1.8157749899217608,208.0,280.46875,27.34375,6.101,0.6947382761967031,,,,,,-0.4681974569368714
181,43.75,24.21875,1.6020620101585357,2.568,0.151,7.46,176,35.9375,23.4375,7.851,-3.0419240010986317,239,45.3125,32.03125,7.967,1.373400766945016,132.0,47.65625,17.1875,8.043,-1.0636978224025595,149.0,40.625,18.75,6.298,-2.08994244104142,204.0,49.21875,27.34375,6.298,0.5191461142465229,229.0,38.28125,30.46875,8.304,2.289626326416521,0.20480254306312862
182,163.28125,24.21875,1.6300726619761872,1.57,-0.343,6.549,143,160.15625,17.96875,6.987,-2.0344439357957027,216,168.75,28.125,6.72,0.6202494859828215,231.0,161.71875,30.46875,6.442,1.8157749899217608,162.0,168.75,21.09375,6.298,-0.5191461142465229,190.0,157.03125,25.0,6.298,3.017237659043032,,,,,,-0.706197456936871
183,185.9375,24.21875,1.601484805740323,0.086,-0.083,6.742,136,188.28125,17.1875,7.411,-1.2490457723982544,179,192.96875,23.4375,7.074,-0.1106572211738956,222.0,181.25,28.90625,6.629,2.356194490192345,163.0,180.46875,21.09375,6.298,-2.62244653934327,224.0,189.0625,29.6875,6.298,1.0516502125483738,,,,,,-0.5131974569368714
184,200.0,24.21875,1.6607712120493694,-0.839,0.027,7.152,145,203.90625,17.96875,7.37,-1.012197011451334,232,203.90625,30.46875,7.37,1.012197011451334,179.0,192.96875,23.4375,7.074,-3.0309354324158977,144.0,196.875,17.96875,6.987,-2.0344439357957027,185.0,207.8125,24.21875,7.812,0.0,225.0,196.875,29.6875,6.298,2.08994244104142,-0.10319745693687121
185,207.8125,24.21875,1.6730404880924457,2.92,0.009,7.145,145,203.90625,17.96875,7.37,-2.129395642138459,232,203.90625,30.46875,7.37,2.129395642138459,186.0,214.84375,24.21875,7.031,0.0,233.0,210.9375,30.46875,6.987,1.1071487177940904,184.0,200.0,24.21875,7.812,3.141592653589793,151.0,210.9375,18.75,6.298,-1.0516502125483738,-0.11019745693687177
186,214.84375,24.21875,1.655500956963649,2.281,0.032,7.21,146,218.75,17.96875,7.37,-1.012197011451334,233,210.9375,30.46875,7.37,2.129395642138459,192.0,221.875,25.0,7.074,0.1106572211738956,185.0,207.8125,24.21875,7.031,3.141592653589793,235.0,217.96875,31.25,7.694,1.1525719972156676,151.0,210.9375,18.75,6.72,-2.191045812777718,-0.04519745693687138
187,242.96875,24.21875,1.6717486670367083,0.636,-0.473,7.076,217,249.21875,28.125,7.37,0.5585993153435624,138,243.75,17.1875,7.074,-1.460139105621001,238.0,242.96875,31.25,7.031,1.5707963267948966,207.0,236.71875,27.34375,6.987,2.677945044588987,165.0,250.0,21.09375,7.694,-0.4182243295792291,164.0,237.5,21.09375,6.298,-2.62244653934327,-0.17919745693687172
188,299.21875,24.21875,1.255888815527918,2.908,0.391,6.214,198,292.96875,25.78125,6.442,2.896613990462929,234,299.21875,30.46875,6.25,1.5707963267948966,152.0,296.875,18.75,5.949,-1.97568811307998,,,,,,,,,,,,,,,,-1.041197456936871
189,10.9375,25.0,1.692319753779839,2.882,0.221,7.364,153,15.625,19.53125,7.202,-0.8621700546672264,175,3.90625,23.4375,7.202,-2.922923707715851,199.0,17.96875,26.5625,7.202,0.2186689458739419,228.0,6.25,30.46875,7.202,2.279422598922567,140.0,8.59375,17.96875,7.411,-1.892546881191539,243.0,12.5,32.8125,7.967,1.373400766945016,0.10880254306312853
190,157.03125,25.0,1.6564303833840468,1.301,-0.2,7.108,231,161.71875,30.46875,7.202,0.8621700546672264,206,150.0,27.34375,7.411,2.819842099193151,240.0,154.6875,32.03125,7.411,1.892546881191539,143.0,160.15625,17.96875,7.694,-1.1525719972156676,157.0,152.34375,20.3125,6.629,-2.356194490192345,182.0,163.28125,24.21875,6.298,-0.1243549945467614,-0.1471974569368717
191,175.0,25.0,1.6960970778079594,-2.509,-0.499,7.222,162,168.75,21.09375,7.37,-2.5829933382462307,222,181.25,28.90625,7.37,0.5585993153435624,241.0,174.21875,32.03125,7.074,1.6814535479687922,216.0,168.75,28.125,6.987,2.677945044588987,163.0,180.46875,21.09375,6.72,-0.6202494859828215,135.0,175.0,17.1875,7.812,-1.5707963267948966,-0.03319745693687093
192,221.875,25.0,1.6710576556373036,-0.771,0.068,7.276,235,217.96875,31.25,7.37,2.129395642138459,186,214.84375,24.21875,7.074,-3.0309354324158977,236.0,225.0,31.25,6.987,1.1071487177940904,146.0,218.75,17.96875,7.694,-1.9890206563741255,154.0,225.78125,19.53125,6.72,-0.9505468408120752,193.0,229.6875,25.0,7.812,0.0,0.020802543063128454
193,229.6875,25.0,1.5865245214064656,2.789,0.094,7.361,207,236.71875,27.34375,7.411,0.3217505543966422,154,225.78125,19.53125,6.72,-2.191045812777718,192.0,221.875,25.0,7.812,3.141592653589793,236.0,225.0,31.25,7.812,2.214297435588181,137.0,231.25,17.1875,7.967,-1.373400766945016,237.0,231.25,31.25,6.442,1.3258176636680326,0.10580254306312842
194,255.46875,25.0,1.636657798251514,2.774,0.442,6.951,147,255.46875,17.96875,7.031,-1.5707963267948966,242,255.46875,32.03125,7.031,1.5707963267948966,218.0,261.71875,28.125,6.987,0.4636476090008061,217.0,249.21875,28.125,6.987,2.677945044588987,165.0,250.0,21.09375,6.72,-2.521343167606972,,,,,,-0.3041974569368717
195,268.75,25.0,1.7085637691125612,0.701,-0.325,7.427,158,263.28125,20.3125,7.202,-2.432966381462123,180,275.78125,23.4375,7.202,-0.2186689458739419,226.0,274.21875,29.6875,7.202,0.7086262721276703,148.0,271.09375,17.96875,7.411,-1.2490457723982544,218.0,261.71875,28.125,7.694,2.723368324010564,245.0,267.96875,32.8125,7.851,1.6704649792860586,0.17180254306312825
196,296.09375,25.0,1.289973462160772,3.029,-0.26,7.053,155,291.40625,19.53125,7.202,-2.279422598922567,152,296.875,18.75,6.298,-1.446441332248135,234.0,299.21875,30.46875,6.298,1.0516502125483738,246.0,292.96875,32.8125,8.414,1.9513027039072612,,,,,,,,,,,-0.2021974569368714
197,131.25,25.78125,1.6886338931878653,2.897,-0.341,7.299,161,125.0,21.09375,7.812,-2.498091544796509,178,137.5,23.4375,6.675,-0.3587706702705722,215.0,125.0,28.125,6.675,2.782821983319221,142.0,132.03125,17.96875,7.851,-1.4711276743037347,230.0,135.9375,30.46875,6.629,0.7853981633974483,249.0,128.90625,33.59375,8.156,1.862253121272764,0.04380254306312903
198,292.96875,25.78125,1.280327747017713,0.037,-0.473,7.19,227,286.71875,29.6875,7.37,2.5829933382462307,246,292.96875,32.8125,7.031,1.5707963267948966,234.0,299.21875,30.46875,7.812,0.6435011087932844,152.0,296.875,18.75,8.043,-1.0636978224025595,188.0,299.21875,24.21875,6.442,-0.2449786631268641,155.0,291.40625,19.53125,6.442,-1.8157749899217608,-0.06519745693687096
199,17.96875,26.5625,1.6429992747767634,-1.607,0.168,7.413,189,10.9375,25.0,7.202,-2.922923707715851,153,15.625,19.53125,7.411,-1.892546881191539,203.0,25.0,27.34375,7.074,0.1106572211738956,156.0,22.65625,20.3125,7.812,-0.9272952180016122,244.0,20.3125,32.8125,6.675,1.2120256565243244,243.0,12.5,32.8125,8.304,2.289626326416521,0.1578025430631289
200,91.40625,26.5625,1.5679698178541983,-1.254,-0.301,7.488,159,87.5,21.09375,6.72,-2.191045812777718,205,83.59375,27.34375,7.851,3.0419240010986317,150.0,93.75,18.75,8.156,-1.2793395323170296,223.0,96.875,29.6875,6.298,0.5191461142465229,177.0,99.21875,23.4375,8.414,-0.3805063771123649,,,,,,0.23280254306312909
201,117.96875,26.5625,1.519549675833355,1.919,-0.108,7.613,160,113.28125,21.09375,7.202,-2.279422598922567,214,110.9375,28.125,7.202,2.922923707715851,215.0,125.0,28.125,7.202,0.2186689458739419,248.0,121.875,33.59375,8.043,1.0636978224025595,260.0,114.84375,34.375,8.414,1.9513027039072612,,,,,,0.3578025430631291
202,290.625,26.5625,1.2808124796083489,-2.047,0.139,7.187,155,291.40625,19.53125,7.074,-1.460139105621001,173,284.375,21.875,7.812,-2.498091544796509,246.0,292.96875,32.8125,6.675,1.2120256565243244,,,,,,,,,,,,,,,,-0.06819745693687107
203,25.0,27.34375,1.7060901548031129,1.735,0.184,7.251,166,29.6875,21.875,7.202,-0.8621700546672264,219,32.03125,28.90625,7.202,0.2186689458739419,244.0,20.3125,32.8125,7.202,2.279422598922567,156.0,22.65625,20.3125,7.411,-1.892546881191539,253.0,27.34375,34.375,7.411,1.2490457723982544,199.0,17.96875,26.5625,7.074,-3.0309354324158977,-0.0041974569368710135
204,49.21875,27.34375,1.5832994596206984,0.951,0.184,6.334,247,51.5625,33.59375,6.675,1.2120256565243244,167,52.34375,21.875,6.298,-1.0516502125483738,210.0,55.46875,28.125,6.298,0.1243549945467614,181.0,43.75,24.21875,6.298,-2.62244653934327,239.0,45.3125,32.03125,6.101,2.2655346029916,,,,,,-0.9211974569368717
205,83.59375,27.34375,1.634479004779982,2.327,-0.033,7.459,159,87.5,21.09375,7.37,-1.012197011451334,213,76.5625,28.125,7.074,3.0309354324158977,258.0,86.71875,34.375,7.694,1.1525719972156676,171.0,79.6875,21.875,6.72,-2.191045812777718,200.0,91.40625,26.5625,7.851,-0.099668652491162,257.0,79.6875,34.375,8.043,2.0778948311872334,0.20380254306312828
206,150.0,27.34375,1.6927436542683,-0.904,-0.245,7.05,172,145.3125,21.875,7.202,-2.279422598922567,221,142.96875,28.90625,7.202,2.922923707715851,157.0,152.34375,20.3125,7.411,-1.2490457723982544,190.0,157.03125,25.0,7.411,-0.3217505543966422,240.0,154.6875,32.03125,6.629,0.7853981633974483,250.0,148.4375,33.59375,6.442,1.8157749899217608,-0.20519745693687153
207,236.71875,27.34375,1.6564177425480466,1.286,0.515,6.97,238,242.96875,31.25,7.37,0.5585993153435624,193,229.6875,25.0,7.411,-2.819842099193151,261.0,236.71875,34.375,7.031,1.5707963267948966,187.0,242.96875,24.21875,6.987,-0.4636476090008061,237.0,231.25,31.25,6.72,2.521343167606972,164.0,237.5,21.09375,6.298,-1.446441332248135,-0.2851974569368716
208,280.46875,27.34375,1.6661432607111273,2.483,-0.513,6.494,173,284.375,21.875,6.72,-0.9505468408120752,226,274.21875,29.6875,6.675,2.782821983319221,227.0,286.71875,29.6875,6.675,0.3587706702705722,251.0,279.6875,33.59375,6.298,1.695151321341658,180.0,275.78125,23.4375,6.101,-2.44685437739309,,,,,,-0.7611974569368716
209,0.0,28.125,1.575922482000237,0.354,-0.341,6.342,228,6.25,30.46875,6.675,0.3587706702705722,252,0.0,34.375,6.25,1.5707963267948966,175.0,3.90625,23.4375,6.101,-0.8760580505981934,,,,,,,,,,,,,,,,-0.9131974569368717
210,55.46875,28.125,1.6389196646823576,-2.124,0.047,6.835,211,62.5,28.125,7.031,0.0,167,52.34375,21.875,6.987,-2.0344439357957027,168.0,58.59375,21.875,6.987,-1.1071487177940904,254.0,58.59375,34.375,6.987,1.1071487177940904,247.0,51.5625,33.59375,6.72,2.191045812777718,204.0,49.21875,27.34375,6.298,-3.017237659043032,-0.4201974569368714
211,62.5,28.125,1.711450771892538,2.63,0.015,7.193,168,58.59375,21.875,7.37,-2.129395642138459,169,66.40625,21.875,7.37,-1.012197011451334,254.0,58.59375,34.375,7.37,2.129395642138459,210.0,55.46875,28.125,7.031,3.141592653589793,212.0,69.53125,28.125,7.031,0.0,255.0,65.625,34.375,6.987,1.1071487177940904,-0.06219745693687173
212,69.53125,28.125,1.720865564687347,-2.631,0.016,7.065,255,65.625,34.375,7.37,2.129395642138459,213,76.5625,28.125,7.031,0.0,211.0,62.5,28.125,7.031,3.141592653589793,170.0,72.65625,21.875,6.987,-1.1071487177940904,169.0,66.40625,21.875,6.987,-2.0344439357957027,256.0,72.65625,34.375,6.987,1.1071487177940904,-0.19019745693687096
213,76.5625,28.125,1.7100227805612698,-2.571,-0.019,7.136,170,72.65625,21.875,7.37,-2.129395642138459,256,72.65625,34.375,7.37,2.129395642138459,205.0,83.59375,27.34375,7.074,-0.1106572211738956,212.0,69.53125,28.125,7.031,3.141592653589793,171.0,79.6875,21.875,6.987,-1.1071487177940904,257.0,79.6875,34.375,6.987,1.1071487177940904,-0.11919745693687123
214,110.9375,28.125,1.70444094946951,-2.881,-0.136,7.208,174,106.25,22.65625,7.202,-2.279422598922567,201,117.96875,26.5625,7.202,-0.2186689458739419,260.0,114.84375,34.375,7.37,1.012197011451334,160.0,113.28125,21.09375,7.411,-1.2490457723982544,220.0,103.90625,28.90625,7.074,3.0309354324158977,259.0,107.8125,34.375,6.987,2.0344439357957027,-0.04719745693687116
215,125.0,28.125,1.6731074662589744,1.192,-0.138,6.785,201,117.96875,26.5625,7.202,-2.922923707715851,161,125.0,21.09375,7.031,-1.5707963267948966,249.0,128.90625,33.59375,6.72,0.9505468408120752,197.0,131.25,25.78125,6.675,-0.3587706702705722,248.0,121.875,33.59375,6.298,2.08994244104142,,,,,,-0.4701974569368712
216,168.75,28.125,1.6742776033040012,-2.685,-0.4,7.047,231,161.71875,30.46875,7.411,2.819842099193151,265,166.40625,35.15625,7.411,1.892546881191539,162.0,168.75,21.09375,7.031,-1.5707963267948966,191.0,175.0,25.0,6.987,-0.4636476090008061,182.0,163.28125,24.21875,6.72,-2.521343167606972,241.0,174.21875,32.03125,6.72,0.6202494859828215,-0.20819745693687164
217,249.21875,28.125,1.7101917948898973,0.055,-0.474,7.136,187,242.96875,24.21875,7.37,-2.5829933382462307,242,255.46875,32.03125,7.37,0.5585993153435624,165.0,250.0,21.09375,7.074,-1.460139105621001,268.0,249.21875,35.15625,7.031,1.5707963267948966,238.0,242.96875,31.25,6.987,2.677945044588987,194.0,255.46875,25.0,6.987,-0.4636476090008061,-0.11919745693687123
218,261.71875,28.125,1.694536257927194,1.341,-0.451,7.613,242,255.46875,32.03125,7.37,2.5829933382462307,194,255.46875,25.0,6.987,-2.677945044588987,195.0,268.75,25.0,7.694,-0.4182243295792291,245.0,267.96875,32.8125,7.812,0.6435011087932844,271.0,260.9375,35.9375,7.851,1.6704649792860586,158.0,263.28125,20.3125,7.967,-1.373400766945016,0.3578025430631291
219,32.03125,28.90625,1.6739124659067202,-3.134,0.209,7.03,203,25.0,27.34375,7.202,-2.922923707715851,253,27.34375,34.375,7.202,2.279422598922567,269.0,33.59375,35.9375,7.202,1.3521273809209546,166.0,29.6875,21.875,7.411,-1.892546881191539,176.0,35.9375,23.4375,6.72,-0.9505468408120752,229.0,38.28125,30.46875,6.442,0.2449786631268641,-0.2251974569368711
220,103.90625,28.90625,1.6978419314363842,3.065,-0.122,6.955,177,99.21875,23.4375,7.202,-2.279422598922567,214,110.9375,28.125,7.074,-0.1106572211738956,223.0,96.875,29.6875,7.074,3.0309354324158977,263.0,100.78125,35.15625,6.987,2.0344439357957027,259.0,107.8125,34.375,6.72,0.9505468408120752,174.0,106.25,22.65625,6.675,-1.2120256565243244,-0.3001974569368713
221,142.96875,28.90625,1.7121432634516376,-0.271,-0.253,7.199,230,135.9375,30.46875,7.202,2.922923707715851,206,150.0,27.34375,7.202,-0.2186689458739419,250.0,148.4375,33.59375,7.202,0.7086262721276703,172.0,145.3125,21.875,7.411,-1.2490457723982544,178.0,137.5,23.4375,7.733,-2.356194490192345,264.0,141.40625,35.15625,6.442,1.8157749899217608,-0.056197456936871504
222,181.25,28.90625,1.6565151373724976,-1.172,0.365,7.461,191,175.0,25.0,7.37,-2.5829933382462307,266,185.15625,35.15625,7.37,1.012197011451334,241.0,174.21875,32.03125,7.694,2.723368324010564,163.0,180.46875,21.09375,7.851,-1.6704649792860586,224.0,189.0625,29.6875,7.851,0.099668652491162,183.0,185.9375,24.21875,6.629,-0.7853981633974483,0.20580254306312895
223,96.875,29.6875,1.6167864711381985,0.242,-0.149,6.613,220,103.90625,28.90625,7.074,-0.1106572211738956,263,100.78125,35.15625,6.72,0.9505468408120752,177.0,99.21875,23.4375,6.675,-1.2120256565243244,200.0,91.40625,26.5625,6.298,-2.62244653934327,262.0,93.75,35.15625,6.298,2.08994244104142,,,,,,-0.6421974569368709
224,189.0625,29.6875,1.6787216718129832,-1.368,0.024,7.129,179,192.96875,23.4375,7.37,-1.012197011451334,266,185.15625,35.15625,6.72,2.191045812777718,267.0,192.96875,35.15625,6.72,0.9505468408120752,225.0,196.875,29.6875,7.812,0.0,222.0,181.25,28.90625,7.851,-3.0419240010986317,183.0,185.9375,24.21875,6.298,-2.08994244104142,-0.1261974569368718
225,196.875,29.6875,1.6773420749387171,2.609,0.037,7.044,179,192.96875,23.4375,7.37,-2.129395642138459,232,203.90625,30.46875,7.074,0.1106572211738956,270.0,200.0,35.9375,6.987,1.1071487177940904,267.0,192.96875,35.15625,6.72,2.191045812777718,224.0,189.0625,29.6875,7.812,3.141592653589793,184.0,200.0,24.21875,6.298,-1.0516502125483738,-0.21119745693687175
226,274.21875,29.6875,1.706779695017584,0.216,-0.381,6.85,195,268.75,25.0,7.202,-2.432966381462123,275,273.4375,36.71875,7.074,1.6814535479687922,245.0,267.96875,32.8125,6.987,2.677945044588987,251.0,279.6875,33.59375,6.72,0.6202494859828215,208.0,280.46875,27.34375,6.675,-0.3587706702705722,180.0,275.78125,23.4375,6.442,-1.3258176636680326,-0.4051974569368717
227,286.71875,29.6875,1.5165887564298597,2.955,0.458,7.384,198,292.96875,25.78125,7.37,-0.5585993153435624,276,285.9375,36.71875,7.074,1.6814535479687922,246.0,292.96875,32.8125,6.987,0.4636476090008061,208.0,280.46875,27.34375,6.675,-2.782821983319221,251.0,279.6875,33.59375,8.043,2.6344941491974563,173.0,284.375,21.875,8.156,-1.862253121272764,0.128802543063129
228,6.25,30.46875,1.672467207888832,-2.808,0.353,7.06,189,10.9375,25.0,7.202,-0.8621700546672264,252,0.0,34.375,7.37,2.5829933382462307,175.0,3.90625,23.4375,7.411,-1.892546881191539,278.0,6.25,37.5,7.031,1.5707963267948966,243.0,12.5,32.8125,6.675,0.3587706702705722,209.0,0.0,28.125,6.675,-2.782821983319221,-0.19519745693687174
229,38.28125,30.46875,1.6901650002984685,-0.943,0.207,7.329,239,45.3125,32.03125,7.202,0.2186689458739419,269,33.59375,35.9375,7.202,2.279422598922567,279.0,40.625,37.5,7.411,1.2490457723982544,176.0,35.9375,23.4375,7.411,-1.892546881191539,219.0,32.03125,28.90625,6.442,-2.896613990462929,181.0,43.75,24.21875,8.304,-0.8519663271732721,0.07380254306312839
230,135.9375,30.46875,1.6690497868652685,-1.197,-0.37,7.186,178,137.5,23.4375,7.202,-1.3521273809209546,221,142.96875,28.90625,7.202,-0.2186689458739419,264.0,141.40625,35.15625,7.202,0.7086262721276703,249.0,128.90625,33.59375,7.694,2.723368324010564,197.0,131.25,25.78125,6.629,-2.356194490192345,,,,,,-0.0691974569368714
231,161.71875,30.46875,1.7149229969105522,-1.213,-0.263,7.015,190,157.03125,25.0,7.202,-2.279422598922567,240,154.6875,32.03125,7.202,2.922923707715851,280.0,160.15625,37.5,7.202,1.7894652726688385,216.0,168.75,28.125,7.411,-0.3217505543966422,265.0,166.40625,35.15625,6.629,0.7853981633974483,182.0,163.28125,24.21875,6.442,-1.3258176636680326,-0.24019745693687167
232,203.90625,30.46875,1.6496986488985357,-2.487,0.044,7.092,184,200.0,24.21875,7.37,-2.129395642138459,185,207.8125,24.21875,7.37,-1.012197011451334,225.0,196.875,29.6875,7.074,-3.0309354324158977,233.0,210.9375,30.46875,7.031,0.0,273.0,207.03125,36.71875,6.987,1.1071487177940904,270.0,200.0,35.9375,6.72,2.191045812777718,-0.1631974569368717
233,210.9375,30.46875,1.7014077536565553,1.626,0.05,7.136,186,214.84375,24.21875,7.37,-1.012197011451334,273,207.03125,36.71875,7.37,2.129395642138459,235.0,217.96875,31.25,7.074,0.1106572211738956,232.0,203.90625,30.46875,7.031,3.141592653589793,185.0,207.8125,24.21875,6.987,-2.0344439357957027,274.0,214.0625,36.71875,6.987,1.1071487177940904,-0.11919745693687123
234,299.21875,30.46875,1.3739951248214273,-2.678,-0.515,6.657,198,292.96875,25.78125,7.812,-2.498091544796509,246,292.96875,32.8125,6.675,2.782821983319221,196.0,296.09375,25.0,6.298,-2.08994244104142,188.0,299.21875,24.21875,6.25,-1.5707963267948966,277.0,299.21875,36.71875,6.25,1.5707963267948966,,,,,,-0.5981974569368713
235,217.96875,31.25,1.6798346203506864,-1.596,0.068,7.146,192,221.875,25.0,7.37,-1.012197011451334,233,210.9375,30.46875,7.074,-3.0309354324158977,236.0,225.0,31.25,7.031,0.0,281.0,221.09375,37.5,6.987,1.1071487177940904,186.0,214.84375,24.21875,7.694,-1.9890206563741255,274.0,214.0625,36.71875,6.72,2.191045812777718,-0.10919745693687144
236,225.0,31.25,1.691071069560138,0.01,0.029,7.137,282,228.90625,37.5,7.37,1.012197011451334,281,221.09375,37.5,7.37,2.129395642138459,235.0,217.96875,31.25,7.031,3.141592653589793,192.0,221.875,25.0,6.987,-2.0344439357957027,193.0,229.6875,25.0,7.812,-0.9272952180016122,237.0,231.25,31.25,6.25,0.0,-0.11819745693687178
237,231.25,31.25,1.6818363088007626,-0.932,0.411,6.477,207,236.71875,27.34375,6.72,-0.6202494859828215,282,228.90625,37.5,6.675,1.9295669970654687,193.0,229.6875,25.0,6.442,-1.8157749899217608,261.0,236.71875,34.375,6.298,0.5191461142465229,236.0,225.0,31.25,6.25,3.141592653589793,,,,,,-0.778197456936871
238,242.96875,31.25,1.7098613404642349,0.244,-0.492,7.129,207,236.71875,27.34375,7.37,-2.5829933382462307,268,249.21875,35.15625,7.37,0.5585993153435624,284.0,242.96875,38.28125,7.031,1.5707963267948966,187.0,242.96875,24.21875,7.031,-1.5707963267948966,261.0,236.71875,34.375,6.987,2.677945044588987,217.0,249.21875,28.125,6.987,-0.4636476090008061,-0.1261974569368718
239,45.3125,32.03125,1.5991713329079336,-0.147,0.223,7.054,229,38.28125,30.46875,7.202,-2.922923707715851,279,40.625,37.5,7.202,2.279422598922567,285.0,47.65625,39.0625,7.411,1.2490457723982544,181.0,43.75,24.21875,7.967,-1.7681918866447774,247.0,51.5625,33.59375,6.442,0.2449786631268641,204.0,49.21875,27.34375,6.101,-0.8760580505981934,-0.20119745693687108
240,154.6875,32.03125,1.6827506150318106,0.466,-0.249,7.103,231,161.71875,30.46875,7.202,-0.2186689458739419,287,153.125,39.0625,7.202,1.7894652726688385,190.0,157.03125,25.0,7.411,-1.2490457723982544,280.0,160.15625,37.5,7.733,0.7853981633974483,206.0,150.0,27.34375,6.629,-2.356194490192345,250.0,148.4375,33.59375,6.442,2.896613990462929,-0.1521974569368716
241,174.21875,32.03125,1.6495460160241688,3.002,-0.354,7.324,288,171.875,39.0625,7.411,1.892546881191539,191,175.0,25.0,7.074,-1.460139105621001,222.0,181.25,28.90625,7.694,-0.4182243295792291,216.0,168.75,28.125,6.72,-2.521343167606972,272.0,178.90625,36.71875,6.629,0.7853981633974483,265.0,166.40625,35.15625,8.414,2.761086276477428,0.0688025430631285
242,255.46875,32.03125,1.6886045233090263,-2.948,-0.479,7.092,217,249.21875,28.125,7.37,-2.5829933382462307,218,261.71875,28.125,7.37,-0.5585993153435624,289.0,254.6875,39.0625,7.074,1.6814535479687922,194.0,255.46875,25.0,7.031,-1.5707963267948966,268.0,249.21875,35.15625,6.987,2.677945044588987,271.0,260.9375,35.9375,6.72,0.6202494859828215,-0.1631974569368717
243,12.5,32.8125,1.595562049343664,-1.142,0.229,7.548,283,16.40625,38.28125,6.72,0.9505468408120752,244,20.3125,32.8125,7.812,0.0,278.0,6.25,37.5,7.812,2.498091544796509,228.0,6.25,30.46875,6.675,-2.782821983319221,189.0,10.9375,25.0,7.967,-1.7681918866447774,199.0,17.96875,26.5625,8.304,-0.8519663271732721,0.2928025430631287
244,20.3125,32.8125,1.7040284763074045,1.532,0.147,7.17,203,25.0,27.34375,7.202,-0.8621700546672264,253,27.34375,34.375,7.202,0.2186689458739419,290.0,22.65625,39.84375,7.411,1.2490457723982544,283.0,16.40625,38.28125,6.72,2.191045812777718,243.0,12.5,32.8125,7.812,3.141592653589793,199.0,17.96875,26.5625,6.675,-1.9295669970654687,-0.08519745693687142
245,267.96875,32.8125,1.643415920635575,-1.837,-0.425,7.356,294,267.1875,39.84375,7.074,1.6814535479687922,226,274.21875,29.6875,6.987,-0.4636476090008061,271.0,260.9375,35.9375,7.694,2.723368324010564,275.0,273.4375,36.71875,6.72,0.6202494859828215,218.0,261.71875,28.125,7.812,-2.498091544796509,195.0,268.75,25.0,7.851,-1.4711276743037347,0.10080254306312852
246,292.96875,32.8125,1.57271323184496,-1.151,0.517,6.961,277,299.21875,36.71875,7.37,0.5585993153435624,198,292.96875,25.78125,7.031,-1.5707963267948966,295.0,292.96875,39.84375,7.031,1.5707963267948966,227.0,286.71875,29.6875,6.987,-2.677945044588987,234.0,299.21875,30.46875,6.675,-0.3587706702705722,202.0,290.625,26.5625,6.675,-1.9295669970654687,-0.29419745693687105
247,51.5625,33.59375,1.6487115324192945,-0.968,0.127,6.77,254,58.59375,34.375,7.074,0.1106572211738956,291,54.6875,39.84375,6.987,1.1071487177940904,285.0,47.65625,39.0625,6.72,2.191045812777718,210.0,55.46875,28.125,6.72,-0.9505468408120752,204.0,49.21875,27.34375,6.675,-1.9295669970654687,239.0,45.3125,32.03125,6.442,-2.896613990462929,-0.4851974569368718
248,121.875,33.59375,1.6594804368827851,0.838,-0.032,7.134,293,125.78125,39.84375,7.37,1.012197011451334,260,114.84375,34.375,7.074,3.0309354324158977,249.0,128.90625,33.59375,7.031,0.0,292.0,118.75,39.84375,6.987,2.0344439357957027,201.0,117.96875,26.5625,8.043,-2.0778948311872334,215.0,125.0,28.125,6.298,-1.0516502125483738,-0.121197456936871
249,128.90625,33.59375,1.6299891324385165,-1.896,-0.153,7.298,286,133.59375,39.0625,7.202,0.8621700546672264,248,121.875,33.59375,7.031,3.141592653589793,293.0,125.78125,39.84375,6.987,2.0344439357957027,230.0,135.9375,30.46875,7.694,-0.4182243295792291,215.0,125.0,28.125,6.72,-2.191045812777718,197.0,131.25,25.78125,8.156,-1.2793395323170296,0.042802543063128695
250,148.4375,33.59375,1.6377660433760426,2.826,-0.245,6.984,221,142.96875,28.90625,7.202,-2.432966381462123,264,141.40625,35.15625,7.202,2.922923707715851,287.0,153.125,39.0625,7.202,0.8621700546672264,303.0,146.09375,40.625,7.411,1.892546881191539,240.0,154.6875,32.03125,6.442,-0.2449786631268641,206.0,150.0,27.34375,6.442,-1.3258176636680326,-0.27119745693687136
251,279.6875,33.59375,1.6254106707941796,-0.729,-0.484,7.011,305,279.6875,40.625,7.031,1.5707963267948966,275,273.4375,36.71875,6.987,2.677945044588987,276.0,285.9375,36.71875,6.987,0.4636476090008061,226.0,274.21875,29.6875,6.72,-2.521343167606972,227.0,286.71875,29.6875,8.043,-0.507098504392337,208.0,280.46875,27.34375,6.298,-1.446441332248135,-0.24419745693687123
252,0.0,34.375,1.6146781823617318,-0.048,-0.298,6.909,228,6.25,30.46875,7.37,-0.5585993153435624,306,0.0,41.40625,7.031,1.5707963267948966,278.0,6.25,37.5,6.987,0.4636476090008061,209.0,0.0,28.125,6.25,-1.5707963267948966,,,,,,,,,,,-0.34619745693687154
253,27.34375,34.375,1.7018254225212708,1.802,0.206,7.145,219,32.03125,28.90625,7.202,-0.8621700546672264,244,20.3125,32.8125,7.202,-2.922923707715851,290.0,22.65625,39.84375,7.202,2.279422598922567,203.0,25.0,27.34375,7.411,-1.892546881191539,308.0,29.6875,41.40625,7.411,1.2490457723982544,269.0,33.59375,35.9375,6.442,0.2449786631268641,-0.11019745693687177
254,58.59375,34.375,1.6660282701428968,-1.874,0.06,7.028,211,62.5,28.125,7.37,-1.012197011451334,247,51.5625,33.59375,7.074,-3.0309354324158977,255.0,65.625,34.375,7.031,0.0,210.0,55.46875,28.125,6.987,-2.0344439357957027,296.0,61.71875,40.625,6.987,1.1071487177940904,291.0,54.6875,39.84375,6.72,2.191045812777718,-0.22719745693687177
255,65.625,34.375,1.698631567268061,1.107,0.031,7.129,212,69.53125,28.125,7.37,-1.012197011451334,296,61.71875,40.625,7.37,2.129395642138459,256.0,72.65625,34.375,7.031,0.0,254.0,58.59375,34.375,7.031,3.141592653589793,211.0,62.5,28.125,6.987,-2.0344439357957027,297.0,68.75,40.625,6.987,1.1071487177940904,-0.1261974569368718
256,72.65625,34.375,1.6996673180133983,1.107,0.031,7.129,213,76.5625,28.125,7.37,-1.012197011451334,297,68.75,40.625,7.37,2.129395642138459,257.0,79.6875,34.375,7.031,0.0,255.0,65.625,34.375,7.031,3.141592653589793,212.0,69.53125,28.125,6.987,-2.0344439357957027,298.0,75.78125,40.625,6.987,1.1071487177940904,-0.1261974569368718
257,79.6875,34.375,1.6874373822471211,-2.609,0.023,7.241,298,75.78125,40.625,7.37,2.129395642138459,258,86.71875,34.375,7.031,0.0,256.0,72.65625,34.375,7.031,3.141592653589793,213.0,76.5625,28.125,6.987,-2.0344439357957027,299.0,82.8125,40.625,6.987,1.1071487177940904,205.0,83.59375,27.34375,8.043,-1.0636978224025595,-0.014197456936871689
258,86.71875,34.375,1.6904352564635414,2.055,0.074,7.231,299,82.8125,40.625,7.37,2.129395642138459,262,93.75,35.15625,7.074,0.1106572211738956,257.0,79.6875,34.375,7.031,3.141592653589793,300.0,89.84375,40.625,6.987,1.1071487177940904,205.0,83.59375,27.34375,7.694,-1.9890206563741255,,,,,,-0.024197456936871475
259,107.8125,34.375,1.6751331962575624,1.873,-0.061,7.028,302,111.71875,40.625,7.37,1.012197011451334,263,100.78125,35.15625,7.074,3.0309354324158977,260.0,114.84375,34.375,7.031,0.0,214.0,110.9375,28.125,6.987,-1.1071487177940904,301.0,104.6875,40.625,6.987,2.0344439357957027,220.0,103.90625,28.90625,6.72,-2.191045812777718,-0.22719745693687177
260,114.84375,34.375,1.6659307975762545,-1.741,-0.075,7.266,214,110.9375,28.125,7.37,-2.129395642138459,248,121.875,33.59375,7.074,-0.1106572211738956,259.0,107.8125,34.375,7.031,3.141592653589793,302.0,111.71875,40.625,6.987,2.0344439357957027,292.0,118.75,39.84375,6.72,0.9505468408120752,201.0,117.96875,26.5625,8.414,-1.1902899496825317,0.010802543063128667
261,236.71875,34.375,1.6346946004524985,-2.484,-0.486,7.188,284,242.96875,38.28125,7.37,0.5585993153435624,207,236.71875,27.34375,7.031,-1.5707963267948966,311.0,236.71875,41.40625,7.031,1.5707963267948966,238.0,242.96875,31.25,6.987,-0.4636476090008061,237.0,231.25,31.25,6.298,-2.62244653934327,282.0,228.90625,37.5,8.414,2.761086276477428,-0.06719745693687162
262,93.75,35.15625,1.6687974208369594,1.103,0.063,6.822,258,86.71875,34.375,7.074,-3.0309354324158977,263,100.78125,35.15625,7.031,0.0,309.0,96.875,41.40625,6.987,1.1071487177940904,300.0,89.84375,40.625,6.72,2.191045812777718,223.0,96.875,29.6875,6.298,-1.0516502125483738,,,,,,-0.4331974569368713
263,100.78125,35.15625,1.7073559587002942,-2.087,-0.056,6.984,309,96.875,41.40625,7.37,2.129395642138459,259,107.8125,34.375,7.074,-0.1106572211738956,262.0,93.75,35.15625,7.031,3.141592653589793,220.0,103.90625,28.90625,6.987,-1.1071487177940904,223.0,96.875,29.6875,6.72,-2.191045812777718,301.0,104.6875,40.625,6.72,0.9505468408120752,-0.27119745693687136
264,141.40625,35.15625,1.6388782379625944,-0.125,-0.312,6.898,230,135.9375,30.46875,7.202,-2.432966381462123,250,148.4375,33.59375,7.202,-0.2186689458739419,303.0,146.09375,40.625,7.202,0.8621700546672264,221.0,142.96875,28.90625,6.442,-1.3258176636680326,310.0,139.84375,41.40625,6.442,1.8157749899217608,,,,,,-0.35719745693687166
265,166.40625,35.15625,1.6470235755180205,-0.54,-0.324,7.175,312,164.84375,42.1875,7.202,1.7894652726688385,216,168.75,28.125,7.411,-1.2490457723982544,288.0,171.875,39.0625,6.72,0.6202494859828215,280.0,160.15625,37.5,6.675,2.782821983319221,231.0,161.71875,30.46875,6.629,-2.356194490192345,241.0,174.21875,32.03125,8.414,-0.3805063771123649,-0.08019745693687153
266,185.15625,35.15625,1.691812632077477,0.55,-0.114,7.125,313,183.59375,42.1875,7.202,1.7894652726688385,304,189.84375,40.625,7.202,0.8621700546672264,222.0,181.25,28.90625,7.37,-2.129395642138459,224.0,189.0625,29.6875,6.72,-0.9505468408120752,267.0,192.96875,35.15625,7.812,0.0,272.0,178.90625,36.71875,6.442,2.896613990462929,-0.13019745693687135
267,192.96875,35.15625,1.674024539564875,2.178,0.054,7.13,270,200.0,35.9375,7.074,0.1106572211738956,224,189.0625,29.6875,6.72,-2.191045812777718,225.0,196.875,29.6875,6.72,-0.9505468408120752,266.0,185.15625,35.15625,7.812,3.141592653589793,317.0,195.3125,42.96875,8.156,1.2793395323170296,304.0,189.84375,40.625,6.298,2.08994244104142,-0.12519745693687145
268,249.21875,35.15625,1.7050042236845044,2.839,-0.464,7.028,238,242.96875,31.25,7.37,-2.5829933382462307,315,248.4375,42.1875,7.074,1.6814535479687922,217.0,249.21875,28.125,7.031,-1.5707963267948966,242.0,255.46875,32.03125,6.987,-0.4636476090008061,284.0,242.96875,38.28125,6.987,2.677945044588987,289.0,254.6875,39.0625,6.72,0.6202494859828215,-0.22719745693687177
269,33.59375,35.9375,1.6613389085999524,0.007,0.209,7.03,219,32.03125,28.90625,7.202,-1.7894652726688385,229,38.28125,30.46875,7.202,-0.8621700546672264,279.0,40.625,37.5,7.202,0.2186689458739419,316.0,35.9375,42.96875,7.411,1.2490457723982544,308.0,29.6875,41.40625,6.72,2.191045812777718,253.0,27.34375,34.375,6.442,-2.896613990462929,-0.2251974569368711
270,200.0,35.9375,1.6657333428648635,0.604,0.083,7.215,273,207.03125,36.71875,7.074,0.1106572211738956,267,192.96875,35.15625,7.074,-3.0309354324158977,225.0,196.875,29.6875,6.987,-2.0344439357957027,314.0,203.125,42.1875,6.987,1.1071487177940904,232.0,203.90625,30.46875,6.72,-0.9505468408120752,317.0,195.3125,42.96875,8.45,2.158798930342464,-0.04019745693687149
271,260.9375,35.9375,1.6412809449580312,-0.034,-0.458,7.275,294,267.1875,39.84375,7.37,0.5585993153435624,320,260.9375,42.96875,7.031,1.5707963267948966,289.0,254.6875,39.0625,6.987,2.677945044588987,245.0,267.96875,32.8125,7.694,-0.4182243295792291,242.0,255.46875,32.03125,6.72,-2.521343167606972,218.0,261.71875,28.125,7.851,-1.4711276743037347,0.019802543063129008
272,178.90625,36.71875,1.6710231555675172,1.841,-0.247,7.333,313,183.59375,42.1875,7.202,0.8621700546672264,288,171.875,39.0625,7.411,2.819842099193151,241.0,174.21875,32.03125,6.629,-2.356194490192345,266.0,185.15625,35.15625,6.442,-0.2449786631268641,222.0,181.25,28.90625,8.156,-1.2793395323170296,327.0,176.5625,44.53125,8.156,1.862253121272764,0.07780254306312884
273,207.03125,36.71875,1.6769256427411283,-1.874,0.06,7.028,233,210.9375,30.46875,7.37,-1.012197011451334,270,200.0,35.9375,7.074,-3.0309354324158977,274.0,214.0625,36.71875,7.031,0.0,232.0,203.90625,30.46875,6.987,-2.0344439357957027,318.0,210.15625,42.96875,6.987,1.1071487177940904,314.0,203.125,42.1875,6.72,2.191045812777718,-0.22719745693687177
274,214.0625,36.71875,1.7110735477995238,1.268,0.06,7.028,318,210.15625,42.96875,7.37,2.129395642138459,281,221.09375,37.5,7.074,0.1106572211738956,273.0,207.03125,36.71875,7.031,3.141592653589793,233.0,210.9375,30.46875,6.987,-2.0344439357957027,319.0,217.1875,42.96875,6.987,1.1071487177940904,235.0,217.96875,31.25,6.72,-0.9505468408120752,-0.22719745693687177
275,273.4375,36.71875,1.709461564075221,-0.303,-0.464,7.028,305,279.6875,40.625,7.37,0.5585993153435624,226,274.21875,29.6875,7.074,-1.460139105621001,322.0,273.4375,43.75,7.031,1.5707963267948966,251.0,279.6875,33.59375,6.987,-0.4636476090008061,294.0,267.1875,39.84375,6.987,2.677945044588987,245.0,267.96875,32.8125,6.72,-2.521343167606972,-0.22719745693687177
276,285.9375,36.71875,1.613140898207323,0.06,0.51,7.366,305,279.6875,40.625,7.37,2.5829933382462307,227,286.71875,29.6875,7.074,-1.460139105621001,323.0,285.9375,43.75,7.031,1.5707963267948966,251.0,279.6875,33.59375,6.987,-2.677945044588987,295.0,292.96875,39.84375,7.694,0.4182243295792291,246.0,292.96875,32.8125,8.043,-0.507098504392337,0.11080254306312831
277,299.21875,36.71875,1.6707800484905442,-3.095,0.297,6.909,246,292.96875,32.8125,7.37,-2.5829933382462307,324,299.21875,43.75,7.031,1.5707963267948966,295.0,292.96875,39.84375,6.987,2.677945044588987,234.0,299.21875,30.46875,6.25,-1.5707963267948966,,,,,,,,,,,-0.34619745693687154
278,6.25,37.5,1.627296183062392,2.888,0.52,7.295,306,0.0,41.40625,7.37,2.5829933382462307,228,6.25,30.46875,7.031,-1.5707963267948966,252.0,0.0,34.375,6.987,-2.677945044588987,307.0,11.71875,41.40625,6.72,0.6202494859828215,243.0,12.5,32.8125,7.812,-0.6435011087932844,329.0,5.46875,45.3125,7.851,1.6704649792860586,0.03980254306312858
279,40.625,37.5,1.7084038768461989,-2.357,0.201,7.272,239,45.3125,32.03125,7.202,-0.8621700546672264,269,33.59375,35.9375,7.202,-2.922923707715851,285.0,47.65625,39.0625,7.202,0.2186689458739419,316.0,35.9375,42.96875,7.202,2.279422598922567,229.0,38.28125,30.46875,7.411,-1.892546881191539,325.0,42.96875,44.53125,7.411,1.2490457723982544,0.016802543063128894
280,160.15625,37.5,1.6569653890987288,-2.282,-0.268,7.142,231,161.71875,30.46875,7.202,-1.3521273809209546,287,153.125,39.0625,7.202,2.922923707715851,326.0,157.8125,44.53125,7.411,1.892546881191539,240.0,154.6875,32.03125,7.733,-2.356194490192345,265.0,166.40625,35.15625,6.675,-0.3587706702705722,312.0,164.84375,42.1875,6.629,0.7853981633974483,-0.113197456936871
281,221.09375,37.5,1.670874775021797,-1.874,0.06,7.158,236,225.0,31.25,7.37,-1.012197011451334,274,214.0625,36.71875,7.074,-3.0309354324158977,235.0,217.96875,31.25,6.987,-2.0344439357957027,321.0,224.21875,43.75,6.987,1.1071487177940904,319.0,217.1875,42.96875,6.72,2.191045812777718,282.0,228.90625,37.5,7.812,0.0,-0.09719745693687099
282,228.90625,37.5,1.6385382852275403,-2.602,-0.013,7.547,328,230.46875,44.53125,7.202,1.3521273809209546,236,225.0,31.25,7.37,-2.129395642138459,321.0,224.21875,43.75,7.812,2.214297435588181,281.0,221.09375,37.5,7.812,3.141592653589793,237.0,231.25,31.25,6.675,-1.2120256565243244,261.0,236.71875,34.375,8.414,-0.3805063771123649,0.29180254306312836
283,16.40625,38.28125,1.6416063348882752,-0.332,0.228,6.771,330,17.96875,45.3125,7.202,1.3521273809209546,243,12.5,32.8125,6.72,-2.191045812777718,244.0,20.3125,32.8125,6.72,-0.9505468408120752,290.0,22.65625,39.84375,6.442,0.2449786631268641,,,,,,,,,,,-0.48419745693687144
284,242.96875,38.28125,1.6767496207535335,2.839,-0.464,7.028,261,236.71875,34.375,7.37,-2.5829933382462307,332,242.1875,45.3125,7.074,1.6814535479687922,238.0,242.96875,31.25,7.031,-1.5707963267948966,268.0,249.21875,35.15625,6.987,-0.4636476090008061,311.0,236.71875,41.40625,6.987,2.677945044588987,315.0,248.4375,42.1875,6.72,0.6202494859828215,-0.22719745693687177
285,47.65625,39.0625,1.7158334305152685,-1.219,0.145,7.099,279,40.625,37.5,7.202,-2.922923707715851,325,42.96875,44.53125,7.202,2.279422598922567,239.0,45.3125,32.03125,7.411,-1.892546881191539,291.0,54.6875,39.84375,7.074,0.1106572211738956,331.0,50.78125,45.3125,6.987,1.1071487177940904,247.0,51.5625,33.59375,6.72,-0.9505468408120752,-0.15619745693687115
286,133.59375,39.0625,1.596715506955788,2.108,0.027,7.585,249,128.90625,33.59375,7.202,-2.279422598922567,310,139.84375,41.40625,6.675,0.3587706702705722,293.0,125.78125,39.84375,7.851,3.0419240010986317,336.0,129.6875,46.09375,8.043,2.0778948311872334,347.0,135.9375,46.875,8.156,1.2793395323170296,,,,,,0.3298025430631286
287,153.125,39.0625,1.7050102045324376,-2.872,-0.219,7.237,240,154.6875,32.03125,7.202,-1.3521273809209546,250,148.4375,33.59375,7.202,-2.279422598922567,280.0,160.15625,37.5,7.202,-0.2186689458739419,303.0,146.09375,40.625,7.202,2.922923707715851,326.0,157.8125,44.53125,7.202,0.8621700546672264,337.0,150.78125,46.09375,7.411,1.892546881191539,-0.018197456936871248
288,171.875,39.0625,1.667742003136606,1.667,-0.311,7.273,338,170.3125,46.09375,7.202,1.7894652726688385,327,176.5625,44.53125,7.202,0.8621700546672264,241.0,174.21875,32.03125,7.411,-1.2490457723982544,272.0,178.90625,36.71875,7.411,-0.3217505543966422,312.0,164.84375,42.1875,7.694,2.723368324010564,265.0,166.40625,35.15625,6.72,-2.521343167606972,0.01780254306312834
289,254.6875,39.0625,1.6901742767974994,-0.303,-0.464,7.028,320,260.9375,42.96875,7.37,0.5585993153435624,242,255.46875,32.03125,7.074,-1.460139105621001,339.0,254.6875,46.09375,7.031,1.5707963267948966,271.0,260.9375,35.9375,6.987,-0.4636476090008061,315.0,248.4375,42.1875,6.987,2.677945044588987,268.0,249.21875,35.15625,6.72,-2.521343167606972,-0.22719745693687177
290,22.65625,39.84375,1.6726571677554158,3.086,0.226,7.238,253,27.34375,34.375,7.202,-0.8621700546672264,308,29.6875,41.40625,7.202,0.2186689458739419,330.0,17.96875,45.3125,7.202,2.279422598922567,244.0,20.3125,32.8125,7.411,-1.892546881191539,352.0,24.21875,47.65625,7.967,1.373400766945016,283.0,16.40625,38.28125,6.442,-2.896613990462929,-0.017197456936870914
291,54.6875,39.84375,1.7060367055354475,0.785,0.089,6.927,296,61.71875,40.625,7.074,0.1106572211738956,285,47.65625,39.0625,7.074,-3.0309354324158977,247.0,51.5625,33.59375,6.987,-2.0344439357957027,333.0,57.8125,46.09375,6.987,1.1071487177940904,254.0,58.59375,34.375,6.72,-0.9505468408120752,331.0,50.78125,45.3125,6.72,2.191045812777718,-0.32819745693687175
292,118.75,39.84375,1.6771393772922163,1.873,-0.061,7.028,335,122.65625,46.09375,7.37,1.012197011451334,302,111.71875,40.625,7.074,3.0309354324158977,293.0,125.78125,39.84375,7.031,0.0,248.0,121.875,33.59375,6.987,-1.1071487177940904,334.0,115.625,46.09375,6.987,2.0344439357957027,260.0,114.84375,34.375,6.72,-2.191045812777718,-0.22719745693687177
293,125.78125,39.84375,1.659285047043722,-1.621,-0.049,7.266,248,121.875,33.59375,7.37,-2.129395642138459,336,129.6875,46.09375,7.37,1.012197011451334,292.0,118.75,39.84375,7.031,3.141592653589793,249.0,128.90625,33.59375,6.987,-1.1071487177940904,335.0,122.65625,46.09375,6.987,2.0344439357957027,286.0,133.59375,39.0625,7.851,-0.099668652491162,0.010802543063128667
294,267.1875,39.84375,1.71463452441779,0.055,-0.474,7.136,271,260.9375,35.9375,7.37,-2.5829933382462307,322,273.4375,43.75,7.37,0.5585993153435624,245.0,267.96875,32.8125,7.074,-1.460139105621001,350.0,267.1875,46.875,7.031,1.5707963267948966,320.0,260.9375,42.96875,6.987,2.677945044588987,275.0,273.4375,36.71875,6.987,-0.4636476090008061,-0.11919745693687123
295,292.96875,39.84375,1.6774698453734065,1.844,-0.522,7.359,324,299.21875,43.75,7.37,0.5585993153435624,246,292.96875,32.8125,7.031,-1.5707963267948966,351.0,292.96875,46.875,7.031,1.5707963267948966,277.0,299.21875,36.71875,6.987,-0.4636476090008061,276.0,285.9375,36.71875,7.694,-2.723368324010564,323.0,285.9375,43.75,8.043,2.6344941491974563,0.10380254306312864
296,61.71875,40.625,1.6897718452930053,-1.874,0.06,7.028,255,65.625,34.375,7.37,-1.012197011451334,291,54.6875,39.84375,7.074,-3.0309354324158977,297.0,68.75,40.625,7.031,0.0,254.0,58.59375,34.375,6.987,-2.0344439357957027,340.0,64.84375,46.875,6.987,1.1071487177940904,333.0,57.8125,46.09375,6.72,2.191045812777718,-0.22719745693687177
297,68.75,40.625,1.6941245906964983,1.107,0.031,7.129,256,72.65625,34.375,7.37,-1.012197011451334,340,64.84375,46.875,7.37,2.129395642138459,298.0,75.78125,40.625,7.031,0.0,296.0,61.71875,40.625,7.031,3.141592653589793,255.0,65.625,34.375,6.987,-2.0344439357957027,341.0,71.875,46.875,6.987,1.1071487177940904,-0.1261974569368718
298,75.78125,40.625,1.6914061207685631,1.107,0.031,7.129,257,79.6875,34.375,7.37,-1.012197011451334,341,71.875,46.875,7.37,2.129395642138459,299.0,82.8125,40.625,7.031,0.0,297.0,68.75,40.625,7.031,3.141592653589793,256.0,72.65625,34.375,6.987,-2.0344439357957027,342.0,78.90625,46.875,6.987,1.1071487177940904,-0.1261974569368718
299,82.8125,40.625,1.6986098310930586,-0.512,0.015,7.193,258,86.71875,34.375,7.37,-1.012197011451334,342,78.90625,46.875,7.37,2.129395642138459,343.0,86.71875,46.875,7.37,1.012197011451334,298.0,75.78125,40.625,7.031,3.141592653589793,300.0,89.84375,40.625,7.031,0.0,257.0,79.6875,34.375,6.987,-2.0344439357957027,-0.06219745693687173
300,89.84375,40.625,1.692848329651374,0.601,0.028,7.028,344,93.75,46.875,7.37,1.012197011451334,309,96.875,41.40625,7.074,0.1106572211738956,299.0,82.8125,40.625,7.031,3.141592653589793,258.0,86.71875,34.375,6.987,-2.0344439357957027,343.0,86.71875,46.875,6.987,2.0344439357957027,262.0,93.75,35.15625,6.72,-0.9505468408120752,-0.22719745693687177
301,104.6875,40.625,1.6567727670610657,2.578,-0.028,7.158,345,100.78125,46.875,7.37,2.129395642138459,302,111.71875,40.625,7.031,0.0,346.0,107.8125,46.875,6.987,1.1071487177940904,259.0,107.8125,34.375,6.987,-1.1071487177940904,263.0,100.78125,35.15625,6.72,-2.191045812777718,309.0,96.875,41.40625,7.851,3.0419240010986317,-0.09719745693687099
302,111.71875,40.625,1.7096912215843103,-1.766,-0.045,7.092,259,107.8125,34.375,7.37,-2.129395642138459,346,107.8125,46.875,7.37,2.129395642138459,292.0,118.75,39.84375,7.074,-0.1106572211738956,301.0,104.6875,40.625,7.031,3.141592653589793,260.0,114.84375,34.375,6.987,-1.1071487177940904,334.0,115.625,46.09375,6.72,0.9505468408120752,-0.1631974569368717
303,146.09375,40.625,1.688527610752098,-2.022,-0.181,6.998,264,141.40625,35.15625,7.202,-2.279422598922567,287,153.125,39.0625,7.202,-0.2186689458739419,337.0,150.78125,46.09375,7.202,0.8621700546672264,250.0,148.4375,33.59375,7.411,-1.2490457723982544,348.0,143.75,46.875,6.675,1.9295669970654687,310.0,139.84375,41.40625,6.298,3.017237659043032,-0.2571974569368711
304,189.84375,40.625,1.569262632440427,3.137,-0.309,6.438,266,185.15625,35.15625,7.202,-2.279422598922567,313,183.59375,42.1875,6.442,2.896613990462929,267.0,192.96875,35.15625,6.298,-1.0516502125483738,349.0,189.0625,46.875,6.298,1.695151321341658,317.0,195.3125,42.96875,5.949,0.4048917862850834,,,,,,-0.8171974569368716
305,279.6875,40.625,1.7061300217343849,-1.571,-0.524,7.129,275,273.4375,36.71875,7.37,-2.5829933382462307,276,285.9375,36.71875,7.37,-0.5585993153435624,251.0,279.6875,33.59375,7.031,-1.5707963267948966,353.0,279.6875,47.65625,7.031,1.5707963267948966,322.0,273.4375,43.75,6.987,2.677945044588987,323.0,285.9375,43.75,6.987,0.4636476090008061,-0.1261974569368718
306,0.0,41.40625,1.651308901011162,0.03,0.283,7.038,278,6.25,37.5,7.37,-0.5585993153435624,252,0.0,34.375,7.031,-1.5707963267948966,354.0,0.0,48.4375,7.031,1.5707963267948966,329.0,5.46875,45.3125,6.72,0.6202494859828215,,,,,,,,,,,-0.2171974569368711
307,11.71875,41.40625,1.6045021404816686,2.552,0.463,7.424,330,17.96875,45.3125,7.37,0.5585993153435624,329,5.46875,45.3125,7.37,2.5829933382462307,355.0,11.71875,48.4375,7.031,1.5707963267948966,278.0,6.25,37.5,6.72,-2.521343167606972,243.0,12.5,32.8125,8.629,-1.4801364395941514,,,,,,0.16880254306312903
308,29.6875,41.40625,1.6708324743489251,-2.739,0.193,7.248,290,22.65625,39.84375,7.202,-2.922923707715851,253,27.34375,34.375,7.411,-1.892546881191539,356.0,32.03125,48.4375,7.411,1.2490457723982544,269.0,33.59375,35.9375,6.72,-0.9505468408120752,316.0,35.9375,42.96875,6.442,0.2449786631268641,352.0,24.21875,47.65625,8.304,2.289626326416521,-0.007197456936871127
309,96.875,41.40625,1.64415452430034,-1.013,0.001,7.05,263,100.78125,35.15625,7.37,-1.012197011451334,300,89.84375,40.625,7.074,-3.0309354324158977,262.0,93.75,35.15625,6.987,-2.0344439357957027,345.0,100.78125,46.875,6.72,0.9505468408120752,301.0,104.6875,40.625,7.851,-0.099668652491162,344.0,93.75,46.875,6.298,2.08994244104142,-0.20519745693687153
310,139.84375,41.40625,1.6447953311984826,0.547,-0.09,6.571,347,135.9375,46.875,6.72,2.191045812777718,348,143.75,46.875,6.72,0.9505468408120752,286.0,133.59375,39.0625,6.675,-2.782821983319221,264.0,141.40625,35.15625,6.442,-1.3258176636680326,303.0,146.09375,40.625,6.298,-0.1243549945467614,,,,,,-0.6841974569368716
311,236.71875,41.40625,1.6123173575439835,-0.476,0.343,6.931,261,236.71875,34.375,7.031,-1.5707963267948966,284,242.96875,38.28125,6.987,-0.4636476090008061,328.0,230.46875,44.53125,6.987,2.677945044588987,332.0,242.1875,45.3125,6.72,0.6202494859828215,,,,,,,,,,,-0.3241974569368713
312,164.84375,42.1875,1.684482343583442,-1.25,-0.34,7.143,265,166.40625,35.15625,7.202,-1.3521273809209546,359,163.28125,49.21875,7.202,1.7894652726688385,326.0,157.8125,44.53125,7.411,2.819842099193151,288.0,171.875,39.0625,7.694,-0.4182243295792291,338.0,170.3125,46.09375,6.72,0.6202494859828215,280.0,160.15625,37.5,6.629,-2.356194490192345,-0.11219745693687155
313,183.59375,42.1875,1.661540757212047,-0.262,-0.285,7.11,266,185.15625,35.15625,7.202,-1.3521273809209546,272,178.90625,36.71875,7.202,-2.279422598922567,360.0,182.03125,49.21875,7.202,1.7894652726688385,349.0,189.0625,46.875,7.202,0.7086262721276703,327.0,176.5625,44.53125,7.411,2.819842099193151,304.0,189.84375,40.625,6.442,-0.2449786631268641,-0.14519745693687103
314,203.125,42.1875,1.6779032341256488,1.141,0.029,7.101,318,210.15625,42.96875,7.074,0.1106572211738956,270,200.0,35.9375,6.987,-2.0344439357957027,358.0,206.25,48.4375,6.987,1.1071487177940904,357.0,200.0,48.4375,6.987,2.0344439357957027,273.0,207.03125,36.71875,6.72,-0.9505468408120752,317.0,195.3125,42.96875,7.851,3.0419240010986317,-0.15419745693687137
315,248.4375,42.1875,1.7079998830788858,-0.982,-0.445,7.035,339,254.6875,46.09375,7.37,0.5585993153435624,268,249.21875,35.15625,7.074,-1.460139105621001,363.0,247.65625,49.21875,7.074,1.6814535479687922,289.0,254.6875,39.0625,6.987,-0.4636476090008061,332.0,242.1875,45.3125,6.987,2.677945044588987,284.0,242.96875,38.28125,6.72,-2.521343167606972,-0.2201974569368712
316,35.9375,42.96875,1.6612628324170116,-0.037,0.175,7.112,279,40.625,37.5,7.202,-0.8621700546672264,325,42.96875,44.53125,7.202,0.2186689458739419,269.0,33.59375,35.9375,7.411,-1.892546881191539,364.0,39.0625,50.0,7.694,1.1525719972156676,356.0,32.03125,48.4375,6.72,2.191045812777718,308.0,29.6875,41.40625,6.442,-2.896613990462929,-0.14319745693687125
317,195.3125,42.96875,1.6237022199867497,-1.425,0.145,7.496,357,200.0,48.4375,7.202,0.8621700546672264,349,189.0625,46.875,7.37,2.5829933382462307,314.0,203.125,42.1875,7.851,-0.099668652491162,267.0,192.96875,35.15625,8.156,-1.862253121272764,270.0,200.0,35.9375,8.45,-0.982793723247329,304.0,189.84375,40.625,5.949,-2.7367008673047097,0.2408025430631291
318,210.15625,42.96875,1.684498372404406,-1.874,0.06,7.028,274,214.0625,36.71875,7.37,-1.012197011451334,314,203.125,42.1875,7.074,-3.0309354324158977,319.0,217.1875,42.96875,7.031,0.0,273.0,207.03125,36.71875,6.987,-2.0344439357957027,361.0,213.28125,49.21875,6.987,1.1071487177940904,358.0,206.25,48.4375,6.72,2.191045812777718,-0.22719745693687177
319,217.1875,42.96875,1.710900453942951,1.268,0.06,7.028,361,213.28125,49.21875,7.37,2.129395642138459,321,224.21875,43.75,7.074,0.1106572211738956,318.0,210.15625,42.96875,7.031,3.141592653589793,274.0,214.0625,36.71875,6.987,-2.0344439357957027,362.0,220.3125,49.21875,6.987,1.1071487177940904,281.0,221.09375,37.5,6.72,-0.9505468408120752,-0.22719745693687177
320,260.9375,42.96875,1.7059324106110347,-3.087,-0.474,7.136,289,254.6875,39.0625,7.37,-2.5829933382462307,350,267.1875,46.875,7.37,0.5585993153435624,367.0,260.15625,50.0,7.074,1.6814535479687922,271.0,260.9375,35.9375,7.031,-1.5707963267948966,339.0,254.6875,46.09375,6.987,2.677945044588987,294.0,267.1875,39.84375,6.987,-0.4636476090008061,-0.11919745693687123
321,224.21875,43.75,1.6727458293306237,1.01,0.095,6.98,319,217.1875,42.96875,7.074,-3.0309354324158977,281,221.09375,37.5,6.987,-2.0344439357957027,365.0,227.34375,50.0,6.987,1.1071487177940904,362.0,220.3125,49.21875,6.72,2.191045812777718,282.0,228.90625,37.5,7.812,-0.9272952180016122,328.0,230.46875,44.53125,6.298,0.1243549945467614,-0.2751974569368709
322,273.4375,43.75,1.6905109628576964,-3.087,-0.474,7.136,294,267.1875,39.84375,7.37,-2.5829933382462307,353,279.6875,47.65625,7.37,0.5585993153435624,370.0,272.65625,50.78125,7.074,1.6814535479687922,275.0,273.4375,36.71875,7.031,-1.5707963267948966,350.0,267.1875,46.875,6.987,2.677945044588987,305.0,279.6875,40.625,6.987,-0.4636476090008061,-0.11919745693687123
323,285.9375,43.75,1.6462538313478552,0.071,0.493,7.359,353,279.6875,47.65625,7.37,2.5829933382462307,276,285.9375,36.71875,7.031,-1.5707963267948966,371.0,285.9375,50.78125,7.031,1.5707963267948966,305.0,279.6875,40.625,6.987,-2.677945044588987,351.0,292.96875,46.875,7.694,0.4182243295792291,295.0,292.96875,39.84375,8.043,-0.507098504392337,0.10380254306312864
324,299.21875,43.75,1.6232422406041322,-3.095,0.297,6.909,295,292.96875,39.84375,7.37,-2.5829933382462307,277,299.21875,36.71875,7.031,-1.5707963267948966,351.0,292.96875,46.875,6.987,2.677945044588987,368.0,299.21875,50.0,6.25,1.5707963267948966,,,,,,,,,,,-0.34619745693687154
325,42.96875,44.53125,1.6742453154972368,-0.491,0.143,7.229,285,47.65625,39.0625,7.202,-0.8621700546672264,316,35.9375,42.96875,7.202,-2.922923707715851,279.0,40.625,37.5,7.411,-1.892546881191539,369.0,46.09375,50.78125,6.987,1.1071487177940904,364.0,39.0625,50.0,6.72,2.191045812777718,331.0,50.78125,45.3125,7.851,0.099668652491162,-0.026197456936871255
326,157.8125,44.53125,1.6967490112620416,-1.2,-0.244,7.307,287,153.125,39.0625,7.202,-2.279422598922567,337,150.78125,46.09375,7.202,2.922923707715851,359.0,163.28125,49.21875,7.202,0.7086262721276703,280.0,160.15625,37.5,7.411,-1.2490457723982544,312.0,164.84375,42.1875,7.411,-0.3217505543966422,372.0,155.46875,51.5625,7.411,1.892546881191539,0.051802543063129036
327,176.5625,44.53125,1.6519249197541723,-0.806,-0.272,7.269,288,171.875,39.0625,7.202,-2.279422598922567,360,182.03125,49.21875,7.202,0.7086262721276703,373.0,175.0,51.5625,7.202,1.7894652726688385,313.0,183.59375,42.1875,7.411,-0.3217505543966422,338.0,170.3125,46.09375,6.442,2.896613990462929,272.0,178.90625,36.71875,8.156,-1.2793395323170296,0.01380254306312878
328,230.46875,44.53125,1.6449070555474057,2.677,0.071,6.798,282,228.90625,37.5,7.202,-1.7894652726688385,366,235.15625,50.0,7.202,0.8621700546672264,311.0,236.71875,41.40625,6.987,-0.4636476090008061,321.0,224.21875,43.75,6.298,-3.017237659043032,365.0,227.34375,50.0,6.298,2.08994244104142,,,,,,-0.4571974569368713
329,5.46875,45.3125,1.6999112072036575,-0.795,-0.507,7.043,307,11.71875,41.40625,7.37,-0.5585993153435624,376,5.46875,52.34375,7.031,1.5707963267948966,355.0,11.71875,48.4375,6.987,0.4636476090008061,306.0,0.0,41.40625,6.72,-2.521343167606972,278.0,6.25,37.5,7.851,-1.4711276743037347,354.0,0.0,48.4375,6.298,2.62244653934327,-0.2121974569368712
330,17.96875,45.3125,1.6601050101609505,-2.077,0.401,7.085,283,16.40625,38.28125,7.202,-1.7894652726688385,290,22.65625,39.84375,7.202,-0.8621700546672264,307.0,11.71875,41.40625,7.37,-2.5829933382462307,377.0,18.75,52.34375,7.074,1.460139105621001,355.0,11.71875,48.4375,6.987,2.677945044588987,352.0,24.21875,47.65625,6.675,0.3587706702705722,-0.17019745693687138
331,50.78125,45.3125,1.6627101092640233,-2.929,0.109,7.255,369,46.09375,50.78125,7.202,2.279422598922567,333,57.8125,46.09375,7.074,0.1106572211738956,285.0,47.65625,39.0625,6.987,-2.0344439357957027,378.0,53.90625,52.34375,7.694,1.1525719972156676,291.0,54.6875,39.84375,6.72,-0.9505468408120752,325.0,42.96875,44.53125,7.851,-3.0419240010986317,-0.00019745693687145405
332,242.1875,45.3125,1.6867934231774449,1.139,-0.451,7.042,284,242.96875,38.28125,7.074,-1.460139105621001,315,248.4375,42.1875,6.987,-0.4636476090008061,311.0,236.71875,41.40625,6.72,-2.521343167606972,363.0,247.65625,49.21875,6.72,0.6202494859828215,375.0,241.40625,51.5625,6.298,1.695151321341658,366.0,235.15625,50.0,8.45,2.5535900500422257,-0.21319745693687153
333,57.8125,46.09375,1.6952353153949642,0.589,0.078,7.035,378,53.90625,52.34375,7.37,2.129395642138459,340,64.84375,46.875,7.074,0.1106572211738956,331.0,50.78125,45.3125,7.074,-3.0309354324158977,291.0,54.6875,39.84375,6.987,-2.0344439357957027,379.0,60.9375,52.34375,6.987,1.1071487177940904,296.0,61.71875,40.625,6.72,-0.9505468408120752,-0.2201974569368712
334,115.625,46.09375,1.621002901415786,2.578,-0.028,7.158,380,111.71875,52.34375,7.37,2.129395642138459,335,122.65625,46.09375,7.031,0.0,381.0,118.75,52.34375,6.987,1.1071487177940904,292.0,118.75,39.84375,6.987,-1.1071487177940904,302.0,111.71875,40.625,6.72,-2.191045812777718,346.0,107.8125,46.875,7.851,3.0419240010986317,-0.09719745693687099
335,122.65625,46.09375,1.685016372705975,3.141,-0.001,7.129,292,118.75,39.84375,7.37,-2.129395642138459,381,118.75,52.34375,7.37,2.129395642138459,336.0,129.6875,46.09375,7.031,0.0,334.0,115.625,46.09375,7.031,3.141592653589793,293.0,125.78125,39.84375,6.987,-1.1071487177940904,382.0,125.78125,52.34375,6.987,1.1071487177940904,-0.1261974569368718
336,129.6875,46.09375,1.6624512860754608,2.392,0.035,7.301,293,125.78125,39.84375,7.37,-2.129395642138459,382,125.78125,52.34375,7.37,2.129395642138459,335.0,122.65625,46.09375,7.031,3.141592653589793,390.0,132.8125,53.125,7.694,1.1525719972156676,286.0,133.59375,39.0625,8.043,-1.0636978224025595,347.0,135.9375,46.875,6.298,0.1243549945467614,0.04580254306312881
337,150.78125,46.09375,1.6938232185463082,-2.318,-0.162,7.18,303,146.09375,40.625,7.202,-2.279422598922567,326,157.8125,44.53125,7.202,-0.2186689458739419,372.0,155.46875,51.5625,7.202,0.8621700546672264,287.0,153.125,39.0625,7.411,-1.2490457723982544,348.0,143.75,46.875,7.074,3.0309354324158977,383.0,147.65625,52.34375,6.987,2.0344439357957027,-0.07519745693687163
338,170.3125,46.09375,1.6473384726752025,1.873,-0.315,7.077,288,171.875,39.0625,7.202,-1.3521273809209546,373,175.0,51.5625,7.202,0.8621700546672264,392.0,168.75,53.125,7.202,1.7894652726688385,359.0,163.28125,49.21875,7.694,2.723368324010564,312.0,164.84375,42.1875,6.72,-2.521343167606972,327.0,176.5625,44.53125,6.442,-0.2449786631268641,-0.1781974569368714
339,254.6875,46.09375,1.6724165332633172,3.116,-0.456,7.146,315,248.4375,42.1875,7.37,-2.5829933382462307,393,253.90625,53.125,7.074,1.6814535479687922,289.0,254.6875,39.0625,7.031,-1.5707963267948966,320.0,260.9375,42.96875,6.987,-0.4636476090008061,363.0,247.65625,49.21875,7.694,2.723368324010564,367.0,260.15625,50.0,6.72,0.6202494859828215,-0.10919745693687144
340,64.84375,46.875,1.6961205545913376,-1.874,0.06,7.028,297,68.75,40.625,7.37,-1.012197011451334,333,57.8125,46.09375,7.074,-3.0309354324158977,341.0,71.875,46.875,7.031,0.0,296.0,61.71875,40.625,6.987,-2.0344439357957027,384.0,67.96875,53.125,6.987,1.1071487177940904,379.0,60.9375,52.34375,6.72,2.191045812777718,-0.22719745693687177
341,71.875,46.875,1.6895716375825796,-0.512,0.015,7.193,298,75.78125,40.625,7.37,-1.012197011451334,384,67.96875,53.125,7.37,2.129395642138459,385.0,75.78125,53.125,7.37,1.012197011451334,340.0,64.84375,46.875,7.031,3.141592653589793,342.0,78.90625,46.875,7.031,0.0,297.0,68.75,40.625,6.987,-2.0344439357957027,-0.06219745693687173
342,78.90625,46.875,1.6707679141797795,0.0,-0.001,7.259,299,82.8125,40.625,7.37,-1.012197011451334,386,82.8125,53.125,7.37,1.012197011451334,341.0,71.875,46.875,7.031,3.141592653589793,298.0,75.78125,40.625,6.987,-2.0344439357957027,385.0,75.78125,53.125,6.987,2.0344439357957027,343.0,86.71875,46.875,7.812,0.0,0.0038025430631289936
343,86.71875,46.875,1.664930359653383,3.141,-0.001,7.259,299,82.8125,40.625,7.37,-2.129395642138459,386,82.8125,53.125,7.37,2.129395642138459,344.0,93.75,46.875,7.031,0.0,300.0,89.84375,40.625,6.987,-1.1071487177940904,387.0,89.84375,53.125,6.987,1.1071487177940904,342.0,78.90625,46.875,7.812,3.141592653589793,0.0038025430631289936
344,93.75,46.875,1.6910854470086265,2.92,0.009,7.014,300,89.84375,40.625,7.37,-2.129395642138459,387,89.84375,53.125,7.37,2.129395642138459,345.0,100.78125,46.875,7.031,0.0,343.0,86.71875,46.875,7.031,3.141592653589793,388.0,96.875,53.125,6.987,1.1071487177940904,309.0,96.875,41.40625,6.298,-1.0516502125483738,-0.2411974569368711
345,100.78125,46.875,1.7102970621430675,2.552,-0.01,7.148,301,104.6875,40.625,7.37,-1.012197011451334,388,96.875,53.125,7.37,2.129395642138459,389.0,104.6875,53.125,7.37,1.012197011451334,344.0,93.75,46.875,7.031,3.141592653589793,346.0,107.8125,46.875,7.031,0.0,309.0,96.875,41.40625,6.72,-2.191045812777718,-0.10719745693687166
346,107.8125,46.875,1.686159109834153,-0.564,-0.028,7.158,302,111.71875,40.625,7.37,-1.012197011451334,345,100.78125,46.875,7.031,3.141592653589793,301.0,104.6875,40.625,6.987,-2.0344439357957027,389.0,104.6875,53.125,6.987,2.0344439357957027,380.0,111.71875,52.34375,6.72,0.9505468408120752,334.0,115.625,46.09375,7.851,-0.099668652491162,-0.09719745693687099
347,135.9375,46.875,1.6596995194331408,-0.38,0.056,7.224,391,139.84375,53.125,7.37,1.012197011451334,390,132.8125,53.125,6.987,2.0344439357957027,310.0,139.84375,41.40625,6.72,-0.9505468408120752,348.0,143.75,46.875,7.812,0.0,286.0,133.59375,39.0625,8.156,-1.862253121272764,336.0,129.6875,46.09375,6.298,-3.017237659043032,-0.03119745693687115
348,143.75,46.875,1.7034542748041666,-2.321,-0.074,7.062,391,139.84375,53.125,7.37,2.129395642138459,337,150.78125,46.09375,7.074,-0.1106572211738956,383.0,147.65625,52.34375,6.72,0.9505468408120752,310.0,139.84375,41.40625,6.72,-2.191045812777718,347.0,135.9375,46.875,7.812,3.141592653589793,303.0,146.09375,40.625,6.675,-1.2120256565243244,-0.19319745693687107
349,189.0625,46.875,1.6815974991359104,-2.271,-0.372,7.114,313,183.59375,42.1875,7.202,-2.432966381462123,374,194.53125,51.5625,7.202,0.7086262721276703,395.0,187.5,53.90625,7.202,1.7894652726688385,317.0,195.3125,42.96875,7.37,-0.5585993153435624,360.0,182.03125,49.21875,7.411,2.819842099193151,304.0,189.84375,40.625,6.298,-1.446441332248135,-0.14119745693687147
350,267.1875,46.875,1.6482410747777767,3.116,-0.456,7.146,320,260.9375,42.96875,7.37,-2.5829933382462307,396,266.40625,53.90625,7.074,1.6814535479687922,294.0,267.1875,39.84375,7.031,-1.5707963267948966,322.0,273.4375,43.75,6.987,-0.4636476090008061,367.0,260.15625,50.0,7.694,2.723368324010564,370.0,272.65625,50.78125,6.72,0.6202494859828215,-0.10919745693687144
351,292.96875,46.875,1.6856257939878798,1.559,0.509,7.295,295,292.96875,39.84375,7.031,-1.5707963267948966,397,292.96875,53.90625,7.031,1.5707963267948966,368.0,299.21875,50.0,6.987,0.4636476090008061,324.0,299.21875,43.75,6.987,-0.4636476090008061,323.0,285.9375,43.75,7.694,-2.723368324010564,371.0,285.9375,50.78125,8.043,2.6344941491974563,0.03980254306312858
352,24.21875,47.65625,1.6571144034407796,1.9,0.289,7.416,377,18.75,52.34375,7.202,2.432966381462123,394,27.34375,53.90625,6.987,1.1071487177940904,400.0,24.21875,55.46875,7.812,1.5707963267948966,330.0,17.96875,45.3125,6.675,-2.782821983319221,356.0,32.03125,48.4375,7.851,0.099668652491162,290.0,22.65625,39.84375,7.967,-1.7681918866447774,0.16080254306312902
353,279.6875,47.65625,1.696805416547783,-1.665,-0.517,7.247,322,273.4375,43.75,7.37,-2.5829933382462307,323,285.9375,43.75,7.37,-0.5585993153435624,305.0,279.6875,40.625,7.031,-1.5707963267948966,399.0,279.6875,54.6875,7.031,1.5707963267948966,371.0,285.9375,50.78125,6.987,0.4636476090008061,370.0,272.65625,50.78125,7.694,2.723368324010564,-0.008197456936871461
354,0.0,48.4375,1.6226706994966846,0.05,0.298,6.965,306,0.0,41.40625,7.031,-1.5707963267948966,376,5.46875,52.34375,6.72,0.6202494859828215,406.0,0.0,56.25,7.812,1.5707963267948966,329.0,5.46875,45.3125,6.298,-0.5191461142465229,,,,,,,,,,,-0.2901974569368715
355,11.71875,48.4375,1.649634570061009,1.358,0.514,7.372,376,5.46875,52.34375,7.37,2.5829933382462307,307,11.71875,41.40625,7.031,-1.5707963267948966,329.0,5.46875,45.3125,6.987,-2.677945044588987,330.0,17.96875,45.3125,6.987,-0.4636476090008061,407.0,11.71875,56.25,7.812,1.5707963267948966,377.0,18.75,52.34375,8.043,0.507098504392337,0.11680254306312854
356,32.03125,48.4375,1.6969045318699478,1.517,0.151,7.347,364,39.0625,50.0,7.202,0.2186689458739419,394,27.34375,53.90625,7.202,2.279422598922567,308.0,29.6875,41.40625,7.411,-1.892546881191539,401.0,35.15625,55.46875,7.694,1.1525719972156676,316.0,35.9375,42.96875,6.72,-0.9505468408120752,352.0,24.21875,47.65625,7.851,-3.0419240010986317,0.09180254306312907
357,200.0,48.4375,1.621933109609217,-1.34,-0.168,6.762,317,195.3125,42.96875,7.202,-2.279422598922567,403,200.78125,55.46875,7.074,1.460139105621001,314.0,203.125,42.1875,6.987,-1.1071487177940904,374.0,194.53125,51.5625,6.298,2.62244653934327,358.0,206.25,48.4375,6.25,0.0,,,,,,-0.4931974569368718
358,206.25,48.4375,1.6404854930863066,-0.944,0.103,6.741,361,213.28125,49.21875,7.074,0.1106572211738956,314,203.125,42.1875,6.987,-2.0344439357957027,318.0,210.15625,42.96875,6.72,-0.9505468408120752,398.0,208.59375,54.6875,6.675,1.2120256565243244,357.0,200.0,48.4375,6.25,3.141592653589793,,,,,,-0.5141974569368717
359,163.28125,49.21875,1.6547020674693165,-1.031,-0.364,7.212,312,164.84375,42.1875,7.202,-1.3521273809209546,326,157.8125,44.53125,7.202,-2.432966381462123,338.0,170.3125,46.09375,7.694,-0.4182243295792291,392.0,168.75,53.125,6.72,0.6202494859828215,372.0,155.46875,51.5625,8.156,2.8501358591119264,402.0,162.5,55.46875,6.298,1.695151321341658,-0.0431974569368716
360,182.03125,49.21875,1.6973313813019142,1.19,-0.322,7.272,313,183.59375,42.1875,7.202,-1.3521273809209546,327,176.5625,44.53125,7.202,-2.432966381462123,408.0,180.46875,56.25,7.202,1.7894652726688385,395.0,187.5,53.90625,7.202,0.7086262721276703,373.0,175.0,51.5625,7.411,2.819842099193151,349.0,189.0625,46.875,7.411,-0.3217505543966422,0.016802543063128894
361,213.28125,49.21875,1.6797909552114914,-2.094,0.074,7.109,398,208.59375,54.6875,7.202,2.279422598922567,319,217.1875,42.96875,7.37,-1.012197011451334,358.0,206.25,48.4375,7.074,-3.0309354324158977,362.0,220.3125,49.21875,7.031,0.0,318.0,210.15625,42.96875,6.987,-2.0344439357957027,404.0,216.40625,55.46875,6.987,1.1071487177940904,-0.14619745693687136
362,220.3125,49.21875,1.6935308043245751,1.268,0.06,7.028,404,216.40625,55.46875,7.37,2.129395642138459,365,227.34375,50.0,7.074,0.1106572211738956,361.0,213.28125,49.21875,7.031,3.141592653589793,319.0,217.1875,42.96875,6.987,-2.0344439357957027,405.0,223.4375,55.46875,6.987,1.1071487177940904,321.0,224.21875,43.75,6.72,-0.9505468408120752,-0.22719745693687177
363,247.65625,49.21875,1.6492117601865144,-2.125,-0.406,7.25,393,253.90625,53.125,7.37,0.5585993153435624,315,248.4375,42.1875,7.074,-1.460139105621001,339.0,254.6875,46.09375,7.694,-0.4182243295792291,332.0,242.1875,45.3125,6.72,-2.521343167606972,375.0,241.40625,51.5625,6.675,2.782821983319221,412.0,246.09375,57.03125,7.967,1.7681918866447774,-0.0051974569368713475
364,39.0625,50.0,1.701141475425573,-1.755,0.127,7.304,356,32.03125,48.4375,7.202,-2.922923707715851,369,46.09375,50.78125,7.074,0.1106572211738956,316.0,35.9375,42.96875,7.694,-1.9890206563741255,325.0,42.96875,44.53125,6.72,-0.9505468408120752,401.0,35.15625,55.46875,6.72,2.191045812777718,415.0,42.1875,57.8125,8.414,1.1902899496825317,0.04880254306312892
365,227.34375,50.0,1.6968650146479831,-2.018,0.053,6.98,362,220.3125,49.21875,7.074,-3.0309354324158977,321,224.21875,43.75,6.987,-2.0344439357957027,409.0,230.46875,56.25,6.987,1.1071487177940904,405.0,223.4375,55.46875,6.72,2.191045812777718,366.0,235.15625,50.0,7.812,0.0,328.0,230.46875,44.53125,6.298,-1.0516502125483738,-0.2751974569368709
366,235.15625,50.0,1.630741860433073,1.763,0.146,7.522,328,230.46875,44.53125,7.202,-2.279422598922567,411,237.5,57.03125,7.411,1.2490457723982544,409.0,230.46875,56.25,7.812,2.214297435588181,365.0,227.34375,50.0,7.812,3.141592653589793,375.0,241.40625,51.5625,6.442,0.2449786631268641,332.0,242.1875,45.3125,8.45,-0.5880026035475675,0.2668025430631289
367,260.15625,50.0,1.6930922951234677,-0.188,-0.438,7.153,396,266.40625,53.90625,7.37,0.5585993153435624,320,260.9375,42.96875,7.074,-1.460139105621001,413.0,259.375,57.03125,7.074,1.6814535479687922,393.0,253.90625,53.125,6.987,2.677945044588987,350.0,267.1875,46.875,7.694,-0.4182243295792291,339.0,254.6875,46.09375,6.72,-2.521343167606972,-0.10219745693687177
368,299.21875,50.0,1.610293462421927,3.094,-0.298,6.909,397,292.96875,53.90625,7.37,2.5829933382462307,414,299.21875,57.03125,7.031,1.5707963267948966,351.0,292.96875,46.875,6.987,-2.677945044588987,324.0,299.21875,43.75,6.25,-1.5707963267948966,,,,,,,,,,,-0.34619745693687154
369,46.09375,50.78125,1.6787445239985377,0.922,0.099,7.377,331,50.78125,45.3125,7.202,-0.8621700546672264,364,39.0625,50.0,7.074,-3.0309354324158977,325.0,42.96875,44.53125,6.987,-2.0344439357957027,410.0,49.21875,57.03125,6.987,1.1071487177940904,378.0,53.90625,52.34375,7.967,0.1973955598498807,415.0,42.1875,57.8125,8.043,2.0778948311872334,0.12180254306312843
370,272.65625,50.78125,1.637608954288757,-0.25,-0.464,7.388,322,273.4375,43.75,7.074,-1.460139105621001,396,266.40625,53.90625,6.987,2.677945044588987,353.0,279.6875,47.65625,7.694,-0.4182243295792291,350.0,267.1875,46.875,6.72,-2.521343167606972,429.0,272.65625,58.59375,7.812,1.5707963267948966,399.0,279.6875,54.6875,8.043,0.507098504392337,0.13280254306312855
371,285.9375,50.78125,1.6643288583901263,-0.019,0.474,7.366,399,279.6875,54.6875,7.37,2.5829933382462307,417,286.71875,57.8125,7.074,1.460139105621001,323.0,285.9375,43.75,7.031,-1.5707963267948966,353.0,279.6875,47.65625,6.987,-2.677945044588987,397.0,292.96875,53.90625,7.694,0.4182243295792291,351.0,292.96875,46.875,8.043,-0.507098504392337,0.11080254306312831
372,155.46875,51.5625,1.606329706507175,-0.597,-0.283,7.623,337,150.78125,46.09375,7.202,-2.279422598922567,326,157.8125,44.53125,7.411,-1.2490457723982544,427.0,156.25,58.59375,7.074,1.460139105621001,383.0,147.65625,52.34375,7.851,3.0419240010986317,402.0,162.5,55.46875,8.043,0.507098504392337,359.0,163.28125,49.21875,8.156,-0.2914567944778671,0.3678025430631289
373,175.0,51.5625,1.6226066146273617,-0.746,-0.3,6.96,327,176.5625,44.53125,7.202,-1.3521273809209546,338,170.3125,46.09375,7.202,-2.279422598922567,408.0,180.46875,56.25,7.202,0.7086262721276703,360.0,182.03125,49.21875,7.411,-0.3217505543966422,392.0,168.75,53.125,6.442,2.896613990462929,416.0,174.21875,57.8125,6.298,1.695151321341658,-0.2951974569368714
374,194.53125,51.5625,1.635369143624146,-1.924,-0.401,7.352,349,189.0625,46.875,7.202,-2.432966381462123,428,192.96875,58.59375,7.202,1.7894652726688385,403.0,200.78125,55.46875,7.37,0.5585993153435624,395.0,187.5,53.90625,7.411,2.819842099193151,357.0,200.0,48.4375,6.298,-0.5191461142465229,317.0,195.3125,42.96875,8.629,-1.4801364395941514,0.09680254306312897
375,241.40625,51.5625,1.583990484860577,-0.081,-0.292,6.667,412,246.09375,57.03125,7.202,0.8621700546672264,411,237.5,57.03125,6.72,2.191045812777718,363.0,247.65625,49.21875,6.675,-0.3587706702705722,366.0,235.15625,50.0,6.442,-2.896613990462929,332.0,242.1875,45.3125,6.298,-1.446441332248135,,,,,,-0.5881974569368715
376,5.46875,52.34375,1.6897013633692697,0.0,-0.524,7.04,355,11.71875,48.4375,7.37,-0.5585993153435624,407,11.71875,56.25,7.37,0.5585993153435624,430.0,5.46875,59.375,7.031,1.5707963267948966,329.0,5.46875,45.3125,7.031,-1.5707963267948966,406.0,0.0,56.25,6.72,2.521343167606972,354.0,0.0,48.4375,6.72,-2.521343167606972,-0.2151974569368713
377,18.75,52.34375,1.6369060592752958,-2.717,0.493,7.289,352,24.21875,47.65625,7.202,-0.7086262721276703,330,17.96875,45.3125,7.074,-1.6814535479687922,431.0,17.96875,59.375,7.074,1.6814535479687922,355.0,11.71875,48.4375,8.043,-2.6344941491974563,407.0,11.71875,56.25,8.043,2.6344941491974563,400.0,24.21875,55.46875,6.298,0.5191461142465229,0.033802543063128354
378,53.90625,52.34375,1.6488584418539751,-2.472,0.15,7.315,432,55.46875,59.375,7.202,1.3521273809209546,333,57.8125,46.09375,7.37,-1.012197011451334,379.0,60.9375,52.34375,7.031,0.0,331.0,50.78125,45.3125,7.694,-1.9890206563741255,410.0,49.21875,57.03125,6.629,2.356194490192345,369.0,46.09375,50.78125,7.967,-2.9441970937399127,0.05980254306312904
379,60.9375,52.34375,1.6461688957518543,-0.886,0.078,6.96,384,67.96875,53.125,7.074,0.1106572211738956,378,53.90625,52.34375,7.031,3.141592653589793,333.0,57.8125,46.09375,6.987,-2.0344439357957027,418.0,64.0625,58.59375,6.987,1.1071487177940904,340.0,64.84375,46.875,6.72,-0.9505468408120752,,,,,,-0.2951974569368714
380,111.71875,52.34375,1.6602849189601656,2.16,-0.012,7.092,334,115.625,46.09375,7.37,-1.012197011451334,420,107.8125,58.59375,7.37,2.129395642138459,389.0,104.6875,53.125,7.074,3.0309354324158977,381.0,118.75,52.34375,7.031,0.0,421.0,114.84375,58.59375,6.987,1.1071487177940904,346.0,107.8125,46.875,6.72,-2.191045812777718,-0.1631974569368717
381,118.75,52.34375,1.693354235985761,-0.512,0.015,7.193,335,122.65625,46.09375,7.37,-1.012197011451334,421,114.84375,58.59375,7.37,2.129395642138459,422.0,122.65625,58.59375,7.37,1.012197011451334,380.0,111.71875,52.34375,7.031,3.141592653589793,382.0,125.78125,52.34375,7.031,0.0,334.0,115.625,46.09375,6.987,-2.0344439357957027,-0.06219745693687173
382,125.78125,52.34375,1.6953973657701769,0.605,0.018,7.136,336,129.6875,46.09375,7.37,-1.012197011451334,423,129.6875,58.59375,7.37,1.012197011451334,390.0,132.8125,53.125,7.074,0.1106572211738956,381.0,118.75,52.34375,7.031,3.141592653589793,335.0,122.65625,46.09375,6.987,-2.0344439357957027,422.0,122.65625,58.59375,6.987,2.0344439357957027,-0.11919745693687123
383,147.65625,52.34375,1.6522950356406088,2.902,-0.033,7.242,425,143.75,58.59375,7.37,2.129395642138459,337,150.78125,46.09375,6.987,-1.1071487177940904,348.0,143.75,46.875,6.72,-2.191045812777718,426.0,150.0,58.59375,6.675,1.2120256565243244,391.0,139.84375,53.125,7.851,3.0419240010986317,372.0,155.46875,51.5625,7.851,-0.099668652491162,-0.013197456936871355
384,67.96875,53.125,1.68510903013599,-1.377,0.044,7.222,341,71.875,46.875,7.37,-1.012197011451334,433,71.875,59.375,7.37,1.012197011451334,379.0,60.9375,52.34375,7.074,-3.0309354324158977,340.0,64.84375,46.875,6.987,-2.0344439357957027,418.0,64.0625,58.59375,6.72,2.191045812777718,385.0,75.78125,53.125,7.812,0.0,-0.03319745693687093
385,75.78125,53.125,1.6695789117122426,3.141,-0.001,7.259,341,71.875,46.875,7.37,-2.129395642138459,433,71.875,59.375,7.37,2.129395642138459,386.0,82.8125,53.125,7.031,0.0,342.0,78.90625,46.875,6.987,-1.1071487177940904,434.0,78.90625,59.375,6.987,1.1071487177940904,384.0,67.96875,53.125,7.812,3.141592653589793,0.0038025430631289936
386,82.8125,53.125,1.702141504694218,2.63,0.015,7.193,342,78.90625,46.875,7.37,-2.129395642138459,343,86.71875,46.875,7.37,-1.012197011451334,434.0,78.90625,59.375,7.37,2.129395642138459,385.0,75.78125,53.125,7.031,3.141592653589793,387.0,89.84375,53.125,7.031,0.0,435.0,85.9375,59.375,6.987,1.1071487177940904,-0.06219745693687173
387,89.84375,53.125,1.7122262701334758,-0.512,0.015,7.193,344,93.75,46.875,7.37,-1.012197011451334,435,85.9375,59.375,7.37,2.129395642138459,436.0,93.75,59.375,7.37,1.012197011451334,386.0,82.8125,53.125,7.031,3.141592653589793,388.0,96.875,53.125,7.031,0.0,343.0,86.71875,46.875,6.987,-2.0344439357957027,-0.06219745693687173
388,96.875,53.125,1.6821815758536804,-0.157,-0.01,7.151,345,100.78125,46.875,7.37,-1.012197011451334,387,89.84375,53.125,7.031,3.141592653589793,344.0,93.75,46.875,6.987,-2.0344439357957027,436.0,93.75,59.375,6.987,2.0344439357957027,419.0,100.78125,58.59375,6.72,0.9505468408120752,389.0,104.6875,53.125,7.812,0.0,-0.10419745693687155
389,104.6875,53.125,1.669687146656325,-2.366,-0.019,7.044,345,100.78125,46.875,7.37,-2.129395642138459,380,111.71875,52.34375,7.074,-0.1106572211738956,346.0,107.8125,46.875,6.987,-1.1071487177940904,419.0,100.78125,58.59375,6.72,2.191045812777718,388.0,96.875,53.125,7.812,3.141592653589793,420.0,107.8125,58.59375,6.298,1.0516502125483738,-0.21119745693687175
390,132.8125,53.125,1.6589917958195863,-1.062,0.008,6.967,382,125.78125,52.34375,7.074,-3.0309354324158977,391,139.84375,53.125,7.031,0.0,347.0,135.9375,46.875,6.987,-1.1071487177940904,336.0,129.6875,46.09375,7.694,-1.9890206563741255,424.0,136.71875,58.59375,6.72,0.9505468408120752,423.0,129.6875,58.59375,6.298,2.08994244104142,-0.2881974569368717
391,139.84375,53.125,1.6789955459992738,-0.957,-0.034,7.107,347,135.9375,46.875,7.37,-2.129395642138459,348,143.75,46.875,7.37,-1.012197011451334,390.0,132.8125,53.125,7.031,3.141592653589793,425.0,143.75,58.59375,6.72,0.9505468408120752,383.0,147.65625,52.34375,7.851,-0.099668652491162,424.0,136.71875,58.59375,6.298,2.08994244104142,-0.14819745693687114
392,168.75,53.125,1.6636895917246948,1.569,-0.334,7.035,338,170.3125,46.09375,7.202,-1.3521273809209546,416,174.21875,57.8125,7.202,0.7086262721276703,359.0,163.28125,49.21875,6.72,-2.521343167606972,402.0,162.5,55.46875,6.675,2.782821983319221,439.0,167.1875,60.9375,7.967,1.7681918866447774,373.0,175.0,51.5625,6.442,-0.2449786631268641,-0.2201974569368712
393,253.90625,53.125,1.680150146729023,-0.432,0.518,7.045,363,247.65625,49.21875,7.37,-2.5829933382462307,339,254.6875,46.09375,7.074,-1.460139105621001,438.0,253.125,60.15625,7.074,1.6814535479687922,367.0,260.15625,50.0,6.987,-0.4636476090008061,413.0,259.375,57.03125,6.72,0.6202494859828215,,,,,,-0.21019745693687142
394,27.34375,53.90625,1.3854119519109749,-0.328,0.229,7.208,356,32.03125,48.4375,7.202,-0.8621700546672264,352,24.21875,47.65625,6.987,-2.0344439357957027,437.0,29.6875,60.15625,6.675,1.2120256565243244,401.0,35.15625,55.46875,7.967,0.1973955598498807,,,,,,,,,,,-0.04719745693687116
395,187.5,53.90625,1.7041441459271327,1.19,-0.322,7.272,349,189.0625,46.875,7.202,-1.3521273809209546,360,182.03125,49.21875,7.202,-2.432966381462123,440.0,185.9375,60.9375,7.202,1.7894652726688385,428.0,192.96875,58.59375,7.202,0.7086262721276703,408.0,180.46875,56.25,7.411,2.819842099193151,374.0,194.53125,51.5625,7.411,-0.3217505543966422,0.016802543063128894
396,266.40625,53.90625,1.6788446145525222,2.736,-0.434,7.335,367,260.15625,50.0,7.37,-2.5829933382462307,350,267.1875,46.875,7.074,-1.460139105621001,444.0,265.625,60.9375,7.074,1.6814535479687922,370.0,272.65625,50.78125,6.987,-0.4636476090008061,413.0,259.375,57.03125,7.694,2.723368324010564,429.0,272.65625,58.59375,7.812,0.6435011087932844,0.07980254306312862
397,292.96875,53.90625,1.687008966008096,2.011,0.484,7.247,368,299.21875,50.0,7.37,-0.5585993153435624,417,286.71875,57.8125,7.37,2.5829933382462307,445.0,292.96875,60.9375,7.031,1.5707963267948966,351.0,292.96875,46.875,7.031,-1.5707963267948966,414.0,299.21875,57.03125,6.987,0.4636476090008061,371.0,285.9375,50.78125,7.694,-2.723368324010564,-0.008197456936871461
398,208.59375,54.6875,1.6167306891690167,0.587,0.059,7.386,361,213.28125,49.21875,7.202,-0.8621700546672264,441,204.6875,60.9375,7.37,2.129395642138459,442.0,212.5,60.9375,7.37,1.012197011451334,358.0,206.25,48.4375,6.675,-1.9295669970654687,404.0,216.40625,55.46875,7.851,0.099668652491162,403.0,200.78125,55.46875,7.851,3.0419240010986317,0.13080254306312877
399,279.6875,54.6875,1.653756460983623,-2.212,0.518,7.542,371,285.9375,50.78125,7.37,-0.5585993153435624,446,278.90625,61.71875,7.074,1.6814535479687922,353.0,279.6875,47.65625,7.031,-1.5707963267948966,417.0,286.71875,57.8125,7.694,0.4182243295792291,370.0,272.65625,50.78125,8.043,-2.6344941491974563,429.0,272.65625,58.59375,8.043,2.6344941491974563,0.28680254306312847
400,24.21875,55.46875,1.43180438972658,2.569,0.474,7.307,437,29.6875,60.15625,7.202,0.7086262721276703,431,17.96875,59.375,7.37,2.5829933382462307,352.0,24.21875,47.65625,7.812,-1.5707963267948966,453.0,23.4375,63.28125,7.851,1.6704649792860586,377.0,18.75,52.34375,6.298,-2.62244653934327,,,,,,0.051802543063129036
401,35.15625,55.46875,1.6541172848821035,3.068,0.245,7.345,437,29.6875,60.15625,7.202,2.432966381462123,415,42.1875,57.8125,7.411,0.3217505543966422,447.0,35.9375,62.5,7.074,1.460139105621001,356.0,32.03125,48.4375,7.694,-1.9890206563741255,364.0,39.0625,50.0,6.72,-0.9505468408120752,394.0,27.34375,53.90625,7.967,-2.9441970937399127,0.0898025430631284
402,162.5,55.46875,1.5971820898663178,-1.663,-0.476,7.041,439,167.1875,60.9375,7.202,0.8621700546672264,427,156.25,58.59375,6.987,2.677945044588987,392.0,168.75,53.125,6.675,-0.3587706702705722,372.0,155.46875,51.5625,8.043,-2.6344941491974563,359.0,163.28125,49.21875,6.298,-1.446441332248135,,,,,,-0.21419745693687098
403,200.78125,55.46875,1.635513180214876,2.426,-0.301,7.597,374,194.53125,51.5625,7.37,-2.5829933382462307,357,200.0,48.4375,7.074,-1.6814535479687922,441.0,204.6875,60.9375,6.72,0.9505468408120752,398.0,208.59375,54.6875,7.851,-0.099668652491162,455.0,198.4375,63.28125,8.156,1.862253121272764,428.0,192.96875,58.59375,8.414,2.761086276477428,0.34180254306312907
404,216.40625,55.46875,1.6542204356444532,-1.555,0.049,7.043,362,220.3125,49.21875,7.37,-1.012197011451334,405,223.4375,55.46875,7.031,0.0,361.0,213.28125,49.21875,6.987,-2.0344439357957027,442.0,212.5,60.9375,6.72,2.191045812777718,398.0,208.59375,54.6875,7.851,-3.0419240010986317,443.0,219.53125,60.9375,6.298,1.0516502125483738,-0.2121974569368712
405,223.4375,55.46875,1.68513171300911,1.919,0.078,7.038,409,230.46875,56.25,7.074,0.1106572211738956,404,216.40625,55.46875,7.031,3.141592653589793,362.0,220.3125,49.21875,6.987,-2.0344439357957027,449.0,226.5625,62.5,7.694,1.1525719972156676,365.0,227.34375,50.0,6.72,-0.9505468408120752,443.0,219.53125,60.9375,6.72,2.191045812777718,-0.2171974569368711
406,0.0,56.25,1.632088780893351,-0.051,-0.299,6.965,451,0.0,63.28125,7.031,1.5707963267948966,376,5.46875,52.34375,6.72,-0.6202494859828215,354.0,0.0,48.4375,7.812,-1.5707963267948966,430.0,5.46875,59.375,6.298,0.5191461142465229,,,,,,,,,,,-0.2901974569368715
407,11.71875,56.25,1.6482587281058771,-1.359,-0.515,7.372,376,5.46875,52.34375,7.37,-2.5829933382462307,452,11.71875,63.28125,7.031,1.5707963267948966,431.0,17.96875,59.375,6.987,0.4636476090008061,430.0,5.46875,59.375,6.987,2.677945044588987,355.0,11.71875,48.4375,7.812,-1.5707963267948966,377.0,18.75,52.34375,8.043,-0.507098504392337,0.11680254306312854
408,180.46875,56.25,1.634712719226706,-2.105,-0.305,6.984,360,182.03125,49.21875,7.202,-1.3521273809209546,373,175.0,51.5625,7.202,-2.432966381462123,440.0,185.9375,60.9375,7.202,0.7086262721276703,395.0,187.5,53.90625,7.411,-0.3217505543966422,416.0,174.21875,57.8125,6.442,2.896613990462929,448.0,178.90625,62.5,6.442,1.8157749899217608,-0.27119745693687136
409,230.46875,56.25,1.6554495828217295,0.601,0.082,7.217,449,226.5625,62.5,7.37,2.129395642138459,411,237.5,57.03125,7.074,0.1106572211738956,405.0,223.4375,55.46875,7.074,-3.0309354324158977,365.0,227.34375,50.0,6.987,-2.0344439357957027,450.0,233.59375,62.5,6.987,1.1071487177940904,366.0,235.15625,50.0,7.812,-0.9272952180016122,-0.03819745693687171
410,49.21875,57.03125,1.639773279045475,-1.084,0.222,6.732,415,42.1875,57.8125,7.074,3.0309354324158977,369,46.09375,50.78125,6.987,-2.0344439357957027,432.0,55.46875,59.375,6.675,0.3587706702705722,378.0,53.90625,52.34375,6.629,-0.7853981633974483,454.0,48.4375,63.28125,6.298,1.695151321341658,,,,,,-0.5231974569368711
411,237.5,57.03125,1.6560688958872225,-0.877,0.093,7.251,366,235.15625,50.0,7.411,-1.892546881191539,409,230.46875,56.25,7.074,-3.0309354324158977,456.0,240.625,63.28125,6.987,1.1071487177940904,375.0,241.40625,51.5625,6.72,-0.9505468408120752,450.0,233.59375,62.5,6.72,2.191045812777718,412.0,246.09375,57.03125,8.593,0.0,-0.0041974569368710135
412,246.09375,57.03125,1.5942041830423996,2.755,0.149,7.7,375,241.40625,51.5625,7.202,-2.279422598922567,438,253.125,60.15625,7.694,0.4182243295792291,363.0,247.65625,49.21875,7.967,-1.373400766945016,457.0,247.65625,63.28125,6.442,1.3258176636680326,456.0,240.625,63.28125,8.304,2.289626326416521,411.0,237.5,57.03125,8.593,3.141592653589793,0.44480254306312883
413,259.375,57.03125,1.6438131734776873,-0.025,-0.456,7.146,444,265.625,60.9375,7.37,0.5585993153435624,367,260.15625,50.0,7.074,-1.460139105621001,460.0,259.375,64.0625,7.031,1.5707963267948966,438.0,253.125,60.15625,6.987,2.677945044588987,396.0,266.40625,53.90625,7.694,-0.4182243295792291,393.0,253.90625,53.125,6.72,-2.521343167606972,-0.10919745693687144
414,299.21875,57.03125,1.632151648187805,3.094,-0.298,7.105,445,292.96875,60.9375,7.37,2.5829933382462307,368,299.21875,50.0,7.031,-1.5707963267948966,462.0,299.21875,64.0625,7.031,1.5707963267948966,397.0,292.96875,53.90625,6.987,-2.677945044588987,,,,,,,,,,,-0.15019745693687092
415,42.1875,57.8125,1.5953613815570205,-1.456,0.108,7.843,401,35.15625,55.46875,7.411,-2.819842099193151,410,49.21875,57.03125,7.074,-0.1106572211738956,447.0,35.9375,62.5,7.812,2.498091544796509,369.0,46.09375,50.78125,8.043,-1.0636978224025595,454.0,48.4375,63.28125,8.304,0.7188299996216245,364.0,39.0625,50.0,8.414,-1.9513027039072612,0.5878025430631286
416,174.21875,57.8125,1.6343948430217612,1.981,-0.328,6.911,392,168.75,53.125,7.202,-2.432966381462123,474,172.65625,64.84375,7.202,1.7894652726688385,439.0,167.1875,60.9375,7.694,2.723368324010564,448.0,178.90625,62.5,6.629,0.7853981633974483,408.0,180.46875,56.25,6.442,-0.2449786631268641,373.0,175.0,51.5625,6.298,-1.446441332248135,-0.34419745693687176
417,286.71875,57.8125,1.6146527213482724,-0.528,-0.524,7.085,397,292.96875,53.90625,7.37,-0.5585993153435624,371,285.9375,50.78125,7.074,-1.6814535479687922,445.0,292.96875,60.9375,6.987,0.4636476090008061,399.0,279.6875,54.6875,7.694,-2.723368324010564,461.0,287.5,64.0625,6.298,1.446441332248135,,,,,,-0.17019745693687138
418,64.0625,58.59375,1.6368609375889307,1.768,0.064,7.433,379,60.9375,52.34375,6.987,-2.0344439357957027,475,67.1875,65.625,7.694,1.1525719972156676,458.0,60.15625,64.0625,6.72,2.191045812777718,384.0,67.96875,53.125,6.72,-0.9505468408120752,433.0,71.875,59.375,7.851,0.099668652491162,432.0,55.46875,59.375,8.629,3.050932766389048,0.17780254306312848
419,100.78125,58.59375,1.6701907059948125,1.536,-0.019,7.047,466,104.6875,64.84375,7.37,1.012197011451334,465,96.875,64.84375,7.37,2.129395642138459,436.0,93.75,59.375,7.074,3.0309354324158977,420.0,107.8125,58.59375,7.031,0.0,388.0,96.875,53.125,6.72,-2.191045812777718,389.0,104.6875,53.125,6.72,-0.9505468408120752,-0.20819745693687164
420,107.8125,58.59375,1.6673259879253035,0.22,-0.01,7.014,380,111.71875,52.34375,7.37,-1.012197011451334,467,111.71875,64.84375,7.37,1.012197011451334,421.0,114.84375,58.59375,7.031,0.0,419.0,100.78125,58.59375,7.031,3.141592653589793,466.0,104.6875,64.84375,6.987,2.0344439357957027,389.0,104.6875,53.125,6.298,-2.08994244104142,-0.2411974569368711
421,114.84375,58.59375,1.6477466570040644,0.0,-0.001,7.259,381,118.75,52.34375,7.37,-1.012197011451334,468,118.75,64.84375,7.37,1.012197011451334,420.0,107.8125,58.59375,7.031,3.141592653589793,380.0,111.71875,52.34375,6.987,-2.0344439357957027,467.0,111.71875,64.84375,6.987,2.0344439357957027,422.0,122.65625,58.59375,7.812,0.0,0.0038025430631289936
422,122.65625,58.59375,1.6480564644454985,3.141,-0.001,7.259,381,118.75,52.34375,7.37,-2.129395642138459,468,118.75,64.84375,7.37,2.129395642138459,423.0,129.6875,58.59375,7.031,0.0,382.0,125.78125,52.34375,6.987,-1.1071487177940904,469.0,125.78125,64.84375,6.987,1.1071487177940904,421.0,114.84375,58.59375,7.812,3.141592653589793,0.0038025430631289936
423,129.6875,58.59375,1.6378175219278992,2.92,0.009,7.014,382,125.78125,52.34375,7.37,-2.129395642138459,469,125.78125,64.84375,7.37,2.129395642138459,424.0,136.71875,58.59375,7.031,0.0,422.0,122.65625,58.59375,7.031,3.141592653589793,470.0,132.8125,64.84375,6.987,1.1071487177940904,390.0,132.8125,53.125,6.298,-1.0516502125483738,-0.2411974569368711
424,136.71875,58.59375,1.63079719365005,2.795,-0.001,6.906,470,132.8125,64.84375,7.37,2.129395642138459,425,143.75,58.59375,7.031,0.0,423.0,129.6875,58.59375,7.031,3.141592653589793,471.0,139.84375,64.84375,6.987,1.1071487177940904,390.0,132.8125,53.125,6.72,-2.191045812777718,391.0,139.84375,53.125,6.298,-1.0516502125483738,-0.34919745693687165
425,143.75,58.59375,1.657315669964522,2.599,0.006,6.955,383,147.65625,52.34375,7.37,-1.012197011451334,471,139.84375,64.84375,7.37,2.129395642138459,424.0,136.71875,58.59375,7.031,3.141592653589793,472.0,146.875,64.84375,6.987,1.1071487177940904,391.0,139.84375,53.125,6.72,-2.191045812777718,426.0,150.0,58.59375,6.25,0.0,-0.3001974569368713
426,150.0,58.59375,1.637541428129644,1.892,0.012,6.706,473,153.90625,64.84375,7.37,1.012197011451334,472,146.875,64.84375,6.987,2.0344439357957027,383.0,147.65625,52.34375,6.675,-1.9295669970654687,425.0,143.75,58.59375,6.25,3.141592653589793,427.0,156.25,58.59375,6.25,0.0,,,,,,-0.5491974569368709
427,156.25,58.59375,1.5970626383254558,1.253,-0.278,6.838,459,160.9375,64.0625,7.202,0.8621700546672264,372,155.46875,51.5625,7.074,-1.6814535479687922,402.0,162.5,55.46875,6.987,-0.4636476090008061,473.0,153.90625,64.84375,6.675,1.9295669970654687,426.0,150.0,58.59375,6.25,3.141592653589793,,,,,,-0.41719745693687127
428,192.96875,58.59375,1.685968257312358,-1.922,-0.332,7.439,374,194.53125,51.5625,7.202,-1.3521273809209546,395,187.5,53.90625,7.202,-2.432966381462123,477.0,191.40625,65.625,7.202,1.7894652726688385,455.0,198.4375,63.28125,7.202,0.7086262721276703,440.0,185.9375,60.9375,7.411,2.819842099193151,403.0,200.78125,55.46875,8.414,-0.3805063771123649,0.1838025430631287
429,272.65625,58.59375,1.629995038165191,-2.089,-0.442,7.545,478,271.09375,65.625,7.202,1.7894652726688385,444,265.625,60.9375,7.411,2.819842099193151,446.0,278.90625,61.71875,6.987,0.4636476090008061,370.0,272.65625,50.78125,7.812,-1.5707963267948966,396.0,266.40625,53.90625,7.812,-2.498091544796509,399.0,279.6875,54.6875,8.043,-0.507098504392337,0.2898025430631286
430,5.46875,59.375,1.6816448412470553,1.225,0.523,6.906,452,11.71875,63.28125,7.37,0.5585993153435624,376,5.46875,52.34375,7.031,-1.5707963267948966,479.0,5.46875,66.40625,7.031,1.5707963267948966,407.0,11.71875,56.25,6.987,-0.4636476090008061,451.0,0.0,63.28125,6.72,2.521343167606972,406.0,0.0,56.25,6.298,-2.62244653934327,-0.34919745693687165
431,17.96875,59.375,1.7037713180231904,1.361,-0.512,7.092,400,24.21875,55.46875,7.37,-0.5585993153435624,452,11.71875,63.28125,7.37,2.5829933382462307,377.0,18.75,52.34375,7.074,-1.460139105621001,480.0,17.96875,66.40625,7.031,1.5707963267948966,407.0,11.71875,56.25,6.987,-2.677945044588987,453.0,23.4375,63.28125,6.72,0.6202494859828215,-0.1631974569368717
432,55.46875,59.375,1.5844530764749591,2.174,-0.439,7.524,378,53.90625,52.34375,7.202,-1.7894652726688385,410,49.21875,57.03125,6.675,-2.782821983319221,458.0,60.15625,64.0625,6.629,0.7853981633974483,484.0,53.90625,67.1875,7.967,1.7681918866447774,454.0,48.4375,63.28125,8.043,2.6344941491974563,418.0,64.0625,58.59375,8.629,-0.0906598872007451,0.2688025430631287
433,71.875,59.375,1.658936433771734,-2.232,0.036,7.289,384,67.96875,53.125,7.37,-2.129395642138459,385,75.78125,53.125,7.37,-1.012197011451334,434.0,78.90625,59.375,7.031,0.0,475.0,67.1875,65.625,7.812,2.214297435588181,418.0,64.0625,58.59375,7.851,-3.0419240010986317,463.0,75.0,64.84375,6.298,1.0516502125483738,0.033802543063128354
434,78.90625,59.375,1.707166950059158,-2.553,0.041,7.021,386,82.8125,53.125,7.37,-1.012197011451334,433,71.875,59.375,7.031,3.141592653589793,435.0,85.9375,59.375,7.031,0.0,385.0,75.78125,53.125,6.987,-2.0344439357957027,476.0,82.03125,65.625,6.987,1.1071487177940904,463.0,75.0,64.84375,6.72,2.191045812777718,-0.23419745693687144
435,85.9375,59.375,1.6649153771412386,-0.542,0.006,7.215,387,89.84375,53.125,7.37,-1.012197011451334,476,82.03125,65.625,7.37,2.129395642138459,434.0,78.90625,59.375,7.031,3.141592653589793,386.0,82.8125,53.125,6.987,-2.0344439357957027,464.0,89.84375,64.84375,6.72,0.9505468408120752,436.0,93.75,59.375,7.812,0.0,-0.04019745693687149
436,93.75,59.375,1.6309645304016005,-2.366,-0.019,7.044,387,89.84375,53.125,7.37,-2.129395642138459,419,100.78125,58.59375,7.074,-0.1106572211738956,388.0,96.875,53.125,6.987,-1.1071487177940904,464.0,89.84375,64.84375,6.72,2.191045812777718,435.0,85.9375,59.375,7.812,3.141592653589793,465.0,96.875,64.84375,6.298,1.0516502125483738,-0.21119745693687175
437,29.6875,60.15625,1.6893312587685485,-2.184,0.45,6.832,400,24.21875,55.46875,7.202,-2.432966381462123,401,35.15625,55.46875,7.202,-0.7086262721276703,453.0,23.4375,63.28125,6.987,2.677945044588987,394.0,27.34375,53.90625,6.675,-1.9295669970654687,447.0,35.9375,62.5,6.675,0.3587706702705722,481.0,29.6875,66.40625,6.25,1.5707963267948966,-0.4231974569368715
438,253.125,60.15625,1.6848282985219234,1.796,-0.486,7.083,460,259.375,64.0625,7.37,0.5585993153435624,393,253.90625,53.125,7.074,-1.460139105621001,487.0,252.34375,67.1875,7.074,1.6814535479687922,413.0,259.375,57.03125,6.987,-0.4636476090008061,412.0,246.09375,57.03125,7.694,-2.723368324010564,457.0,247.65625,63.28125,6.298,2.62244653934327,-0.17219745693687116
439,167.1875,60.9375,1.6644448130148877,-0.645,-0.362,7.423,402,162.5,55.46875,7.202,-2.279422598922567,459,160.9375,64.0625,6.987,2.677945044588987,416.0,174.21875,57.8125,7.694,-0.4182243295792291,474.0,172.65625,64.84375,6.72,0.6202494859828215,392.0,168.75,53.125,7.967,-1.373400766945016,491.0,165.625,68.75,7.967,1.7681918866447774,0.1678025430631287
440,185.9375,60.9375,1.6574771267068584,-2.038,-0.301,7.11,395,187.5,53.90625,7.202,-1.3521273809209546,408,180.46875,56.25,7.202,-2.432966381462123,448.0,178.90625,62.5,7.202,2.922923707715851,477.0,191.40625,65.625,7.202,0.7086262721276703,428.0,192.96875,58.59375,7.411,-0.3217505543966422,485.0,184.375,67.1875,6.442,1.8157749899217608,-0.14519745693687103
441,204.6875,60.9375,1.605733577893138,0.845,-0.135,7.393,398,208.59375,54.6875,7.37,-1.012197011451334,403,200.78125,55.46875,6.72,-2.191045812777718,442.0,212.5,60.9375,7.812,0.0,486.0,209.375,67.1875,7.812,0.9272952180016122,455.0,198.4375,63.28125,6.675,2.782821983319221,492.0,203.125,68.75,7.967,1.7681918866447774,0.13780254306312845
442,212.5,60.9375,1.681893359348423,0.245,-0.017,7.107,398,208.59375,54.6875,7.37,-2.129395642138459,443,219.53125,60.9375,7.031,0.0,486.0,209.375,67.1875,6.987,2.0344439357957027,404.0,216.40625,55.46875,6.72,-0.9505468408120752,483.0,216.40625,66.40625,6.72,0.9505468408120752,441.0,204.6875,60.9375,7.812,3.141592653589793,-0.14819745693687114
443,219.53125,60.9375,1.619425109678993,1.958,0.088,6.951,449,226.5625,62.5,7.202,0.2186689458739419,442,212.5,60.9375,7.031,3.141592653589793,405.0,223.4375,55.46875,6.72,-0.9505468408120752,493.0,221.875,68.75,8.156,1.2793395323170296,404.0,216.40625,55.46875,6.298,-2.08994244104142,483.0,216.40625,66.40625,6.298,2.08994244104142,-0.3041974569368717
444,265.625,60.9375,1.656868276599622,1.663,-0.409,7.316,478,271.09375,65.625,7.202,0.7086262721276703,413,259.375,57.03125,7.37,-2.5829933382462307,429.0,272.65625,58.59375,7.411,-0.3217505543966422,396.0,266.40625,53.90625,7.074,-1.460139105621001,460.0,259.375,64.0625,6.987,2.677945044588987,495.0,264.84375,68.75,7.851,1.6704649792860586,0.06080254306312849
445,292.96875,60.9375,1.626260724513844,-0.418,0.48,6.958,414,299.21875,57.03125,7.37,-0.5585993153435624,490,293.75,67.96875,7.074,1.460139105621001,397.0,292.96875,53.90625,7.031,-1.5707963267948966,417.0,286.71875,57.8125,6.987,-2.677945044588987,462.0,299.21875,64.0625,6.987,0.4636476090008061,461.0,287.5,64.0625,6.298,2.62244653934327,-0.29719745693687116
446,278.90625,61.71875,1.4621063969227304,-2.123,-0.037,7.016,399,279.6875,54.6875,7.074,-1.460139105621001,429,272.65625,58.59375,6.987,-2.677945044588987,489.0,282.03125,67.96875,6.987,1.1071487177940904,,,,,,,,,,,,,,,,-0.23919745693687133
447,35.9375,62.5,1.6895960311952134,2.705,0.457,7.352,481,29.6875,66.40625,7.37,2.5829933382462307,482,42.1875,66.40625,7.37,0.5585993153435624,401.0,35.15625,55.46875,7.074,-1.6814535479687922,415.0,42.1875,57.8125,7.812,-0.6435011087932844,501.0,35.9375,70.3125,7.812,1.5707963267948966,437.0,29.6875,60.15625,6.675,-2.782821983319221,0.09680254306312897
448,178.90625,62.5,1.6368273718045148,0.425,-0.312,6.871,440,185.9375,60.9375,7.202,-0.2186689458739419,485,184.375,67.1875,7.202,0.7086262721276703,496.0,178.125,69.53125,7.074,1.6814535479687922,474.0,172.65625,64.84375,6.675,2.782821983319221,416.0,174.21875,57.8125,6.629,-2.356194490192345,408.0,180.46875,56.25,6.442,-1.3258176636680326,-0.3841974569368709
449,226.5625,62.5,1.6450136363419898,-1.431,0.078,7.234,443,219.53125,60.9375,7.202,-2.922923707715851,409,230.46875,56.25,7.37,-1.012197011451334,450.0,233.59375,62.5,7.031,0.0,405.0,223.4375,55.46875,7.694,-1.9890206563741255,493.0,221.875,68.75,7.812,2.214297435588181,488.0,229.6875,67.96875,6.298,1.0516502125483738,-0.02119745693687136
450,233.59375,62.5,1.6757799103362827,0.695,0.055,6.984,494,237.5,68.75,7.37,1.012197011451334,456,240.625,63.28125,7.074,0.1106572211738956,449.0,226.5625,62.5,7.031,3.141592653589793,409.0,230.46875,56.25,6.987,-2.0344439357957027,411.0,237.5,57.03125,6.72,-0.9505468408120752,488.0,229.6875,67.96875,6.72,2.191045812777718,-0.27119745693687136
451,0.0,63.28125,1.6561924424876038,-0.051,-0.299,6.77,406,0.0,56.25,7.031,-1.5707963267948966,498,0.0,70.3125,7.031,1.5707963267948966,430.0,5.46875,59.375,6.72,-0.6202494859828215,479.0,5.46875,66.40625,6.298,0.5191461142465229,,,,,,,,,,,-0.4851974569368718
452,11.71875,63.28125,1.7090767481536655,-1.571,-0.524,7.129,430,5.46875,59.375,7.37,-2.5829933382462307,431,17.96875,59.375,7.37,-0.5585993153435624,407.0,11.71875,56.25,7.031,-1.5707963267948966,499.0,11.71875,70.3125,7.031,1.5707963267948966,479.0,5.46875,66.40625,6.987,2.677945044588987,480.0,17.96875,66.40625,6.987,0.4636476090008061,-0.1261974569368718
453,23.4375,63.28125,1.6633882635005015,-0.371,-0.49,6.979,500,23.4375,70.3125,7.031,1.5707963267948966,437,29.6875,60.15625,6.987,-0.4636476090008061,481.0,29.6875,66.40625,6.987,0.4636476090008061,431.0,17.96875,59.375,6.72,-2.521343167606972,400.0,24.21875,55.46875,7.851,-1.4711276743037347,480.0,17.96875,66.40625,6.298,2.62244653934327,-0.27619745693687126
454,48.4375,63.28125,1.6696888735953206,-0.58,-0.443,7.231,502,48.4375,70.3125,7.031,1.5707963267948966,482,42.1875,66.40625,6.987,2.677945044588987,484.0,53.90625,67.1875,6.72,0.6202494859828215,432.0,55.46875,59.375,8.043,-0.507098504392337,410.0,49.21875,57.03125,6.298,-1.446441332248135,415.0,42.1875,57.8125,8.304,-2.4227626539681686,-0.024197456936871475
455,198.4375,63.28125,1.650146829294482,2.735,-0.274,7.343,428,192.96875,58.59375,7.202,-2.432966381462123,492,203.125,68.75,7.202,0.8621700546672264,505.0,196.09375,70.3125,7.411,1.892546881191539,477.0,191.40625,65.625,7.411,2.819842099193151,441.0,204.6875,60.9375,6.675,-0.3587706702705722,403.0,200.78125,55.46875,8.156,-1.2793395323170296,0.08780254306312862
456,240.625,63.28125,1.624820331692294,-0.163,0.052,7.177,497,244.53125,69.53125,7.37,1.012197011451334,450,233.59375,62.5,7.074,-3.0309354324158977,457.0,247.65625,63.28125,7.031,0.0,411.0,237.5,57.03125,6.987,-2.0344439357957027,494.0,237.5,68.75,6.298,2.08994244104142,412.0,246.09375,57.03125,8.304,-0.8519663271732721,-0.07819745693687175
457,247.65625,63.28125,1.6286053929412738,2.233,-0.13,6.572,456,240.625,63.28125,7.031,3.141592653589793,497,244.53125,69.53125,6.987,2.0344439357957027,412.0,246.09375,57.03125,6.442,-1.8157749899217608,438.0,253.125,60.15625,6.298,-0.5191461142465229,487.0,252.34375,67.1875,6.101,0.6947382761967031,,,,,,-0.6831974569368713
458,60.15625,64.0625,1.6645885936919569,1.869,-0.457,6.758,475,67.1875,65.625,7.202,0.2186689458739419,484,53.90625,67.1875,6.987,2.677945044588987,418.0,64.0625,58.59375,6.72,-0.9505468408120752,432.0,55.46875,59.375,6.629,-2.356194490192345,503.0,60.15625,70.3125,6.25,1.5707963267948966,,,,,,-0.49719745693687134
459,160.9375,64.0625,1.669793332829431,2.34,-0.241,6.976,427,156.25,58.59375,7.202,-2.279422598922567,473,153.90625,64.84375,7.074,3.0309354324158977,439.0,167.1875,60.9375,6.987,-0.4636476090008061,504.0,157.8125,70.3125,6.987,2.0344439357957027,491.0,165.625,68.75,6.629,0.7853981633974483,,,,,,-0.27919745693687137
460,259.375,64.0625,1.633096191869634,2.945,-0.427,7.375,495,264.84375,68.75,7.202,0.7086262721276703,438,253.125,60.15625,7.37,-2.5829933382462307,413.0,259.375,57.03125,7.031,-1.5707963267948966,444.0,265.625,60.9375,6.987,-0.4636476090008061,487.0,252.34375,67.1875,7.694,2.723368324010564,521.0,257.8125,71.875,7.967,1.7681918866447774,0.11980254306312865
461,287.5,64.0625,1.650670083893831,0.674,-0.462,6.743,490,293.75,67.96875,7.37,0.5585993153435624,519,287.5,71.09375,7.031,1.5707963267948966,489.0,282.03125,67.96875,6.72,2.521343167606972,445.0,292.96875,60.9375,6.298,-0.5191461142465229,417.0,286.71875,57.8125,6.298,-1.695151321341658,,,,,,-0.512197456936871
462,299.21875,64.0625,1.6255338139466466,3.063,-0.321,6.942,414,299.21875,57.03125,7.031,-1.5707963267948966,520,299.21875,71.09375,7.031,1.5707963267948966,445.0,292.96875,60.9375,6.987,-2.677945044588987,490.0,293.75,67.96875,6.72,2.521343167606972,,,,,,,,,,,-0.3131974569368712
463,75.0,64.84375,1.6178245560632265,-2.133,0.012,6.986,476,82.03125,65.625,7.074,0.1106572211738956,507,71.875,71.09375,6.987,2.0344439357957027,434.0,78.90625,59.375,6.72,-0.9505468408120752,475.0,67.1875,65.625,7.851,3.0419240010986317,433.0,71.875,59.375,6.298,-2.08994244104142,,,,,,-0.2691974569368716
464,89.84375,64.84375,1.6905950562336824,1.541,-0.018,7.177,509,93.75,71.09375,7.37,1.012197011451334,508,85.9375,71.09375,7.37,2.129395642138459,465.0,96.875,64.84375,7.031,0.0,435.0,85.9375,59.375,6.72,-2.191045812777718,436.0,93.75,59.375,6.72,-0.9505468408120752,476.0,82.03125,65.625,7.851,3.0419240010986317,-0.07819745693687175
465,96.875,64.84375,1.6723387915004466,0.22,-0.01,7.145,419,100.78125,58.59375,7.37,-1.012197011451334,510,100.78125,71.09375,7.37,1.012197011451334,464.0,89.84375,64.84375,7.031,3.141592653589793,509.0,93.75,71.09375,6.987,2.0344439357957027,466.0,104.6875,64.84375,7.812,0.0,436.0,93.75,59.375,6.298,-2.08994244104142,-0.11019745693687177
466,104.6875,64.84375,1.6890824693198083,3.141,-0.001,7.259,419,100.78125,58.59375,7.37,-2.129395642138459,510,100.78125,71.09375,7.37,2.129395642138459,467.0,111.71875,64.84375,7.031,0.0,420.0,107.8125,58.59375,6.987,-1.1071487177940904,511.0,107.8125,71.09375,6.987,1.1071487177940904,465.0,96.875,64.84375,7.812,3.141592653589793,0.0038025430631289936
467,111.71875,64.84375,1.7108410415454731,3.141,-0.001,7.129,420,107.8125,58.59375,7.37,-2.129395642138459,511,107.8125,71.09375,7.37,2.129395642138459,468.0,118.75,64.84375,7.031,0.0,466.0,104.6875,64.84375,7.031,3.141592653589793,421.0,114.84375,58.59375,6.987,-1.1071487177940904,512.0,114.84375,71.09375,6.987,1.1071487177940904,-0.1261974569368718
468,118.75,64.84375,1.7103990162003888,0.051,-0.001,7.257,421,114.84375,58.59375,7.37,-2.129395642138459,422,122.65625,58.59375,7.37,-1.012197011451334,513.0,122.65625,71.09375,7.37,1.012197011451334,512.0,114.84375,71.09375,7.37,2.129395642138459,469.0,125.78125,64.84375,7.031,0.0,467.0,111.71875,64.84375,7.031,3.141592653589793,0.0018025430631283257
469,125.78125,64.84375,1.6994870007270508,0.0,-0.001,7.129,423,129.6875,58.59375,7.37,-1.012197011451334,514,129.6875,71.09375,7.37,1.012197011451334,470.0,132.8125,64.84375,7.031,0.0,468.0,118.75,64.84375,7.031,3.141592653589793,422.0,122.65625,58.59375,6.987,-2.0344439357957027,513.0,122.65625,71.09375,6.987,2.0344439357957027,-0.1261974569368718
470,132.8125,64.84375,1.6865198304254296,0.0,-0.001,7.129,424,136.71875,58.59375,7.37,-1.012197011451334,515,136.71875,71.09375,7.37,1.012197011451334,471.0,139.84375,64.84375,7.031,0.0,469.0,125.78125,64.84375,7.031,3.141592653589793,423.0,129.6875,58.59375,6.987,-2.0344439357957027,514.0,129.6875,71.09375,6.987,2.0344439357957027,-0.1261974569368718
471,139.84375,64.84375,1.6774397539624686,0.0,-0.001,7.129,425,143.75,58.59375,7.37,-1.012197011451334,516,143.75,71.09375,7.37,1.012197011451334,472.0,146.875,64.84375,7.031,0.0,470.0,132.8125,64.84375,7.031,3.141592653589793,424.0,136.71875,58.59375,6.987,-2.0344439357957027,515.0,136.71875,71.09375,6.987,2.0344439357957027,-0.1261974569368718
472,146.875,64.84375,1.6856078938094008,-0.512,-0.017,7.065,517,150.78125,71.09375,7.37,1.012197011451334,473,153.90625,64.84375,7.031,0.0,471.0,139.84375,64.84375,7.031,3.141592653589793,426.0,150.0,58.59375,6.987,-1.1071487177940904,425.0,143.75,58.59375,6.987,-2.0344439357957027,516.0,143.75,71.09375,6.987,2.0344439357957027,-0.19019745693687096
473,153.90625,64.84375,1.7154510319877596,-1.838,-0.078,6.976,426,150.0,58.59375,7.37,-2.129395642138459,459,160.9375,64.0625,7.074,-0.1106572211738956,472.0,146.875,64.84375,7.031,3.141592653589793,517.0,150.78125,71.09375,6.987,2.0344439357957027,504.0,157.8125,70.3125,6.72,0.9505468408120752,427.0,156.25,58.59375,6.675,-1.2120256565243244,-0.27919745693687137
474,172.65625,64.84375,1.6744369102970726,1.66,-0.368,7.047,416,174.21875,57.8125,7.202,-1.3521273809209546,496,178.125,69.53125,7.202,0.7086262721276703,439.0,167.1875,60.9375,6.72,-2.521343167606972,448.0,178.90625,62.5,6.675,-0.3587706702705722,491.0,165.625,68.75,8.043,2.6344941491974563,518.0,171.09375,71.09375,6.442,1.8157749899217608,-0.20819745693687164
475,67.1875,65.625,1.6243285622653596,-1.527,0.08,7.702,458,60.15625,64.0625,7.202,-2.922923707715851,507,71.875,71.09375,7.202,0.8621700546672264,418.0,64.0625,58.59375,7.694,-1.9890206563741255,433.0,71.875,59.375,7.812,-0.9272952180016122,463.0,75.0,64.84375,7.851,-0.099668652491162,503.0,60.15625,70.3125,8.45,2.5535900500422257,0.4468025430631286
476,82.03125,65.625,1.6102650497550564,-0.715,-0.017,7.283,435,85.9375,59.375,7.37,-1.012197011451334,463,75.0,64.84375,7.074,-3.0309354324158977,434.0,78.90625,59.375,6.987,-2.0344439357957027,522.0,78.90625,72.65625,7.694,1.9890206563741255,508.0,85.9375,71.09375,6.72,0.9505468408120752,464.0,89.84375,64.84375,7.851,-0.099668652491162,0.027802543063129015
477,191.40625,65.625,1.67434177250135,-2.767,-0.275,7.176,428,192.96875,58.59375,7.202,-1.3521273809209546,440,185.9375,60.9375,7.202,-2.432966381462123,485.0,184.375,67.1875,7.202,2.922923707715851,455.0,198.4375,63.28125,7.411,-0.3217505543966422,523.0,189.0625,72.65625,7.411,1.892546881191539,505.0,196.09375,70.3125,6.629,0.7853981633974483,-0.07919745693687119
478,271.09375,65.625,1.6671665219500644,2.639,-0.405,7.197,429,272.65625,58.59375,7.202,-1.3521273809209546,444,265.625,60.9375,7.202,-2.432966381462123,495.0,264.84375,68.75,6.987,2.677945044588987,506.0,275.78125,70.3125,6.629,0.7853981633974483,525.0,269.53125,73.4375,7.967,1.7681918866447774,,,,,,-0.058197456936871284
479,5.46875,66.40625,1.645631572591748,1.225,0.523,7.036,499,11.71875,70.3125,7.37,0.5585993153435624,430,5.46875,59.375,7.031,-1.5707963267948966,452.0,11.71875,63.28125,6.987,-0.4636476090008061,498.0,0.0,70.3125,6.72,2.521343167606972,526.0,5.46875,74.21875,7.812,1.5707963267948966,451.0,0.0,63.28125,6.298,-2.62244653934327,-0.21919745693687176
480,17.96875,66.40625,1.6477917659473245,1.916,-0.524,7.036,499,11.71875,70.3125,7.37,2.5829933382462307,431,17.96875,59.375,7.031,-1.5707963267948966,452.0,11.71875,63.28125,6.987,-2.677945044588987,500.0,23.4375,70.3125,6.72,0.6202494859828215,527.0,17.96875,74.21875,7.812,1.5707963267948966,453.0,23.4375,63.28125,6.298,-0.5191461142465229,-0.21919745693687176
481,29.6875,66.40625,1.645044612754374,2.081,0.507,7.193,447,35.9375,62.5,7.37,-0.5585993153435624,500,23.4375,70.3125,7.37,2.5829933382462307,501.0,35.9375,70.3125,7.37,0.5585993153435624,453.0,23.4375,63.28125,6.987,-2.677945044588987,528.0,29.6875,74.21875,7.812,1.5707963267948966,437.0,29.6875,60.15625,6.25,-1.5707963267948966,-0.06219745693687173
482,42.1875,66.40625,1.6885848288033347,1.059,-0.508,7.584,447,35.9375,62.5,7.37,-2.5829933382462307,501,35.9375,70.3125,7.37,2.5829933382462307,502.0,48.4375,70.3125,7.37,0.5585993153435624,454.0,48.4375,63.28125,6.987,-0.4636476090008061,529.0,42.1875,74.21875,7.812,1.5707963267948966,415.0,42.1875,57.8125,8.593,-1.5707963267948966,0.3288025430631283
483,216.40625,66.40625,1.5596841673593411,-2.666,-0.143,6.497,486,209.375,67.1875,7.074,3.0309354324158977,442,212.5,60.9375,6.72,-2.191045812777718,524.0,214.84375,72.65625,6.442,1.8157749899217608,443.0,219.53125,60.9375,6.298,-1.0516502125483738,493.0,221.875,68.75,5.949,0.4048917862850834,,,,,,-0.7581974569368715
484,53.90625,67.1875,1.5945972261225425,-0.214,-0.476,6.998,530,53.90625,74.21875,7.031,1.5707963267948966,458,60.15625,64.0625,6.987,-0.4636476090008061,503.0,60.15625,70.3125,6.987,0.4636476090008061,454.0,48.4375,63.28125,6.72,-2.521343167606972,432.0,55.46875,59.375,7.967,-1.373400766945016,502.0,48.4375,70.3125,6.298,2.62244653934327,-0.2571974569368711
485,184.375,67.1875,1.6671470293205977,2.142,-0.264,7.022,448,178.90625,62.5,7.202,-2.432966381462123,477,191.40625,65.625,7.202,-0.2186689458739419,523.0,189.0625,72.65625,7.202,0.8621700546672264,532.0,182.03125,74.21875,7.411,1.892546881191539,496.0,178.125,69.53125,6.675,2.782821983319221,440.0,185.9375,60.9375,6.442,-1.3258176636680326,-0.2331974569368711
486,209.375,67.1875,1.6977688712964625,0.323,-0.184,7.208,533,207.8125,74.21875,7.202,1.7894652726688385,483,216.40625,66.40625,7.074,-0.1106572211738956,442.0,212.5,60.9375,6.987,-1.1071487177940904,524.0,214.84375,72.65625,7.733,0.7853981633974483,441.0,204.6875,60.9375,7.812,-2.214297435588181,492.0,203.125,68.75,6.442,2.896613990462929,-0.04719745693687116
487,252.34375,67.1875,1.6042337550825063,-2.027,-0.372,7.217,521,257.8125,71.875,7.202,0.7086262721276703,438,253.125,60.15625,7.074,-1.460139105621001,535.0,251.5625,74.21875,7.074,1.6814535479687922,460.0,259.375,64.0625,7.694,-0.4182243295792291,497.0,244.53125,69.53125,8.156,2.8501358591119264,457.0,247.65625,63.28125,6.101,-2.44685437739309,-0.03819745693687171
488,229.6875,67.96875,1.6230957077197743,1.2,0.01,7.234,534,232.8125,74.21875,6.987,1.1071487177940904,536,226.5625,75.0,7.694,1.9890206563741255,450.0,233.59375,62.5,6.72,-0.9505468408120752,493.0,221.875,68.75,7.851,3.0419240010986317,494.0,237.5,68.75,7.851,0.099668652491162,449.0,226.5625,62.5,6.298,-2.08994244104142,-0.02119745693687136
489,282.03125,67.96875,1.6578805425618903,1.095,0.464,6.751,537,281.25,75.0,7.074,1.6814535479687922,446,278.90625,61.71875,6.987,-2.0344439357957027,461.0,287.5,64.0625,6.72,-0.6202494859828215,506.0,275.78125,70.3125,6.675,2.782821983319221,519.0,287.5,71.09375,6.298,0.5191461142465229,,,,,,-0.504197456936871
490,293.75,67.96875,1.6638770686227362,-2.384,0.504,6.913,461,287.5,64.0625,7.37,-2.5829933382462307,445,292.96875,60.9375,7.074,-1.6814535479687922,538.0,293.75,75.0,7.031,1.5707963267948966,519.0,287.5,71.09375,6.987,2.677945044588987,462.0,299.21875,64.0625,6.72,-0.6202494859828215,520.0,299.21875,71.09375,6.298,0.5191461142465229,-0.3421974569368711
491,165.625,68.75,1.5209709348072615,-1.383,-0.445,7.311,459,160.9375,64.0625,6.629,-2.356194490192345,439,167.1875,60.9375,7.967,-1.373400766945016,504.0,157.8125,70.3125,7.967,2.9441970937399127,474.0,172.65625,64.84375,8.043,-0.507098504392337,518.0,171.09375,71.09375,5.949,0.4048917862850834,,,,,,0.055802543063128596
492,203.125,68.75,1.6324742989630388,-2.714,-0.227,7.238,455,198.4375,63.28125,7.202,-2.279422598922567,505,196.09375,70.3125,7.202,2.922923707715851,533.0,207.8125,74.21875,7.202,0.8621700546672264,540.0,200.78125,75.78125,7.411,1.892546881191539,441.0,204.6875,60.9375,7.967,-1.373400766945016,486.0,209.375,67.1875,6.442,-0.2449786631268641,-0.017197456936870914
493,221.875,68.75,1.581186299824228,0.477,-0.063,7.972,449,226.5625,62.5,7.812,-0.9272952180016122,536,226.5625,75.0,7.812,0.9272952180016122,488.0,229.6875,67.96875,7.851,-0.099668652491162,524.0,214.84375,72.65625,8.043,2.6344941491974563,544.0,219.53125,76.5625,8.156,1.862253121272764,443.0,219.53125,60.9375,8.156,-1.862253121272764,0.7168025430631291
494,237.5,68.75,1.6085241982777034,-2.199,0.085,7.159,534,232.8125,74.21875,7.202,2.279422598922567,450,233.59375,62.5,7.37,-2.129395642138459,497.0,244.53125,69.53125,7.074,0.1106572211738956,488.0,229.6875,67.96875,7.851,-3.0419240010986317,456.0,240.625,63.28125,6.298,-1.0516502125483738,,,,,,-0.09619745693687154
495,264.84375,68.75,1.6429280706320957,3.136,-0.373,7.388,460,259.375,64.0625,7.202,-2.432966381462123,478,271.09375,65.625,6.987,-0.4636476090008061,521.0,257.8125,71.875,7.694,2.723368324010564,444.0,265.625,60.9375,7.851,-1.4711276743037347,525.0,269.53125,73.4375,6.629,0.7853981633974483,546.0,263.28125,76.5625,7.967,1.7681918866447774,0.13280254306312855
496,178.125,69.53125,1.6431789358624675,-2.974,-0.284,6.944,474,172.65625,64.84375,7.202,-2.432966381462123,518,171.09375,71.09375,7.202,2.922923707715851,543.0,175.78125,76.5625,7.411,1.892546881191539,448.0,178.90625,62.5,7.074,-1.460139105621001,485.0,184.375,67.1875,6.675,-0.3587706702705722,532.0,182.03125,74.21875,6.101,0.8760580505981934,-0.3111974569368714
497,244.53125,69.53125,1.5468681585224355,-0.623,-0.118,7.519,456,240.625,63.28125,7.37,-2.129395642138459,494,237.5,68.75,7.074,-3.0309354324158977,545.0,245.3125,76.5625,7.074,1.460139105621001,457.0,247.65625,63.28125,6.987,-1.1071487177940904,487.0,252.34375,67.1875,8.156,-0.2914567944778671,535.0,251.5625,74.21875,8.45,0.5880026035475675,0.2638025430631288
498,0.0,70.3125,1.653655166648118,0.0,-0.262,6.875,451,0.0,63.28125,7.031,-1.5707963267948966,547,0.0,77.34375,7.031,1.5707963267948966,479.0,5.46875,66.40625,6.72,-0.6202494859828215,526.0,5.46875,74.21875,6.72,0.6202494859828215,,,,,,,,,,,-0.38019745693687135
499,11.71875,70.3125,1.713846506678215,0.311,-0.524,7.257,479,5.46875,66.40625,7.37,-2.5829933382462307,480,17.96875,66.40625,7.37,-0.5585993153435624,526.0,5.46875,74.21875,7.37,2.5829933382462307,527.0,17.96875,74.21875,7.37,0.5585993153435624,452.0,11.71875,63.28125,7.031,-1.5707963267948966,548.0,11.71875,77.34375,7.031,1.5707963267948966,0.0018025430631283257
500,23.4375,70.3125,1.653792011763864,-0.035,0.504,7.047,481,29.6875,66.40625,7.37,-0.5585993153435624,528,29.6875,74.21875,7.37,0.5585993153435624,549.0,24.21875,77.34375,7.074,1.460139105621001,453.0,23.4375,63.28125,7.031,-1.5707963267948966,527.0,17.96875,74.21875,6.72,2.521343167606972,480.0,17.96875,66.40625,6.72,-2.521343167606972,-0.20819745693687164
501,35.9375,70.3125,1.7034866233216848,0.0,-0.524,7.387,481,29.6875,66.40625,7.37,-2.5829933382462307,482,42.1875,66.40625,7.37,-0.5585993153435624,528.0,29.6875,74.21875,7.37,2.5829933382462307,529.0,42.1875,74.21875,7.37,0.5585993153435624,550.0,35.9375,77.34375,7.031,1.5707963267948966,447.0,35.9375,62.5,7.812,-1.5707963267948966,0.13180254306312822
502,48.4375,70.3125,1.665373606119444,2.576,-0.489,6.977,482,42.1875,66.40625,7.37,-2.5829933382462307,529,42.1875,74.21875,7.37,2.5829933382462307,551.0,47.65625,77.34375,7.074,1.6814535479687922,454.0,48.4375,63.28125,7.031,-1.5707963267948966,530.0,53.90625,74.21875,6.72,0.6202494859828215,484.0,53.90625,67.1875,6.298,-0.5191461142465229,-0.27819745693687103
503,60.15625,70.3125,1.6460964201754873,2.391,0.502,7.243,530,53.90625,74.21875,7.37,2.5829933382462307,531,66.40625,74.21875,7.37,0.5585993153435624,552.0,60.15625,77.34375,7.031,1.5707963267948966,484.0,53.90625,67.1875,6.987,-2.677945044588987,458.0,60.15625,64.0625,6.25,-1.5707963267948966,475.0,67.1875,65.625,8.45,-0.5880026035475675,-0.01219745693687102
504,157.8125,70.3125,1.6351013988453245,-2.204,-0.101,7.302,542,161.71875,76.5625,7.37,1.012197011451334,517,150.78125,71.09375,7.074,3.0309354324158977,459.0,160.9375,64.0625,6.987,-1.1071487177940904,560.0,154.6875,77.34375,7.694,1.9890206563741255,473.0,153.90625,64.84375,6.72,-2.191045812777718,491.0,165.625,68.75,7.967,-0.1973955598498807,0.046802543063128255
505,196.09375,70.3125,1.6990375199595875,1.758,-0.232,7.211,492,203.125,68.75,7.202,-0.2186689458739419,540,200.78125,75.78125,7.202,0.8621700546672264,523.0,189.0625,72.65625,7.411,2.819842099193151,455.0,198.4375,63.28125,7.411,-1.2490457723982544,562.0,193.75,77.34375,7.411,1.892546881191539,477.0,191.40625,65.625,6.629,-2.356194490192345,-0.04419745693687105
506,275.78125,70.3125,1.6524182042837732,1.576,-0.444,7.069,537,281.25,75.0,7.202,0.7086262721276703,525,269.53125,73.4375,6.987,2.677945044588987,489.0,282.03125,67.96875,6.675,-0.3587706702705722,566.0,275.0,78.125,7.851,1.6704649792860586,478.0,271.09375,65.625,6.629,-2.356194490192345,,,,,,-0.1861974569368714
507,71.875,71.09375,1.6757327598017269,1.068,0.365,6.798,475,67.1875,65.625,7.202,-2.279422598922567,522,78.90625,72.65625,7.202,0.2186689458739419,463.0,75.0,64.84375,6.987,-1.1071487177940904,531.0,66.40625,74.21875,6.298,2.62244653934327,553.0,72.65625,77.34375,6.298,1.446441332248135,,,,,,-0.4571974569368713
508,85.9375,71.09375,1.703940793708292,0.475,-0.144,7.156,522,78.90625,72.65625,7.202,2.922923707715851,564,84.375,78.125,7.202,1.7894652726688385,464.0,89.84375,64.84375,7.37,-1.012197011451334,476.0,82.03125,65.625,6.72,-2.191045812777718,509.0,93.75,71.09375,7.812,0.0,539.0,90.625,75.78125,6.629,0.7853981633974483,-0.09919745693687165
509,93.75,71.09375,1.640124117654979,-1.199,0.001,7.379,464,89.84375,64.84375,7.37,-2.129395642138459,510,100.78125,71.09375,7.031,0.0,465.0,96.875,64.84375,6.987,-1.1071487177940904,565.0,96.875,78.125,7.694,1.1525719972156676,508.0,85.9375,71.09375,7.812,3.141592653589793,,,,,,0.12380254306312821
510,100.78125,71.09375,1.7010209145068071,-0.085,-0.019,7.261,465,96.875,64.84375,7.37,-2.129395642138459,466,104.6875,64.84375,7.37,-1.012197011451334,509.0,93.75,71.09375,7.031,3.141592653589793,511.0,107.8125,71.09375,7.031,0.0,541.0,104.6875,76.5625,6.72,0.9505468408120752,565.0,96.875,78.125,8.043,2.0778948311872334,0.005802543063128773
511,107.8125,71.09375,1.6934087038776895,-0.221,0.009,7.014,467,111.71875,64.84375,7.37,-1.012197011451334,554,111.71875,77.34375,7.37,1.012197011451334,512.0,114.84375,71.09375,7.031,0.0,510.0,100.78125,71.09375,7.031,3.141592653589793,466.0,104.6875,64.84375,6.987,-2.0344439357957027,541.0,104.6875,76.5625,6.298,2.08994244104142,-0.2411974569368711
512,114.84375,71.09375,1.6534740386587612,0.0,-0.001,7.259,468,118.75,64.84375,7.37,-1.012197011451334,555,118.75,77.34375,7.37,1.012197011451334,511.0,107.8125,71.09375,7.031,3.141592653589793,467.0,111.71875,64.84375,6.987,-2.0344439357957027,554.0,111.71875,77.34375,6.987,2.0344439357957027,513.0,122.65625,71.09375,7.812,0.0,0.0038025430631289936
513,122.65625,71.09375,1.6681603161253482,3.141,-0.001,7.259,468,118.75,64.84375,7.37,-2.129395642138459,555,118.75,77.34375,7.37,2.129395642138459,514.0,129.6875,71.09375,7.031,0.0,469.0,125.78125,64.84375,6.987,-1.1071487177940904,556.0,125.78125,77.34375,6.987,1.1071487177940904,512.0,114.84375,71.09375,7.812,3.141592653589793,0.0038025430631289936
514,129.6875,71.09375,1.6608611096601007,3.141,-0.001,7.129,469,125.78125,64.84375,7.37,-2.129395642138459,556,125.78125,77.34375,7.37,2.129395642138459,515.0,136.71875,71.09375,7.031,0.0,513.0,122.65625,71.09375,7.031,3.141592653589793,470.0,132.8125,64.84375,6.987,-1.1071487177940904,557.0,132.8125,77.34375,6.987,1.1071487177940904,-0.1261974569368718
515,136.71875,71.09375,1.6662930523041166,3.141,-0.001,7.129,470,132.8125,64.84375,7.37,-2.129395642138459,557,132.8125,77.34375,7.37,2.129395642138459,516.0,143.75,71.09375,7.031,0.0,514.0,129.6875,71.09375,7.031,3.141592653589793,471.0,139.84375,64.84375,6.987,-1.1071487177940904,558.0,139.84375,77.34375,6.987,1.1071487177940904,-0.1261974569368718
516,143.75,71.09375,1.684176345990996,-2.631,-0.016,7.193,471,139.84375,64.84375,7.37,-2.129395642138459,558,139.84375,77.34375,7.37,2.129395642138459,559.0,147.65625,77.34375,7.37,1.012197011451334,515.0,136.71875,71.09375,7.031,3.141592653589793,517.0,150.78125,71.09375,7.031,0.0,472.0,146.875,64.84375,6.987,-1.1071487177940904,-0.06219745693687173
517,150.78125,71.09375,1.7082948253647812,-1.627,-0.051,7.136,472,146.875,64.84375,7.37,-2.129395642138459,560,154.6875,77.34375,7.37,1.012197011451334,504.0,157.8125,70.3125,7.074,-0.1106572211738956,516.0,143.75,71.09375,7.031,3.141592653589793,473.0,153.90625,64.84375,6.987,-1.1071487177940904,559.0,147.65625,77.34375,6.987,2.0344439357957027,-0.11919745693687123
518,171.09375,71.09375,1.578742889268633,0.188,-0.289,6.694,543,175.78125,76.5625,7.202,0.8621700546672264,496,178.125,69.53125,7.202,-0.2186689458739419,561.0,168.75,77.34375,6.675,1.9295669970654687,474.0,172.65625,64.84375,6.442,-1.3258176636680326,491.0,165.625,68.75,5.949,-2.7367008673047097,,,,,,-0.5611974569368714
519,287.5,71.09375,1.632010036464621,1.349,-0.515,7.145,537,281.25,75.0,7.37,2.5829933382462307,538,293.75,75.0,7.37,0.5585993153435624,461.0,287.5,64.0625,7.031,-1.5707963267948966,490.0,293.75,67.96875,6.987,-0.4636476090008061,570.0,287.5,78.90625,7.812,1.5707963267948966,489.0,282.03125,67.96875,6.298,-2.62244653934327,-0.11019745693687177
520,299.21875,71.09375,1.5905382857956971,3.091,-0.299,6.965,462,299.21875,64.0625,7.031,-1.5707963267948966,538,293.75,75.0,6.72,2.521343167606972,571.0,299.21875,78.90625,7.812,1.5707963267948966,490.0,293.75,67.96875,6.298,-2.62244653934327,,,,,,,,,,,-0.2901974569368715
521,257.8125,71.875,1.6229735816195463,-0.584,-0.366,7.302,487,252.34375,67.1875,7.202,-2.432966381462123,546,263.28125,76.5625,7.202,0.7086262721276703,569.0,257.03125,78.90625,7.074,1.6814535479687922,495.0,264.84375,68.75,7.694,-0.4182243295792291,535.0,251.5625,74.21875,6.675,2.782821983319221,460.0,259.375,64.0625,7.967,-1.373400766945016,0.046802543063128255
522,78.90625,72.65625,1.5845300155951694,1.341,-0.295,7.712,507,71.875,71.09375,7.202,-2.922923707715851,508,85.9375,71.09375,7.202,-0.2186689458739419,476.0,82.03125,65.625,7.694,-1.1525719972156676,564.0,84.375,78.125,7.733,0.7853981633974483,553.0,72.65625,77.34375,7.812,2.498091544796509,580.0,78.125,81.25,8.629,1.6614562139956417,0.4568025430631284
523,189.0625,72.65625,1.6723362203488756,-0.904,-0.245,7.05,485,184.375,67.1875,7.202,-2.279422598922567,532,182.03125,74.21875,7.202,2.922923707715851,477.0,191.40625,65.625,7.411,-1.2490457723982544,505.0,196.09375,70.3125,7.411,-0.3217505543966422,562.0,193.75,77.34375,6.629,0.7853981633974483,567.0,187.5,78.90625,6.442,1.8157749899217608,-0.20519745693687153
524,214.84375,72.65625,1.6115741342820575,-1.956,-0.29,7.033,533,207.8125,74.21875,7.202,2.922923707715851,486,209.375,67.1875,7.733,-2.356194490192345,568.0,212.5,78.90625,6.675,1.9295669970654687,493.0,221.875,68.75,8.043,-0.507098504392337,483.0,216.40625,66.40625,6.442,-1.3258176636680326,544.0,219.53125,76.5625,6.101,0.6947382761967031,-0.22219745693687099
525,269.53125,73.4375,1.635065039818294,-0.303,-0.379,7.141,566,275.0,78.125,7.202,0.7086262721276703,573,268.75,80.46875,7.074,1.6814535479687922,546.0,263.28125,76.5625,6.987,2.677945044588987,506.0,275.78125,70.3125,6.987,-0.4636476090008061,495.0,264.84375,68.75,6.629,-2.356194490192345,478.0,271.09375,65.625,7.967,-1.373400766945016,-0.11419745693687133
526,5.46875,74.21875,1.6959138787321577,-1.226,-0.524,7.036,499,11.71875,70.3125,7.37,-0.5585993153435624,574,5.46875,81.25,7.031,1.5707963267948966,548.0,11.71875,77.34375,6.987,0.4636476090008061,498.0,0.0,70.3125,6.72,-2.521343167606972,479.0,5.46875,66.40625,7.812,-1.5707963267948966,547.0,0.0,77.34375,6.298,2.62244653934327,-0.21919745693687176
527,17.96875,74.21875,1.694279596436978,-1.728,0.513,7.151,499,11.71875,70.3125,7.37,-2.5829933382462307,575,17.96875,81.25,7.031,1.5707963267948966,549.0,24.21875,77.34375,6.987,0.4636476090008061,548.0,11.71875,77.34375,6.987,2.677945044588987,500.0,23.4375,70.3125,6.72,-0.6202494859828215,480.0,17.96875,66.40625,7.812,-1.5707963267948966,-0.10419745693687155
528,29.6875,74.21875,1.673803916098119,-1.35,0.514,7.145,500,23.4375,70.3125,7.37,-2.5829933382462307,501,35.9375,70.3125,7.37,-0.5585993153435624,576.0,29.6875,81.25,7.031,1.5707963267948966,550.0,35.9375,77.34375,6.987,0.4636476090008061,481.0,29.6875,66.40625,7.812,-1.5707963267948966,549.0,24.21875,77.34375,6.298,2.62244653934327,-0.11019745693687177
529,42.1875,74.21875,1.6528517309934134,-1.792,-0.515,7.145,501,35.9375,70.3125,7.37,-2.5829933382462307,502,48.4375,70.3125,7.37,-0.5585993153435624,577.0,42.1875,81.25,7.031,1.5707963267948966,550.0,35.9375,77.34375,6.987,2.677945044588987,482.0,42.1875,66.40625,7.812,-1.5707963267948966,551.0,47.65625,77.34375,6.298,0.5191461142465229,-0.11019745693687177
530,53.90625,74.21875,1.6965709277854937,-1.415,-0.514,7.021,503,60.15625,70.3125,7.37,-0.5585993153435624,484,53.90625,67.1875,7.031,-1.5707963267948966,578.0,53.90625,81.25,7.031,1.5707963267948966,551.0,47.65625,77.34375,6.987,2.677945044588987,552.0,60.15625,77.34375,6.987,0.4636476090008061,502.0,48.4375,70.3125,6.72,-2.521343167606972,-0.23419745693687144
531,66.40625,74.21875,1.686681242992339,-0.856,-0.502,7.217,503,60.15625,70.3125,7.37,-2.5829933382462307,579,66.40625,81.25,7.031,1.5707963267948966,553.0,72.65625,77.34375,6.987,0.4636476090008061,552.0,60.15625,77.34375,6.987,2.677945044588987,507.0,71.875,71.09375,6.298,-0.5191461142465229,475.0,67.1875,65.625,8.629,-1.4801364395941514,-0.03819745693687171
532,182.03125,74.21875,1.6137894261943888,0.105,-0.247,7.0,523,189.0625,72.65625,7.202,-0.2186689458739419,567,187.5,78.90625,7.202,0.7086262721276703,581.0,179.6875,81.25,7.411,1.892546881191539,485.0,184.375,67.1875,7.411,-1.2490457723982544,543.0,175.78125,76.5625,6.675,2.782821983319221,496.0,178.125,69.53125,6.101,-2.2655346029916,-0.25519745693687135
533,207.8125,74.21875,1.6537732548408284,-2.066,-0.232,7.141,486,209.375,67.1875,7.202,-1.3521273809209546,492,203.125,68.75,7.202,-2.279422598922567,524.0,214.84375,72.65625,7.202,-0.2186689458739419,540.0,200.78125,75.78125,7.202,2.922923707715851,582.0,205.46875,81.25,7.411,1.892546881191539,568.0,212.5,78.90625,6.629,0.7853981633974483,-0.11419745693687133
534,232.8125,74.21875,1.5695219425080118,-1.772,0.099,6.755,494,237.5,68.75,7.202,-0.8621700546672264,488,229.6875,67.96875,6.987,-2.0344439357957027,563.0,239.0625,77.34375,6.987,0.4636476090008061,536.0,226.5625,75.0,6.298,3.017237659043032,572.0,232.03125,80.46875,6.298,1.695151321341658,,,,,,-0.5001974569368715
535,251.5625,74.21875,1.666202078376817,2.219,-0.391,7.192,569,257.03125,78.90625,7.202,0.7086262721276703,487,252.34375,67.1875,7.074,-1.460139105621001,583.0,250.78125,81.25,7.074,1.6814535479687922,521.0,257.8125,71.875,6.675,-0.3587706702705722,545.0,245.3125,76.5625,6.675,2.782821983319221,497.0,244.53125,69.53125,8.45,-2.5535900500422257,-0.06319745693687118
536,226.5625,75.0,1.6814010417199918,0.197,-0.189,7.324,544,219.53125,76.5625,7.202,2.922923707715851,585,225.0,82.03125,7.202,1.7894652726688385,488.0,229.6875,67.96875,7.694,-1.1525719972156676,572.0,232.03125,80.46875,7.733,0.7853981633974483,493.0,221.875,68.75,7.812,-2.214297435588181,534.0,232.8125,74.21875,6.298,-0.1243549945467614,0.0688025430631285
537,281.25,75.0,1.6520792093228769,-0.913,-0.466,7.172,506,275.78125,70.3125,7.202,-2.432966381462123,519,287.5,71.09375,7.37,-0.5585993153435624,570.0,287.5,78.90625,7.37,0.5585993153435624,489.0,282.03125,67.96875,7.074,-1.460139105621001,586.0,281.25,82.03125,7.031,1.5707963267948966,566.0,275.0,78.125,6.987,2.677945044588987,-0.08319745693687164
538,293.75,75.0,1.6694543327332323,3.141,-0.524,7.04,519,287.5,71.09375,7.37,-2.5829933382462307,570,287.5,78.90625,7.37,2.5829933382462307,490.0,293.75,67.96875,7.031,-1.5707963267948966,587.0,293.75,82.03125,7.031,1.5707963267948966,520.0,299.21875,71.09375,6.72,-0.6202494859828215,571.0,299.21875,78.90625,6.72,0.6202494859828215,-0.2151974569368713
539,90.625,75.78125,1.5991959210092268,2.188,0.372,6.557,564,84.375,78.125,6.675,2.782821983319221,565,96.875,78.125,6.675,0.3587706702705722,508.0,85.9375,71.09375,6.629,-2.356194490192345,584.0,90.625,82.03125,6.25,1.5707963267948966,,,,,,,,,,,-0.698197456936871
540,200.78125,75.78125,1.6921896715921383,0.27,-0.219,7.237,505,196.09375,70.3125,7.202,-2.279422598922567,533,207.8125,74.21875,7.202,-0.2186689458739419,562.0,193.75,77.34375,7.202,2.922923707715851,582.0,205.46875,81.25,7.202,0.8621700546672264,591.0,199.21875,82.8125,7.202,1.7894652726688385,492.0,203.125,68.75,7.411,-1.2490457723982544,-0.018197456936871248
541,104.6875,76.5625,1.6339271479466275,-2.395,-0.061,7.009,554,111.71875,77.34375,7.074,0.1106572211738956,588,101.5625,82.8125,6.987,2.0344439357957027,510.0,100.78125,71.09375,6.72,-2.191045812777718,565.0,96.875,78.125,7.967,2.9441970937399127,511.0,107.8125,71.09375,6.298,-1.0516502125483738,,,,,,-0.246197456936871
542,161.71875,76.5625,1.607055447235468,1.933,-0.03,7.384,504,157.8125,70.3125,7.37,-2.129395642138459,560,154.6875,77.34375,7.074,3.0309354324158977,561.0,168.75,77.34375,7.074,0.1106572211738956,590.0,164.84375,82.8125,6.987,1.1071487177940904,601.0,158.59375,84.375,8.414,1.9513027039072612,,,,,,0.128802543063129
543,175.78125,76.5625,1.6306940559869665,-1.364,-0.243,6.893,518,171.09375,71.09375,7.202,-2.279422598922567,496,178.125,69.53125,7.411,-1.2490457723982544,561.0,168.75,77.34375,7.074,3.0309354324158977,532.0,182.03125,74.21875,6.675,-0.3587706702705722,581.0,179.6875,81.25,6.101,0.8760580505981934,,,,,,-0.36219745693687155
544,219.53125,76.5625,1.634484595281502,1.373,-0.282,7.301,536,226.5625,75.0,7.202,-0.2186689458739419,596,217.96875,83.59375,7.202,1.7894652726688385,568.0,212.5,78.90625,7.411,2.819842099193151,585.0,225.0,82.03125,7.733,0.7853981633974483,493.0,221.875,68.75,8.156,-1.2793395323170296,524.0,214.84375,72.65625,6.101,-2.44685437739309,0.04580254306312881
545,245.3125,76.5625,1.618593762288423,0.823,-0.403,6.89,583,250.78125,81.25,7.202,0.7086262721276703,597,243.75,83.59375,7.202,1.7894652726688385,497.0,244.53125,69.53125,7.074,-1.6814535479687922,535.0,251.5625,74.21875,6.675,-0.3587706702705722,563.0,239.0625,77.34375,6.298,3.017237659043032,,,,,,-0.36519745693687167
546,263.28125,76.5625,1.6058962657650495,-0.998,-0.388,7.104,521,257.8125,71.875,7.202,-2.432966381462123,598,262.5,83.59375,7.074,1.6814535479687922,525.0,269.53125,73.4375,6.987,-0.4636476090008061,573.0,268.75,80.46875,6.72,0.6202494859828215,569.0,257.03125,78.90625,6.675,2.782821983319221,495.0,264.84375,68.75,7.967,-1.373400766945016,-0.15119745693687126
547,0.0,77.34375,1.6080741693735991,0.05,0.298,6.965,498,0.0,70.3125,7.031,-1.5707963267948966,574,5.46875,81.25,6.72,0.6202494859828215,604.0,0.0,85.15625,7.812,1.5707963267948966,526.0,5.46875,74.21875,6.298,-0.5191461142465229,,,,,,,,,,,-0.2901974569368715
548,11.71875,77.34375,1.6671181900703669,1.57,-0.524,7.259,574,5.46875,81.25,7.37,2.5829933382462307,575,17.96875,81.25,7.37,0.5585993153435624,499.0,11.71875,70.3125,7.031,-1.5707963267948966,526.0,5.46875,74.21875,6.987,-2.677945044588987,527.0,17.96875,74.21875,6.987,-0.4636476090008061,605.0,11.71875,85.15625,7.812,1.5707963267948966,0.0038025430631289936
549,24.21875,77.34375,1.6177244566680729,2.582,0.522,7.05,575,17.96875,81.25,7.37,2.5829933382462307,500,23.4375,70.3125,7.074,-1.6814535479687922,527.0,17.96875,74.21875,6.987,-2.677945044588987,576.0,29.6875,81.25,6.72,0.6202494859828215,606.0,23.4375,85.15625,7.851,1.6704649792860586,528.0,29.6875,74.21875,6.298,-0.5191461142465229,-0.20519745693687153
550,35.9375,77.34375,1.6986795375556154,1.57,-0.524,7.259,576,29.6875,81.25,7.37,2.5829933382462307,577,42.1875,81.25,7.37,0.5585993153435624,501.0,35.9375,70.3125,7.031,-1.5707963267948966,528.0,29.6875,74.21875,6.987,-2.677945044588987,529.0,42.1875,74.21875,6.987,-0.4636476090008061,607.0,35.9375,85.15625,7.812,1.5707963267948966,0.0038025430631289936
551,47.65625,77.34375,1.6598046209283732,0.794,-0.506,7.044,578,53.90625,81.25,7.37,0.5585993153435624,502,48.4375,70.3125,7.074,-1.460139105621001,530.0,53.90625,74.21875,6.987,-0.4636476090008061,577.0,42.1875,81.25,6.72,2.521343167606972,608.0,47.65625,85.15625,7.812,1.5707963267948966,529.0,42.1875,74.21875,6.298,-2.62244653934327,-0.21119745693687175
552,60.15625,77.34375,1.665092480802752,1.57,-0.524,7.259,578,53.90625,81.25,7.37,2.5829933382462307,579,66.40625,81.25,7.37,0.5585993153435624,503.0,60.15625,70.3125,7.031,-1.5707963267948966,530.0,53.90625,74.21875,6.987,-2.677945044588987,531.0,66.40625,74.21875,6.987,-0.4636476090008061,609.0,60.15625,85.15625,7.812,1.5707963267948966,0.0038025430631289936
553,72.65625,77.34375,1.6149355789883788,2.954,0.497,7.173,579,66.40625,81.25,7.37,2.5829933382462307,531,66.40625,74.21875,6.987,-2.677945044588987,580.0,78.125,81.25,6.72,0.6202494859828215,522.0,78.90625,72.65625,7.812,-0.6435011087932844,610.0,71.875,85.15625,7.851,1.6704649792860586,507.0,71.875,71.09375,6.298,-1.695151321341658,-0.0821974569368713
554,111.71875,77.34375,1.6552673641898166,-1.385,-0.016,7.076,511,107.8125,71.09375,7.37,-2.129395642138459,541,104.6875,76.5625,7.074,-3.0309354324158977,555.0,118.75,77.34375,7.031,0.0,512.0,114.84375,71.09375,6.987,-1.1071487177940904,599.0,108.59375,84.375,7.694,1.9890206563741255,589.0,114.84375,82.8125,6.298,1.0516502125483738,-0.17919745693687172
555,118.75,77.34375,1.6921135142147392,2.963,0.033,7.203,512,114.84375,71.09375,7.37,-2.129395642138459,513,122.65625,71.09375,7.37,-1.012197011451334,554.0,111.71875,77.34375,7.031,3.141592653589793,556.0,125.78125,77.34375,7.031,0.0,600.0,121.875,84.375,7.694,1.1525719972156676,589.0,114.84375,82.8125,6.72,2.191045812777718,-0.052197456936871056
556,125.78125,77.34375,1.6874850637123329,-0.159,0.007,7.305,514,129.6875,71.09375,7.37,-1.012197011451334,592,129.6875,83.59375,7.37,1.012197011451334,557.0,132.8125,77.34375,7.031,0.0,555.0,118.75,77.34375,7.031,3.141592653589793,513.0,122.65625,71.09375,6.987,-2.0344439357957027,600.0,121.875,84.375,8.043,2.0778948311872334,0.04980254306312837
557,132.8125,77.34375,1.7006565649812184,0.0,-0.001,7.129,515,136.71875,71.09375,7.37,-1.012197011451334,593,136.71875,83.59375,7.37,1.012197011451334,558.0,139.84375,77.34375,7.031,0.0,556.0,125.78125,77.34375,7.031,3.141592653589793,514.0,129.6875,71.09375,6.987,-2.0344439357957027,592.0,129.6875,83.59375,6.987,2.0344439357957027,-0.1261974569368718
558,139.84375,77.34375,1.6801380364171583,0.0,-0.001,7.259,516,143.75,71.09375,7.37,-1.012197011451334,594,143.75,83.59375,7.37,1.012197011451334,557.0,132.8125,77.34375,7.031,3.141592653589793,515.0,136.71875,71.09375,6.987,-2.0344439357957027,593.0,136.71875,83.59375,6.987,2.0344439357957027,559.0,147.65625,77.34375,7.812,0.0,0.0038025430631289936
559,147.65625,77.34375,1.659745557719623,3.141,-0.001,7.259,516,143.75,71.09375,7.37,-2.129395642138459,594,143.75,83.59375,7.37,2.129395642138459,560.0,154.6875,77.34375,7.031,0.0,517.0,150.78125,71.09375,6.987,-1.1071487177940904,595.0,150.78125,83.59375,6.987,1.1071487177940904,558.0,139.84375,77.34375,7.812,3.141592653589793,0.0038025430631289936
560,154.6875,77.34375,1.672631640240122,-2.431,-0.033,7.43,517,150.78125,71.09375,7.37,-2.129395642138459,595,150.78125,83.59375,7.37,2.129395642138459,542.0,161.71875,76.5625,7.074,-0.1106572211738956,559.0,147.65625,77.34375,7.031,3.141592653589793,504.0,157.8125,70.3125,7.694,-1.1525719972156676,601.0,158.59375,84.375,8.043,1.0636978224025595,0.17480254306312837
561,168.75,77.34375,1.609360175114318,1.271,0.016,7.047,542,161.71875,76.5625,7.074,-3.0309354324158977,543,175.78125,76.5625,7.074,-0.1106572211738956,602.0,171.875,84.375,7.694,1.1525719972156676,590.0,164.84375,82.8125,6.72,2.191045812777718,518.0,171.09375,71.09375,6.675,-1.2120256565243244,,,,,,-0.20819745693687164
562,193.75,77.34375,1.6461581405710544,0.466,-0.249,7.103,540,200.78125,75.78125,7.202,-0.2186689458739419,603,192.1875,84.375,7.202,1.7894652726688385,505.0,196.09375,70.3125,7.411,-1.2490457723982544,591.0,199.21875,82.8125,7.733,0.7853981633974483,523.0,189.0625,72.65625,6.629,-2.356194490192345,567.0,187.5,78.90625,6.442,2.896613990462929,-0.1521974569368716
563,239.0625,77.34375,1.566834116050284,1.876,-0.321,7.389,534,232.8125,74.21875,6.987,-2.677945044588987,572,232.03125,80.46875,7.694,2.723368324010564,597.0,243.75,83.59375,7.812,0.9272952180016122,612.0,236.71875,85.15625,8.156,1.862253121272764,545.0,245.3125,76.5625,6.298,-0.1243549945467614,,,,,,0.1338025430631289
564,84.375,78.125,1.666582879547995,-0.143,-0.402,7.166,508,85.9375,71.09375,7.202,-1.3521273809209546,584,90.625,82.03125,7.37,0.5585993153435624,611.0,84.375,85.15625,7.031,1.5707963267948966,580.0,78.125,81.25,6.987,2.677945044588987,522.0,78.90625,72.65625,7.733,-2.356194490192345,539.0,90.625,75.78125,6.675,-0.3587706702705722,-0.08919745693687098
565,96.875,78.125,1.641019214282636,2.233,-0.419,7.364,584,90.625,82.03125,7.37,2.5829933382462307,509,93.75,71.09375,7.694,-1.9890206563741255,539.0,90.625,75.78125,6.675,-2.782821983319221,614.0,96.09375,85.9375,7.851,1.6704649792860586,588.0,101.5625,82.8125,6.629,0.7853981633974483,541.0,104.6875,76.5625,7.967,-0.1973955598498807,0.10880254306312853
566,275.0,78.125,1.6275479693620964,-1.408,-0.415,7.193,525,269.53125,73.4375,7.202,-2.432966381462123,586,281.25,82.03125,7.37,0.5585993153435624,613.0,274.21875,85.15625,7.074,1.6814535479687922,537.0,281.25,75.0,6.987,-0.4636476090008061,573.0,268.75,80.46875,6.675,2.782821983319221,506.0,275.78125,70.3125,7.851,-1.4711276743037347,-0.06219745693687173
567,187.5,78.90625,1.589068839962842,2.481,-0.257,7.143,532,182.03125,74.21875,7.202,-2.432966381462123,603,192.1875,84.375,7.202,0.8621700546672264,615.0,185.15625,85.9375,7.411,1.892546881191539,523.0,189.0625,72.65625,6.442,-1.3258176636680326,562.0,193.75,77.34375,6.442,-0.2449786631268641,581.0,179.6875,81.25,8.156,2.8501358591119264,-0.11219745693687155
568,212.5,78.90625,1.685325033943238,-0.089,-0.288,7.088,616,210.9375,85.9375,7.202,1.7894652726688385,596,217.96875,83.59375,7.202,0.7086262721276703,582.0,205.46875,81.25,7.411,2.819842099193151,544.0,219.53125,76.5625,7.411,-0.3217505543966422,524.0,214.84375,72.65625,6.675,-1.2120256565243244,533.0,207.8125,74.21875,6.629,-2.356194490192345,-0.16719745693687127
569,257.03125,78.90625,1.6695643450887343,0.643,-0.371,6.984,535,251.5625,74.21875,7.202,-2.432966381462123,598,262.5,83.59375,7.202,0.7086262721276703,617.0,256.25,85.9375,7.074,1.6814535479687922,521.0,257.8125,71.875,7.074,-1.460139105621001,583.0,250.78125,81.25,6.675,2.782821983319221,546.0,263.28125,76.5625,6.675,-0.3587706702705722,-0.27119745693687136
570,287.5,78.90625,1.6131487443868382,-2.143,-0.506,7.267,537,281.25,75.0,7.37,-2.5829933382462307,538,293.75,75.0,7.37,-0.5585993153435624,618.0,286.71875,85.9375,7.074,1.6814535479687922,586.0,281.25,82.03125,6.987,2.677945044588987,587.0,293.75,82.03125,6.987,0.4636476090008061,519.0,287.5,71.09375,7.812,-1.5707963267948966,0.011802543063129
571,299.21875,78.90625,1.5778573286028656,-3.092,0.298,6.965,619,299.21875,85.9375,7.031,1.5707963267948966,538,293.75,75.0,6.72,-2.521343167606972,520.0,299.21875,71.09375,7.812,-1.5707963267948966,587.0,293.75,82.03125,6.298,2.62244653934327,,,,,,,,,,,-0.2901974569368715
572,232.03125,80.46875,1.6193595428770768,-2.439,-0.286,7.038,585,225.0,82.03125,7.202,2.922923707715851,563,239.0625,77.34375,7.694,-0.4182243295792291,536.0,226.5625,75.0,7.733,-2.356194490192345,620.0,229.6875,86.71875,6.675,1.9295669970654687,612.0,236.71875,85.15625,6.629,0.7853981633974483,534.0,232.8125,74.21875,6.298,-1.446441332248135,-0.2171974569368711
573,268.75,80.46875,1.6221207680808118,1.58,-0.405,7.085,613,274.21875,85.15625,7.202,0.7086262721276703,525,269.53125,73.4375,7.074,-1.460139105621001,598.0,262.5,83.59375,6.987,2.677945044588987,546.0,263.28125,76.5625,6.72,-2.521343167606972,566.0,275.0,78.125,6.675,-0.3587706702705722,631.0,267.96875,88.28125,7.851,1.6704649792860586,-0.17019745693687138
574,5.46875,81.25,1.6998747499207827,0.0,-0.524,7.04,548,11.71875,77.34375,7.37,-0.5585993153435624,605,11.71875,85.15625,7.37,0.5585993153435624,621.0,5.46875,88.28125,7.031,1.5707963267948966,526.0,5.46875,74.21875,7.031,-1.5707963267948966,604.0,0.0,85.15625,6.72,2.521343167606972,547.0,0.0,77.34375,6.72,-2.521343167606972,-0.2151974569368713
575,17.96875,81.25,1.6968906153036774,2.16,-0.514,7.148,548,11.71875,77.34375,7.37,-2.5829933382462307,549,24.21875,77.34375,7.37,-0.5585993153435624,605.0,11.71875,85.15625,7.37,2.5829933382462307,527.0,17.96875,74.21875,7.031,-1.5707963267948966,622.0,17.96875,88.28125,7.031,1.5707963267948966,606.0,23.4375,85.15625,6.72,0.6202494859828215,-0.10719745693687166
576,29.6875,81.25,1.704960904546811,-0.982,-0.514,7.148,606,23.4375,85.15625,7.37,2.5829933382462307,550,35.9375,77.34375,7.37,-0.5585993153435624,607.0,35.9375,85.15625,7.37,0.5585993153435624,528.0,29.6875,74.21875,7.031,-1.5707963267948966,623.0,29.6875,88.28125,7.031,1.5707963267948966,549.0,24.21875,77.34375,6.72,-2.521343167606972,-0.10719745693687166
577,42.1875,81.25,1.6856716197465451,3.141,-0.524,7.04,550,35.9375,77.34375,7.37,-2.5829933382462307,607,35.9375,85.15625,7.37,2.5829933382462307,529.0,42.1875,74.21875,7.031,-1.5707963267948966,624.0,42.1875,88.28125,7.031,1.5707963267948966,551.0,47.65625,77.34375,6.72,-0.6202494859828215,608.0,47.65625,85.15625,6.72,0.6202494859828215,-0.2151974569368713
578,53.90625,81.25,1.714103405529693,0.311,-0.524,7.257,551,47.65625,77.34375,7.37,-2.5829933382462307,552,60.15625,77.34375,7.37,-0.5585993153435624,608.0,47.65625,85.15625,7.37,2.5829933382462307,609.0,60.15625,85.15625,7.37,0.5585993153435624,530.0,53.90625,74.21875,7.031,-1.5707963267948966,625.0,53.90625,88.28125,7.031,1.5707963267948966,0.0018025430631283257
579,66.40625,81.25,1.6655594591168017,2.839,-0.496,7.156,552,60.15625,77.34375,7.37,-2.5829933382462307,553,72.65625,77.34375,7.37,-0.5585993153435624,609.0,60.15625,85.15625,7.37,2.5829933382462307,626.0,65.625,88.28125,7.074,1.6814535479687922,531.0,66.40625,74.21875,7.031,-1.5707963267948966,610.0,71.875,85.15625,6.72,0.6202494859828215,-0.09919745693687165
580,78.125,81.25,1.6964037071504914,0.205,-0.483,7.481,610,71.875,85.15625,7.37,2.5829933382462307,611,84.375,85.15625,7.37,0.5585993153435624,564.0,84.375,78.125,6.987,-0.4636476090008061,553.0,72.65625,77.34375,6.72,-2.521343167606972,632.0,78.125,89.0625,7.812,1.5707963267948966,522.0,78.90625,72.65625,8.629,-1.4801364395941514,0.22580254306312852
581,179.6875,81.25,1.6373703785352751,-0.024,-0.283,7.414,627,178.125,88.28125,7.202,1.7894652726688385,615,185.15625,85.9375,7.202,0.7086262721276703,532.0,182.03125,74.21875,7.411,-1.2490457723982544,567.0,187.5,78.90625,8.156,-0.2914567944778671,543.0,175.78125,76.5625,6.101,-2.2655346029916,602.0,171.875,84.375,8.414,2.761086276477428,0.15880254306312835
582,205.46875,81.25,1.6379250390218818,-1.126,-0.249,7.18,540,200.78125,75.78125,7.202,-2.279422598922567,616,210.9375,85.9375,7.202,0.7086262721276703,568.0,212.5,78.90625,7.411,-0.3217505543966422,533.0,207.8125,74.21875,7.411,-1.2490457723982544,628.0,203.125,88.28125,7.411,1.892546881191539,591.0,199.21875,82.8125,6.442,2.896613990462929,-0.07519745693687163
583,250.78125,81.25,1.665312564748462,-2.725,-0.346,7.128,545,245.3125,76.5625,7.202,-2.432966381462123,617,256.25,85.9375,7.202,0.7086262721276703,630.0,249.21875,88.28125,7.202,1.7894652726688385,597.0,243.75,83.59375,7.411,2.819842099193151,535.0,251.5625,74.21875,7.074,-1.460139105621001,569.0,257.03125,78.90625,6.675,-0.3587706702705722,-0.12719745693687123
584,90.625,82.03125,1.6271131098537277,-2.948,-0.479,6.962,564,84.375,78.125,7.37,-2.5829933382462307,565,96.875,78.125,7.37,-0.5585993153435624,633.0,89.84375,89.0625,7.074,1.6814535479687922,611.0,84.375,85.15625,6.987,2.677945044588987,614.0,96.09375,85.9375,6.72,0.6202494859828215,539.0,90.625,75.78125,6.25,-1.5707963267948966,-0.2931974569368716
585,225.0,82.03125,1.649884787071669,-2.853,-0.239,7.107,536,226.5625,75.0,7.202,-1.3521273809209546,572,232.03125,80.46875,7.202,-0.2186689458739419,596.0,217.96875,83.59375,7.202,2.922923707715851,544.0,219.53125,76.5625,7.733,-2.356194490192345,629.0,222.65625,88.28125,6.675,1.9295669970654687,620.0,229.6875,86.71875,6.629,0.7853981633974483,-0.14819745693687114
586,281.25,82.03125,1.6378830887341287,3.116,-0.456,7.146,566,275.0,78.125,7.37,-2.5829933382462307,640,280.46875,89.0625,7.074,1.6814535479687922,537.0,281.25,75.0,7.031,-1.5707963267948966,570.0,287.5,78.90625,6.987,-0.4636476090008061,613.0,274.21875,85.15625,7.694,2.723368324010564,618.0,286.71875,85.9375,6.72,0.6202494859828215,-0.10919745693687144
587,293.75,82.03125,1.6287876432911417,2.604,-0.496,7.026,641,292.96875,89.0625,7.074,1.6814535479687922,538,293.75,75.0,7.031,-1.5707963267948966,570.0,287.5,78.90625,6.987,-2.677945044588987,619.0,299.21875,85.9375,6.72,0.6202494859828215,618.0,286.71875,85.9375,8.043,2.6344941491974563,571.0,299.21875,78.90625,6.298,-0.5191461142465229,-0.22919745693687155
588,101.5625,82.8125,1.5910065302210603,1.833,-0.511,6.683,599,108.59375,84.375,7.202,0.2186689458739419,541,104.6875,76.5625,6.987,-1.1071487177940904,565.0,96.875,78.125,6.629,-2.356194490192345,614.0,96.09375,85.9375,6.298,2.62244653934327,634.0,102.34375,89.0625,6.298,1.446441332248135,,,,,,-0.5721974569368715
589,114.84375,82.8125,1.628049990037828,-1.183,0.085,6.582,600,121.875,84.375,7.202,0.2186689458739419,555,118.75,77.34375,6.72,-0.9505468408120752,599.0,108.59375,84.375,6.442,2.896613990462929,554.0,111.71875,77.34375,6.298,-2.08994244104142,635.0,114.84375,89.0625,6.25,1.5707963267948966,,,,,,-0.6731974569368715
590,164.84375,82.8125,1.623087819777565,-0.771,0.167,6.73,602,171.875,84.375,7.202,0.2186689458739419,542,161.71875,76.5625,6.987,-2.0344439357957027,561.0,168.75,77.34375,6.72,-0.9505468408120752,601.0,158.59375,84.375,6.442,2.896613990462929,639.0,165.625,89.0625,6.298,1.446441332248135,,,,,,-0.5251974569368709
591,199.21875,82.8125,1.648624491718188,2.841,-0.229,7.243,540,200.78125,75.78125,7.202,-1.3521273809209546,603,192.1875,84.375,7.202,2.922923707715851,562.0,193.75,77.34375,7.733,-2.356194490192345,628.0,203.125,88.28125,6.72,0.9505468408120752,582.0,205.46875,81.25,6.442,-0.2449786631268641,644.0,196.875,90.625,8.156,1.862253121272764,-0.01219745693687102
592,129.6875,83.59375,1.6671481691119172,-2.209,-0.048,7.107,556,125.78125,77.34375,7.37,-2.129395642138459,593,136.71875,83.59375,7.031,0.0,557.0,132.8125,77.34375,6.987,-1.1071487177940904,600.0,121.875,84.375,7.851,3.0419240010986317,636.0,126.5625,89.0625,6.298,2.08994244104142,,,,,,-0.14819745693687114
593,136.71875,83.59375,1.6755747808993562,0.912,-0.038,7.188,557,132.8125,77.34375,7.37,-2.129395642138459,592,129.6875,83.59375,7.031,3.141592653589793,594.0,143.75,83.59375,7.031,0.0,558.0,139.84375,77.34375,6.987,-1.1071487177940904,637.0,139.84375,89.0625,6.298,1.0516502125483738,646.0,133.59375,91.40625,8.414,1.9513027039072612,-0.06719745693687162
594,143.75,83.59375,1.693004598545491,2.924,0.039,7.322,558,139.84375,77.34375,7.37,-2.129395642138459,559,147.65625,77.34375,7.37,-1.012197011451334,593.0,136.71875,83.59375,7.031,3.141592653589793,595.0,150.78125,83.59375,7.031,0.0,637.0,139.84375,89.0625,6.72,2.191045812777718,647.0,146.875,91.40625,8.414,1.1902899496825317,0.06680254306312872
595,150.78125,83.59375,1.664265611238357,-0.994,0.075,7.038,560,154.6875,77.34375,7.37,-1.012197011451334,594,143.75,83.59375,7.031,3.141592653589793,559.0,147.65625,77.34375,6.987,-2.0344439357957027,601.0,158.59375,84.375,7.851,0.099668652491162,638.0,153.125,89.0625,5.949,1.1659045405098132,,,,,,-0.2171974569368711
596,217.96875,83.59375,1.6820695818771452,1.727,-0.293,7.141,544,219.53125,76.5625,7.202,-1.3521273809209546,568,212.5,78.90625,7.202,-2.432966381462123,585.0,225.0,82.03125,7.202,-0.2186689458739419,645.0,216.40625,90.625,7.202,1.7894652726688385,616.0,210.9375,85.9375,7.411,2.819842099193151,629.0,222.65625,88.28125,6.629,0.7853981633974483,-0.11419745693687133
597,243.75,83.59375,1.6343707601453514,-1.176,-0.267,7.212,545,245.3125,76.5625,7.202,-1.3521273809209546,612,236.71875,85.15625,7.202,2.922923707715851,630.0,249.21875,88.28125,7.202,0.7086262721276703,583.0,250.78125,81.25,7.411,-0.3217505543966422,563.0,239.0625,77.34375,7.812,-2.214297435588181,643.0,242.1875,89.84375,6.442,1.8157749899217608,-0.0431974569368716
598,262.5,83.59375,1.6671428653358646,-1.887,-0.39,7.165,569,257.03125,78.90625,7.202,-2.432966381462123,631,267.96875,88.28125,7.202,0.7086262721276703,546.0,263.28125,76.5625,7.074,-1.460139105621001,573.0,268.75,80.46875,6.987,-0.4636476090008061,617.0,256.25,85.9375,6.675,2.782821983319221,648.0,261.71875,91.40625,7.851,1.6704649792860586,-0.09019745693687131
599,108.59375,84.375,1.6499767663064109,1.12,-0.452,7.462,588,101.5625,82.8125,7.202,-2.922923707715851,554,111.71875,77.34375,7.694,-1.1525719972156676,634.0,102.34375,89.0625,7.812,2.498091544796509,635.0,114.84375,89.0625,7.812,0.6435011087932844,657.0,108.59375,92.1875,7.812,1.5707963267948966,589.0,114.84375,82.8125,6.442,-0.2449786631268641,0.2068025430631284
600,121.875,84.375,1.6535147560287706,-0.518,-0.053,7.545,589,114.84375,82.8125,7.202,-2.922923707715851,555,118.75,77.34375,7.694,-1.9890206563741255,592.0,129.6875,83.59375,7.851,-0.099668652491162,658.0,121.09375,92.1875,7.851,1.6704649792860586,636.0,126.5625,89.0625,6.629,0.7853981633974483,556.0,125.78125,77.34375,8.043,-1.0636978224025595,0.2898025430631286
601,158.59375,84.375,1.614228770408584,-2.584,0.045,7.634,638,153.125,89.0625,7.202,2.432966381462123,595,150.78125,83.59375,7.851,-3.0419240010986317,659.0,159.375,92.1875,7.851,1.4711276743037347,560.0,154.6875,77.34375,8.043,-2.0778948311872334,590.0,164.84375,82.8125,6.442,-0.2449786631268641,542.0,161.71875,76.5625,8.414,-1.1902899496825317,0.378802543063129
602,171.875,84.375,1.616773040893724,2.144,0.441,7.717,590,164.84375,82.8125,7.202,-2.922923707715851,627,178.125,88.28125,7.37,0.5585993153435624,561.0,168.75,77.34375,7.694,-1.9890206563741255,639.0,165.625,89.0625,7.812,2.498091544796509,660.0,171.875,92.1875,7.812,1.5707963267948966,581.0,179.6875,81.25,8.414,-0.3805063771123649,0.4618025430631283
603,192.1875,84.375,1.6531949756361222,-3.071,-0.194,7.095,562,193.75,77.34375,7.202,-1.3521273809209546,567,187.5,78.90625,7.202,-2.279422598922567,591.0,199.21875,82.8125,7.202,-0.2186689458739419,615.0,185.15625,85.9375,7.202,2.922923707715851,644.0,196.875,90.625,7.812,0.9272952180016122,642.0,189.84375,89.84375,5.949,1.97568811307998,-0.1601974569368716
604,0.0,85.15625,1.650640830336538,-0.051,-0.299,6.965,649,0.0,92.1875,7.031,1.5707963267948966,574,5.46875,81.25,6.72,-0.6202494859828215,547.0,0.0,77.34375,7.812,-1.5707963267948966,621.0,5.46875,88.28125,6.298,0.5191461142465229,,,,,,,,,,,-0.2901974569368715
605,11.71875,85.15625,1.7105171513382509,-1.571,-0.524,7.259,574,5.46875,81.25,7.37,-2.5829933382462307,575,17.96875,81.25,7.37,-0.5585993153435624,650.0,11.71875,92.1875,7.031,1.5707963267948966,621.0,5.46875,88.28125,6.987,2.677945044588987,622.0,17.96875,88.28125,6.987,0.4636476090008061,548.0,11.71875,77.34375,7.812,-1.5707963267948966,0.0038025430631289936
606,23.4375,85.15625,1.6535312937341082,-0.795,-0.507,7.043,576,29.6875,81.25,7.37,-0.5585993153435624,651,23.4375,92.1875,7.031,1.5707963267948966,623.0,29.6875,88.28125,6.987,0.4636476090008061,575.0,17.96875,81.25,6.72,-2.521343167606972,549.0,24.21875,77.34375,7.851,-1.4711276743037347,622.0,17.96875,88.28125,6.298,2.62244653934327,-0.2121974569368712
607,35.9375,85.15625,1.6955105758720217,-1.571,-0.524,7.259,576,29.6875,81.25,7.37,-2.5829933382462307,577,42.1875,81.25,7.37,-0.5585993153435624,652.0,35.9375,92.1875,7.031,1.5707963267948966,623.0,29.6875,88.28125,6.987,2.677945044588987,624.0,42.1875,88.28125,6.987,0.4636476090008061,550.0,35.9375,77.34375,7.812,-1.5707963267948966,0.0038025430631289936
608,47.65625,85.15625,1.6750199818061602,-1.226,-0.524,7.036,578,53.90625,81.25,7.37,-0.5585993153435624,653,47.65625,92.1875,7.031,1.5707963267948966,625.0,53.90625,88.28125,6.987,0.4636476090008061,577.0,42.1875,81.25,6.72,-2.521343167606972,551.0,47.65625,77.34375,7.812,-1.5707963267948966,624.0,42.1875,88.28125,6.298,2.62244653934327,-0.21919745693687176
609,60.15625,85.15625,1.6937948374992742,-1.792,-0.515,7.145,578,53.90625,81.25,7.37,-2.5829933382462307,579,66.40625,81.25,7.37,-0.5585993153435624,654.0,60.15625,92.1875,7.031,1.5707963267948966,625.0,53.90625,88.28125,6.987,2.677945044588987,552.0,60.15625,77.34375,7.812,-1.5707963267948966,626.0,65.625,88.28125,6.298,0.5191461142465229,-0.11019745693687177
610,71.875,85.15625,1.691752287791423,-0.976,-0.481,7.221,580,78.125,81.25,7.37,-0.5585993153435624,632,78.125,89.0625,7.37,0.5585993153435624,655.0,71.875,92.1875,7.031,1.5707963267948966,626.0,65.625,88.28125,6.987,2.677945044588987,579.0,66.40625,81.25,6.72,-2.521343167606972,553.0,72.65625,77.34375,7.851,-1.4711276743037347,-0.03419745693687126
611,84.375,85.15625,1.6502981316724687,1.48,-0.498,7.085,580,78.125,81.25,7.37,-2.5829933382462307,632,78.125,89.0625,7.37,2.5829933382462307,564.0,84.375,78.125,7.031,-1.5707963267948966,656.0,84.375,92.1875,7.031,1.5707963267948966,584.0,90.625,82.03125,6.987,-0.4636476090008061,633.0,89.84375,89.0625,6.72,0.6202494859828215,-0.17019745693687138
612,236.71875,85.15625,1.6434866887304478,-0.301,-0.263,7.266,620,229.6875,86.71875,7.202,2.922923707715851,597,243.75,83.59375,7.202,-0.2186689458739419,662.0,235.15625,92.1875,7.202,1.7894652726688385,643.0,242.1875,89.84375,7.202,0.7086262721276703,572.0,232.03125,80.46875,6.629,-2.356194490192345,563.0,239.0625,77.34375,8.156,-1.2793395323170296,0.010802543063128667
613,274.21875,85.15625,1.6382639654689122,-0.325,-0.442,7.226,573,268.75,80.46875,7.202,-2.432966381462123,640,280.46875,89.0625,7.37,0.5585993153435624,566.0,275.0,78.125,7.074,-1.460139105621001,663.0,274.21875,92.1875,7.031,1.5707963267948966,631.0,267.96875,88.28125,6.987,2.677945044588987,586.0,281.25,82.03125,7.694,-0.4182243295792291,-0.02919745693687137
614,96.09375,85.9375,1.6638600521837883,-0.858,-0.49,6.979,664,96.09375,92.96875,7.031,1.5707963267948966,633,89.84375,89.0625,6.987,2.677945044588987,634.0,102.34375,89.0625,6.987,0.4636476090008061,584.0,90.625,82.03125,6.72,-2.521343167606972,565.0,96.875,78.125,7.851,-1.4711276743037347,588.0,101.5625,82.8125,6.298,-0.5191461142465229,-0.27619745693687126
615,185.15625,85.9375,1.6546868835854394,0.707,-0.291,7.088,581,179.6875,81.25,7.202,-2.432966381462123,603,192.1875,84.375,7.202,-0.2186689458739419,665.0,183.59375,92.96875,7.202,1.7894652726688385,567.0,187.5,78.90625,7.411,-1.2490457723982544,627.0,178.125,88.28125,7.411,2.819842099193151,642.0,189.84375,89.84375,6.101,0.6947382761967031,-0.16719745693687127
616,210.9375,85.9375,1.6478827987025149,-2.695,-0.296,7.308,568,212.5,78.90625,7.202,-1.3521273809209546,582,205.46875,81.25,7.202,-2.432966381462123,645.0,216.40625,90.625,7.202,0.7086262721276703,596.0,217.96875,83.59375,7.411,-0.3217505543966422,661.0,208.59375,92.1875,6.675,1.9295669970654687,628.0,203.125,88.28125,8.156,2.8501358591119264,0.05280254306312848
617,256.25,85.9375,1.6015372780884094,3.119,-0.333,7.216,583,250.78125,81.25,7.202,-2.432966381462123,666,254.6875,92.96875,7.202,1.7894652726688385,630.0,249.21875,88.28125,7.411,2.819842099193151,569.0,257.03125,78.90625,7.074,-1.460139105621001,648.0,261.71875,91.40625,7.733,0.7853981633974483,598.0,262.5,83.59375,6.675,-0.3587706702705722,-0.039197456936871156
618,286.71875,85.9375,1.5938628940035815,-0.773,-0.486,7.14,570,287.5,78.90625,7.074,-1.460139105621001,667,286.71875,92.96875,7.031,1.5707963267948966,641.0,292.96875,89.0625,6.987,0.4636476090008061,640.0,280.46875,89.0625,6.987,2.677945044588987,586.0,281.25,82.03125,6.72,-2.521343167606972,587.0,293.75,82.03125,8.043,-0.507098504392337,-0.11519745693687167
619,299.21875,85.9375,1.586143025806548,-3.064,0.32,6.942,571,299.21875,78.90625,7.031,-1.5707963267948966,668,299.21875,92.96875,7.031,1.5707963267948966,641.0,292.96875,89.0625,6.987,2.677945044588987,587.0,293.75,82.03125,6.72,-2.521343167606972,,,,,,,,,,,-0.3131974569368712
620,229.6875,86.71875,1.661492000751595,0.288,-0.239,7.107,629,222.65625,88.28125,7.202,2.922923707715851,612,236.71875,85.15625,7.202,-0.2186689458739419,669.0,228.125,93.75,7.202,1.7894652726688385,662.0,235.15625,92.1875,7.733,0.7853981633974483,572.0,232.03125,80.46875,6.675,-1.2120256565243244,585.0,225.0,82.03125,6.629,-2.356194490192345,-0.14819745693687114
621,5.46875,88.28125,1.6526209888724552,1.225,0.523,7.036,650,11.71875,92.1875,7.37,0.5585993153435624,574,5.46875,81.25,7.031,-1.5707963267948966,605.0,11.71875,85.15625,6.987,-0.4636476090008061,649.0,0.0,92.1875,6.72,2.521343167606972,673.0,5.46875,96.09375,7.812,1.5707963267948966,604.0,0.0,85.15625,6.298,-2.62244653934327,-0.21919745693687176
622,17.96875,88.28125,1.650987328224896,1.916,-0.524,7.036,650,11.71875,92.1875,7.37,2.5829933382462307,575,17.96875,81.25,7.031,-1.5707963267948966,605.0,11.71875,85.15625,6.987,-2.677945044588987,651.0,23.4375,92.1875,6.72,0.6202494859828215,674.0,17.96875,96.09375,7.812,1.5707963267948966,606.0,23.4375,85.15625,6.298,-0.5191461142465229,-0.21919745693687176
623,29.6875,88.28125,1.671348847868514,1.57,-0.524,7.259,651,23.4375,92.1875,7.37,2.5829933382462307,652,35.9375,92.1875,7.37,0.5585993153435624,576.0,29.6875,81.25,7.031,-1.5707963267948966,606.0,23.4375,85.15625,6.987,-2.677945044588987,607.0,35.9375,85.15625,6.987,-0.4636476090008061,675.0,29.6875,96.09375,7.812,1.5707963267948966,0.0038025430631289936
624,42.1875,88.28125,1.6412229025977558,1.916,-0.524,7.036,652,35.9375,92.1875,7.37,2.5829933382462307,577,42.1875,81.25,7.031,-1.5707963267948966,607.0,35.9375,85.15625,6.987,-2.677945044588987,653.0,47.65625,92.1875,6.72,0.6202494859828215,676.0,42.1875,96.09375,7.812,1.5707963267948966,608.0,47.65625,85.15625,6.298,-0.5191461142465229,-0.21919745693687176
625,53.90625,88.28125,1.6765820520432042,1.57,-0.524,7.259,653,47.65625,92.1875,7.37,2.5829933382462307,654,60.15625,92.1875,7.37,0.5585993153435624,578.0,53.90625,81.25,7.031,-1.5707963267948966,608.0,47.65625,85.15625,6.987,-2.677945044588987,609.0,60.15625,85.15625,6.987,-0.4636476090008061,677.0,53.90625,96.09375,7.812,1.5707963267948966,0.0038025430631289936
626,65.625,88.28125,1.615609396035056,0.794,-0.506,7.044,655,71.875,92.1875,7.37,0.5585993153435624,579,66.40625,81.25,7.074,-1.460139105621001,610.0,71.875,85.15625,6.987,-0.4636476090008061,654.0,60.15625,92.1875,6.72,2.521343167606972,678.0,65.625,96.09375,7.812,1.5707963267948966,609.0,60.15625,85.15625,6.298,-2.62244653934327,-0.21119745693687175
627,178.125,88.28125,1.6502083442862905,1.219,-0.404,7.401,581,179.6875,81.25,7.202,-1.3521273809209546,665,183.59375,92.96875,7.202,0.7086262721276703,660.0,171.875,92.1875,7.37,2.5829933382462307,602.0,171.875,84.375,7.37,-2.5829933382462307,615.0,185.15625,85.9375,7.411,-0.3217505543966422,687.0,177.34375,96.09375,7.851,1.6704649792860586,0.14580254306312845
628,203.125,88.28125,1.6218263306904872,-0.263,-0.305,7.126,582,205.46875,81.25,7.411,-1.2490457723982544,670,202.34375,95.3125,7.074,1.6814535479687922,661.0,208.59375,92.1875,6.72,0.6202494859828215,591.0,199.21875,82.8125,6.72,-2.191045812777718,644.0,196.875,90.625,6.675,2.782821983319221,616.0,210.9375,85.9375,8.156,-0.2914567944778671,-0.129197456936871
629,222.65625,88.28125,1.5975683393822293,0.785,-0.262,7.019,620,229.6875,86.71875,7.202,-0.2186689458739419,671,221.09375,95.3125,7.202,1.7894652726688385,669.0,228.125,93.75,7.733,0.7853981633974483,585.0,225.0,82.03125,6.675,-1.2120256565243244,645.0,216.40625,90.625,6.675,2.782821983319221,596.0,217.96875,83.59375,6.629,-2.356194490192345,-0.23619745693687122
630,249.21875,88.28125,1.6609100205294127,-2.357,-0.289,7.272,583,250.78125,81.25,7.202,-1.3521273809209546,597,243.75,83.59375,7.202,-2.432966381462123,643.0,242.1875,89.84375,7.202,2.922923707715851,666.0,254.6875,92.96875,7.202,0.7086262721276703,617.0,256.25,85.9375,7.411,-0.3217505543966422,672.0,246.875,95.3125,7.411,1.892546881191539,0.016802543063128894
631,267.96875,88.28125,1.6661100497372658,-0.938,-0.435,7.375,598,262.5,83.59375,7.202,-2.432966381462123,663,274.21875,92.1875,7.37,0.5585993153435624,648.0,261.71875,91.40625,6.987,2.677945044588987,613.0,274.21875,85.15625,6.987,-0.4636476090008061,573.0,268.75,80.46875,7.851,-1.4711276743037347,690.0,267.1875,96.09375,7.851,1.6704649792860586,0.11980254306312865
632,78.125,89.0625,1.6794505481595294,-1.571,-0.524,7.259,610,71.875,85.15625,7.37,-2.5829933382462307,611,84.375,85.15625,7.37,-0.5585993153435624,679.0,78.125,96.09375,7.031,1.5707963267948966,655.0,71.875,92.1875,6.987,2.677945044588987,656.0,84.375,92.1875,6.987,0.4636476090008061,580.0,78.125,81.25,7.812,-1.5707963267948966,0.0038025430631289936
633,89.84375,89.0625,1.6851822817388795,0.022,-0.473,6.913,664,96.09375,92.96875,7.37,0.5585993153435624,584,90.625,82.03125,7.074,-1.460139105621001,680.0,89.84375,96.09375,7.031,1.5707963267948966,614.0,96.09375,85.9375,6.987,-0.4636476090008061,611.0,84.375,85.15625,6.72,-2.521343167606972,656.0,84.375,92.1875,6.298,2.62244653934327,-0.3421974569368711
634,102.34375,89.0625,1.6811697179757956,-2.795,0.457,7.081,664,96.09375,92.96875,7.37,2.5829933382462307,681,102.34375,96.09375,7.031,1.5707963267948966,657.0,108.59375,92.1875,6.987,0.4636476090008061,614.0,96.09375,85.9375,6.987,-2.677945044588987,599.0,108.59375,84.375,7.812,-0.6435011087932844,588.0,101.5625,82.8125,6.298,-1.695151321341658,-0.17419745693687094
635,114.84375,89.0625,1.6813125171471457,-1.449,-0.516,7.253,682,114.84375,96.09375,7.031,1.5707963267948966,657,108.59375,92.1875,6.987,2.677945044588987,658.0,121.09375,92.1875,6.987,0.4636476090008061,599.0,108.59375,84.375,7.812,-2.498091544796509,589.0,114.84375,82.8125,6.25,-1.5707963267948966,600.0,121.875,84.375,8.45,-0.5880026035475675,-0.0021974569368712338
636,126.5625,89.0625,1.6204895605202472,1.657,-0.502,6.742,646,133.59375,91.40625,7.411,0.3217505543966422,683,127.34375,96.09375,7.074,1.460139105621001,600.0,121.875,84.375,6.629,-2.356194490192345,592.0,129.6875,83.59375,6.298,-1.0516502125483738,658.0,121.09375,92.1875,6.298,2.62244653934327,,,,,,-0.5131974569368714
637,139.84375,89.0625,1.6321881201146444,-0.149,0.333,6.827,647,146.875,91.40625,7.411,0.3217505543966422,684,139.84375,96.09375,7.031,1.5707963267948966,594.0,143.75,83.59375,6.72,-0.9505468408120752,646.0,133.59375,91.40625,6.675,2.782821983319221,593.0,136.71875,83.59375,6.298,-2.08994244104142,,,,,,-0.4281974569368714
638,153.125,89.0625,1.6138093232788755,0.806,-0.464,6.777,601,158.59375,84.375,7.202,-0.7086262721276703,685,152.34375,96.09375,7.074,1.6814535479687922,659.0,159.375,92.1875,6.987,0.4636476090008061,647.0,146.875,91.40625,6.675,2.782821983319221,595.0,150.78125,83.59375,5.949,-1.97568811307998,,,,,,-0.4781974569368712
639,165.625,89.0625,1.636037859784873,-2.125,0.493,7.261,686,165.625,96.09375,7.031,1.5707963267948966,659,159.375,92.1875,6.987,2.677945044588987,660.0,171.875,92.1875,6.987,0.4636476090008061,602.0,171.875,84.375,7.812,-0.6435011087932844,590.0,164.84375,82.8125,6.298,-1.695151321341658,601.0,158.59375,84.375,8.45,-2.5535900500422257,0.005802543063128773
640,280.46875,89.0625,1.6705046202237444,0.055,-0.474,7.136,613,274.21875,85.15625,7.37,-2.5829933382462307,667,286.71875,92.96875,7.37,0.5585993153435624,586.0,281.25,82.03125,7.074,-1.460139105621001,691.0,280.46875,96.09375,7.031,1.5707963267948966,663.0,274.21875,92.1875,6.987,2.677945044588987,618.0,286.71875,85.9375,6.987,-0.4636476090008061,-0.11919745693687123
641,292.96875,89.0625,1.6368552769937268,0.999,-0.506,7.136,667,286.71875,92.96875,7.37,2.5829933382462307,668,299.21875,92.96875,7.37,0.5585993153435624,587.0,293.75,82.03125,7.074,-1.460139105621001,692.0,292.96875,96.09375,7.031,1.5707963267948966,619.0,299.21875,85.9375,6.987,-0.4636476090008061,618.0,286.71875,85.9375,6.987,-2.677945044588987,-0.11919745693687123
642,189.84375,89.84375,1.6224747657340752,-3.08,-0.484,6.482,644,196.875,90.625,7.074,0.1106572211738956,665,183.59375,92.96875,6.987,2.677945044588987,688.0,190.625,96.09375,6.298,1.446441332248135,615.0,185.15625,85.9375,6.101,-2.44685437739309,603.0,192.1875,84.375,5.949,-1.1659045405098132,,,,,,-0.7731974569368711
643,242.1875,89.84375,1.655342631905173,2.399,-0.252,7.022,612,236.71875,85.15625,7.202,-2.432966381462123,630,249.21875,88.28125,7.202,-0.2186689458739419,672.0,246.875,95.3125,7.202,0.8621700546672264,662.0,235.15625,92.1875,7.411,2.819842099193151,689.0,239.84375,96.09375,6.675,1.9295669970654687,597.0,243.75,83.59375,6.442,-1.3258176636680326,-0.2331974569368711
644,196.875,90.625,1.5598028677946283,-1.951,-0.232,7.537,670,202.34375,95.3125,7.202,0.7086262721276703,642,189.84375,89.84375,7.074,-3.0309354324158977,603.0,192.1875,84.375,7.812,-2.214297435588181,628.0,203.125,88.28125,6.675,-0.3587706702705722,591.0,199.21875,82.8125,8.156,-1.2793395323170296,688.0,190.625,96.09375,8.304,2.4227626539681686,0.2818025430631286
645,216.40625,90.625,1.60889318700662,-2.601,-0.272,7.058,596,217.96875,83.59375,7.202,-1.3521273809209546,616,210.9375,85.9375,7.202,-2.432966381462123,629.0,222.65625,88.28125,6.675,-0.3587706702705722,693.0,214.0625,96.875,6.675,1.9295669970654687,671.0,221.09375,95.3125,6.629,0.7853981633974483,661.0,208.59375,92.1875,7.967,2.9441970937399127,-0.19719745693687152
646,133.59375,91.40625,1.605601683017565,1.034,-0.485,7.656,636,126.5625,89.0625,7.411,-2.819842099193151,683,127.34375,96.09375,7.812,2.498091544796509,705.0,133.59375,99.21875,7.812,1.5707963267948966,684.0,139.84375,96.09375,7.812,0.6435011087932844,637.0,139.84375,89.0625,6.675,-0.3587706702705722,593.0,136.71875,83.59375,8.414,-1.1902899496825317,0.40080254306312835
647,146.875,91.40625,1.5793435803941287,2.314,-0.509,7.667,685,152.34375,96.09375,7.202,0.7086262721276703,637,139.84375,89.0625,7.411,-2.819842099193151,638.0,153.125,89.0625,6.675,-0.3587706702705722,706.0,146.09375,99.21875,7.851,1.6704649792860586,594.0,143.75,83.59375,8.414,-1.9513027039072612,684.0,139.84375,96.09375,8.45,2.5535900500422257,0.41180254306312847
648,261.71875,91.40625,1.630370019932636,-1.968,-0.339,7.49,666,254.6875,92.96875,7.202,2.922923707715851,690,267.1875,96.09375,7.202,0.7086262721276703,631.0,267.96875,88.28125,6.987,-0.4636476090008061,617.0,256.25,85.9375,7.733,-2.356194490192345,598.0,262.5,83.59375,7.851,-1.4711276743037347,715.0,260.15625,99.21875,7.967,1.7681918866447774,0.23480254306312887
649,0.0,92.1875,1.6526353862289505,0.0,-0.262,6.875,604,0.0,85.15625,7.031,-1.5707963267948966,694,0.0,99.21875,7.031,1.5707963267948966,621.0,5.46875,88.28125,6.72,-0.6202494859828215,673.0,5.46875,96.09375,6.72,0.6202494859828215,,,,,,,,,,,-0.38019745693687135
650,11.71875,92.1875,1.7130088764369624,0.311,-0.524,7.257,621,5.46875,88.28125,7.37,-2.5829933382462307,622,17.96875,88.28125,7.37,-0.5585993153435624,673.0,5.46875,96.09375,7.37,2.5829933382462307,674.0,17.96875,96.09375,7.37,0.5585993153435624,605.0,11.71875,85.15625,7.031,-1.5707963267948966,695.0,11.71875,99.21875,7.031,1.5707963267948966,0.0018025430631283257
651,23.4375,92.1875,1.6667392691870049,0.0,-0.524,7.04,623,29.6875,88.28125,7.37,-0.5585993153435624,675,29.6875,96.09375,7.37,0.5585993153435624,696.0,23.4375,99.21875,7.031,1.5707963267948966,606.0,23.4375,85.15625,7.031,-1.5707963267948966,674.0,17.96875,96.09375,6.72,2.521343167606972,622.0,17.96875,88.28125,6.72,-2.521343167606972,-0.2151974569368713
652,35.9375,92.1875,1.7108150607941557,0.311,-0.524,7.257,623,29.6875,88.28125,7.37,-2.5829933382462307,624,42.1875,88.28125,7.37,-0.5585993153435624,675.0,29.6875,96.09375,7.37,2.5829933382462307,676.0,42.1875,96.09375,7.37,0.5585993153435624,607.0,35.9375,85.15625,7.031,-1.5707963267948966,697.0,35.9375,99.21875,7.031,1.5707963267948966,0.0018025430631283257
653,47.65625,92.1875,1.6977226335666795,0.0,-0.524,7.04,625,53.90625,88.28125,7.37,-0.5585993153435624,677,53.90625,96.09375,7.37,0.5585993153435624,698.0,47.65625,99.21875,7.031,1.5707963267948966,608.0,47.65625,85.15625,7.031,-1.5707963267948966,676.0,42.1875,96.09375,6.72,2.521343167606972,624.0,42.1875,88.28125,6.72,-2.521343167606972,-0.2151974569368713
654,60.15625,92.1875,1.6863465124915822,3.141,-0.524,7.04,625,53.90625,88.28125,7.37,-2.5829933382462307,677,53.90625,96.09375,7.37,2.5829933382462307,609.0,60.15625,85.15625,7.031,-1.5707963267948966,699.0,60.15625,99.21875,7.031,1.5707963267948966,626.0,65.625,88.28125,6.72,-0.6202494859828215,678.0,65.625,96.09375,6.72,0.6202494859828215,-0.2151974569368713
655,71.875,92.1875,1.7071889805684493,1.059,-0.508,7.193,626,65.625,88.28125,7.37,-2.5829933382462307,678,65.625,96.09375,7.37,2.5829933382462307,679.0,78.125,96.09375,7.37,0.5585993153435624,610.0,71.875,85.15625,7.031,-1.5707963267948966,700.0,71.875,99.21875,7.031,1.5707963267948966,632.0,78.125,89.0625,6.987,-0.4636476090008061,-0.06219745693687173
656,84.375,92.1875,1.629484663788063,1.916,-0.524,6.906,679,78.125,96.09375,7.37,2.5829933382462307,611,84.375,85.15625,7.031,-1.5707963267948966,701.0,84.375,99.21875,7.031,1.5707963267948966,632.0,78.125,89.0625,6.987,-2.677945044588987,680.0,89.84375,96.09375,6.72,0.6202494859828215,633.0,89.84375,89.0625,6.298,-0.5191461142465229,-0.34919745693687165
657,108.59375,92.1875,1.6750648221222335,1.57,-0.524,7.259,681,102.34375,96.09375,7.37,2.5829933382462307,682,114.84375,96.09375,7.37,0.5585993153435624,703.0,108.59375,99.21875,7.031,1.5707963267948966,634.0,102.34375,89.0625,6.987,-2.677945044588987,635.0,114.84375,89.0625,6.987,-0.4636476090008061,599.0,108.59375,84.375,7.812,-1.5707963267948966,0.0038025430631289936
658,121.09375,92.1875,1.642463846683947,1.028,-0.517,7.151,682,114.84375,96.09375,7.37,2.5829933382462307,683,127.34375,96.09375,7.37,0.5585993153435624,704.0,121.09375,99.21875,7.031,1.5707963267948966,635.0,114.84375,89.0625,6.987,-2.677945044588987,600.0,121.875,84.375,7.851,-1.4711276743037347,636.0,126.5625,89.0625,6.298,-0.5191461142465229,-0.10419745693687155
659,159.375,92.1875,1.633424455450818,2.354,0.516,7.378,686,165.625,96.09375,7.37,0.5585993153435624,707,159.375,99.21875,7.031,1.5707963267948966,638.0,153.125,89.0625,6.987,-2.677945044588987,639.0,165.625,89.0625,6.987,-0.4636476090008061,601.0,158.59375,84.375,7.851,-1.6704649792860586,685.0,152.34375,96.09375,8.043,2.6344941491974563,0.12280254306312877
660,171.875,92.1875,1.6565621394738916,2.551,-0.512,7.222,627,178.125,88.28125,7.37,-0.5585993153435624,686,165.625,96.09375,7.37,2.5829933382462307,708.0,171.09375,99.21875,7.074,1.6814535479687922,639.0,165.625,89.0625,6.987,-2.677945044588987,687.0,177.34375,96.09375,6.72,0.6202494859828215,602.0,171.875,84.375,7.812,-1.5707963267948966,-0.03319745693687093
661,208.59375,92.1875,1.6411845075716252,0.946,-0.339,7.104,693,214.0625,96.875,7.202,0.7086262721276703,711,207.8125,99.21875,7.074,1.6814535479687922,670.0,202.34375,95.3125,6.987,2.677945044588987,628.0,203.125,88.28125,6.72,-2.521343167606972,616.0,210.9375,85.9375,6.675,-1.2120256565243244,645.0,216.40625,90.625,7.967,-0.1973955598498807,-0.15119745693687126
662,235.15625,92.1875,1.6163530159740365,-1.372,-0.295,7.142,612,236.71875,85.15625,7.202,-1.3521273809209546,669,228.125,93.75,7.202,2.922923707715851,713.0,233.59375,99.21875,7.202,1.7894652726688385,643.0,242.1875,89.84375,7.411,-0.3217505543966422,620.0,229.6875,86.71875,7.733,-2.356194490192345,689.0,239.84375,96.09375,6.101,0.6947382761967031,-0.113197456936871
663,274.21875,92.1875,1.612830193464149,2.797,-0.481,7.312,631,267.96875,88.28125,7.37,-2.5829933382462307,691,280.46875,96.09375,7.37,0.5585993153435624,716.0,273.4375,99.21875,7.074,1.6814535479687922,613.0,274.21875,85.15625,7.031,-1.5707963267948966,640.0,280.46875,89.0625,6.987,-0.4636476090008061,690.0,267.1875,96.09375,8.043,2.6344941491974563,0.05680254306312893
664,96.09375,92.96875,1.6429538446610068,-1.571,-0.524,6.999,633,89.84375,89.0625,7.37,-2.5829933382462307,634,102.34375,89.0625,7.37,-0.5585993153435624,614.0,96.09375,85.9375,7.031,-1.5707963267948966,680.0,89.84375,96.09375,6.987,2.677945044588987,681.0,102.34375,96.09375,6.987,0.4636476090008061,702.0,96.09375,99.21875,6.25,1.5707963267948966,-0.2561974569368717
665,183.59375,92.96875,1.6742041685802975,-0.537,-0.453,7.054,615,185.15625,85.9375,7.202,-1.3521273809209546,627,178.125,88.28125,7.202,-2.432966381462123,642.0,189.84375,89.84375,6.987,-0.4636476090008061,687.0,177.34375,96.09375,6.987,2.677945044588987,688.0,190.625,96.09375,7.694,0.4182243295792291,709.0,183.59375,99.21875,6.25,1.5707963267948966,-0.20119745693687108
666,254.6875,92.96875,1.611364101165532,2.147,-0.272,7.418,617,256.25,85.9375,7.202,-1.3521273809209546,630,249.21875,88.28125,7.202,-2.432966381462123,648.0,261.71875,91.40625,7.202,-0.2186689458739419,714.0,253.125,99.21875,6.442,1.8157749899217608,672.0,246.875,95.3125,8.156,2.8501358591119264,715.0,260.15625,99.21875,8.304,0.8519663271732721,0.1628025430631288
667,286.71875,92.96875,1.6183673848985023,-1.571,-0.524,6.999,640,280.46875,89.0625,7.37,-2.5829933382462307,641,292.96875,89.0625,7.37,-0.5585993153435624,618.0,286.71875,85.9375,7.031,-1.5707963267948966,691.0,280.46875,96.09375,6.987,2.677945044588987,692.0,292.96875,96.09375,6.987,0.4636476090008061,717.0,286.71875,99.21875,6.25,1.5707963267948966,-0.2561974569368717
668,299.21875,92.96875,1.5741503206924925,-3.095,0.297,6.909,641,292.96875,89.0625,7.37,-2.5829933382462307,619,299.21875,85.9375,7.031,-1.5707963267948966,692.0,292.96875,96.09375,6.987,2.677945044588987,718.0,299.21875,99.21875,6.25,1.5707963267948966,,,,,,,,,,,-0.34619745693687154
669,228.125,93.75,1.6290689840814327,-1.353,-0.304,7.415,620,229.6875,86.71875,7.202,-1.3521273809209546,662,235.15625,92.1875,7.202,-0.2186689458739419,671.0,221.09375,95.3125,7.202,2.922923707715851,629.0,222.65625,88.28125,7.733,-2.356194490192345,713.0,233.59375,99.21875,7.733,0.7853981633974483,,,,,,0.1598025430631287
670,202.34375,95.3125,1.6677294386950492,-1.313,0.509,6.941,644,196.875,90.625,7.202,-2.432966381462123,628,203.125,88.28125,7.074,-1.460139105621001,661.0,208.59375,92.1875,6.987,-0.4636476090008061,710.0,196.875,99.21875,6.72,2.521343167606972,711.0,207.8125,99.21875,6.72,0.6202494859828215,,,,,,-0.3141974569368715
671,221.09375,95.3125,1.6183624648958934,-1.286,-0.341,6.991,629,222.65625,88.28125,7.202,-1.3521273809209546,669,228.125,93.75,7.202,-0.2186689458739419,693.0,214.0625,96.875,7.202,2.922923707715851,712.0,226.5625,99.21875,6.72,0.6202494859828215,645.0,216.40625,90.625,6.629,-2.356194490192345,,,,,,-0.2641974569368717
672,246.875,95.3125,1.5782472902889422,-1.233,-0.291,7.443,643,242.1875,89.84375,7.202,-2.279422598922567,714,253.125,99.21875,7.37,0.5585993153435624,630.0,249.21875,88.28125,7.411,-1.2490457723982544,689.0,239.84375,96.09375,7.074,3.0309354324158977,666.0,254.6875,92.96875,8.156,-0.2914567944778671,,,,,,0.18780254306312827
673,5.46875,96.09375,1.6981565332420576,-1.52,0.419,7.037,650,11.71875,92.1875,7.37,-0.5585993153435624,695,11.71875,99.21875,6.987,0.4636476090008061,649.0,0.0,92.1875,6.72,-2.521343167606972,621.0,5.46875,88.28125,7.812,-1.5707963267948966,694.0,0.0,99.21875,6.298,2.62244653934327,,,,,,-0.21819745693687143
674,17.96875,96.09375,1.6904640966221691,-1.623,-0.42,7.037,650,11.71875,92.1875,7.37,-2.5829933382462307,695,11.71875,99.21875,6.987,2.677945044588987,651.0,23.4375,92.1875,6.72,-0.6202494859828215,622.0,17.96875,88.28125,7.812,-1.5707963267948966,696.0,23.4375,99.21875,6.298,0.5191461142465229,,,,,,-0.21819745693687143
675,29.6875,96.09375,1.7037485645232162,-1.571,-0.419,7.305,651,23.4375,92.1875,7.37,-2.5829933382462307,652,35.9375,92.1875,7.37,-0.5585993153435624,696.0,23.4375,99.21875,6.987,2.677945044588987,697.0,35.9375,99.21875,6.987,0.4636476090008061,623.0,29.6875,88.28125,7.812,-1.5707963267948966,,,,,,0.04980254306312837
676,42.1875,96.09375,1.6596577271232025,-1.623,-0.42,7.037,652,35.9375,92.1875,7.37,-2.5829933382462307,697,35.9375,99.21875,6.987,2.677945044588987,653.0,47.65625,92.1875,6.72,-0.6202494859828215,624.0,42.1875,88.28125,7.812,-1.5707963267948966,698.0,47.65625,99.21875,6.298,0.5191461142465229,,,,,,-0.21819745693687143
677,53.90625,96.09375,1.7077562165550555,-1.571,-0.419,7.305,653,47.65625,92.1875,7.37,-2.5829933382462307,654,60.15625,92.1875,7.37,-0.5585993153435624,698.0,47.65625,99.21875,6.987,2.677945044588987,699.0,60.15625,99.21875,6.987,0.4636476090008061,625.0,53.90625,88.28125,7.812,-1.5707963267948966,,,,,,0.04980254306312837
678,65.625,96.09375,1.6801221296482942,-1.52,0.419,7.037,655,71.875,92.1875,7.37,-0.5585993153435624,700,71.875,99.21875,6.987,0.4636476090008061,654.0,60.15625,92.1875,6.72,-2.521343167606972,626.0,65.625,88.28125,7.812,-1.5707963267948966,699.0,60.15625,99.21875,6.298,2.62244653934327,,,,,,-0.21819745693687143
679,78.125,96.09375,1.7001008276607716,-1.571,-0.419,7.149,655,71.875,92.1875,7.37,-2.5829933382462307,656,84.375,92.1875,7.37,-0.5585993153435624,632.0,78.125,89.0625,7.031,-1.5707963267948966,700.0,71.875,99.21875,6.987,2.677945044588987,701.0,84.375,99.21875,6.987,0.4636476090008061,,,,,,-0.10619745693687133
680,89.84375,96.09375,1.677868992077999,-1.473,0.443,6.805,633,89.84375,89.0625,7.031,-1.5707963267948966,664,96.09375,92.96875,6.987,-0.4636476090008061,702.0,96.09375,99.21875,6.987,0.4636476090008061,656.0,84.375,92.1875,6.72,-2.521343167606972,701.0,84.375,99.21875,6.298,2.62244653934327,,,,,,-0.45019745693687163
681,102.34375,96.09375,1.6888561753803597,-1.614,-0.443,7.072,657,108.59375,92.1875,7.37,-0.5585993153435624,634,102.34375,89.0625,7.031,-1.5707963267948966,664.0,96.09375,92.96875,6.987,-2.677945044588987,702.0,96.09375,99.21875,6.987,2.677945044588987,703.0,108.59375,99.21875,6.987,0.4636476090008061,,,,,,-0.18319745693687128
682,114.84375,96.09375,1.7129811047140542,-1.571,-0.419,7.149,657,108.59375,92.1875,7.37,-2.5829933382462307,658,121.09375,92.1875,7.37,-0.5585993153435624,635.0,114.84375,89.0625,7.031,-1.5707963267948966,703.0,108.59375,99.21875,6.987,2.677945044588987,704.0,121.09375,99.21875,6.987,0.4636476090008061,,,,,,-0.10619745693687133
683,127.34375,96.09375,1.6814738539132268,-1.699,-0.467,7.246,658,121.09375,92.1875,7.37,-2.5829933382462307,636,126.5625,89.0625,7.074,-1.6814535479687922,704.0,121.09375,99.21875,6.987,2.677945044588987,705.0,133.59375,99.21875,6.987,0.4636476090008061,646.0,133.59375,91.40625,7.812,-0.6435011087932844,,,,,,-0.009197456936870907
684,139.84375,96.09375,1.6699959252888044,-1.546,0.431,7.453,637,139.84375,89.0625,7.031,-1.5707963267948966,705,133.59375,99.21875,6.987,2.677945044588987,706.0,146.09375,99.21875,6.987,0.4636476090008061,646.0,133.59375,91.40625,7.812,-2.498091544796509,647.0,146.875,91.40625,8.45,-0.5880026035475675,,,,,,0.19780254306312894
685,152.34375,96.09375,1.6820445389565122,-1.382,0.485,7.4,647,146.875,91.40625,7.202,-2.432966381462123,638,153.125,89.0625,7.074,-1.460139105621001,706.0,146.09375,99.21875,6.987,2.677945044588987,707.0,159.375,99.21875,7.694,0.4182243295792291,659.0,159.375,92.1875,8.043,-0.507098504392337,,,,,,0.144802543063129
686,165.625,96.09375,1.6785104341284445,-1.595,0.432,7.011,659,159.375,92.1875,7.37,-2.5829933382462307,660,171.875,92.1875,7.37,-0.5585993153435624,639.0,165.625,89.0625,7.031,-1.5707963267948966,707.0,159.375,99.21875,6.987,2.677945044588987,708.0,171.09375,99.21875,6.298,0.5191461142465229,,,,,,-0.24419745693687123
687,177.34375,96.09375,1.6804518262147732,-1.413,0.482,7.107,708,171.09375,99.21875,6.987,2.677945044588987,665,183.59375,92.96875,6.987,-0.4636476090008061,709.0,183.59375,99.21875,6.987,0.4636476090008061,660.0,171.875,92.1875,6.72,-2.521343167606972,627.0,178.125,88.28125,7.851,-1.4711276743037347,,,,,,-0.14819745693687114
688,190.625,96.09375,1.6202843113175298,-1.819,-0.517,7.395,710,196.875,99.21875,6.987,0.4636476090008061,709,183.59375,99.21875,7.694,2.723368324010564,665.0,183.59375,92.96875,7.694,-2.723368324010564,642.0,189.84375,89.84375,6.298,-1.695151321341658,644.0,196.875,90.625,8.304,-0.7188299996216245,,,,,,0.13980254306312823
689,239.84375,96.09375,1.5749726627351377,-1.822,-0.404,6.709,672,246.875,95.3125,7.074,-0.1106572211738956,713,233.59375,99.21875,6.987,2.677945044588987,643.0,242.1875,89.84375,6.675,-1.2120256565243244,662.0,235.15625,92.1875,6.101,-2.44685437739309,,,,,,,,,,,-0.5461974569368717
690,267.1875,96.09375,1.6377673674097308,-1.42,0.503,7.555,648,261.71875,91.40625,7.202,-2.432966381462123,716,273.4375,99.21875,6.987,0.4636476090008061,715.0,260.15625,99.21875,7.694,2.723368324010564,631.0,267.96875,88.28125,7.851,-1.4711276743037347,663.0,274.21875,92.1875,8.043,-0.507098504392337,,,,,,0.29980254306312837
691,280.46875,96.09375,1.6436579211508449,-1.547,0.452,7.214,663,274.21875,92.1875,7.37,-2.5829933382462307,640,280.46875,89.0625,7.031,-1.5707963267948966,667.0,286.71875,92.96875,6.987,-0.4636476090008061,717.0,286.71875,99.21875,6.987,0.4636476090008061,716.0,273.4375,99.21875,7.694,2.723368324010564,,,,,,-0.041197456936870935
692,292.96875,96.09375,1.6523179068964875,-1.571,0.418,6.996,641,292.96875,89.0625,7.031,-1.5707963267948966,667,286.71875,92.96875,6.987,-2.677945044588987,668.0,299.21875,92.96875,6.987,-0.4636476090008061,717.0,286.71875,99.21875,6.987,2.677945044588987,718.0,299.21875,99.21875,6.987,0.4636476090008061,,,,,,-0.2591974569368709
693,214.0625,96.875,1.5507117179882686,-1.82,-0.407,6.938,661,208.59375,92.1875,7.202,-2.432966381462123,671,221.09375,95.3125,7.202,-0.2186689458739419,645.0,216.40625,90.625,6.675,-1.2120256565243244,711.0,207.8125,99.21875,6.675,2.782821983319221,,,,,,,,,,,-0.3171974569368716
694,0.0,99.21875,1.6029235899431118,-1.045,-0.517,6.664,649,0.0,92.1875,7.031,-1.5707963267948966,673,5.46875,96.09375,6.298,-0.5191461142465229,,,,,,,,,,,,,,,,,,,,,-0.5911974569368716
695,11.71875,99.21875,1.6628149540372077,-1.571,0.0,7.002,650,11.71875,92.1875,7.031,-1.5707963267948966,673,5.46875,96.09375,6.987,-2.677945044588987,674.0,17.96875,96.09375,6.987,-0.4636476090008061,,,,,,,,,,,,,,,,-0.25319745693687157
696,23.4375,99.21875,1.6174730875876486,-1.558,0.036,6.772,651,23.4375,92.1875,7.031,-1.5707963267948966,675,29.6875,96.09375,6.987,-0.4636476090008061,674.0,17.96875,96.09375,6.298,-2.62244653934327,,,,,,,,,,,,,,,,-0.4831974569368711
697,35.9375,99.21875,1.6574102614658277,-1.571,0.0,7.002,652,35.9375,92.1875,7.031,-1.5707963267948966,675,29.6875,96.09375,6.987,-2.677945044588987,676.0,42.1875,96.09375,6.987,-0.4636476090008061,,,,,,,,,,,,,,,,-0.25319745693687157
698,47.65625,99.21875,1.6474909594629454,-1.558,0.036,6.772,653,47.65625,92.1875,7.031,-1.5707963267948966,677,53.90625,96.09375,6.987,-0.4636476090008061,676.0,42.1875,96.09375,6.298,-2.62244653934327,,,,,,,,,,,,,,,,-0.4831974569368711
699,60.15625,99.21875,1.6295508811755373,-1.585,-0.037,6.772,654,60.15625,92.1875,7.031,-1.5707963267948966,677,53.90625,96.09375,6.987,-2.677945044588987,678.0,65.625,96.09375,6.298,-0.5191461142465229,,,,,,,,,,,,,,,,-0.4831974569368711
700,71.875,99.21875,1.660025716107986,-1.571,0.0,7.002,655,71.875,92.1875,7.031,-1.5707963267948966,678,65.625,96.09375,6.987,-2.677945044588987,679.0,78.125,96.09375,6.987,-0.4636476090008061,,,,,,,,,,,,,,,,-0.25319745693687157
701,84.375,99.21875,1.6062681246304178,-1.585,-0.037,6.772,656,84.375,92.1875,7.031,-1.5707963267948966,679,78.125,96.09375,6.987,-2.677945044588987,680.0,89.84375,96.09375,6.298,-0.5191461142465229,,,,,,,,,,,,,,,,-0.4831974569368711
702,96.09375,99.21875,1.6207806305241192,-1.571,0.0,6.741,680,89.84375,96.09375,6.987,-2.677945044588987,681,102.34375,96.09375,6.987,-0.4636476090008061,664.0,96.09375,92.96875,6.25,-1.5707963267948966,,,,,,,,,,,,,,,,-0.5141974569368717
703,108.59375,99.21875,1.6410364701964162,-1.571,0.0,7.002,657,108.59375,92.1875,7.031,-1.5707963267948966,681,102.34375,96.09375,6.987,-2.677945044588987,682.0,114.84375,96.09375,6.987,-0.4636476090008061,,,,,,,,,,,,,,,,-0.25319745693687157
704,121.09375,99.21875,1.6362531817300603,-1.571,0.0,7.002,658,121.09375,92.1875,7.031,-1.5707963267948966,682,114.84375,96.09375,6.987,-2.677945044588987,683.0,127.34375,96.09375,6.987,-0.4636476090008061,,,,,,,,,,,,,,,,-0.25319745693687157
705,133.59375,99.21875,1.6243743348790955,-1.571,0.0,7.262,683,127.34375,96.09375,6.987,-2.677945044588987,684,139.84375,96.09375,6.987,-0.4636476090008061,646.0,133.59375,91.40625,7.812,-1.5707963267948966,,,,,,,,,,,,,,,,0.006802543063128219
706,146.09375,99.21875,1.6065948379341644,-1.519,0.068,7.275,684,139.84375,96.09375,6.987,-2.677945044588987,685,152.34375,96.09375,6.987,-0.4636476090008061,647.0,146.875,91.40625,7.851,-1.4711276743037347,,,,,,,,,,,,,,,,0.019802543063129008
707,159.375,99.21875,1.592976925106199,-1.582,-0.029,7.237,659,159.375,92.1875,7.031,-1.5707963267948966,686,165.625,96.09375,6.987,-0.4636476090008061,685.0,152.34375,96.09375,7.694,-2.723368324010564,,,,,,,,,,,,,,,,-0.018197456936871248
708,171.09375,99.21875,1.5909894816272276,-1.501,0.11,6.786,660,171.875,92.1875,7.074,-1.460139105621001,687,177.34375,96.09375,6.987,-0.4636476090008061,686.0,165.625,96.09375,6.298,-2.62244653934327,,,,,,,,,,,,,,,,-0.46919745693687176
709,183.59375,99.21875,1.6185309375423993,-1.561,0.028,6.977,687,177.34375,96.09375,6.987,-2.677945044588987,688,190.625,96.09375,7.694,-0.4182243295792291,665.0,183.59375,92.96875,6.25,-1.5707963267948966,,,,,,,,,,,,,,,,-0.27819745693687103
710,196.875,99.21875,1.5709234032248336,-1.611,-0.105,7.434,688,190.625,96.09375,6.987,-2.677945044588987,670,202.34375,95.3125,6.72,-0.6202494859828215,644.0,196.875,90.625,8.593,-1.5707963267948966,,,,,,,,,,,,,,,,0.17880254306312882
711,207.8125,99.21875,1.6230070784320516,-1.451,0.247,6.823,661,208.59375,92.1875,7.074,-1.460139105621001,670,202.34375,95.3125,6.72,-2.521343167606972,693.0,214.0625,96.875,6.675,-0.3587706702705722,,,,,,,,,,,,,,,,-0.43219745693687095
712,226.5625,99.21875,1.5539926506918584,-1.261,0.406,6.875,713,233.59375,99.21875,7.031,0.0,671,221.09375,95.3125,6.72,-2.521343167606972,,,,,,,,,,,,,,,,,,,,,-0.38019745693687135
713,233.59375,99.21875,1.5892147955422546,-1.844,-0.414,7.238,662,235.15625,92.1875,7.202,-1.3521273809209546,712,226.5625,99.21875,7.031,3.141592653589793,689.0,239.84375,96.09375,6.987,-0.4636476090008061,669.0,228.125,93.75,7.733,-2.356194490192345,,,,,,,,,,,-0.017197456936870914
714,253.125,99.21875,1.551398774272094,-1.314,0.501,6.947,672,246.875,95.3125,7.37,-2.5829933382462307,715,260.15625,99.21875,7.031,0.0,666.0,254.6875,92.96875,6.442,-1.3258176636680326,,,,,,,,,,,,,,,,-0.3081974569368713
715,260.15625,99.21875,1.5547400952036663,-1.822,-0.372,7.749,714,253.125,99.21875,7.031,3.141592653589793,690,267.1875,96.09375,7.694,-0.4182243295792291,648.0,261.71875,91.40625,7.967,-1.373400766945016,666.0,254.6875,92.96875,8.304,-2.289626326416521,,,,,,,,,,,0.4938025430631283
716,273.4375,99.21875,1.597758499171043,-1.501,0.108,7.252,663,274.21875,92.1875,7.074,-1.460139105621001,690,267.1875,96.09375,6.987,-2.677945044588987,691.0,280.46875,96.09375,7.694,-0.4182243295792291,,,,,,,,,,,,,,,,-0.0031974569368715677
717,286.71875,99.21875,1.6018134683039564,-1.571,0.0,6.741,691,280.46875,96.09375,6.987,-2.677945044588987,692,292.96875,96.09375,6.987,-0.4636476090008061,667.0,286.71875,92.96875,6.25,-1.5707963267948966,,,,,,,,,,,,,,,,-0.5141974569368717
718,299.21875,99.21875,1.5495263290977788,-2.125,0.433,6.618,692,292.96875,96.09375,6.987,-2.677945044588987,668,299.21875,92.96875,6.25,-1.5707963267948966,,,,,,,,,,,,,,,,,,,,,-0.637197456936871
